order_id,customer_id,restaurant_id,recorded_driver_id,city,created_at,promised_eta,pickup_at,actual_delivery_at,final_status,distance_km_estimate,traffic_bucket,weather_bucket,final_driver_id,original_driver_id,assigned_at,reassigned_at,estimated_pickup_at,current_delivery_eta,dispatch_status,eta_model_version,reassigned_flag,driver_id,ev_assigned_at,ev_delivered_at,ev_picked_up_at,gps_ping_count,dq_flags,kpi_exclusion_reason,delivered_flag,kpi_population,delay_min,late_flag,late_over_threshold_flag,outcome_bucket,actual_delivery_at_backfilled,backfilled_from_driver_event,delay_min_backfilled,dispatch_wait_min,pickup_wait_min,transit_min,total_cycle_min,promised_window_min,planned_pickup_min,planned_transit_min,pickup_overrun_min,transit_overrun_min,eta_revision_min,order_date,hour_of_day,day_of_week,distance_band
O00001,C0168,R009,D103,Bengaluru,2026-08-13 12:56:00,2026-08-13 14:11:36.000000,2026-08-13 13:35:49.825561,2026-08-13 14:22:25.035899,delivered,18.0,medium,clear,D103,D103,2026-08-13 13:01:09.659644,,2026-08-13 13:14:00,2026-08-13 14:19:15.546424,completed,eta-v3.2,False,D103,2026-08-13 13:01:09.659644,2026-08-13 14:22:25.035899,2026-08-13 13:35:49.825561,5,CX-03,,True,True,10.82,1.0,1.0,delivered_late,2026-08-13 14:22:25.035899,False,10.82,5.16,34.67,46.59,86.42,75.6,18.0,57.6,21.83,-11.01,7.66,2026-08-13,12,Thursday,10-20 km
O00002,C0043,R018,D083,Bengaluru,2026-08-01 18:36:00,2026-08-01 19:43:16.627988,2026-08-01 18:58:24.735336,2026-08-01 19:47:14.818533,delivered,9.37,severe,clear,D083,D083,2026-08-01 18:37:09.708219,,2026-08-01 18:54:00,2026-08-01 20:01:16.627988,completed,eta-v3.2,False,D083,2026-08-01 18:37:09.708219,2026-08-01 19:47:14.818533,2026-08-01 18:58:24.735336,5,,,True,True,3.97,1.0,0.0,delivered_late,2026-08-01 19:47:14.818533,False,3.97,1.16,21.25,48.83,71.25,67.28,18.0,49.28,4.41,-0.45,18.0,2026-08-01,18,Saturday,6-10 km
O00003,C0855,R010,D039,Bengaluru,2026-08-01 19:35:00,2026-08-01 20:17:52.941967,2026-08-01 19:57:50.820366,2026-08-01 20:13:28.061191,delivered,2.42,medium,clear,D039,D039,2026-08-01 19:35:00.002443,,2026-08-01 19:53:00,2026-08-01 20:22:59.204700,completed,eta-v3.2,False,D039,2026-08-01 19:35:00.002443,2026-08-01 20:13:28.061191,2026-08-01 19:57:50.820366,3,,,True,True,-4.41,0.0,0.0,delivered_on_time,2026-08-01 20:13:28.061191,False,-4.41,0.0,22.85,15.62,38.47,42.88,18.0,24.88,4.85,-9.26,5.1,2026-08-01,19,Saturday,0-3 km
O00004,C0229,R030,D038,Bengaluru,2026-08-09 18:16:00,2026-08-09 19:30:19.067006,2026-08-09 18:46:48.725485,,cancelled,14.2,high,rain,D038,D038,2026-08-09 18:17:16.087835,,2026-08-09 18:34:00,2026-08-09 19:51:58.608301,cancelled,eta-v3.2,False,D038,2026-08-09 18:17:16.087835,,,0,,,False,False,,,,cancelled,,False,,1.27,29.54,,,74.32,18.0,56.32,12.81,,21.66,2026-08-09,18,Sunday,10-20 km
O00005,C0040,R004,D047,Bengaluru,2026-08-06 20:35:00,2026-08-06 21:54:48.000000,2026-08-06 21:18:38.024280,2026-08-06 22:15:49.290713,delivered,18.0,high,clear,D047,D047,2026-08-06 20:36:55.346822,,2026-08-06 20:53:00,2026-08-06 22:13:17.537116,completed,eta-v3.1,False,D047,2026-08-06 20:36:55.346822,2026-08-06 22:15:49.290713,2026-08-06 21:18:38.024280,2,,,True,True,21.02,1.0,1.0,delivered_late,2026-08-06 22:15:49.290713,False,21.02,1.92,41.71,57.19,100.82,79.8,18.0,61.8,25.63,-4.61,18.49,2026-08-06,20,Thursday,10-20 km
O00006,C0152,R052,D120,Bengaluru,2026-08-26 23:02:00,2026-08-26 23:58:18.214888,2026-08-26 23:31:33.631520,2026-08-27 00:05:36.182189,delivered,6.81,high,clear,D120,D120,2026-08-26 23:02:42.088438,,2026-08-26 23:20:00,2026-08-27 00:09:33.420377,completed,eta-v3.1,False,D120,2026-08-26 23:02:42.088438,2026-08-27 00:05:36.182189,2026-08-26 23:31:33.631520,3,,,True,True,7.3,1.0,0.0,delivered_late,2026-08-27 00:05:36.182189,False,7.3,0.7,28.86,34.04,63.6,56.3,18.0,38.3,11.56,-4.26,11.25,2026-08-26,23,Wednesday,6-10 km
O00007,C0875,R021,D094,Bengaluru,2026-08-14 11:47:00,2026-08-14 13:14:54.000000,2026-08-14 12:06:06.040105,2026-08-14 13:19:10.066680,delivered,18.0,severe,rain,D094,D094,2026-08-14 11:50:07.562555,,2026-08-14 12:05:00,2026-08-14 13:37:54.000000,completed,eta-v3.1,False,D094,2026-08-14 11:50:07.562555,2026-08-14 13:19:10.066680,2026-08-14 12:06:06.040105,2,,,True,True,4.27,1.0,0.0,delivered_late,2026-08-14 13:19:10.066680,False,4.27,3.13,15.97,73.07,92.17,87.9,18.0,69.9,1.1,3.17,23.0,2026-08-14,11,Friday,10-20 km
O00008,C0223,R010,D031,Bengaluru,2026-08-27 22:22:00,2026-08-27 23:40:06.000000,2026-08-27 23:11:00.536098,2026-08-28 00:06:57.494136,delivered,18.0,medium,rain,D031,D031,2026-08-27 22:22:38.452560,,2026-08-27 22:40:00,2026-08-27 23:49:46.166229,completed,eta-v3.2,False,D031,2026-08-27 22:22:38.452560,2026-08-28 00:06:57.494136,2026-08-27 23:11:00.536098,5,,,True,True,26.86,1.0,1.0,delivered_late,2026-08-28 00:06:57.494136,False,26.86,0.64,48.37,55.95,104.96,78.1,18.0,60.1,31.01,-4.15,9.67,2026-08-27,22,Thursday,10-20 km
O00009,C0685,R053,D078,Bengaluru,2026-08-09 13:16:00,2026-08-09 14:21:32.383307,2026-08-09 13:48:11.662156,2026-08-09 14:22:13.491008,delivered,14.54,low,clear,D078,D078,2026-08-09 13:17:13.872240,,2026-08-09 13:34:00,2026-08-09 14:23:05.541072,completed,eta-v3.1,False,D078,2026-08-09 13:17:13.872240,2026-08-09 14:22:13.491008,2026-08-09 13:48:11.662156,5,RG-03,,True,True,0.69,1.0,0.0,delivered_late,2026-08-09 14:22:13.491008,False,0.69,1.23,30.96,34.03,66.22,65.54,18.0,47.54,14.19,-13.51,1.55,2026-08-09,13,Sunday,10-20 km
O00010,C0530,R006,D082,Bengaluru,2026-08-22 13:27:00,2026-08-22 14:28:13.625987,2026-08-22 13:51:04.636196,2026-08-22 14:22:26.150344,delivered,12.49,low,clear,D082,D082,2026-08-22 13:29:29.328538,,2026-08-22 13:45:00,2026-08-22 14:29:11.871401,completed,eta-v3.2,False,D082,2026-08-22 13:29:29.328538,2026-08-22 14:22:26.150344,2026-08-22 13:51:04.636196,4,,,True,True,-5.79,0.0,0.0,delivered_on_time,2026-08-22 14:22:26.150344,False,-5.79,2.49,21.59,31.36,55.44,61.23,18.0,43.23,6.08,-11.87,0.97,2026-08-22,13,Saturday,10-20 km
O00011,C0709,R048,D007,Bengaluru,2026-08-13 19:57:00,2026-08-13 20:47:19.733166,2026-08-13 20:25:14.921540,2026-08-13 20:51:14.432682,delivered,7.3,low,clear,D007,D007,2026-08-13 20:01:23.110303,,2026-08-13 20:15:00,2026-08-13 20:48:38.076159,completed,eta-v3.2,False,D007,2026-08-13 20:01:23.110303,2026-08-13 20:51:14.432682,2026-08-13 20:25:14.921540,5,CX-03,,True,True,3.91,1.0,0.0,delivered_late,2026-08-13 20:51:14.432682,False,3.91,4.39,23.86,25.99,54.24,50.33,18.0,32.33,10.25,-6.34,1.31,2026-08-13,19,Thursday,6-10 km
O00012,C0366,R008,D094,Bengaluru,2026-08-22 12:32:00,2026-08-22 13:25:02.757323,2026-08-22 13:23:21.406966,2026-08-22 13:55:10.513418,delivered,5.26,high,clear,D094,D094,2026-08-22 12:38:55.435497,,2026-08-22 12:50:00,2026-08-22 13:44:55.167498,completed,eta-v3.1,False,D094,2026-08-22 12:38:55.435497,2026-08-22 13:55:10.513418,2026-08-22 13:23:21.406966,5,,,True,True,30.13,1.0,1.0,delivered_late,2026-08-22 13:55:10.513418,False,30.13,6.92,44.43,31.82,83.18,53.05,18.0,35.05,33.36,-3.23,19.87,2026-08-22,12,Saturday,3-6 km
O00013,C0317,R055,D098,Bengaluru,2026-08-23 19:31:00,2026-08-23 20:38:21.808411,2026-08-23 19:56:41.741882,2026-08-23 20:34:57.522531,delivered,14.08,medium,clear,D098,D098,2026-08-23 19:32:25.866194,,2026-08-23 19:49:00,2026-08-23 20:44:03.396288,completed,eta-v3.1,False,D098,2026-08-23 19:32:25.866194,2026-08-23 20:34:57.522531,2026-08-23 19:56:41.741882,5,,,True,True,-3.4,0.0,0.0,delivered_on_time,2026-08-23 20:34:57.522531,False,-3.4,1.43,24.26,38.26,63.96,67.36,18.0,49.36,7.7,-11.1,5.69,2026-08-23,19,Sunday,10-20 km
O00014,C0542,R052,D005,Bengaluru,2026-08-22 18:35:00,2026-08-22 19:56:36.000000,2026-08-22 18:59:38.422208,2026-08-22 20:01:42.256596,delivered,18.0,medium,heavy_rain,D005,D005,2026-08-22 18:37:23.995434,,2026-08-22 18:53:00,2026-08-22 20:12:36.000000,completed,eta-v3.2,False,D005,2026-08-22 18:37:23.995434,2026-08-22 20:01:42.256596,2026-08-22 18:59:38.422208,5,,,True,True,5.1,1.0,0.0,delivered_late,2026-08-22 20:01:42.256596,False,5.1,2.4,22.24,62.06,86.7,81.6,18.0,63.6,6.64,-1.54,16.0,2026-08-22,18,Saturday,10-20 km
O00015,C0578,R035,D014,Bengaluru,2026-08-16 19:17:00,2026-08-16 20:32:36.000000,2026-08-16 19:44:32.256723,2026-08-16 20:36:53.095103,delivered,18.0,medium,clear,D014,D014,2026-08-16 19:18:41.867817,,2026-08-16 19:35:00,2026-08-16 20:36:36.000000,completed,eta-v3.2,False,D014,2026-08-16 19:18:41.867817,2026-08-16 20:36:53.095103,2026-08-16 19:44:32.256723,3,,,True,True,4.28,1.0,0.0,delivered_late,2026-08-16 20:36:53.095103,False,4.28,1.7,25.84,52.35,79.88,75.6,18.0,57.6,9.54,-5.25,4.0,2026-08-16,19,Sunday,10-20 km
O00016,C0326,R028,D102,Bengaluru,2026-08-14 12:53:00,2026-08-14 14:11:06.000000,2026-08-14 13:21:47.806363,2026-08-14 14:13:35.547689,delivered,18.0,medium,rain,D102,D102,2026-08-14 12:58:56.783616,,2026-08-14 13:11:00,2026-08-14 14:20:54.063909,completed,eta-v3.1,False,D102,2026-08-14 12:58:56.783616,2026-08-14 14:13:35.547689,2026-08-14 13:21:47.806363,4,,,True,True,2.49,1.0,0.0,delivered_late,2026-08-14 14:13:35.547689,False,2.49,5.95,22.85,51.8,80.59,78.1,18.0,60.1,10.8,-8.3,9.8,2026-08-14,12,Friday,10-20 km
O00017,C0270,R001,D028,Bengaluru,2026-08-24 20:51:00,2026-08-24 21:57:35.299563,2026-08-24 21:13:50.967069,,cancelled,13.71,medium,clear,D028,D028,2026-08-24 20:55:26.166442,,2026-08-24 21:09:00,2026-08-24 22:01:35.299563,cancelled,eta-v3.2,False,D028,2026-08-24 20:55:26.166442,,,0,CX-03,,False,False,,,,cancelled,,False,,4.44,18.41,,,66.59,18.0,48.59,4.85,,4.0,2026-08-24,20,Monday,10-20 km
O00018,C0886,R051,D095,Bengaluru,2026-08-24 13:29:00,2026-08-24 15:00:24.000000,2026-08-24 13:49:52.409699,2026-08-24 15:09:50.026151,delivered,18.0,severe,heavy_rain,D095,D095,2026-08-24 13:30:46.070621,,2026-08-24 13:47:00,2026-08-24 15:30:24.000000,completed,eta-v3.2,False,D095,2026-08-24 13:30:46.070621,2026-08-24 15:09:50.026151,2026-08-24 13:49:52.409699,5,,,True,True,9.43,1.0,0.0,delivered_late,2026-08-24 15:09:50.026151,False,9.43,1.77,19.11,79.96,100.83,91.4,18.0,73.4,2.87,6.56,30.0,2026-08-24,13,Monday,10-20 km
O00019,C0357,R006,D016,Bengaluru,2026-08-13 15:53:00,2026-08-13 16:38:01.926141,2026-08-13 16:21:28.629470,2026-08-13 16:42:01.993336,delivered,2.25,medium,rain,D016,D016,2026-08-13 15:56:54.546322,,2026-08-13 16:11:00,2026-08-13 16:47:01.926141,completed,eta-v3.1,False,D016,2026-08-13 15:56:54.546322,2026-08-13 16:42:01.993336,2026-08-13 16:21:28.629470,2,,,True,True,4.0,1.0,0.0,delivered_late,2026-08-13 16:42:01.993336,False,4.0,3.91,24.57,20.56,49.03,45.03,18.0,27.03,10.48,-6.47,9.0,2026-08-13,15,Thursday,0-3 km
O00020,C0384,R037,D036,Bengaluru,2026-08-07 21:39:00,2026-08-07 22:32:52.179324,2026-08-07 22:08:05.978241,2026-08-07 22:40:46.404645,delivered,8.99,low,clear,D036,D036,2026-08-07 21:45:15.636718,,2026-08-07 21:57:00,2026-08-07 22:32:52.179324,completed,eta-v3.1,False,D036,2026-08-07 21:45:15.636718,2026-08-07 22:40:46.404645,2026-08-07 22:08:05.978241,2,,,True,True,7.9,1.0,0.0,delivered_late,2026-08-07 22:40:46.404645,False,7.9,6.26,22.84,32.67,61.77,53.87,18.0,35.87,11.1,-3.2,0.0,2026-08-07,21,Friday,6-10 km
O00021,C0090,R010,D034,Bengaluru,2026-08-10 12:01:00,2026-08-10 13:26:24.000000,2026-08-10 12:13:20.502684,2026-08-10 13:18:22.060190,delivered,18.0,severe,clear,D034,D034,2026-08-10 12:02:16.944623,,2026-08-10 12:19:00,2026-08-10 13:46:23.978947,completed,eta-v3.1,False,D034,2026-08-10 12:02:16.944623,2026-08-10 13:18:22.060190,2026-08-10 12:13:20.502684,4,,,True,True,-8.03,0.0,0.0,delivered_on_time,2026-08-10 13:18:22.060190,False,-8.03,1.28,11.06,65.03,77.37,85.4,18.0,67.4,-5.66,-2.37,20.0,2026-08-10,12,Monday,10-20 km
O00022,C0189,R047,D055,Bengaluru,2026-08-26 11:34:00,2026-08-26 12:41:50.989599,2026-08-26 11:59:18.389455,2026-08-26 12:38:45.059668,delivered,14.31,medium,clear,D055,D055,2026-08-26 11:35:48.863975,,2026-08-26 11:52:00,2026-08-26 12:45:50.989599,completed,eta-v3.2,False,D055,2026-08-26 11:35:48.863975,2026-08-26 12:38:45.059668,2026-08-26 11:59:18.389455,5,CX-03,,True,True,-3.1,0.0,0.0,delivered_on_time,2026-08-26 12:38:45.059668,False,-3.1,1.81,23.49,39.44,64.75,67.85,18.0,49.85,7.31,-10.41,4.0,2026-08-26,11,Wednesday,10-20 km
O00023,C0129,R050,D028,Bengaluru,2026-08-26 22:49:00,2026-08-26 23:41:18.130365,2026-08-26 23:06:00.277655,2026-08-26 23:36:12.854112,delivered,6.91,medium,clear,D028,D028,2026-08-26 22:49:12.232438,,2026-08-26 23:07:00,2026-08-26 23:46:10.071814,completed,eta-v3.2,False,D028,2026-08-26 22:49:12.232438,2026-08-26 23:36:12.854112,2026-08-26 23:06:00.277655,5,,,True,True,-5.09,0.0,0.0,delivered_on_time,2026-08-26 23:36:12.854112,False,-5.09,0.2,16.8,30.21,47.21,52.3,18.0,34.3,-1.0,-4.09,4.87,2026-08-26,22,Wednesday,6-10 km
O00024,C0677,R011,D049,Bengaluru,2026-08-16 14:51:00,2026-08-16 15:49:04.387462,2026-08-16 15:17:20.724084,2026-08-16 15:53:03.503851,delivered,9.65,medium,clear,D049,D049,2026-08-16 14:54:30.092265,,2026-08-16 15:09:00,2026-08-16 15:53:04.387462,completed,eta-v3.1,False,D049,2026-08-16 14:54:30.092265,2026-08-16 15:53:03.503851,2026-08-16 15:17:20.724084,5,,,True,True,3.99,1.0,0.0,delivered_late,2026-08-16 15:53:03.503851,False,3.99,3.5,22.84,35.71,62.06,58.07,18.0,40.07,8.35,-4.36,4.0,2026-08-16,14,Sunday,6-10 km
O00025,C0886,R023,D039,Bengaluru,2026-08-01 12:14:00,2026-08-01 13:29:36.000000,2026-08-01 12:29:31.152542,2026-08-01 13:20:06.003033,delivered,18.0,medium,clear,D039,D039,2026-08-01 12:15:08.360512,,2026-08-01 12:32:00,2026-08-01 13:33:36.000000,completed,eta-v3.2,False,D039,2026-08-01 12:15:08.360512,2026-08-01 13:20:06.003033,2026-08-01 12:29:31.152542,5,,,True,True,-9.5,0.0,0.0,delivered_on_time,2026-08-01 13:20:06.003033,False,-9.5,1.14,14.38,50.58,66.1,75.6,18.0,57.6,-2.48,-7.02,4.0,2026-08-01,12,Saturday,10-20 km
O00026,C0387,R010,D078,Bengaluru,2026-08-18 22:44:00,2026-08-18 23:56:48.000000,2026-08-18 22:55:15.444652,2026-08-18 23:41:17.389921,delivered,18.0,low,clear,D078,D078,2026-08-18 22:56:21.167193,,2026-08-18 23:02:00,2026-08-18 23:56:48.000000,completed,eta-v3.1,False,D078,2026-08-18 22:56:21.167193,2026-08-18 23:41:17.389921,2026-08-18 22:55:15.444652,4,TS-07;CX-03,,True,True,-15.51,0.0,0.0,delivered_on_time,2026-08-18 23:41:17.389921,False,-15.51,12.35,-1.1,46.03,57.29,72.8,18.0,54.8,-6.74,-8.77,0.0,2026-08-18,22,Tuesday,10-20 km
O00027,C0253,R026,D053,Bengaluru,2026-08-09 11:03:00,2026-08-09 12:18:36.000000,2026-08-09 11:46:29.978834,2026-08-09 12:39:24.323714,delivered,18.0,medium,clear,D053,D053,2026-08-09 11:04:55.382993,,2026-08-09 11:21:00,2026-08-09 12:30:39.802962,completed,eta-v3.2,False,D053,2026-08-09 11:04:55.382993,2026-08-09 12:39:24.323714,2026-08-09 11:46:29.978834,2,CX-03,,True,True,20.81,1.0,1.0,delivered_late,2026-08-09 12:39:24.323714,False,20.81,1.92,41.58,52.91,96.41,75.6,18.0,57.6,25.5,-4.69,12.06,2026-08-09,11,Sunday,10-20 km
O00028,C0466,R054,D058,Bengaluru,2026-08-04 20:25:00,2026-08-04 21:40:36.000000,2026-08-04 20:39:01.022116,2026-08-04 21:26:49.720910,delivered,18.0,medium,clear,D058,D058,2026-08-04 20:27:18.555730,,2026-08-04 20:43:00,2026-08-04 21:44:36.000000,completed,eta-v3.1,False,D058,2026-08-04 20:27:18.555730,2026-08-04 21:26:49.720910,2026-08-04 20:39:01.022116,5,,,True,True,-13.77,0.0,0.0,delivered_on_time,2026-08-04 21:26:49.720910,False,-13.77,2.31,11.71,47.81,61.83,75.6,18.0,57.6,-3.98,-9.79,4.0,2026-08-04,20,Tuesday,10-20 km
O00029,C0808,R052,D023,Bengaluru,2026-08-15 16:37:00,2026-08-15 18:02:24.000000,2026-08-15 17:00:48.040905,2026-08-15 18:04:48.522886,delivered,18.0,severe,clear,D023,D023,2026-08-15 16:40:14.339319,,2026-08-15 16:55:00,2026-08-15 18:20:24.000000,completed,eta-v3.1,False,D023,2026-08-15 16:40:14.339319,2026-08-15 18:04:48.522886,2026-08-15 17:00:48.040905,2,,,True,True,2.41,1.0,0.0,delivered_late,2026-08-15 18:04:48.522886,False,2.41,3.24,20.56,64.01,87.81,85.4,18.0,67.4,5.8,-3.39,18.0,2026-08-15,16,Saturday,10-20 km
O00030,C0409,R005,D120,Bengaluru,2026-08-03 13:26:00,2026-08-03 14:41:36.000000,2026-08-03 13:51:40.389650,2026-08-03 14:39:02.098618,delivered,18.0,medium,clear,D120,D120,2026-08-03 13:29:25.218819,,2026-08-03 13:44:00,2026-08-03 14:45:36.000000,completed,eta-v3.1,False,D120,2026-08-03 13:29:25.218819,2026-08-03 14:39:02.098618,2026-08-03 13:51:40.389650,3,,,True,True,-2.57,0.0,0.0,delivered_on_time,2026-08-03 14:39:02.098618,False,-2.57,3.42,22.25,47.36,73.03,75.6,18.0,57.6,7.67,-10.24,4.0,2026-08-03,13,Monday,10-20 km
O00031,C0128,R039,D017,Bengaluru,2026-08-09 20:04:00,2026-08-09 20:59:54.084176,2026-08-09 20:33:38.793988,2026-08-09 21:01:36.190772,delivered,8.76,low,rain,D017,D017,2026-08-09 20:08:17.527247,,2026-08-09 20:22:00,2026-08-09 21:04:54.084176,completed,eta-v3.2,False,D017,2026-08-09 20:08:17.527247,2026-08-09 21:01:36.190772,2026-08-09 20:33:38.793988,4,,,True,True,1.7,1.0,0.0,delivered_late,2026-08-09 21:01:36.190772,False,1.7,4.29,25.35,27.96,57.6,55.9,18.0,37.9,11.65,-9.94,5.0,2026-08-09,20,Sunday,6-10 km
O00032,C0392,R013,D027,Bengaluru,2026-08-14 20:38:00,2026-08-14 21:19:53.738003,2026-08-14 21:07:09.676879,2026-08-14 21:18:38.840632,delivered,1.95,medium,clear,D027,D027,2026-08-14 20:45:02.232178,,2026-08-14 20:56:00,2026-08-14 21:24:46.679725,completed,eta-v3.2,False,D027,2026-08-14 20:45:02.232178,2026-08-14 21:18:38.840632,2026-08-14 21:07:09.676879,3,,,True,True,-1.25,0.0,0.0,delivered_on_time,2026-08-14 21:18:38.840632,False,-1.25,7.04,22.12,11.49,40.65,41.9,18.0,23.9,11.16,-12.41,4.88,2026-08-14,20,Friday,0-3 km
O00033,C0536,R024,D118,Bengaluru,2026-08-06 23:27:00,2026-08-07 00:46:48.000000,2026-08-07 00:09:18.107741,2026-08-07 01:01:07.342758,delivered,18.0,high,clear,D118,D118,2026-08-06 23:31:13.633524,,2026-08-06 23:45:00,2026-08-07 01:01:56.914915,completed,eta-v3.2,False,D118,2026-08-06 23:31:13.633524,2026-08-07 01:01:07.342758,2026-08-07 00:09:18.107741,5,,,True,True,14.32,1.0,1.0,delivered_late,2026-08-07 01:01:07.342758,False,14.32,4.23,38.07,51.82,94.12,79.8,18.0,61.8,24.3,-9.98,15.15,2026-08-06,23,Thursday,10-20 km
O00034,C0356,R028,D035,Bengaluru,2026-08-25 17:32:00,2026-08-25 18:39:32.450377,2026-08-25 17:56:21.860118,2026-08-25 18:39:08.259091,delivered,12.16,high,clear,D035,D035,2026-08-25 17:33:01.283467,,2026-08-25 17:50:00,2026-08-25 18:50:27.367891,completed,eta-v3.2,False,D035,2026-08-25 17:33:01.283467,2026-08-25 18:39:08.259091,2026-08-25 17:56:21.860118,2,,,True,True,-0.4,0.0,0.0,delivered_on_time,2026-08-25 18:39:08.259091,False,-0.4,1.02,23.34,42.77,67.14,67.54,18.0,49.54,6.36,-6.77,10.92,2026-08-25,17,Tuesday,10-20 km
O00035,C0386,R050,D113,Bengaluru,2026-08-10 18:44:00,2026-08-10 19:26:13.163221,2026-08-10 19:12:19.400185,2026-08-10 19:27:44.429504,delivered,2.1,medium,clear,D053,D113,2026-08-10 18:44:43.873396,2026-08-10 18:47:23.021261,2026-08-10 19:02:00,2026-08-10 19:30:13.163221,completed,eta-v3.1,True,D053,2026-08-10 18:44:43.873396,2026-08-10 19:27:44.429504,2026-08-10 19:12:19.400185,2,CX-01;CX-03,,True,True,1.52,1.0,0.0,delivered_late,2026-08-10 19:27:44.429504,False,1.52,0.73,27.59,15.42,43.74,42.22,18.0,24.22,10.32,-8.8,4.0,2026-08-10,18,Monday,0-3 km
O00036,C0495,R025,D082,Bengaluru,2026-08-23 16:45:00,2026-08-23 17:56:06.187144,2026-08-23 17:04:53.954518,2026-08-23 17:53:16.280620,delivered,14.67,medium,rain,D082,D082,2026-08-23 16:46:59.531634,,2026-08-23 17:03:00,2026-08-23 18:05:06.187144,completed,eta-v3.1,False,D082,2026-08-23 16:46:59.531634,2026-08-23 17:53:16.280620,2026-08-23 17:04:53.954518,4,,,True,True,-2.83,0.0,0.0,delivered_on_time,2026-08-23 17:53:16.280620,False,-2.83,1.99,17.91,48.37,68.27,71.1,18.0,53.1,1.9,-4.73,9.0,2026-08-23,16,Sunday,10-20 km
O00037,C0346,R023,D076,Bengaluru,2026-08-09 20:18:00,2026-08-09 21:40:18.000000,2026-08-09 20:50:48.474029,2026-08-09 21:55:45.135763,delivered,18.0,high,rain,D076,D076,2026-08-09 20:21:33.202551,,2026-08-09 20:36:00,2026-08-09 21:56:35.522976,completed,eta-v3.2,False,D076,2026-08-09 20:21:33.202551,2026-08-09 21:55:45.135763,2026-08-09 20:50:48.474029,5,,,True,True,15.45,1.0,1.0,delivered_late,2026-08-09 21:55:45.135763,False,15.45,3.55,29.25,64.94,97.75,82.3,18.0,64.3,14.81,0.64,16.29,2026-08-09,20,Sunday,10-20 km
O00038,C0375,R041,D050,Bengaluru,2026-08-08 21:26:00,2026-08-08 22:38:48.000000,2026-08-08 21:48:05.008508,2026-08-08 22:35:35.238022,delivered,18.0,low,clear,D050,D050,2026-08-08 21:26:02.906589,,2026-08-08 21:44:00,2026-08-08 22:38:48.000000,completed,eta-v3.1,False,D050,2026-08-08 21:26:02.906589,2026-08-08 22:35:35.238022,2026-08-08 21:48:05.008508,2,,,True,True,-3.21,0.0,0.0,delivered_on_time,2026-08-08 22:35:35.238022,False,-3.21,0.05,22.04,47.5,69.59,72.8,18.0,54.8,4.08,-7.3,0.0,2026-08-08,21,Saturday,10-20 km
O00039,C0266,R051,D037,Bengaluru,2026-08-11 21:55:00,2026-08-11 23:03:45.760272,2026-08-11 22:27:09.021609,2026-08-11 23:09:25.053883,delivered,12.74,high,clear,D037,D037,2026-08-11 21:55:13.558980,,2026-08-11 22:13:00,2026-08-11 23:16:29.441630,completed,eta-v3.2,False,D037,2026-08-11 21:55:13.558980,2026-08-11 23:09:25.053883,2026-08-11 22:27:09.021609,5,,,True,True,5.65,1.0,0.0,delivered_late,2026-08-11 23:09:25.053883,False,5.65,0.23,31.92,42.27,74.42,68.76,18.0,50.76,14.15,-8.49,12.73,2026-08-11,21,Tuesday,10-20 km
O00040,C0374,R012,D035,Bengaluru,2026-08-11 19:56:00,2026-08-11 20:50:06.147184,2026-08-11 20:40:03.749918,2026-08-11 21:15:39.373978,delivered,4.57,high,rain,D035,D035,2026-08-11 19:56:17.772614,,2026-08-11 20:14:00,2026-08-11 21:09:29.106326,completed,eta-v3.2,False,D035,2026-08-11 19:56:17.772614,2026-08-11 21:15:39.373978,2026-08-11 20:40:03.749918,2,,,True,True,25.55,1.0,1.0,delivered_late,2026-08-11 21:15:39.373978,False,25.55,0.3,43.77,35.59,79.66,54.1,18.0,36.1,26.06,-0.51,19.38,2026-08-11,19,Tuesday,3-6 km
O00041,C0008,R028,D098,Bengaluru,2026-08-01 11:50:00,2026-08-01 13:02:48.000000,2026-08-01 12:20:10.069906,2026-08-01 13:08:11.752741,delivered,18.0,low,clear,D098,D098,2026-08-01 11:50:46.934189,,2026-08-01 12:08:00,2026-08-01 13:05:04.033960,completed,eta-v3.1,False,D098,2026-08-01 11:50:46.934189,2026-08-01 13:08:11.752741,2026-08-01 12:20:10.069906,5,,,True,True,5.4,1.0,0.0,delivered_late,2026-08-01 13:08:11.752741,False,5.4,0.78,29.39,48.03,78.2,72.8,18.0,54.8,12.17,-6.77,2.27,2026-08-01,11,Saturday,10-20 km
O00042,C0862,R025,D041,Bengaluru,2026-08-09 18:42:00,2026-08-09 19:28:40.298913,2026-08-09 19:07:01.883678,2026-08-09 19:34:20.331287,delivered,4.37,low,rain,D041,D041,2026-08-09 18:42:14.892102,,2026-08-09 19:00:00,2026-08-09 19:34:45.898496,completed,eta-v3.2,False,D041,2026-08-09 18:42:14.892102,2026-08-09 19:34:20.331287,2026-08-09 19:07:01.883678,5,,,True,True,5.67,1.0,0.0,delivered_late,2026-08-09 19:34:20.331287,False,5.67,0.25,24.78,27.31,52.34,46.67,18.0,28.67,7.03,-1.36,6.09,2026-08-09,18,Sunday,3-6 km
O00043,C0405,R008,D102,Bengaluru,2026-08-04 14:36:00,2026-08-04 15:47:08.390718,2026-08-04 15:24:49.846453,,delivered,15.88,medium,clear,D102,D102,2026-08-04 14:37:05.759704,,2026-08-04 14:54:00,2026-08-04 15:52:26.183839,completed,eta-v3.1,False,D102,2026-08-04 14:37:05.759704,2026-08-04 16:17:15.734220,2026-08-04 15:24:49.846453,5,TS-04,TS-04,True,False,,,,unknown_missing_timestamp,2026-08-04 16:17:15.734220,True,30.12,1.1,47.73,,,71.14,18.0,53.14,30.83,,5.3,2026-08-04,14,Tuesday,10-20 km
O00044,C0644,R006,D080,Bengaluru,2026-08-08 19:39:00,2026-08-08 20:44:05.343184,2026-08-08 20:09:43.232668,2026-08-08 20:50:55.989452,delivered,12.99,medium,clear,D080,D080,2026-08-08 19:41:07.211521,,2026-08-08 19:57:00,2026-08-08 20:48:05.343184,completed,eta-v3.1,False,D080,2026-08-08 19:41:07.211521,2026-08-08 20:50:55.989452,2026-08-08 20:09:43.232668,5,,,True,True,6.84,1.0,0.0,delivered_late,2026-08-08 20:50:55.989452,False,6.84,2.12,28.6,41.21,71.93,65.09,18.0,47.09,12.72,-5.88,4.0,2026-08-08,19,Saturday,10-20 km
O00045,C0306,R038,D020,Bengaluru,2026-08-14 13:08:00,2026-08-14 14:30:18.000000,2026-08-14 13:29:04.252494,2026-08-14 14:35:01.740517,delivered,18.0,high,rain,D020,D020,2026-08-14 13:10:02.718628,,2026-08-14 13:26:00,2026-08-14 14:46:09.679106,completed,eta-v3.2,False,D020,2026-08-14 13:10:02.718628,2026-08-14 14:35:01.740517,2026-08-14 13:29:04.252494,4,,,True,True,4.73,1.0,0.0,delivered_late,2026-08-14 14:35:01.740517,False,4.73,2.05,19.03,65.96,87.03,82.3,18.0,64.3,3.07,1.66,15.86,2026-08-14,13,Friday,10-20 km
O00046,C0828,R048,D034,Bengaluru,2026-08-05 20:14:00,2026-08-05 21:05:50.477087,2026-08-05 20:29:13.634840,2026-08-05 20:51:44.881147,delivered,4.69,high,clear,D034,D034,2026-08-05 20:14:04.652968,,2026-08-05 20:32:00,2026-08-05 21:15:52.914375,completed,eta-v3.1,False,D034,2026-08-05 20:14:04.652968,2026-08-05 20:51:44.881147,2026-08-05 20:29:13.634840,2,,,True,True,-14.09,0.0,0.0,delivered_on_time,2026-08-05 20:51:44.881147,False,-14.09,0.08,15.15,22.52,37.75,51.84,18.0,33.84,-2.77,-11.32,10.04,2026-08-05,20,Wednesday,3-6 km
O00047,C0285,R011,D111,Bengaluru,2026-08-22 15:24:00,2026-08-22 16:45:39.750546,2026-08-22 16:15:40.868551,2026-08-22 17:13:46.468098,delivered,17.7,high,rain,D111,D111,2026-08-22 15:33:09.950615,,2026-08-22 15:42:00,2026-08-22 17:05:34.512498,completed,eta-v3.1,False,D111,2026-08-22 15:33:09.950615,2026-08-22 17:13:46.468098,2026-08-22 16:15:40.868551,5,,,True,True,28.11,1.0,1.0,delivered_late,2026-08-22 17:13:46.468098,False,28.11,9.17,42.52,58.09,109.77,81.66,18.0,63.66,33.68,-5.57,19.91,2026-08-22,15,Saturday,10-20 km
O00048,C0675,R044,D039,Bengaluru,2026-08-10 23:07:00,2026-08-11 00:01:58.798201,2026-08-10 23:53:00.424638,2026-08-11 00:20:25.937903,delivered,8.32,low,rain,D039,D039,2026-08-10 23:08:03.299223,,2026-08-10 23:25:00,2026-08-11 00:12:43.222503,completed,eta-v3.1,False,D039,2026-08-10 23:08:03.299223,2026-08-11 00:20:25.937903,2026-08-10 23:53:00.424638,2,,,True,True,18.45,1.0,1.0,delivered_late,2026-08-11 00:20:25.937903,False,18.45,1.05,44.95,27.43,73.43,54.98,18.0,36.98,28.01,-9.55,10.74,2026-08-10,23,Monday,6-10 km
O00049,C0544,R025,D042,Bengaluru,2026-08-09 11:23:00,2026-08-09 12:04:23.146170,2026-08-09 11:50:43.930186,2026-08-09 12:06:08.285589,delivered,3.04,low,clear,D042,D042,2026-08-09 11:28:53.363758,,2026-08-09 11:41:00,2026-08-09 12:04:23.146170,completed,eta-v3.2,False,D042,2026-08-09 11:28:53.363758,2026-08-09 12:06:08.285589,2026-08-09 11:50:43.930186,4,,,True,True,1.75,1.0,0.0,delivered_late,2026-08-09 12:06:08.285589,False,1.75,5.89,21.84,15.41,43.14,41.39,18.0,23.39,9.73,-7.98,0.0,2026-08-09,11,Sunday,3-6 km
O00050,C0116,R036,D070,Bengaluru,2026-08-22 14:40:00,2026-08-22 15:33:47.676881,2026-08-22 15:11:29.011983,2026-08-22 15:36:07.615519,delivered,7.62,medium,clear,D070,D070,2026-08-22 14:41:00.401181,,2026-08-22 14:58:00,2026-08-22 15:42:30.789946,completed,eta-v3.1,False,D070,2026-08-22 14:41:00.401181,2026-08-22 15:36:07.615519,2026-08-22 15:11:29.011983,3,,,True,True,2.33,1.0,0.0,delivered_late,2026-08-22 15:36:07.615519,False,2.33,1.01,30.48,24.64,56.13,53.79,18.0,35.79,13.48,-11.15,8.72,2026-08-22,14,Saturday,6-10 km
O00051,C0875,R039,D058,Bengaluru,2026-08-01 15:09:00,2026-08-01 16:28:30.928528,2026-08-01 16:24:51.495665,2026-08-01 16:19:51.495665,delivered,15.2,severe,clear,D058,D058,2026-08-01 15:15:10.334213,,2026-08-01 15:27:00,2026-08-01 16:46:30.928528,completed,eta-v3.1,False,D058,2026-08-01 15:15:10.334213,2026-08-01 16:19:51.495665,2026-08-01 15:25:54.609569,2,TS-02;CX-02,TS-02,True,False,-8.66,,,excluded_dq_rule,2026-08-01 16:19:51.495665,False,-8.66,6.17,69.69,-5.0,70.86,79.52,18.0,61.52,57.86,-66.52,18.0,2026-08-01,15,Saturday,10-20 km
O00052,C0610,R055,D086,Bengaluru,2026-08-24 17:07:00,2026-08-24 18:26:48.000000,2026-08-24 18:16:16.946011,2026-08-24 18:11:16.946011,delivered,18.0,high,clear,D086,D086,2026-08-24 17:09:27.940686,,2026-08-24 17:25:00,2026-08-24 18:36:48.000000,completed,eta-v3.1,False,D086,2026-08-24 17:09:27.940686,2026-08-24 18:11:16.946011,2026-08-24 17:19:34.353083,4,TS-02;CX-02,TS-02,True,False,-15.52,,,excluded_dq_rule,2026-08-24 18:11:16.946011,False,-15.52,2.47,66.82,-5.0,64.28,79.8,18.0,61.8,51.28,-66.8,10.0,2026-08-24,17,Monday,10-20 km
O00053,C0797,R030,D028,Bengaluru,2026-08-13 17:06:00,2026-08-13 17:58:50.809718,2026-08-13 18:25:53.797613,2026-08-13 18:20:53.797613,delivered,5.97,medium,rain,D028,D028,2026-08-13 17:06:45.255349,,2026-08-13 17:24:00,2026-08-13 18:12:10.051993,completed,eta-v3.2,False,D028,2026-08-13 17:06:45.255349,2026-08-13 18:20:53.797613,2026-08-13 17:42:23.641275,4,TS-02;CX-02,TS-02,True,False,22.05,,,excluded_dq_rule,2026-08-13 18:20:53.797613,False,22.05,0.75,79.14,-5.0,74.9,52.85,18.0,34.85,61.9,-39.85,13.32,2026-08-13,17,Thursday,3-6 km
O00054,C0270,R002,D113,Bengaluru,2026-08-28 19:56:00,2026-08-28 21:15:48.000000,2026-08-28 21:25:10.582862,2026-08-28 21:20:10.582862,delivered,18.0,high,clear,D113,D113,2026-08-28 20:00:49.745255,,2026-08-28 20:14:00,2026-08-28 21:29:05.428182,completed,eta-v3.2,False,D113,2026-08-28 20:00:49.745255,2026-08-28 21:20:10.582862,2026-08-28 20:23:52.944934,4,TS-02;CX-02,TS-02,True,False,4.38,,,excluded_dq_rule,2026-08-28 21:20:10.582862,False,4.38,4.83,84.35,-5.0,84.18,79.8,18.0,61.8,71.18,-66.8,13.29,2026-08-28,19,Friday,10-20 km
O00055,C0511,R049,D030,Bengaluru,2026-08-16 12:53:00,2026-08-16 14:05:48.000000,2026-08-16 14:08:05.645770,2026-08-16 14:03:05.645770,delivered,18.0,low,clear,D030,D030,2026-08-16 12:53:41.483545,,2026-08-16 13:11:00,2026-08-16 14:05:48.000000,completed,eta-v3.2,False,D030,2026-08-16 12:53:41.483545,2026-08-16 14:03:05.645770,2026-08-16 13:20:04.394373,5,TS-02;CX-02,TS-02,True,False,-2.71,,,excluded_dq_rule,2026-08-16 14:03:05.645770,False,-2.71,0.69,74.4,-5.0,70.09,72.8,18.0,54.8,57.09,-59.8,0.0,2026-08-16,12,Sunday,10-20 km
O00056,C0321,R022,D087,Bengaluru,2026-08-10 19:22:00,2026-08-10 20:30:21.288843,2026-08-10 19:40:53.826897,2026-08-10 20:27:29.150791,delivered,15.88,low,clear,D087,D087,2026-08-10 19:22:36.955188,,2026-08-10 19:40:00,2026-08-10 20:30:21.288843,completed,eta-v3.1,False,D087,2026-08-10 19:22:36.955188,2026-08-10 20:27:29.150791,2026-08-10 19:40:53.826897,3,,,True,True,-2.87,0.0,0.0,delivered_on_time,2026-08-10 20:27:29.150791,False,-2.87,0.62,18.28,46.59,65.49,68.35,18.0,50.35,0.9,-3.76,0.0,2026-08-10,19,Monday,10-20 km
O00057,C0097,R006,D018,Bengaluru,2026-08-27 19:43:00,2026-08-27 20:59:09.428116,2026-08-27 20:05:29.848536,2026-08-27 20:56:43.749750,delivered,16.27,high,clear,D018,D018,2026-08-27 19:45:33.794550,,2026-08-27 20:01:00,2026-08-27 21:09:09.428116,completed,eta-v3.2,False,D018,2026-08-27 19:45:33.794550,2026-08-27 20:56:43.749750,2026-08-27 20:05:29.848536,4,,,True,True,-2.43,0.0,0.0,delivered_on_time,2026-08-27 20:56:43.749750,False,-2.43,2.56,19.93,51.23,73.73,76.16,18.0,58.16,4.5,-6.93,10.0,2026-08-27,19,Thursday,10-20 km
O00058,C0604,R030,D007,Bengaluru,2026-08-05 20:01:00,2026-08-05 21:06:02.914275,2026-08-05 20:32:28.460434,2026-08-05 21:08:44.647933,delivered,14.31,low,clear,D007,D007,2026-08-05 20:01:56.036115,,2026-08-05 20:19:00,2026-08-05 21:07:40.967071,completed,eta-v3.1,False,D007,2026-08-05 20:01:56.036115,2026-08-05 21:08:44.647933,2026-08-05 20:32:28.460434,3,,,True,True,2.7,1.0,0.0,delivered_late,2026-08-05 21:08:44.647933,False,2.7,0.93,30.54,36.27,67.74,65.05,18.0,47.05,13.47,-10.78,1.63,2026-08-05,20,Wednesday,10-20 km
O00059,C0242,R018,D024,Bengaluru,2026-08-09 18:27:00,2026-08-09 19:23:43.716443,2026-08-09 18:46:59.607808,2026-08-09 19:12:16.937862,delivered,9.01,medium,clear,D024,D024,2026-08-09 18:29:43.484607,,2026-08-09 18:45:00,2026-08-09 19:29:27.965406,completed,eta-v3.2,False,D024,2026-08-09 18:29:43.484607,2026-08-09 19:12:16.937862,2026-08-09 18:46:59.607808,4,,,True,True,-11.45,0.0,0.0,delivered_on_time,2026-08-09 19:12:16.937862,False,-11.45,2.72,17.27,25.29,45.28,56.73,18.0,38.73,1.99,-13.44,5.74,2026-08-09,18,Sunday,6-10 km
O00060,C0210,R038,D023,Bengaluru,2026-08-10 22:49:00,2026-08-10 23:58:41.838166,2026-08-10 23:32:03.056253,2026-08-11 00:10:51.404067,delivered,16.52,low,clear,D023,D023,2026-08-10 22:50:51.500984,,2026-08-10 23:07:00,2026-08-10 23:59:13.308999,completed,eta-v3.2,False,D023,2026-08-10 22:50:51.500984,2026-08-11 00:10:51.404067,2026-08-10 23:32:03.056253,2,,,True,True,12.16,1.0,1.0,delivered_late,2026-08-11 00:10:51.404067,False,12.16,1.86,41.19,38.81,81.86,69.7,18.0,51.7,25.05,-12.89,0.52,2026-08-10,22,Monday,10-20 km
O00061,C0352,R036,D043,Bengaluru,2026-08-03 21:36:00,2026-08-03 22:41:14.315041,2026-08-03 21:49:32.897292,2026-08-03 22:29:14.636022,delivered,13.07,medium,clear,D043,D043,2026-08-03 21:39:15.402003,,2026-08-03 21:54:00,2026-08-03 22:45:14.315041,completed,eta-v3.2,False,D043,2026-08-03 21:39:15.402003,2026-08-03 22:29:14.636022,2026-08-03 21:49:32.897292,4,,,True,True,-11.99,0.0,0.0,delivered_on_time,2026-08-03 22:29:14.636022,False,-11.99,3.26,10.29,39.7,53.24,65.24,18.0,47.24,-4.45,-7.54,4.0,2026-08-03,21,Monday,10-20 km
O00062,C0243,R020,D088,Bengaluru,2026-08-17 12:55:00,2026-08-17 14:01:37.407879,2026-08-17 13:22:19.852864,2026-08-17 14:00:44.168583,delivered,13.73,medium,clear,D088,D088,2026-08-17 12:55:48.507772,,2026-08-17 13:13:00,2026-08-17 14:06:59.819186,completed,eta-v3.2,False,D088,2026-08-17 12:55:48.507772,2026-08-17 14:00:44.168583,2026-08-17 13:22:19.852864,3,,,True,True,-0.89,0.0,0.0,delivered_on_time,2026-08-17 14:00:44.168583,False,-0.89,0.81,26.52,38.41,65.74,66.62,18.0,48.62,9.33,-10.21,5.37,2026-08-17,12,Monday,10-20 km
O00063,C0427,R040,D103,Bengaluru,2026-08-20 13:48:00,2026-08-20 15:07:48.000000,2026-08-20 14:07:56.067127,2026-08-20 14:59:23.320672,delivered,18.0,high,clear,D103,D103,2026-08-20 13:49:54.129163,,2026-08-20 14:06:00,2026-08-20 15:17:48.000000,completed,eta-v3.2,False,D103,2026-08-20 13:49:54.129163,2026-08-20 14:59:23.320672,2026-08-20 14:07:56.067127,4,,,True,True,-8.41,0.0,0.0,delivered_on_time,2026-08-20 14:59:23.320672,False,-8.41,1.9,18.03,51.45,71.39,79.8,18.0,61.8,1.93,-10.35,10.0,2026-08-20,13,Thursday,10-20 km
O00064,C0265,R002,D032,Bengaluru,2026-08-09 19:22:00,2026-08-09 20:29:56.928762,2026-08-09 20:20:33.032412,2026-08-09 21:05:34.486949,delivered,14.36,medium,clear,D032,D032,2026-08-09 19:26:05.023505,,2026-08-09 19:40:00,2026-08-09 20:34:23.869857,completed,eta-v3.2,False,D032,2026-08-09 19:26:05.023505,2026-08-09 21:05:34.486949,2026-08-09 20:20:33.032412,2,,,True,True,35.63,1.0,1.0,delivered_late,2026-08-09 21:05:34.486949,False,35.63,4.08,54.47,45.02,103.57,67.95,18.0,49.95,40.55,-4.93,4.45,2026-08-09,19,Sunday,10-20 km
O00065,C0553,R019,D065,Bengaluru,2026-08-21 13:38:00,2026-08-21 14:53:36.000000,2026-08-21 14:11:07.263020,2026-08-21 15:02:05.311675,delivered,18.0,medium,clear,D065,D065,2026-08-21 13:44:29.253719,,2026-08-21 13:56:00,2026-08-21 15:01:22.776631,completed,eta-v3.1,False,D065,2026-08-21 13:44:29.253719,2026-08-21 15:02:05.311675,2026-08-21 14:11:07.263020,5,RG-03;CX-03,,True,True,8.49,1.0,0.0,delivered_late,2026-08-21 15:02:05.311675,False,8.49,6.49,26.63,50.97,84.09,75.6,18.0,57.6,15.12,-6.63,7.78,2026-08-21,13,Friday,10-20 km
O00066,C0479,R002,D086,Bengaluru,2026-08-13 17:21:00,2026-08-13 18:40:48.000000,2026-08-13 17:41:22.556953,2026-08-13 18:41:27.984968,delivered,18.0,high,clear,D086,D086,2026-08-13 17:21:42.558091,,2026-08-13 17:39:00,2026-08-13 18:50:48.000000,completed,eta-v3.2,False,D086,2026-08-13 17:21:42.558091,2026-08-13 18:41:27.984968,2026-08-13 17:41:22.556953,3,CX-03,,True,True,0.67,1.0,0.0,delivered_late,2026-08-13 18:41:27.984968,False,0.67,0.71,19.67,60.09,80.47,79.8,18.0,61.8,2.38,-1.71,10.0,2026-08-13,17,Thursday,10-20 km
O00067,C0684,R033,D006,Bengaluru,2026-08-12 16:41:00,2026-08-12 18:00:48.000000,2026-08-12 17:13:14.803034,2026-08-12 18:07:40.488736,delivered,18.0,high,clear,D006,D006,2026-08-12 16:49:07.301771,,2026-08-12 16:59:00,2026-08-12 18:10:48.000000,completed,eta-v3.1,False,D006,2026-08-12 16:49:07.301771,2026-08-12 18:07:40.488736,2026-08-12 17:13:14.803034,2,,,True,True,6.87,1.0,0.0,delivered_late,2026-08-12 18:07:40.488736,False,6.87,8.12,24.13,54.43,86.67,79.8,18.0,61.8,14.25,-7.37,10.0,2026-08-12,16,Wednesday,10-20 km
O00068,C0359,R058,D003,Bengaluru,2026-08-12 11:19:00,2026-08-12 12:31:48.000000,2026-08-12 11:44:36.650431,2026-08-12 12:30:32.618666,delivered,18.0,low,clear,D003,D003,2026-08-12 11:19:14.465568,,2026-08-12 11:37:00,2026-08-12 12:31:48.000000,completed,eta-v3.1,False,D003,2026-08-12 11:19:14.465568,2026-08-12 12:30:32.618666,2026-08-12 11:44:36.650431,2,,,True,True,-1.26,0.0,0.0,delivered_on_time,2026-08-12 12:30:32.618666,False,-1.26,0.24,25.37,45.93,71.54,72.8,18.0,54.8,7.61,-8.87,0.0,2026-08-12,11,Wednesday,10-20 km
O00069,C0341,R025,D036,Bengaluru,2026-08-20 13:24:00,2026-08-20 14:34:38.988329,2026-08-20 13:51:08.059244,2026-08-20 14:33:18.505133,delivered,16.98,low,clear,D048,D036,2026-08-20 13:25:59.328129,2026-08-20 13:32:43.400556,2026-08-20 13:42:00,2026-08-20 14:34:38.988329,completed,eta-v3.1,True,D048,2026-08-20 13:25:59.328129,2026-08-20 14:33:18.505133,2026-08-20 13:51:08.059244,4,CX-01;CX-03,,True,True,-1.34,0.0,0.0,delivered_on_time,2026-08-20 14:33:18.505133,False,-1.34,1.99,25.15,42.17,69.31,70.65,18.0,52.65,9.13,-10.48,0.0,2026-08-20,13,Thursday,10-20 km
O00070,C0304,R056,D021,Bengaluru,2026-08-26 20:57:00,2026-08-26 22:16:48.000000,2026-08-26 21:07:28.452409,2026-08-26 21:58:51.688833,delivered,18.0,high,clear,D021,D021,2026-08-26 20:57:14.949586,,2026-08-26 21:15:00,2026-08-26 22:26:48.000000,completed,eta-v3.2,False,D021,2026-08-26 20:57:14.949586,2026-08-26 21:58:51.688833,2026-08-26 21:07:28.452409,3,,,True,True,-17.94,0.0,0.0,delivered_on_time,2026-08-26 21:58:51.688833,False,-17.94,0.25,10.23,51.39,61.86,79.8,18.0,61.8,-7.53,-10.41,10.0,2026-08-26,20,Wednesday,10-20 km
O00071,C0391,R042,D092,Bengaluru,2026-08-21 18:23:00,2026-08-21 19:38:00.964322,2026-08-21 18:56:42.768236,2026-08-21 19:49:45.210065,delivered,17.72,medium,clear,D092,D092,2026-08-21 18:27:19.061676,,2026-08-21 18:41:00,2026-08-21 19:42:00.964322,completed,eta-v3.1,False,D092,2026-08-21 18:27:19.061676,2026-08-21 19:49:45.210065,2026-08-21 18:56:42.768236,2,,,True,True,11.74,1.0,1.0,delivered_late,2026-08-21 19:49:45.210065,False,11.74,4.32,29.4,53.04,86.75,75.02,18.0,57.02,15.71,-3.98,4.0,2026-08-21,18,Friday,10-20 km
O00072,C0499,R016,D088,Bengaluru,2026-08-15 21:59:00,2026-08-15 22:55:17.692598,2026-08-15 22:28:48.467550,2026-08-15 23:02:38.501816,delivered,10.14,low,clear,D013,D088,2026-08-15 21:59:14.442756,2026-08-15 22:07:06.896797,2026-08-15 22:17:00,2026-08-15 22:56:01.591517,completed,eta-v3.2,True,D013,2026-08-15 21:59:14.442756,2026-08-15 23:02:38.501816,2026-08-15 22:28:48.467550,3,CX-01;CX-03,,True,True,7.35,1.0,0.0,delivered_late,2026-08-15 23:02:38.501816,False,7.35,0.24,29.57,33.83,63.64,56.29,18.0,38.29,11.81,-4.46,0.73,2026-08-15,21,Saturday,10-20 km
O00073,C0750,R050,D070,Bengaluru,2026-08-27 13:45:00,2026-08-27 14:43:58.916284,2026-08-27 14:21:59.206034,2026-08-27 14:57:32.152522,delivered,10.09,medium,clear,D070,D070,2026-08-27 13:50:41.158034,,2026-08-27 14:03:00,2026-08-27 14:47:58.916284,completed,eta-v3.2,False,D070,2026-08-27 13:50:41.158034,2026-08-27 14:57:32.152522,2026-08-27 14:21:59.206034,4,,,True,True,13.55,1.0,1.0,delivered_late,2026-08-27 14:57:32.152522,False,13.55,5.69,31.3,35.55,72.54,58.98,18.0,40.98,18.99,-5.43,4.0,2026-08-27,13,Thursday,10-20 km
O00074,C0492,R041,D089,Bengaluru,2026-08-20 18:07:00,2026-08-20 19:26:48.000000,2026-08-20 18:34:00.420270,2026-08-20 19:34:23.133807,delivered,18.0,high,clear,D089,D089,2026-08-20 18:11:44.713280,,2026-08-20 18:25:00,2026-08-20 19:36:48.000000,completed,eta-v3.1,False,D089,2026-08-20 18:11:44.713280,2026-08-20 19:34:23.133807,2026-08-20 18:34:00.420270,3,CX-03,,True,True,7.59,1.0,0.0,delivered_late,2026-08-20 19:34:23.133807,False,7.59,4.75,22.26,60.38,87.39,79.8,18.0,61.8,9.01,-1.42,10.0,2026-08-20,18,Thursday,10-20 km
O00075,C0055,R033,D035,Bengaluru,2026-08-17 23:04:00,2026-08-18 00:29:24.000000,2026-08-17 23:34:16.214030,,cancelled,18.0,severe,clear,D035,D035,2026-08-17 23:12:21.575206,,2026-08-17 23:22:00,2026-08-18 00:48:15.975127,cancelled,eta-v3.1,False,D035,2026-08-17 23:12:21.575206,,,0,,,False,False,,,,cancelled,,False,,8.36,21.91,,,85.4,18.0,67.4,12.27,,18.87,2026-08-17,23,Monday,10-20 km
O00076,C0876,R012,D041,Bengaluru,2026-08-21 17:23:00,2026-08-21 18:38:36.000000,2026-08-21 17:50:53.912802,2026-08-21 18:41:37.819229,delivered,18.0,medium,clear,D041,D041,2026-08-21 17:26:01.579342,,2026-08-21 17:41:00,2026-08-21 18:42:36.000000,completed,eta-v3.2,False,D041,2026-08-21 17:26:01.579342,2026-08-21 18:41:37.819229,2026-08-21 17:50:53.912802,4,,,True,True,3.03,1.0,0.0,delivered_late,2026-08-21 18:41:37.819229,False,3.03,3.03,24.87,50.73,78.63,75.6,18.0,57.6,9.9,-6.87,4.0,2026-08-21,17,Friday,10-20 km
O00077,C0157,R053,D108,Bengaluru,2026-08-15 23:30:00,2026-08-16 00:35:21.487268,2026-08-16 00:18:41.900236,2026-08-16 01:01:54.139242,delivered,9.93,high,rain,D108,D108,2026-08-15 23:31:06.360619,,2026-08-15 23:48:00,2026-08-16 00:57:54.287242,completed,eta-v3.1,False,D108,2026-08-15 23:31:06.360619,2026-08-16 01:01:54.139242,2026-08-16 00:18:41.900236,4,,,True,True,26.54,1.0,1.0,delivered_late,2026-08-16 01:01:54.139242,False,26.54,1.11,47.59,43.2,91.9,65.36,18.0,47.36,30.7,-4.16,22.55,2026-08-15,23,Saturday,6-10 km
O00078,C0633,R027,D055,Bengaluru,2026-08-25 19:18:00,2026-08-25 20:36:06.000000,2026-08-25 19:38:13.247574,2026-08-25 20:30:57.518398,delivered,18.0,medium,rain,D055,D055,2026-08-25 19:19:56.156432,,2026-08-25 19:36:00,2026-08-25 20:45:07.499360,completed,eta-v3.2,False,D055,2026-08-25 19:19:56.156432,2026-08-25 20:30:57.518398,2026-08-25 19:38:13.247574,5,,,True,True,-5.14,0.0,0.0,delivered_on_time,2026-08-25 20:30:57.518398,False,-5.14,1.94,18.28,52.74,72.96,78.1,18.0,60.1,2.22,-7.36,9.02,2026-08-25,19,Tuesday,10-20 km
O00079,C0387,R024,D078,Bengaluru,2026-08-09 20:46:00,2026-08-09 22:01:36.000000,2026-08-09 21:08:46.629720,2026-08-09 22:03:08.100826,delivered,18.0,medium,clear,D078,D078,2026-08-09 20:52:02.254713,,2026-08-09 21:04:00,2026-08-09 22:07:22.400418,completed,eta-v3.2,False,D078,2026-08-09 20:52:02.254713,2026-08-09 22:03:08.100826,2026-08-09 21:08:46.629720,5,,,True,True,1.54,1.0,0.0,delivered_late,2026-08-09 22:03:08.100826,False,1.54,6.04,16.74,54.36,77.14,75.6,18.0,57.6,4.78,-3.24,5.77,2026-08-09,20,Sunday,10-20 km
O00080,C0229,R029,D037,Bengaluru,2026-08-20 23:17:00,2026-08-21 00:39:18.000000,2026-08-21 00:04:18.199111,2026-08-21 01:01:48.459960,delivered,18.0,high,rain,D037,D037,2026-08-20 23:18:04.387970,,2026-08-20 23:35:00,2026-08-21 01:01:32.014363,completed,eta-v3.1,False,D037,2026-08-20 23:18:04.387970,2026-08-21 01:01:48.459960,2026-08-21 00:04:18.199111,5,,,True,True,22.51,1.0,1.0,delivered_late,2026-08-21 01:01:48.459960,False,22.51,1.07,46.23,57.5,104.81,82.3,18.0,64.3,29.3,-6.8,22.23,2026-08-20,23,Thursday,10-20 km
O00081,C0581,R037,D004,Bengaluru,2026-08-19 11:09:00,2026-08-19 12:31:18.000000,2026-08-19 11:26:02.999481,2026-08-19 12:24:09.886909,delivered,18.0,high,rain,D004,D004,2026-08-19 11:09:44.491780,,2026-08-19 11:27:00,2026-08-19 12:46:18.000000,completed,eta-v3.2,False,D004,2026-08-19 11:09:44.491780,2026-08-19 12:24:09.886909,2026-08-19 11:26:02.999481,2,,,True,True,-7.14,0.0,0.0,delivered_on_time,2026-08-19 12:24:09.886909,False,-7.14,0.74,16.31,58.11,75.16,82.3,18.0,64.3,-0.95,-6.19,15.0,2026-08-19,11,Wednesday,10-20 km
O00082,C0366,R060,D029,Bengaluru,2026-08-17 17:35:00,2026-08-17 18:22:00.755721,2026-08-17 17:51:55.830854,2026-08-17 18:13:47.804039,delivered,5.72,low,clear,D029,D029,2026-08-17 17:38:47.769677,,2026-08-17 17:53:00,2026-08-17 18:22:53.776515,completed,eta-v3.1,False,D029,2026-08-17 17:38:47.769677,2026-08-17 18:13:47.804039,2026-08-17 17:51:55.830854,2,,,True,True,-8.22,0.0,0.0,delivered_on_time,2026-08-17 18:13:47.804039,False,-8.22,3.8,13.13,21.87,38.8,47.01,18.0,29.01,-1.07,-7.14,0.88,2026-08-17,17,Monday,3-6 km
O00083,C0404,R021,D061,Bengaluru,2026-08-15 23:51:00,2026-08-16 01:13:18.000000,2026-08-16 00:13:07.414442,2026-08-16 01:15:40.179224,delivered,18.0,high,rain,D061,D061,2026-08-15 23:51:19.432868,,2026-08-16 00:09:00,2026-08-16 01:28:18.000000,completed,eta-v3.1,False,D061,2026-08-15 23:51:19.432868,2026-08-16 01:15:40.179224,2026-08-16 00:13:07.414442,3,,,True,True,2.37,1.0,0.0,delivered_late,2026-08-16 01:15:40.179224,False,2.37,0.32,21.8,62.55,84.67,82.3,18.0,64.3,4.12,-1.75,15.0,2026-08-15,23,Saturday,10-20 km
O00084,C0242,R004,D008,Bengaluru,2026-08-07 20:15:00,2026-08-07 21:34:48.000000,2026-08-07 20:31:38.288560,2026-08-07 21:27:14.338789,delivered,18.0,high,clear,D008,D008,2026-08-07 20:16:03.111907,,2026-08-07 20:33:00,2026-08-07 21:45:21.566405,completed,eta-v3.1,False,D008,2026-08-07 20:16:03.111907,2026-08-07 21:27:14.338789,2026-08-07 20:31:38.288560,5,,,True,True,-7.56,0.0,0.0,delivered_on_time,2026-08-07 21:27:14.338789,False,-7.56,1.05,15.59,55.6,72.24,79.8,18.0,61.8,-1.36,-6.2,10.56,2026-08-07,20,Friday,10-20 km
O00085,C0219,R009,D037,Bengaluru,2026-08-03 12:20:00,2026-08-03 13:39:48.000000,2026-08-03 12:44:22.694982,2026-08-03 13:39:23.274303,delivered,18.0,high,clear,D037,D037,2026-08-03 12:21:21.926124,,2026-08-03 12:38:00,2026-08-03 13:50:52.391131,completed,eta-v3.1,False,D037,2026-08-03 12:21:21.926124,2026-08-03 13:39:23.274303,2026-08-03 12:44:22.694982,3,,,True,True,-0.41,0.0,0.0,delivered_on_time,2026-08-03 13:39:23.274303,False,-0.41,1.37,23.01,55.01,79.39,79.8,18.0,61.8,6.38,-6.79,11.07,2026-08-03,12,Monday,10-20 km
O00086,C0011,R042,D108,Bengaluru,2026-08-04 18:19:00,2026-08-04 19:31:48.000000,2026-08-04 18:43:02.980015,2026-08-04 19:30:47.013099,delivered,18.0,low,clear,D108,D108,2026-08-04 18:22:00.532758,,2026-08-04 18:37:00,2026-08-04 19:33:00.651713,completed,eta-v3.2,False,D108,2026-08-04 18:22:00.532758,2026-08-04 19:30:47.013099,2026-08-04 18:43:02.980015,4,,,True,True,-1.02,0.0,0.0,delivered_on_time,2026-08-04 19:30:47.013099,False,-1.02,3.01,21.04,47.73,71.78,72.8,18.0,54.8,6.05,-7.07,1.21,2026-08-04,18,Tuesday,10-20 km
O00087,C0249,R016,D032,Bengaluru,2026-08-06 19:37:00,2026-08-06 20:49:48.000000,2026-08-06 19:55:57.983013,2026-08-06 20:41:02.048528,delivered,18.0,low,clear,D032,D032,2026-08-06 19:37:04.763046,,2026-08-06 19:55:00,2026-08-06 20:51:44.620517,completed,eta-v3.1,False,D032,2026-08-06 19:37:04.763046,2026-08-06 20:41:02.048528,2026-08-06 19:55:57.983013,4,,,True,True,-8.77,0.0,0.0,delivered_on_time,2026-08-06 20:41:02.048528,False,-8.77,0.08,18.89,45.07,64.03,72.8,18.0,54.8,0.97,-9.73,1.94,2026-08-06,19,Thursday,10-20 km
O00088,C0077,R034,D032,Bengaluru,2026-08-16 21:34:00,2026-08-16 22:55:36.000000,2026-08-16 21:51:36.170791,2026-08-16 22:55:19.466837,delivered,18.0,medium,heavy_rain,D032,D032,2026-08-16 21:37:43.084144,,2026-08-16 21:52:00,2026-08-16 23:12:35.718719,completed,eta-v3.1,False,D032,2026-08-16 21:37:43.084144,2026-08-16 22:55:19.466837,2026-08-16 21:51:36.170791,5,,,True,True,-0.28,0.0,0.0,delivered_on_time,2026-08-16 22:55:19.466837,False,-0.28,3.72,13.88,63.72,81.32,81.6,18.0,63.6,-0.4,0.12,17.0,2026-08-16,21,Sunday,10-20 km
O00089,C0341,R002,D016,Bengaluru,2026-08-24 23:22:00,2026-08-25 00:45:37.010931,2026-08-24 23:51:10.776789,2026-08-25 00:56:28.164196,delivered,17.15,severe,clear,D016,D016,2026-08-24 23:24:54.032709,,2026-08-24 23:40:00,2026-08-25 01:05:09.819935,completed,eta-v3.1,False,D016,2026-08-24 23:24:54.032709,2026-08-25 00:56:28.164196,2026-08-24 23:51:10.776789,2,,,True,True,10.85,1.0,1.0,delivered_late,2026-08-25 00:56:28.164196,False,10.85,2.9,26.28,65.29,94.47,83.62,18.0,65.62,11.18,-0.33,19.55,2026-08-24,23,Monday,10-20 km
O00090,C0435,R039,D106,Bengaluru,2026-08-20 17:55:00,2026-08-20 19:17:18.000000,2026-08-20 18:31:29.635751,2026-08-20 19:37:33.495349,delivered,18.0,high,rain,D106,D106,2026-08-20 18:11:21.855464,,2026-08-20 18:13:00,2026-08-20 19:32:18.000000,completed,eta-v3.2,False,D106,2026-08-20 18:11:21.855464,2026-08-20 19:37:33.495349,2026-08-20 18:31:29.635751,4,,,True,True,20.26,1.0,1.0,delivered_late,2026-08-20 19:37:33.495349,False,20.26,16.36,20.13,66.06,102.56,82.3,18.0,64.3,18.49,1.76,15.0,2026-08-20,17,Thursday,10-20 km
O00091,C0567,R026,D050,Bengaluru,2026-08-08 14:22:00,2026-08-08 15:34:48.000000,2026-08-08 14:42:22.888278,2026-08-08 15:32:46.714468,delivered,18.0,low,clear,D014,D050,2026-08-08 14:22:54.580132,2026-08-08 14:27:55.569795,2026-08-08 14:40:00,2026-08-08 15:35:55.549595,completed,eta-v3.2,True,D014,2026-08-08 14:22:54.580132,2026-08-08 15:32:46.714468,2026-08-08 14:42:22.888278,5,CX-01;CX-03,,True,True,-2.02,0.0,0.0,delivered_on_time,2026-08-08 15:32:46.714468,False,-2.02,0.91,19.47,50.4,70.78,72.8,18.0,54.8,2.38,-4.4,1.13,2026-08-08,14,Saturday,10-20 km
O00092,C0680,R030,D010,Bengaluru,2026-08-03 17:28:00,2026-08-03 18:47:48.000000,2026-08-03 17:53:55.130436,2026-08-03 18:51:24.017088,delivered,18.0,high,clear,D010,D010,2026-08-03 17:30:37.519570,,2026-08-03 17:46:00,2026-08-03 18:58:48.048770,completed,eta-v3.2,False,D010,2026-08-03 17:30:37.519570,2026-08-03 18:51:24.017088,2026-08-03 17:53:55.130436,4,,,True,True,3.6,1.0,0.0,delivered_late,2026-08-03 18:51:24.017088,False,3.6,2.63,23.29,57.48,83.4,79.8,18.0,61.8,7.92,-4.32,11.0,2026-08-03,17,Monday,10-20 km
O00093,C0110,R034,D042,Bengaluru,2026-08-02 11:45:00,2026-08-02 13:00:36.000000,2026-08-02 12:11:43.037180,2026-08-02 13:01:53.275765,delivered,18.0,medium,clear,D042,D042,2026-08-02 11:47:07.372808,,2026-08-02 12:03:00,2026-08-02 13:06:30.193444,completed,eta-v3.1,False,D042,2026-08-02 11:47:07.372808,2026-08-02 13:01:53.275765,2026-08-02 12:11:43.037180,4,,,True,True,1.29,1.0,0.0,delivered_late,2026-08-02 13:01:53.275765,False,1.29,2.12,24.59,50.17,76.89,75.6,18.0,57.6,8.72,-7.43,5.9,2026-08-02,11,Sunday,10-20 km
O00094,C0878,R003,D072,Bengaluru,2026-08-19 16:52:00,2026-08-19 18:04:48.000000,2026-08-19 17:39:02.564976,2026-08-19 18:24:21.698196,delivered,18.0,low,clear,D072,D072,2026-08-19 16:52:38.461571,,2026-08-19 17:10:00,2026-08-19 18:13:28.365901,completed,eta-v3.2,False,D072,2026-08-19 16:52:38.461571,2026-08-19 18:24:21.698196,2026-08-19 17:39:02.564976,3,CX-03,,True,True,19.56,1.0,1.0,delivered_late,2026-08-19 18:24:21.698196,False,19.56,0.64,46.4,45.32,92.36,72.8,18.0,54.8,29.04,-9.48,8.67,2026-08-19,16,Wednesday,10-20 km
O00095,C0091,R053,D107,Bengaluru,2026-08-21 20:49:00,2026-08-21 22:04:15.237941,2026-08-21 21:34:59.863473,,delivered,15.84,high,clear,D107,D107,2026-08-21 20:50:07.616060,,2026-08-21 21:07:00,2026-08-21 22:14:54.031700,completed,eta-v3.1,False,D107,2026-08-21 20:50:07.616060,2026-08-21 22:30:16.567079,2026-08-21 21:34:59.863473,3,TS-04,TS-04,True,False,,,,unknown_missing_timestamp,2026-08-21 22:30:16.567079,True,26.02,1.13,44.87,,,75.25,18.0,57.25,28.0,,10.65,2026-08-21,20,Friday,10-20 km
O00096,C0757,R046,D006,Bengaluru,2026-08-28 21:46:00,2026-08-28 22:58:48.000000,2026-08-28 22:07:07.159833,2026-08-28 22:54:02.388621,delivered,18.0,low,clear,D006,D006,2026-08-28 21:50:16.462860,,2026-08-28 22:04:00,2026-08-28 23:01:58.757867,completed,eta-v3.1,False,D006,2026-08-28 21:50:16.462860,2026-08-28 22:54:02.388621,2026-08-28 22:07:07.159833,4,,,True,True,-4.76,0.0,0.0,delivered_on_time,2026-08-28 22:54:02.388621,False,-4.76,4.27,16.84,46.92,68.04,72.8,18.0,54.8,3.12,-7.88,3.18,2026-08-28,21,Friday,10-20 km
O00097,C0561,R026,D026,Bengaluru,2026-08-26 19:39:00,2026-08-26 21:00:36.000000,2026-08-26 20:05:04.445452,2026-08-26 21:07:54.066262,delivered,18.0,medium,heavy_rain,D026,D026,2026-08-26 19:39:04.059406,,2026-08-26 19:57:00,2026-08-26 21:17:26.215584,completed,eta-v3.1,False,D026,2026-08-26 19:39:04.059406,2026-08-26 21:07:54.066262,2026-08-26 20:05:04.445452,5,,,True,True,7.3,1.0,0.0,delivered_late,2026-08-26 21:07:54.066262,False,7.3,0.07,26.01,62.83,88.9,81.6,18.0,63.6,8.07,-0.77,16.84,2026-08-26,19,Wednesday,10-20 km
O00098,C0318,R054,D035,Bengaluru,2026-08-04 18:34:00,2026-08-04 19:37:11.970238,2026-08-04 19:02:55.655146,2026-08-04 19:47:49.583343,delivered,9.24,medium,heavy_rain,D035,D035,2026-08-04 18:39:40.954381,,2026-08-04 18:52:00,2026-08-04 19:53:16.147646,completed,eta-v3.1,False,D035,2026-08-04 18:39:40.954381,2026-08-04 19:47:49.583343,2026-08-04 19:02:55.655146,5,,,True,True,10.63,1.0,1.0,delivered_late,2026-08-04 19:47:49.583343,False,10.63,5.68,23.25,44.9,73.83,63.2,18.0,45.2,10.93,-0.3,16.07,2026-08-04,18,Tuesday,6-10 km
O00099,C0046,R038,D040,Bengaluru,2026-08-18 19:08:00,2026-08-18 20:17:20.250376,2026-08-18 19:38:28.716286,2026-08-18 20:19:55.577319,delivered,16.35,low,clear,D040,D040,2026-08-18 19:08:35.042866,,2026-08-18 19:26:00,2026-08-18 20:17:20.250376,completed,eta-v3.2,False,D040,2026-08-18 19:08:35.042866,2026-08-18 20:19:55.577319,2026-08-18 19:38:28.716286,2,,,True,True,2.59,1.0,0.0,delivered_late,2026-08-18 20:19:55.577319,False,2.59,0.58,29.89,41.45,71.93,69.34,18.0,51.34,12.48,-9.89,0.0,2026-08-18,19,Tuesday,10-20 km
O00100,C0485,R036,D090,Bengaluru,2026-08-18 23:10:00,2026-08-19 00:26:50.161016,2026-08-18 23:32:27.248969,2026-08-19 00:28:17.159744,delivered,17.4,medium,rain,D090,D090,2026-08-18 23:13:08.695394,,2026-08-18 23:28:00,2026-08-19 00:35:50.161016,completed,eta-v3.1,False,D090,2026-08-18 23:13:08.695394,2026-08-19 00:28:17.159744,2026-08-18 23:32:27.248969,2,,,True,True,1.45,1.0,0.0,delivered_late,2026-08-19 00:28:17.159744,False,1.45,3.14,19.31,55.83,78.29,76.84,18.0,58.84,4.45,-3.01,9.0,2026-08-18,23,Tuesday,10-20 km
O00101,C0538,R007,D111,Bengaluru,2026-08-24 20:59:00,2026-08-24 20:49:00.000000,2026-08-24 21:25:03.983984,2026-08-24 22:14:30.685278,delivered,18.0,low,rain,D111,D111,2026-08-24 20:59:18.554829,,2026-08-24 21:17:00,2026-08-24 22:20:47.430842,completed,eta-v3.2,False,D111,2026-08-24 20:59:18.554829,2026-08-24 22:14:30.685278,2026-08-24 21:25:03.983984,4,TS-01;RG-03,TS-01,True,False,85.51,,,excluded_dq_rule,2026-08-24 22:14:30.685278,False,85.51,0.31,25.76,49.45,75.51,-10.0,18.0,-28.0,8.07,77.45,91.79,2026-08-24,20,Monday,10-20 km
O00102,C0263,R004,D056,Bengaluru,2026-08-11 16:41:00,2026-08-11 16:31:00.000000,2026-08-11 17:05:05.809584,2026-08-11 17:57:17.661772,delivered,18.0,medium,clear,D056,D056,2026-08-11 16:41:49.829394,,2026-08-11 16:59:00,2026-08-11 18:01:36.434840,completed,eta-v3.1,False,D056,2026-08-11 16:41:49.829394,2026-08-11 17:57:17.661772,2026-08-11 17:05:05.809584,4,TS-01,TS-01,True,False,86.29,,,excluded_dq_rule,2026-08-11 17:57:17.661772,False,86.29,0.83,23.27,52.2,76.29,-10.0,18.0,-28.0,6.1,80.2,90.61,2026-08-11,16,Tuesday,10-20 km
O00103,C0389,R020,D098,Bengaluru,2026-08-22 20:11:00,2026-08-22 20:01:00.000000,2026-08-22 20:39:45.064627,2026-08-22 21:10:17.342305,delivered,6.87,high,clear,D098,D098,2026-08-22 20:31:37.270437,,2026-08-22 20:29:00,2026-08-22 21:17:53.672446,completed,eta-v3.1,False,D098,2026-08-22 20:31:37.270437,2026-08-22 21:10:17.342305,2026-08-22 20:39:45.064627,3,TS-01,TS-01,True,False,69.29,,,excluded_dq_rule,2026-08-22 21:10:17.342305,False,69.29,20.62,8.13,30.54,59.29,-10.0,18.0,-28.0,10.75,58.54,76.89,2026-08-22,20,Saturday,6-10 km
O00104,C0436,R031,D055,Bengaluru,2026-08-09 22:19:00,2026-08-09 22:09:00.000000,2026-08-09 22:47:33.934776,2026-08-09 23:36:20.740161,delivered,17.69,medium,clear,D055,D055,2026-08-09 22:19:13.529362,,2026-08-09 22:37:00,2026-08-09 23:37:56.425841,completed,eta-v3.1,False,D055,2026-08-09 22:19:13.529362,2026-08-09 23:36:20.740161,2026-08-09 22:47:33.934776,4,TS-01,TS-01,True,False,87.35,,,excluded_dq_rule,2026-08-09 23:36:20.740161,False,87.35,0.23,28.34,48.78,77.35,-10.0,18.0,-28.0,10.57,76.78,88.94,2026-08-09,22,Sunday,10-20 km
O00105,C0729,R027,D069,Bengaluru,2026-08-08 14:08:00,2026-08-08 15:23:36.000000,2026-08-08 14:26:39.014283,2026-08-08 15:14:12.630181,delivered,18.0,medium,clear,D069,D069,2026-08-08 14:08:15.473660,,2026-08-08 14:26:00,2026-08-08 15:27:36.000000,completed,eta-v3.1,False,D069,2026-08-08 14:08:15.473660,2026-08-08 15:14:12.630181,2026-08-08 14:26:39.014283,2,,,True,True,-9.39,0.0,0.0,delivered_on_time,2026-08-08 15:14:12.630181,False,-9.39,0.26,18.39,47.56,66.21,75.6,18.0,57.6,0.65,-10.04,4.0,2026-08-08,14,Saturday,10-20 km
O00106,C0760,R035,D089,Bengaluru,2026-08-12 12:36:00,2026-08-12 13:51:18.000000,2026-08-12 12:46:53.767240,2026-08-12 13:37:00.203394,delivered,18.0,low,rain,D089,D089,2026-08-12 12:36:22.354057,,2026-08-12 12:54:00,2026-08-12 13:56:18.000000,completed,eta-v3.2,False,D089,2026-08-12 12:36:22.354057,2026-08-12 13:37:00.203394,2026-08-12 12:46:53.767240,3,,,True,True,-14.3,0.0,0.0,delivered_on_time,2026-08-12 13:37:00.203394,False,-14.3,0.37,10.52,50.11,61.0,75.3,18.0,57.3,-7.1,-7.19,5.0,2026-08-12,12,Wednesday,10-20 km
O00107,C0412,R050,D001,Bengaluru,2026-08-15 20:29:00,2026-08-15 21:38:08.527830,2026-08-15 20:53:47.105998,2026-08-15 21:37:21.933301,delivered,16.26,low,clear,D034,D001,2026-08-15 20:30:08.510533,2026-08-15 20:37:51.420888,2026-08-15 20:47:00,2026-08-15 21:38:08.527830,completed,eta-v3.1,True,D034,2026-08-15 20:30:08.510533,2026-08-15 21:37:21.933301,2026-08-15 20:53:47.105998,2,CX-01;CX-03,,True,True,-0.78,0.0,0.0,delivered_on_time,2026-08-15 21:37:21.933301,False,-0.78,1.14,23.64,43.58,68.37,69.14,18.0,51.14,6.79,-7.56,0.0,2026-08-15,20,Saturday,10-20 km
O00108,C0226,R040,D057,Bengaluru,2026-08-18 23:59:00,2026-08-19 01:24:48.000000,2026-08-19 00:11:01.322470,2026-08-19 01:16:32.308921,delivered,18.0,high,heavy_rain,D057,D057,2026-08-18 23:59:29.167560,,2026-08-19 00:17:00,2026-08-19 01:46:48.000000,completed,eta-v3.2,False,D057,2026-08-18 23:59:29.167560,2026-08-19 01:16:32.308921,2026-08-19 00:11:01.322470,5,,,True,True,-8.26,0.0,0.0,delivered_on_time,2026-08-19 01:16:32.308921,False,-8.26,0.49,11.54,65.52,77.54,85.8,18.0,67.8,-5.98,-2.28,22.0,2026-08-18,23,Tuesday,10-20 km
O00109,C0894,R002,D040,Bengaluru,2026-08-28 18:41:00,2026-08-28 19:48:02.408337,2026-08-28 19:01:15.568247,2026-08-28 19:44:50.633375,delivered,11.92,high,clear,D040,D040,2026-08-28 18:41:49.636489,,2026-08-28 18:59:00,2026-08-28 19:58:02.408337,completed,eta-v3.1,False,D040,2026-08-28 18:41:49.636489,2026-08-28 19:44:50.633375,2026-08-28 19:01:15.568247,5,,,True,True,-3.2,0.0,0.0,delivered_on_time,2026-08-28 19:44:50.633375,False,-3.2,0.83,19.43,43.58,63.84,67.04,18.0,49.04,2.26,-5.46,10.0,2026-08-28,18,Friday,10-20 km
O00110,C0811,R040,D037,Bengaluru,2026-08-12 13:12:00,2026-08-12 14:37:24.000000,2026-08-12 13:56:04.470524,2026-08-12 14:58:44.027044,delivered,18.0,severe,clear,D027,D037,2026-08-12 13:12:35.349356,2026-08-12 13:15:03.611535,2026-08-12 13:30:00,2026-08-12 15:03:07.984670,completed,eta-v3.1,True,D027,2026-08-12 13:12:35.349356,2026-08-12 14:58:44.027044,2026-08-12 13:56:04.470524,2,CX-01;CX-03,,True,True,21.33,1.0,1.0,delivered_late,2026-08-12 14:58:44.027044,False,21.33,0.59,43.49,62.66,106.73,85.4,18.0,67.4,26.07,-4.74,25.73,2026-08-12,13,Wednesday,10-20 km
O00111,C0338,R031,D118,Bengaluru,2026-08-15 14:13:00,2026-08-15 15:32:48.000000,2026-08-15 14:58:06.249152,2026-08-15 15:48:32.793183,delivered,18.0,high,clear,D118,D118,2026-08-15 14:18:42.015588,,2026-08-15 14:31:00,2026-08-15 15:51:56.506551,completed,eta-v3.2,False,D118,2026-08-15 14:18:42.015588,2026-08-15 15:48:32.793183,2026-08-15 14:58:06.249152,3,,,True,True,15.75,1.0,1.0,delivered_late,2026-08-15 15:48:32.793183,False,15.75,5.7,39.4,50.44,95.55,79.8,18.0,61.8,27.1,-11.36,19.14,2026-08-15,14,Saturday,10-20 km
O00112,C0404,R056,D115,Bengaluru,2026-08-09 12:37:00,2026-08-09 13:59:18.000000,2026-08-09 12:48:00.358227,2026-08-09 13:48:51.605724,delivered,18.0,high,rain,D115,D115,2026-08-09 12:40:25.414043,,2026-08-09 12:55:00,2026-08-09 14:14:18.000000,completed,eta-v3.2,False,D115,2026-08-09 12:40:25.414043,2026-08-09 13:48:51.605724,2026-08-09 12:48:00.358227,4,,,True,True,-10.44,0.0,0.0,delivered_on_time,2026-08-09 13:48:51.605724,False,-10.44,3.42,7.58,60.85,71.86,82.3,18.0,64.3,-6.99,-3.45,15.0,2026-08-09,12,Sunday,10-20 km
O00113,C0605,R058,D059,Bengaluru,2026-08-18 18:54:00,2026-08-18 20:12:06.000000,2026-08-18 19:38:57.053016,2026-08-18 20:31:15.102926,delivered,18.0,medium,rain,D059,D059,2026-08-18 18:55:16.849786,,2026-08-18 19:12:00,2026-08-18 20:26:53.576454,completed,eta-v3.2,False,D059,2026-08-18 18:55:16.849786,2026-08-18 20:31:15.102926,2026-08-18 19:38:57.053016,2,,,True,True,19.15,1.0,1.0,delivered_late,2026-08-18 20:31:15.102926,False,19.15,1.28,43.67,52.3,97.25,78.1,18.0,60.1,26.95,-7.8,14.79,2026-08-18,18,Tuesday,10-20 km
O00114,C0602,R056,D093,Bengaluru,2026-08-03 18:53:00,2026-08-03 20:05:48.000000,2026-08-03 19:21:17.131133,2026-08-03 20:12:00.539850,delivered,18.0,low,clear,D093,D093,2026-08-03 18:56:51.052635,,2026-08-03 19:11:00,2026-08-03 20:06:34.278406,completed,eta-v3.1,False,D093,2026-08-03 18:56:51.052635,2026-08-03 20:12:00.539850,2026-08-03 19:21:17.131133,4,,,True,True,6.21,1.0,0.0,delivered_late,2026-08-03 20:12:00.539850,False,6.21,3.85,24.43,50.72,79.01,72.8,18.0,54.8,10.29,-4.08,0.77,2026-08-03,18,Monday,10-20 km
O00115,C0104,R017,D029,Bengaluru,2026-08-24 12:48:00,2026-08-24 13:39:28.307218,2026-08-24 13:10:51.877854,2026-08-24 13:30:45.204008,delivered,6.51,medium,clear,D029,D029,2026-08-24 12:54:24.984008,,2026-08-24 13:06:00,2026-08-24 13:43:28.307218,completed,eta-v3.2,False,D029,2026-08-24 12:54:24.984008,2026-08-24 13:30:45.204008,2026-08-24 13:10:51.877854,4,CX-03,,True,True,-8.72,0.0,0.0,delivered_on_time,2026-08-24 13:30:45.204008,False,-8.72,6.42,16.45,19.89,42.75,51.47,18.0,33.47,4.86,-13.58,4.0,2026-08-24,12,Monday,6-10 km
O00116,C0264,R004,D100,Bengaluru,2026-08-26 23:30:00,2026-08-27 00:49:48.000000,2026-08-27 00:07:01.064026,2026-08-27 01:02:35.610076,delivered,18.0,high,clear,D100,D100,2026-08-26 23:32:22.462882,,2026-08-26 23:48:00,2026-08-27 01:01:47.701605,completed,eta-v3.1,False,D100,2026-08-26 23:32:22.462882,2026-08-27 01:02:35.610076,2026-08-27 00:07:01.064026,5,,,True,True,12.79,1.0,1.0,delivered_late,2026-08-27 01:02:35.610076,False,12.79,2.37,34.64,55.58,92.59,79.8,18.0,61.8,19.02,-6.22,12.0,2026-08-26,23,Wednesday,10-20 km
O00117,C0480,R032,D016,Bengaluru,2026-08-18 19:43:00,2026-08-18 20:58:36.000000,2026-08-18 20:06:42.521740,2026-08-18 20:55:24.550476,delivered,18.0,medium,clear,D016,D016,2026-08-18 19:44:49.668670,,2026-08-18 20:01:00,2026-08-18 21:02:36.000000,completed,eta-v3.2,False,D016,2026-08-18 19:44:49.668670,2026-08-18 20:55:24.550476,2026-08-18 20:06:42.521740,5,,,True,True,-3.19,0.0,0.0,delivered_on_time,2026-08-18 20:55:24.550476,False,-3.19,1.83,21.88,48.7,72.41,75.6,18.0,57.6,5.71,-8.9,4.0,2026-08-18,19,Tuesday,10-20 km
O00118,C0258,R060,D032,Bengaluru,2026-08-27 21:52:00,2026-08-27 23:02:48.825147,2026-08-27 22:23:32.703369,2026-08-27 23:11:23.618617,delivered,13.72,high,clear,D066,D032,2026-08-27 21:52:45.922287,2026-08-27 21:57:57.446344,2026-08-27 22:10:00,2026-08-27 23:15:51.622260,completed,eta-v3.1,True,D066,2026-08-27 21:52:45.922287,2026-08-27 23:11:23.618617,2026-08-27 22:23:32.703369,5,CX-01;CX-03,,True,True,8.58,1.0,0.0,delivered_late,2026-08-27 23:11:23.618617,False,8.58,0.77,30.78,47.85,79.39,70.81,18.0,52.81,13.55,-4.96,13.05,2026-08-27,21,Thursday,10-20 km
O00119,C0039,R041,D115,Bengaluru,2026-08-24 15:18:00,2026-08-24 16:33:18.000000,2026-08-24 15:55:54.243412,2026-08-24 16:46:13.615274,delivered,18.0,low,rain,D115,D115,2026-08-24 15:18:54.839349,,2026-08-24 15:36:00,2026-08-24 16:38:18.000000,completed,eta-v3.1,False,D115,2026-08-24 15:18:54.839349,2026-08-24 16:46:13.615274,2026-08-24 15:55:54.243412,4,,,True,True,12.93,1.0,1.0,delivered_late,2026-08-24 16:46:13.615274,False,12.93,0.91,36.99,50.32,88.23,75.3,18.0,57.3,19.9,-6.98,5.0,2026-08-24,15,Monday,10-20 km
O00120,C0501,R040,D045,Bengaluru,2026-08-13 18:15:00,2026-08-13 19:40:24.000000,2026-08-13 18:29:08.055622,2026-08-13 19:34:08.431508,delivered,18.0,severe,clear,D045,D045,2026-08-13 18:17:57.662658,,2026-08-13 18:33:00,2026-08-13 19:58:24.000000,completed,eta-v3.1,False,D045,2026-08-13 18:17:57.662658,2026-08-13 19:34:08.431508,2026-08-13 18:29:08.055622,5,,,True,True,-6.26,0.0,0.0,delivered_on_time,2026-08-13 19:34:08.431508,False,-6.26,2.96,11.17,65.01,79.14,85.4,18.0,67.4,-3.87,-2.39,18.0,2026-08-13,18,Thursday,10-20 km
O00121,C0008,R053,D011,Bengaluru,2026-08-14 19:21:00,2026-08-14 20:39:06.000000,2026-08-14 20:06:13.979013,2026-08-14 20:59:24.936926,delivered,18.0,medium,rain,D011,D011,2026-08-14 19:27:06.878434,,2026-08-14 19:39:00,2026-08-14 20:54:51.978105,completed,eta-v3.1,False,D011,2026-08-14 19:27:06.878434,2026-08-14 20:59:24.936926,2026-08-14 20:06:13.979013,4,,,True,True,20.32,1.0,1.0,delivered_late,2026-08-14 20:59:24.936926,False,20.32,6.11,39.12,53.18,98.42,78.1,18.0,60.1,27.23,-6.92,15.77,2026-08-14,19,Friday,10-20 km
O00122,C0829,R010,D087,Bengaluru,2026-08-11 11:13:00,2026-08-11 12:28:36.000000,2026-08-11 11:38:44.232576,2026-08-11 12:29:52.348141,delivered,18.0,medium,clear,D087,D087,2026-08-11 11:13:32.406921,,2026-08-11 11:31:00,2026-08-11 12:34:32.924079,completed,eta-v3.2,False,D087,2026-08-11 11:13:32.406921,2026-08-11 12:29:52.348141,2026-08-11 11:38:44.232576,4,,,True,True,1.27,1.0,0.0,delivered_late,2026-08-11 12:29:52.348141,False,1.27,0.54,25.2,51.14,76.87,75.6,18.0,57.6,7.74,-6.46,5.95,2026-08-11,11,Tuesday,10-20 km
O00123,C0110,R017,D104,Bengaluru,2026-08-03 18:22:00,2026-08-03 19:31:39.126645,2026-08-03 18:42:42.220551,2026-08-03 19:24:39.852763,delivered,16.5,low,clear,D104,D104,2026-08-03 18:24:50.877021,,2026-08-03 18:40:00,2026-08-03 19:32:17.676463,completed,eta-v3.2,False,D104,2026-08-03 18:24:50.877021,2026-08-03 19:24:39.852763,2026-08-03 18:42:42.220551,4,,,True,True,-6.99,0.0,0.0,delivered_on_time,2026-08-03 19:24:39.852763,False,-6.99,2.85,17.86,41.96,62.66,69.65,18.0,51.65,2.7,-9.69,0.64,2026-08-03,18,Monday,10-20 km
O00124,C0471,R042,D053,Bengaluru,2026-08-13 17:43:00,2026-08-13 18:54:16.027741,2026-08-13 18:08:49.859896,2026-08-13 18:51:21.876941,delivered,15.94,medium,clear,D053,D053,2026-08-13 17:43:52.312693,,2026-08-13 18:01:00,2026-08-13 18:58:55.254043,completed,eta-v3.2,False,D053,2026-08-13 17:43:52.312693,2026-08-13 18:51:21.876941,2026-08-13 18:08:49.859896,3,,,True,True,-2.9,0.0,0.0,delivered_on_time,2026-08-13 18:51:21.876941,False,-2.9,0.87,24.96,42.53,68.36,71.27,18.0,53.27,7.83,-10.74,4.65,2026-08-13,17,Thursday,10-20 km
O00125,C0583,R004,D103,Bengaluru,2026-08-01 22:28:00,2026-08-01 23:43:36.000000,2026-08-01 22:57:54.141616,2026-08-01 23:45:02.539050,delivered,18.0,medium,clear,D046,D103,2026-08-01 22:28:00.137257,2026-08-01 22:33:52.909575,2026-08-01 22:46:00,2026-08-01 23:52:19.397381,completed,eta-v3.2,True,D046,2026-08-01 22:28:00.137257,2026-08-01 23:45:02.539050,2026-08-01 22:57:54.141616,2,CX-01;CX-03,,True,True,1.44,1.0,0.0,delivered_late,2026-08-01 23:45:02.539050,False,1.44,0.0,29.9,47.14,77.04,75.6,18.0,57.6,11.9,-10.46,8.72,2026-08-01,22,Saturday,10-20 km
O00126,C0834,R001,D104,Bengaluru,2026-08-03 20:35:00,2026-08-03 22:00:48.000000,2026-08-03 21:03:22.215700,2026-08-03 22:13:14.216068,delivered,18.0,high,heavy_rain,D104,D104,2026-08-03 20:35:34.635703,,2026-08-03 20:53:00,2026-08-03 22:22:48.000000,completed,eta-v3.2,False,D104,2026-08-03 20:35:34.635703,2026-08-03 22:13:14.216068,2026-08-03 21:03:22.215700,3,,,True,True,12.44,1.0,1.0,delivered_late,2026-08-03 22:13:14.216068,False,12.44,0.58,27.79,69.87,98.24,85.8,18.0,67.8,10.37,2.07,22.0,2026-08-03,20,Monday,10-20 km
O00127,C0758,R001,D047,Bengaluru,2026-08-03 17:15:00,2026-08-03 18:34:48.000000,2026-08-03 17:34:36.898065,,delivered,18.0,high,clear,D047,D047,2026-08-03 17:23:52.353629,,2026-08-03 17:33:00,2026-08-03 18:44:48.000000,completed,eta-v3.2,False,D047,2026-08-03 17:23:52.353629,2026-08-03 18:27:41.155050,2026-08-03 17:34:36.898065,4,TS-04,TS-04,True,False,,,,unknown_missing_timestamp,2026-08-03 18:27:41.155050,True,-7.11,8.87,10.74,,,79.8,18.0,61.8,1.61,,10.0,2026-08-03,17,Monday,10-20 km
O00128,C0704,R013,D010,Bengaluru,2026-08-20 13:20:00,2026-08-20 14:35:36.000000,2026-08-20 13:42:57.335430,2026-08-20 14:35:25.533191,delivered,18.0,medium,clear,D010,D010,2026-08-20 13:22:11.863262,,2026-08-20 13:38:00,2026-08-20 14:39:36.000000,completed,eta-v3.2,False,D010,2026-08-20 13:22:11.863262,2026-08-20 14:35:25.533191,2026-08-20 13:42:57.335430,3,,,True,True,-0.17,0.0,0.0,delivered_on_time,2026-08-20 14:35:25.533191,False,-0.17,2.2,20.76,52.47,75.43,75.6,18.0,57.6,4.96,-5.13,4.0,2026-08-20,13,Thursday,10-20 km
O00129,C0495,R042,D090,Bengaluru,2026-08-12 12:36:00,2026-08-12 13:47:39.322319,2026-08-12 12:49:35.438483,,cancelled,14.6,low,heavy_rain,D090,D090,2026-08-12 12:39:10.805397,,2026-08-12 12:54:00,2026-08-12 14:01:31.801901,cancelled,eta-v3.1,False,D090,2026-08-12 12:39:10.805397,,,0,,,False,False,,,,cancelled,,False,,3.18,10.41,,,71.66,18.0,53.66,-4.41,,13.87,2026-08-12,12,Wednesday,10-20 km
O00130,C0783,R053,D041,Bengaluru,2026-08-15 20:53:00,2026-08-15 22:02:30.024370,2026-08-15 21:15:07.369165,2026-08-15 21:59:47.592892,delivered,11.9,high,rain,D041,D041,2026-08-15 20:55:30.052520,,2026-08-15 21:11:00,2026-08-15 22:18:43.772263,completed,eta-v3.1,False,D041,2026-08-15 20:55:30.052520,2026-08-15 21:59:47.592892,2026-08-15 21:15:07.369165,5,,,True,True,-2.71,0.0,0.0,delivered_on_time,2026-08-15 21:59:47.592892,False,-2.71,2.5,19.62,44.67,66.79,69.5,18.0,51.5,4.12,-6.83,16.23,2026-08-15,20,Saturday,10-20 km
O00131,C0106,R055,D060,Bengaluru,2026-08-28 19:34:00,2026-08-28 20:52:48.000000,2026-08-28 19:57:44.311187,2026-08-28 21:07:19.033974,delivered,18.0,low,heavy_rain,D060,D060,2026-08-28 19:34:10.825317,,2026-08-28 19:52:00,2026-08-28 21:04:53.408284,completed,eta-v3.1,False,D060,2026-08-28 19:34:10.825317,2026-08-28 21:07:19.033974,2026-08-28 19:57:44.311187,4,,,True,True,14.52,1.0,1.0,delivered_late,2026-08-28 21:07:19.033974,False,14.52,0.18,23.56,69.58,93.32,78.8,18.0,60.8,5.74,8.78,12.09,2026-08-28,19,Friday,10-20 km
O00132,C0455,R003,D052,Bengaluru,2026-08-21 17:48:00,2026-08-21 19:06:06.000000,2026-08-21 18:25:18.336678,2026-08-21 19:19:26.978884,delivered,18.0,medium,rain,D052,D052,2026-08-21 17:48:36.784176,,2026-08-21 18:06:00,2026-08-21 19:18:51.131804,completed,eta-v3.1,False,D052,2026-08-21 17:48:36.784176,2026-08-21 19:19:26.978884,2026-08-21 18:25:18.336678,5,,,True,True,13.35,1.0,1.0,delivered_late,2026-08-21 19:19:26.978884,False,13.35,0.61,36.69,54.14,91.45,78.1,18.0,60.1,19.31,-5.96,12.75,2026-08-21,17,Friday,10-20 km
O00133,C0561,R033,D119,Bengaluru,2026-08-16 12:26:00,2026-08-16 13:51:24.000000,2026-08-16 12:42:56.533519,2026-08-16 13:47:43.845091,delivered,18.0,severe,clear,D119,D119,2026-08-16 12:29:16.834853,,2026-08-16 12:44:00,2026-08-16 14:09:24.000000,completed,eta-v3.2,False,D119,2026-08-16 12:29:16.834853,2026-08-16 13:47:43.845091,2026-08-16 12:42:56.533519,2,,,True,True,-3.67,0.0,0.0,delivered_on_time,2026-08-16 13:47:43.845091,False,-3.67,3.28,13.66,64.79,81.73,85.4,18.0,67.4,-1.06,-2.61,18.0,2026-08-16,12,Sunday,10-20 km
O00134,C0864,R023,D025,Bengaluru,2026-08-11 12:02:00,2026-08-11 13:21:48.000000,2026-08-11 12:32:24.166489,2026-08-11 13:26:44.478045,delivered,18.0,high,clear,D025,D025,2026-08-11 12:03:44.524207,,2026-08-11 12:20:00,2026-08-11 13:31:48.000000,completed,eta-v3.1,False,D025,2026-08-11 12:03:44.524207,2026-08-11 13:26:44.478045,2026-08-11 12:32:24.166489,3,,,True,True,4.94,1.0,0.0,delivered_late,2026-08-11 13:26:44.478045,False,4.94,1.74,28.66,54.34,84.74,79.8,18.0,61.8,12.4,-7.46,10.0,2026-08-11,12,Tuesday,10-20 km
O00135,C0834,R019,D036,Bengaluru,2026-08-26 17:11:00,2026-08-26 18:23:48.000000,2026-08-26 17:31:55.638508,2026-08-26 18:20:00.064441,delivered,18.0,low,clear,D036,D036,2026-08-26 17:14:57.577372,,2026-08-26 17:29:00,2026-08-26 18:24:59.314510,completed,eta-v3.1,False,D036,2026-08-26 17:14:57.577372,2026-08-26 18:20:00.064441,2026-08-26 17:31:55.638508,3,RG-03,,True,True,-3.8,0.0,0.0,delivered_on_time,2026-08-26 18:20:00.064441,False,-3.8,3.96,16.97,48.07,69.0,72.8,18.0,54.8,2.93,-6.73,1.19,2026-08-26,17,Wednesday,10-20 km
O00136,C0158,R058,D089,Bengaluru,2026-08-19 12:55:00,2026-08-19 14:10:36.000000,2026-08-19 13:17:26.396076,2026-08-19 14:06:44.476209,delivered,18.0,medium,clear,D089,D089,2026-08-19 12:55:04.061679,,2026-08-19 13:13:00,2026-08-19 14:14:45.414484,completed,eta-v3.2,False,D089,2026-08-19 12:55:04.061679,2026-08-19 14:06:44.476209,2026-08-19 13:17:26.396076,5,,,True,True,-3.86,0.0,0.0,delivered_on_time,2026-08-19 14:06:44.476209,False,-3.86,0.07,22.37,49.3,71.74,75.6,18.0,57.6,4.44,-8.3,4.16,2026-08-19,12,Wednesday,10-20 km
O00137,C0300,R059,D041,Bengaluru,2026-08-23 20:58:00,2026-08-23 22:05:46.644116,2026-08-23 21:27:56.773299,2026-08-23 22:13:57.518372,delivered,12.27,high,clear,D041,D041,2026-08-23 20:59:28.882061,,2026-08-23 21:16:00,2026-08-23 22:20:26.764442,completed,eta-v3.2,False,D041,2026-08-23 20:59:28.882061,2026-08-23 22:13:57.518372,2026-08-23 21:27:56.773299,5,,,True,True,8.18,1.0,0.0,delivered_late,2026-08-23 22:13:57.518372,False,8.18,1.48,28.46,46.01,75.96,67.78,18.0,49.78,11.95,-3.77,14.67,2026-08-23,20,Sunday,10-20 km
O00138,C0083,R042,D064,Bengaluru,2026-08-06 18:31:00,2026-08-06 19:46:36.000000,2026-08-06 18:59:16.807438,2026-08-06 19:44:41.606985,delivered,18.0,medium,clear,D064,D064,2026-08-06 18:34:58.299104,,2026-08-06 18:49:00,2026-08-06 19:51:59.438841,completed,eta-v3.1,False,D064,2026-08-06 18:34:58.299104,2026-08-06 19:44:41.606985,2026-08-06 18:59:16.807438,5,,,True,True,-1.91,0.0,0.0,delivered_on_time,2026-08-06 19:44:41.606985,False,-1.91,3.97,24.31,45.41,73.69,75.6,18.0,57.6,10.28,-12.19,5.39,2026-08-06,18,Thursday,10-20 km
O00139,C0013,R002,D040,Bengaluru,2026-08-19 11:48:00,2026-08-19 13:03:36.000000,2026-08-19 12:11:44.683358,2026-08-19 13:04:24.637458,delivered,18.0,medium,clear,D040,D040,2026-08-19 11:49:09.457729,,2026-08-19 12:06:00,2026-08-19 13:09:11.160831,completed,eta-v3.2,False,D040,2026-08-19 11:49:09.457729,2026-08-19 13:04:24.637458,2026-08-19 12:11:44.683358,2,CX-03,,True,True,0.81,1.0,0.0,delivered_late,2026-08-19 13:04:24.637458,False,0.81,1.16,22.59,52.67,76.41,75.6,18.0,57.6,5.74,-4.93,5.59,2026-08-19,11,Wednesday,10-20 km
O00140,C0099,R047,D003,Bengaluru,2026-08-18 20:23:00,2026-08-18 21:10:26.587697,2026-08-18 20:37:17.560186,2026-08-18 20:55:05.861193,delivered,4.59,medium,clear,D003,D003,2026-08-18 20:23:17.268185,,2026-08-18 20:41:00,2026-08-18 21:14:26.587697,completed,eta-v3.1,False,D003,2026-08-18 20:23:17.268185,2026-08-18 20:55:05.861193,2026-08-18 20:37:17.560186,2,CX-03,,True,True,-15.35,0.0,0.0,delivered_on_time,2026-08-18 20:55:05.861193,False,-15.35,0.29,14.0,17.81,32.1,47.44,18.0,29.44,-3.71,-11.63,4.0,2026-08-18,20,Tuesday,3-6 km
O00141,C0168,R031,D015,Bengaluru,2026-08-27 12:55:00,2026-08-27 14:16:04.794077,2026-08-27 13:19:30.920330,2026-08-27 14:17:35.745239,delivered,15.94,severe,clear,D015,D015,2026-08-27 13:04:35.578497,,2026-08-27 13:13:00,2026-08-27 14:34:04.794077,completed,eta-v3.2,False,D015,2026-08-27 13:04:35.578497,2026-08-27 14:17:35.745239,2026-08-27 13:19:30.920330,3,,,True,True,1.52,1.0,0.0,delivered_late,2026-08-27 14:17:35.745239,False,1.52,9.59,14.92,58.08,82.6,81.08,18.0,63.08,6.52,-5.0,18.0,2026-08-27,12,Thursday,10-20 km
O00142,C0056,R022,D036,Bengaluru,2026-08-19 17:17:00,2026-08-19 18:21:25.422231,2026-08-19 17:28:46.105943,2026-08-19 18:08:17.238707,delivered,12.68,medium,clear,D036,D036,2026-08-19 17:29:03.325921,,2026-08-19 17:35:00,2026-08-19 18:25:33.602338,completed,eta-v3.1,False,D036,2026-08-19 17:29:03.325921,2026-08-19 18:08:17.238707,2026-08-19 17:28:46.105943,5,TS-07;CX-03,,True,True,-13.14,0.0,0.0,delivered_on_time,2026-08-19 18:08:17.238707,False,-13.14,12.06,-0.29,39.52,51.29,64.42,18.0,46.42,-6.23,-6.9,4.14,2026-08-19,17,Wednesday,10-20 km
O00143,C0678,R013,D030,Bengaluru,2026-08-08 13:20:00,2026-08-08 14:39:48.000000,2026-08-08 13:46:37.538377,2026-08-08 14:37:32.053193,delivered,18.0,high,clear,D030,D030,2026-08-08 13:23:47.735317,,2026-08-08 13:38:00,2026-08-08 14:51:07.175905,completed,eta-v3.2,False,D030,2026-08-08 13:23:47.735317,2026-08-08 14:37:32.053193,2026-08-08 13:46:37.538377,2,,,True,True,-2.27,0.0,0.0,delivered_on_time,2026-08-08 14:37:32.053193,False,-2.27,3.8,22.83,50.91,77.53,79.8,18.0,61.8,8.63,-10.89,11.32,2026-08-08,13,Saturday,10-20 km
O00144,C0771,R034,D023,Bengaluru,2026-08-23 22:23:00,2026-08-23 23:28:49.161332,2026-08-23 22:55:25.996875,2026-08-23 23:35:57.157310,delivered,13.34,medium,clear,D023,D023,2026-08-23 22:28:57.105060,,2026-08-23 22:41:00,2026-08-23 23:32:49.161332,completed,eta-v3.2,False,D023,2026-08-23 22:28:57.105060,2026-08-23 23:35:57.157310,2026-08-23 22:55:25.996875,5,,,True,True,7.13,1.0,0.0,delivered_late,2026-08-23 23:35:57.157310,False,7.13,5.95,26.48,40.52,72.95,65.82,18.0,47.82,14.43,-7.3,4.0,2026-08-23,22,Sunday,10-20 km
O00145,C0377,R015,D035,Bengaluru,2026-08-11 18:08:00,2026-08-11 19:13:56.187318,2026-08-11 18:37:22.495775,2026-08-11 19:16:48.103141,delivered,13.4,medium,clear,D035,D035,2026-08-11 18:15:54.425659,,2026-08-11 18:26:00,2026-08-11 19:17:56.187318,completed,eta-v3.2,False,D035,2026-08-11 18:15:54.425659,2026-08-11 19:16:48.103141,2026-08-11 18:37:22.495775,3,RG-03,,True,True,2.87,1.0,0.0,delivered_late,2026-08-11 19:16:48.103141,False,2.87,7.91,21.47,39.43,68.8,65.94,18.0,47.94,11.37,-8.51,4.0,2026-08-11,18,Tuesday,10-20 km
O00146,C0031,R015,D046,Bengaluru,2026-08-07 23:58:00,2026-08-08 00:41:44.791949,2026-08-08 00:10:12.231564,2026-08-08 00:29:43.338196,delivered,4.17,low,clear,D046,D046,2026-08-07 23:58:44.409581,,2026-08-08 00:16:00,2026-08-08 00:41:44.791949,completed,eta-v3.2,False,D046,2026-08-07 23:58:44.409581,2026-08-08 00:29:43.338196,2026-08-08 00:10:12.231564,3,,,True,True,-12.02,0.0,0.0,delivered_on_time,2026-08-08 00:29:43.338196,False,-12.02,0.74,11.46,19.52,31.72,43.75,18.0,25.75,-5.8,-6.23,0.0,2026-08-07,23,Friday,3-6 km
O00147,C0572,R016,D025,Bengaluru,2026-08-25 14:41:00,2026-08-25 15:37:14.765344,2026-08-25 15:31:31.074721,2026-08-25 15:59:59.246273,delivered,10.12,low,clear,D045,D025,2026-08-25 14:41:26.819021,2026-08-25 14:49:10.004812,2026-08-25 14:59:00,2026-08-25 15:37:36.779500,completed,eta-v3.2,True,D045,2026-08-25 14:41:26.819021,2026-08-25 15:59:59.246273,2026-08-25 15:31:31.074721,5,CX-01;CX-03,,True,True,22.74,1.0,1.0,delivered_late,2026-08-25 15:59:59.246273,False,22.74,0.45,50.07,28.47,78.99,56.25,18.0,38.25,32.52,-9.78,0.37,2026-08-25,14,Tuesday,10-20 km
O00148,C0197,R025,D106,Bengaluru,2026-08-10 13:49:00,2026-08-10 15:11:18.000000,2026-08-10 14:16:35.150451,2026-08-10 15:11:50.036755,delivered,18.0,high,rain,D106,D106,2026-08-10 13:50:14.884360,,2026-08-10 14:07:00,2026-08-10 15:26:18.000000,completed,eta-v3.1,False,D106,2026-08-10 13:50:14.884360,2026-08-10 15:11:50.036755,2026-08-10 14:16:35.150451,3,,,True,True,0.53,1.0,0.0,delivered_late,2026-08-10 15:11:50.036755,False,0.53,1.25,26.34,55.25,82.83,82.3,18.0,64.3,9.59,-9.05,15.0,2026-08-10,13,Monday,10-20 km
O00149,C0825,R055,D078,Bengaluru,2026-08-22 18:13:00,2026-08-22 19:25:48.000000,2026-08-22 18:47:37.875668,2026-08-22 19:33:44.911350,delivered,18.0,low,clear,D078,D078,2026-08-22 18:14:28.521298,,2026-08-22 18:31:00,2026-08-22 19:27:09.809173,completed,eta-v3.1,False,D078,2026-08-22 18:14:28.521298,2026-08-22 19:33:44.911350,2026-08-22 18:47:37.875668,2,,,True,True,7.95,1.0,0.0,delivered_late,2026-08-22 19:33:44.911350,False,7.95,1.48,33.16,46.12,80.75,72.8,18.0,54.8,16.63,-8.68,1.36,2026-08-22,18,Saturday,10-20 km
O00150,C0747,R020,D043,Bengaluru,2026-08-24 19:49:00,2026-08-24 20:50:53.351582,2026-08-24 20:19:34.582382,2026-08-24 21:02:17.714042,delivered,6.8,severe,clear,D043,D043,2026-08-24 19:57:00.181495,,2026-08-24 20:07:00,2026-08-24 21:08:53.351582,completed,eta-v3.2,False,D043,2026-08-24 19:57:00.181495,2026-08-24 21:02:17.714042,2026-08-24 20:19:34.582382,2,,,True,True,11.41,1.0,1.0,delivered_late,2026-08-24 21:02:17.714042,False,11.41,8.0,22.57,42.72,73.3,61.89,18.0,43.89,12.58,-1.17,18.0,2026-08-24,19,Monday,6-10 km
O00151,C0641,R026,D104,Bengaluru,2026-08-08 18:07:00,2026-08-08 19:22:36.000000,2026-08-08 19:00:44.862820,2026-08-08 19:50:49.669847,delivered,18.0,medium,clear,D104,D104,2026-08-08 18:10:00.609659,,2026-08-08 18:25:00,2026-08-08 19:34:46.611441,completed,eta-v3.2,False,D104,2026-08-08 18:10:00.609659,2026-08-08 19:50:49.669847,2026-08-08 19:00:44.862820,3,,,True,True,28.23,1.0,1.0,delivered_late,2026-08-08 19:50:49.669847,False,28.23,3.01,50.74,50.08,103.83,75.6,18.0,57.6,35.75,-7.52,12.18,2026-08-08,18,Saturday,10-20 km
O00152,C0179,R010,D109,Bengaluru,2026-08-01 19:00:00,2026-08-01 19:57:13.357078,2026-08-01 19:41:35.702459,2026-08-01 20:10:58.760171,delivered,9.25,medium,clear,D109,D109,2026-08-01 19:04:41.972079,,2026-08-01 19:18:00,2026-08-01 20:08:57.474056,completed,eta-v3.2,False,D109,2026-08-01 19:04:41.972079,2026-08-01 20:10:58.760171,2026-08-01 19:41:35.702459,3,,,True,True,13.76,1.0,1.0,delivered_late,2026-08-01 20:10:58.760171,False,13.76,4.7,36.9,29.38,70.98,57.22,18.0,39.22,23.6,-9.84,11.74,2026-08-01,19,Saturday,6-10 km
O00153,C0274,R049,D009,Bengaluru,2026-08-07 23:09:00,2026-08-08 00:24:36.000000,2026-08-07 23:27:02.113360,2026-08-08 00:17:04.059853,delivered,18.0,medium,clear,D009,D009,2026-08-07 23:09:39.768756,,2026-08-07 23:27:00,2026-08-08 00:28:36.000000,completed,eta-v3.1,False,D009,2026-08-07 23:09:39.768756,2026-08-08 00:17:04.059853,2026-08-07 23:27:02.113360,2,,,True,True,-7.53,0.0,0.0,delivered_on_time,2026-08-08 00:17:04.059853,False,-7.53,0.66,17.37,50.03,68.07,75.6,18.0,57.6,0.04,-7.57,4.0,2026-08-07,23,Friday,10-20 km
O00154,C0795,R015,D115,Bengaluru,2026-08-20 19:19:00,2026-08-20 20:15:57.271706,2026-08-20 19:55:54.825409,,cancelled,7.12,high,clear,D115,D115,2026-08-20 19:20:29.664319,,2026-08-20 19:37:00,2026-08-20 20:25:57.271706,cancelled,eta-v3.2,False,D115,2026-08-20 19:20:29.664319,,,0,,,False,False,,,,cancelled,,False,,1.49,35.42,,,56.95,18.0,38.95,18.91,,10.0,2026-08-20,19,Thursday,6-10 km
O00155,C0521,R023,D072,Bengaluru,2026-08-17 18:52:00,2026-08-17 20:09:17.422343,2026-08-17 19:39:21.661056,2026-08-17 20:28:38.696717,delivered,16.8,high,clear,D105,D072,2026-08-17 18:53:01.215037,2026-08-17 18:58:01.531356,2026-08-17 19:10:00,2026-08-17 20:26:51.880000,completed,eta-v3.1,True,D105,2026-08-17 18:53:01.215037,2026-08-17 20:28:38.696717,2026-08-17 19:39:21.661056,2,CX-01;CX-03,,True,True,19.35,1.0,1.0,delivered_late,2026-08-17 20:28:38.696717,False,19.35,1.02,46.34,49.28,96.64,77.29,18.0,59.29,29.36,-10.01,17.57,2026-08-17,18,Monday,10-20 km
O00156,C0772,R017,D006,Bengaluru,2026-08-02 18:36:00,2026-08-02 19:31:00.930944,2026-08-02 18:56:34.642680,2026-08-02 19:25:53.583575,delivered,9.53,low,clear,D006,D006,2026-08-02 18:38:16.257244,,2026-08-02 18:54:00,2026-08-02 19:31:00.930944,completed,eta-v3.1,False,D006,2026-08-02 18:38:16.257244,2026-08-02 19:25:53.583575,2026-08-02 18:56:34.642680,2,,,True,True,-5.12,0.0,0.0,delivered_on_time,2026-08-02 19:25:53.583575,False,-5.12,2.27,18.31,29.32,49.89,55.02,18.0,37.02,2.58,-7.7,0.0,2026-08-02,18,Sunday,6-10 km
O00157,C0663,R045,D090,Bengaluru,2026-08-13 22:11:00,2026-08-13 23:38:54.000000,2026-08-13 22:26:56.657561,2026-08-13 23:38:51.565754,delivered,18.0,severe,rain,D090,D090,2026-08-13 22:11:49.251799,,2026-08-13 22:29:00,2026-08-14 00:01:54.000000,completed,eta-v3.2,False,D090,2026-08-13 22:11:49.251799,2026-08-13 23:38:51.565754,2026-08-13 22:26:56.657561,4,,,True,True,-0.04,0.0,0.0,delivered_on_time,2026-08-13 23:38:51.565754,False,-0.04,0.82,15.12,71.92,87.86,87.9,18.0,69.9,-2.06,2.02,23.0,2026-08-13,22,Thursday,10-20 km
O00158,C0119,R004,D009,Bengaluru,2026-08-02 13:51:00,2026-08-02 15:06:36.000000,2026-08-02 14:23:48.867978,2026-08-02 15:13:25.227823,delivered,18.0,medium,clear,D009,D009,2026-08-02 13:51:52.510646,,2026-08-02 14:09:00,2026-08-02 15:12:31.225128,completed,eta-v3.1,False,D009,2026-08-02 13:51:52.510646,2026-08-02 15:13:25.227823,2026-08-02 14:23:48.867978,2,,,True,True,6.82,1.0,0.0,delivered_late,2026-08-02 15:13:25.227823,False,6.82,0.88,31.94,49.61,82.42,75.6,18.0,57.6,14.81,-7.99,5.92,2026-08-02,13,Sunday,10-20 km
O00159,C0306,R039,D086,Bengaluru,2026-08-26 16:39:00,2026-08-26 17:45:00.464137,2026-08-26 16:59:36.844737,2026-08-26 17:43:17.011006,delivered,13.43,medium,clear,D086,D086,2026-08-26 16:41:09.058708,,2026-08-26 16:57:00,2026-08-26 17:49:39.897307,completed,eta-v3.1,False,D086,2026-08-26 16:41:09.058708,2026-08-26 17:43:17.011006,2026-08-26 16:59:36.844737,5,,,True,True,-1.72,0.0,0.0,delivered_on_time,2026-08-26 17:43:17.011006,False,-1.72,2.15,18.46,43.67,64.28,66.01,18.0,48.01,2.61,-4.34,4.66,2026-08-26,16,Wednesday,10-20 km
O00160,C0676,R005,D091,Bengaluru,2026-08-11 11:42:00,2026-08-11 12:57:36.000000,2026-08-11 12:04:02.500906,2026-08-11 12:59:42.792322,delivered,18.0,medium,clear,D091,D091,2026-08-11 11:42:06.972897,,2026-08-11 12:00:00,2026-08-11 13:01:36.000000,completed,eta-v3.1,False,D091,2026-08-11 11:42:06.972897,2026-08-11 12:59:42.792322,2026-08-11 12:04:02.500906,2,,,True,True,2.11,1.0,0.0,delivered_late,2026-08-11 12:59:42.792322,False,2.11,0.12,21.93,55.67,77.71,75.6,18.0,57.6,4.04,-1.93,4.0,2026-08-11,11,Tuesday,10-20 km
O00161,C0436,R031,D030,Bengaluru,2026-08-28 18:44:00,2026-08-28 20:03:08.425841,2026-08-28 19:17:06.730220,2026-08-28 20:09:18.343135,delivered,17.69,high,clear,D030,D030,2026-08-28 18:56:24.592115,,2026-08-28 19:02:00,2026-08-28 20:15:53.878514,completed,eta-v3.1,False,D030,2026-08-28 18:56:24.592115,2026-08-28 20:09:18.343135,2026-08-28 19:17:06.730220,3,,,True,True,6.17,1.0,0.0,delivered_late,2026-08-28 20:09:18.343135,False,6.17,12.41,20.7,52.19,85.31,79.14,18.0,61.14,15.11,-8.95,12.76,2026-08-28,18,Friday,10-20 km
O00162,C0348,R003,D001,Bengaluru,2026-08-26 17:53:00,2026-08-26 19:12:48.000000,2026-08-26 18:27:32.131791,2026-08-26 19:21:12.950887,delivered,18.0,high,clear,D001,D001,2026-08-26 17:53:25.977803,,2026-08-26 18:11:00,2026-08-26 19:23:46.580752,completed,eta-v3.1,False,D001,2026-08-26 17:53:25.977803,2026-08-26 19:21:12.950887,2026-08-26 18:27:32.131791,4,,,True,True,8.42,1.0,0.0,delivered_late,2026-08-26 19:21:12.950887,False,8.42,0.43,34.1,53.68,88.22,79.8,18.0,61.8,16.54,-8.12,10.98,2026-08-26,17,Wednesday,10-20 km
O00163,C0251,R041,D057,Bengaluru,2026-08-10 18:54:00,2026-08-10 19:33:54.189206,2026-08-10 19:15:54.739354,2026-08-10 19:29:29.287513,delivered,2.33,low,clear,D057,D057,2026-08-10 18:55:31.977393,,2026-08-10 19:12:00,2026-08-10 19:33:54.189206,completed,eta-v3.2,False,D057,2026-08-10 18:55:31.977393,2026-08-10 19:29:29.287513,2026-08-10 19:15:54.739354,3,,,True,True,-4.42,0.0,0.0,delivered_on_time,2026-08-10 19:29:29.287513,False,-4.42,1.53,20.38,13.58,35.49,39.9,18.0,21.9,3.91,-8.32,0.0,2026-08-10,18,Monday,0-3 km
O00164,C0258,R041,D114,Bengaluru,2026-08-10 15:11:00,2026-08-10 16:23:48.000000,2026-08-10 15:33:17.488760,2026-08-10 16:20:22.459871,delivered,18.0,low,clear,D114,D114,2026-08-10 15:14:18.726049,,2026-08-10 15:29:00,2026-08-10 16:23:48.000000,completed,eta-v3.1,False,D114,2026-08-10 15:14:18.726049,2026-08-10 16:20:22.459871,2026-08-10 15:33:17.488760,2,,,True,True,-3.43,0.0,0.0,delivered_on_time,2026-08-10 16:20:22.459871,False,-3.43,3.31,18.98,47.08,69.37,72.8,18.0,54.8,4.29,-7.72,0.0,2026-08-10,15,Monday,10-20 km
O00165,C0433,R047,D058,Bengaluru,2026-08-05 14:25:00,2026-08-05 15:08:29.281600,2026-08-05 14:53:45.473111,2026-08-05 15:09:05.679077,delivered,2.71,medium,clear,D009,D058,2026-08-05 14:26:51.935124,2026-08-05 14:30:14.990265,2026-08-05 14:43:00,2026-08-05 15:14:20.386846,completed,eta-v3.2,True,D009,2026-08-05 14:26:51.935124,2026-08-05 15:09:05.679077,2026-08-05 14:53:45.473111,2,CX-01;CX-03,,True,True,0.61,1.0,0.0,delivered_late,2026-08-05 15:09:05.679077,False,0.61,1.87,26.89,15.34,44.09,43.49,18.0,25.49,10.76,-10.15,5.85,2026-08-05,14,Wednesday,0-3 km
O00166,C0423,R032,D080,Bengaluru,2026-08-11 12:29:00,2026-08-11 13:44:18.000000,2026-08-11 12:50:16.683775,2026-08-11 13:39:02.394552,delivered,18.0,low,rain,D080,D080,2026-08-11 12:29:42.130756,,2026-08-11 12:47:00,2026-08-11 13:49:48.475513,completed,eta-v3.2,False,D080,2026-08-11 12:29:42.130756,2026-08-11 13:39:02.394552,2026-08-11 12:50:16.683775,3,,,True,True,-5.26,0.0,0.0,delivered_on_time,2026-08-11 13:39:02.394552,False,-5.26,0.7,20.58,48.76,70.04,75.3,18.0,57.3,3.28,-8.54,5.51,2026-08-11,12,Tuesday,10-20 km
O00167,C0764,R011,D038,Bengaluru,2026-08-20 19:15:00,2026-08-20 20:34:48.000000,2026-08-20 19:40:06.393514,2026-08-20 20:34:19.113734,delivered,18.0,high,clear,D038,D038,2026-08-20 19:15:38.675206,,2026-08-20 19:33:00,2026-08-20 20:45:02.697791,completed,eta-v3.1,False,D038,2026-08-20 19:15:38.675206,2026-08-20 20:34:19.113734,2026-08-20 19:40:06.393514,2,,,True,True,-0.48,0.0,0.0,delivered_on_time,2026-08-20 20:34:19.113734,False,-0.48,0.64,24.46,54.21,79.32,79.8,18.0,61.8,7.11,-7.59,10.24,2026-08-20,19,Thursday,10-20 km
O00168,C0577,R043,D090,Bengaluru,2026-08-12 18:50:00,2026-08-12 20:07:21.283439,2026-08-12 19:15:03.881383,2026-08-12 20:04:23.421514,delivered,17.65,medium,rain,D090,D090,2026-08-12 18:54:36.119249,,2026-08-12 19:08:00,2026-08-12 20:16:42.908794,completed,eta-v3.2,False,D090,2026-08-12 18:54:36.119249,2026-08-12 20:04:23.421514,2026-08-12 19:15:03.881383,5,,,True,True,-2.96,0.0,0.0,delivered_on_time,2026-08-12 20:04:23.421514,False,-2.96,4.6,20.46,49.33,74.39,77.35,18.0,59.35,7.06,-10.02,9.36,2026-08-12,18,Wednesday,10-20 km
O00169,C0389,R055,D064,Bengaluru,2026-08-22 15:34:00,2026-08-22 16:35:43.577965,2026-08-22 16:19:20.745210,2026-08-22 17:04:40.775814,delivered,8.2,high,rain,D064,D064,2026-08-22 15:38:53.145759,,2026-08-22 15:52:00,2026-08-22 17:02:41.391780,completed,eta-v3.1,False,D064,2026-08-22 15:38:53.145759,2026-08-22 17:04:40.775814,2026-08-22 16:19:20.745210,4,,,True,True,28.95,1.0,1.0,delivered_late,2026-08-22 17:04:40.775814,False,28.95,4.89,40.46,45.33,90.68,61.73,18.0,43.73,27.35,1.6,26.96,2026-08-22,15,Saturday,6-10 km
O00170,C0129,R015,D072,Bengaluru,2026-08-23 17:36:00,2026-08-23 18:46:40.410530,2026-08-23 18:07:56.927664,2026-08-23 18:51:18.866664,delivered,15.65,medium,clear,D072,D072,2026-08-23 17:42:05.390331,,2026-08-23 17:54:00,2026-08-23 18:51:02.876878,completed,eta-v3.2,False,D072,2026-08-23 17:42:05.390331,2026-08-23 18:51:18.866664,2026-08-23 18:07:56.927664,2,,,True,True,4.64,1.0,0.0,delivered_late,2026-08-23 18:51:18.866664,False,4.64,6.09,25.86,43.37,75.31,70.67,18.0,52.67,13.95,-9.3,4.37,2026-08-23,17,Sunday,10-20 km
O00171,C0197,R008,D103,Bengaluru,2026-08-17 18:21:00,2026-08-17 19:46:24.000000,2026-08-17 19:10:31.744691,2026-08-17 20:14:45.009468,delivered,18.0,severe,clear,D076,D103,2026-08-17 18:22:58.525097,2026-08-17 18:29:54.497561,2026-08-17 18:39:00,2026-08-17 20:12:47.185557,completed,eta-v3.1,True,D076,2026-08-17 18:22:58.525097,2026-08-17 20:14:45.009468,2026-08-17 19:10:31.744691,4,CX-01,,True,True,28.35,1.0,1.0,delivered_late,2026-08-17 20:14:45.009468,False,28.35,1.98,47.55,64.22,113.75,85.4,18.0,67.4,31.53,-3.18,26.39,2026-08-17,18,Monday,10-20 km
O00172,C0027,R012,D074,Bengaluru,2026-08-04 16:20:00,2026-08-04 17:25:24.396622,2026-08-04 16:46:21.529411,2026-08-04 17:23:20.738324,delivered,14.48,low,clear,D074,D074,2026-08-04 16:22:18.954561,,2026-08-04 16:38:00,2026-08-04 17:25:24.396622,completed,eta-v3.2,False,D074,2026-08-04 16:22:18.954561,2026-08-04 17:23:20.738324,2026-08-04 16:46:21.529411,3,CX-03,,True,True,-2.06,0.0,0.0,delivered_on_time,2026-08-04 17:23:20.738324,False,-2.06,2.32,24.04,36.99,63.35,65.41,18.0,47.41,8.36,-10.42,0.0,2026-08-04,16,Tuesday,10-20 km
O00173,C0316,R009,D098,Bengaluru,2026-08-06 20:44:00,2026-08-06 22:09:24.000000,2026-08-06 20:59:02.772135,,cancelled,18.0,severe,clear,D098,D098,2026-08-06 20:44:08.412864,,2026-08-06 21:02:00,2026-08-06 22:29:48.732822,cancelled,eta-v3.1,False,D098,2026-08-06 20:44:08.412864,,,0,,,False,False,,,,cancelled,,False,,0.14,14.91,,,85.4,18.0,67.4,-2.95,,20.41,2026-08-06,20,Thursday,10-20 km
O00174,C0797,R049,D056,Bengaluru,2026-08-21 18:59:00,2026-08-21 20:03:13.853211,2026-08-21 19:43:26.579106,2026-08-21 20:18:20.245322,delivered,12.59,medium,clear,D056,D056,2026-08-21 19:04:43.762336,,2026-08-21 19:17:00,2026-08-21 20:12:22.381413,completed,eta-v3.2,False,D056,2026-08-21 19:04:43.762336,2026-08-21 20:18:20.245322,2026-08-21 19:43:26.579106,4,,,True,True,15.11,1.0,1.0,delivered_late,2026-08-21 20:18:20.245322,False,15.11,5.73,38.71,34.89,79.34,64.23,18.0,46.23,26.44,-11.34,9.14,2026-08-21,18,Friday,10-20 km
O00175,C0062,R005,D069,Bengaluru,2026-08-24 11:24:00,2026-08-24 12:39:36.000000,2026-08-24 11:41:02.594801,2026-08-24 12:33:24.594820,delivered,18.0,medium,clear,D069,D069,2026-08-24 11:40:14.182700,,2026-08-24 11:42:00,2026-08-24 12:43:43.049714,completed,eta-v3.2,False,D069,2026-08-24 11:40:14.182700,2026-08-24 12:33:24.594820,2026-08-24 11:41:02.594801,3,,,True,True,-6.19,0.0,0.0,delivered_on_time,2026-08-24 12:33:24.594820,False,-6.19,16.24,0.81,52.37,69.41,75.6,18.0,57.6,-0.96,-5.23,4.12,2026-08-24,11,Monday,10-20 km
O00176,C0045,R004,D005,Bengaluru,2026-08-10 11:16:00,2026-08-10 12:21:34.354653,2026-08-10 11:47:24.681107,2026-08-10 12:34:38.828932,delivered,8.56,severe,clear,D005,D005,2026-08-10 11:16:26.937519,,2026-08-10 11:34:00,2026-08-10 12:39:34.354653,completed,eta-v3.1,False,D005,2026-08-10 11:16:26.937519,2026-08-10 12:34:38.828932,2026-08-10 11:47:24.681107,5,,,True,True,13.07,1.0,1.0,delivered_late,2026-08-10 12:34:38.828932,False,13.07,0.45,30.96,47.24,78.65,65.57,18.0,47.57,13.41,-0.33,18.0,2026-08-10,11,Monday,6-10 km
O00177,C0634,R023,D044,Bengaluru,2026-08-02 12:13:00,2026-08-02 13:09:59.404344,2026-08-02 12:36:41.288315,2026-08-02 13:06:28.125718,delivered,4.47,severe,clear,D044,D044,2026-08-02 12:14:53.378982,,2026-08-02 12:31:00,2026-08-02 13:27:59.404344,completed,eta-v3.1,False,D044,2026-08-02 12:14:53.378982,2026-08-02 13:06:28.125718,2026-08-02 12:36:41.288315,5,,,True,True,-3.52,0.0,0.0,delivered_on_time,2026-08-02 13:06:28.125718,False,-3.52,1.89,21.8,29.78,53.47,56.99,18.0,38.99,5.69,-9.21,18.0,2026-08-02,12,Sunday,3-6 km
O00178,C0642,R023,D120,Bengaluru,2026-08-20 18:06:00,2026-08-20 19:18:48.000000,2026-08-20 18:52:50.068068,2026-08-20 19:37:12.390120,delivered,18.0,low,clear,D120,D120,2026-08-20 18:13:59.311545,,2026-08-20 18:24:00,2026-08-20 19:18:48.000000,completed,eta-v3.2,False,D120,2026-08-20 18:13:59.311545,2026-08-20 19:37:12.390120,2026-08-20 18:52:50.068068,5,,,True,True,18.41,1.0,1.0,delivered_late,2026-08-20 19:37:12.390120,False,18.41,7.99,38.85,44.37,91.21,72.8,18.0,54.8,28.83,-10.43,0.0,2026-08-20,18,Thursday,10-20 km
O00179,C0076,R060,D021,Bengaluru,2026-08-15 15:53:00,2026-08-15 16:52:10.142586,2026-08-15 16:19:46.225712,2026-08-15 16:58:06.341578,delivered,10.18,medium,clear,D021,D021,2026-08-15 15:53:37.370349,,2026-08-15 16:11:00,2026-08-15 16:56:10.142586,completed,eta-v3.1,False,D021,2026-08-15 15:53:37.370349,2026-08-15 16:58:06.341578,2026-08-15 16:19:46.225712,5,,,True,True,5.94,1.0,0.0,delivered_late,2026-08-15 16:58:06.341578,False,5.94,0.62,26.15,38.34,65.11,59.17,18.0,41.17,8.77,-2.83,4.0,2026-08-15,15,Saturday,10-20 km
O00180,C0505,R041,D001,Bengaluru,2026-08-08 18:05:00,2026-08-08 19:23:06.000000,2026-08-08 18:43:23.314022,2026-08-08 19:37:52.194153,delivered,18.0,medium,rain,D001,D001,2026-08-08 18:05:08.439625,,2026-08-08 18:23:00,2026-08-08 19:38:29.929898,completed,eta-v3.2,False,D001,2026-08-08 18:05:08.439625,2026-08-08 19:37:52.194153,2026-08-08 18:43:23.314022,3,,,True,True,14.77,1.0,1.0,delivered_late,2026-08-08 19:37:52.194153,False,14.77,0.14,38.25,54.48,92.87,78.1,18.0,60.1,20.39,-5.62,15.4,2026-08-08,18,Saturday,10-20 km
O00181,C0107,R006,D096,Bengaluru,2026-08-14 12:43:00,2026-08-14 14:00:30.808398,2026-08-14 13:08:26.991712,2026-08-14 14:04:55.731344,delivered,16.05,medium,heavy_rain,D096,D096,2026-08-14 12:43:02.387048,,2026-08-14 13:01:00,2026-08-14 14:16:30.808398,completed,eta-v3.1,False,D096,2026-08-14 12:43:02.387048,2026-08-14 14:04:55.731344,2026-08-14 13:08:26.991712,5,,,True,True,4.42,1.0,0.0,delivered_late,2026-08-14 14:04:55.731344,False,4.42,0.04,25.41,56.48,81.93,77.51,18.0,59.51,7.45,-3.03,16.0,2026-08-14,12,Friday,10-20 km
O00182,C0441,R055,D083,Bengaluru,2026-08-23 19:33:00,2026-08-23 20:52:48.000000,2026-08-23 20:13:00.455578,2026-08-23 21:07:17.763162,delivered,18.0,high,clear,D083,D083,2026-08-23 19:34:46.464486,,2026-08-23 19:51:00,2026-08-23 21:09:14.342820,completed,eta-v3.1,False,D083,2026-08-23 19:34:46.464486,2026-08-23 21:07:17.763162,2026-08-23 20:13:00.455578,4,,,True,True,14.5,1.0,1.0,delivered_late,2026-08-23 21:07:17.763162,False,14.5,1.77,38.23,54.29,94.3,79.8,18.0,61.8,22.01,-7.51,16.44,2026-08-23,19,Sunday,10-20 km
O00183,C0028,R041,D018,Bengaluru,2026-08-16 11:17:00,2026-08-16 12:16:05.414444,2026-08-16 11:47:02.970571,2026-08-16 12:17:16.575773,delivered,10.14,medium,clear,D018,D018,2026-08-16 11:18:06.518902,,2026-08-16 11:35:00,2026-08-16 12:20:05.414444,completed,eta-v3.1,False,D018,2026-08-16 11:18:06.518902,2026-08-16 12:17:16.575773,2026-08-16 11:47:02.970571,4,,,True,True,1.19,1.0,0.0,delivered_late,2026-08-16 12:17:16.575773,False,1.19,1.11,28.94,30.23,60.28,59.09,18.0,41.09,12.05,-10.86,4.0,2026-08-16,11,Sunday,10-20 km
O00184,C0213,R058,D016,Bengaluru,2026-08-09 21:54:00,2026-08-09 23:13:48.000000,2026-08-09 22:15:21.472383,2026-08-09 23:11:22.059651,delivered,18.0,high,clear,D016,D016,2026-08-09 21:55:56.620795,,2026-08-09 22:12:00,2026-08-09 23:24:29.497243,completed,eta-v3.2,False,D016,2026-08-09 21:55:56.620795,2026-08-09 23:11:22.059651,2026-08-09 22:15:21.472383,2,,,True,True,-2.43,0.0,0.0,delivered_on_time,2026-08-09 23:11:22.059651,False,-2.43,1.94,19.41,56.01,77.37,79.8,18.0,61.8,3.36,-5.79,10.69,2026-08-09,21,Sunday,10-20 km
O00185,C0136,R012,D106,Bengaluru,2026-08-27 17:31:00,2026-08-27 18:53:18.000000,2026-08-27 17:46:55.450542,2026-08-27 18:45:35.259246,delivered,18.0,high,rain,D106,D106,2026-08-27 17:36:56.987167,,2026-08-27 17:49:00,2026-08-27 19:08:18.000000,completed,eta-v3.1,False,D106,2026-08-27 17:36:56.987167,2026-08-27 18:45:35.259246,2026-08-27 17:46:55.450542,2,CX-03,,True,True,-7.71,0.0,0.0,delivered_on_time,2026-08-27 18:45:35.259246,False,-7.71,5.95,9.97,58.66,74.59,82.3,18.0,64.3,-2.08,-5.64,15.0,2026-08-27,17,Thursday,10-20 km
O00186,C0099,R029,D010,Bengaluru,2026-08-07 21:15:00,2026-08-07 22:27:48.000000,2026-08-07 21:39:56.381458,2026-08-07 22:23:24.875304,delivered,18.0,low,clear,D010,D010,2026-08-07 21:15:11.057795,,2026-08-07 21:33:00,2026-08-07 22:27:48.000000,completed,eta-v3.1,False,D010,2026-08-07 21:15:11.057795,2026-08-07 22:23:24.875304,2026-08-07 21:39:56.381458,3,,,True,True,-4.39,0.0,0.0,delivered_on_time,2026-08-07 22:23:24.875304,False,-4.39,0.18,24.76,43.47,68.41,72.8,18.0,54.8,6.94,-11.33,0.0,2026-08-07,21,Friday,10-20 km
O00187,C0488,R009,D027,Bengaluru,2026-08-28 18:35:00,2026-08-28 19:50:36.000000,2026-08-28 18:48:13.151927,2026-08-28 19:33:07.522280,delivered,18.0,medium,clear,D027,D027,2026-08-28 18:37:38.528198,,2026-08-28 18:53:00,2026-08-28 19:55:00.208066,completed,eta-v3.1,False,D027,2026-08-28 18:37:38.528198,2026-08-28 19:33:07.522280,2026-08-28 18:48:13.151927,3,,,True,True,-17.47,0.0,0.0,delivered_on_time,2026-08-28 19:33:07.522280,False,-17.47,2.64,10.58,44.91,58.13,75.6,18.0,57.6,-4.78,-12.69,4.4,2026-08-28,18,Friday,10-20 km
O00188,C0303,R009,D102,Bengaluru,2026-08-09 19:32:00,2026-08-09 20:47:18.000000,2026-08-09 20:14:30.302194,2026-08-09 21:07:26.879602,delivered,18.0,low,rain,D033,D102,2026-08-09 19:32:35.094698,2026-08-09 19:38:50.599129,2026-08-09 19:50:00,2026-08-09 20:52:18.000000,completed,eta-v3.2,True,D033,2026-08-09 19:32:35.094698,2026-08-09 21:07:26.879602,2026-08-09 20:14:30.302194,4,CX-01;CX-03,,True,True,20.15,1.0,1.0,delivered_late,2026-08-09 21:07:26.879602,False,20.15,0.58,41.92,52.94,95.45,75.3,18.0,57.3,24.51,-4.36,5.0,2026-08-09,19,Sunday,10-20 km
O00189,C0150,R011,D001,Bengaluru,2026-08-15 16:33:00,2026-08-15 17:38:17.145241,2026-08-15 17:06:55.662026,2026-08-15 17:42:57.478082,delivered,11.09,high,clear,D001,D001,2026-08-15 16:36:59.082592,,2026-08-15 16:51:00,2026-08-15 17:56:51.522279,completed,eta-v3.2,False,D001,2026-08-15 16:36:59.082592,2026-08-15 17:42:57.478082,2026-08-15 17:06:55.662026,2,,,True,True,4.67,1.0,0.0,delivered_late,2026-08-15 17:42:57.478082,False,4.67,3.98,29.94,36.03,69.96,65.29,18.0,47.29,15.93,-11.26,18.57,2026-08-15,16,Saturday,10-20 km
O00190,C0859,R042,D017,Bengaluru,2026-08-09 19:55:00,2026-08-09 21:10:36.000000,2026-08-09 20:17:53.630198,2026-08-09 21:04:16.824909,delivered,18.0,medium,clear,D017,D017,2026-08-09 19:56:03.183303,,2026-08-09 20:13:00,2026-08-09 21:14:36.000000,completed,eta-v3.1,False,D017,2026-08-09 19:56:03.183303,2026-08-09 21:04:16.824909,2026-08-09 20:17:53.630198,5,,,True,True,-6.32,0.0,0.0,delivered_on_time,2026-08-09 21:04:16.824909,False,-6.32,1.05,21.84,46.39,69.28,75.6,18.0,57.6,4.89,-11.21,4.0,2026-08-09,19,Sunday,10-20 km
O00191,C0566,R004,D113,Bengaluru,2026-08-09 22:25:00,2026-08-09 23:06:45.216793,2026-08-09 22:43:11.060858,2026-08-09 22:57:38.025265,delivered,1.88,medium,clear,D113,D113,2026-08-09 22:28:54.341648,,2026-08-09 22:43:00,2026-08-09 23:11:34.802452,completed,eta-v3.2,False,D113,2026-08-09 22:28:54.341648,2026-08-09 22:57:38.025265,2026-08-09 22:43:11.060858,4,,,True,True,-9.12,0.0,0.0,delivered_on_time,2026-08-09 22:57:38.025265,False,-9.12,3.91,14.28,14.45,32.63,41.75,18.0,23.75,0.18,-9.3,4.83,2026-08-09,22,Sunday,0-3 km
O00192,C0100,R003,D035,Bengaluru,2026-08-06 16:30:00,2026-08-06 17:42:48.000000,2026-08-06 16:53:44.325684,2026-08-06 17:43:05.149196,delivered,18.0,low,clear,D035,D035,2026-08-06 16:30:35.695467,,2026-08-06 16:48:00,2026-08-06 17:42:48.000000,completed,eta-v3.1,False,D035,2026-08-06 16:30:35.695467,2026-08-06 17:43:05.149196,2026-08-06 16:53:44.325684,3,,,True,True,0.29,1.0,0.0,delivered_late,2026-08-06 17:43:05.149196,False,0.29,0.59,23.14,49.35,73.09,72.8,18.0,54.8,5.74,-5.45,0.0,2026-08-06,16,Thursday,10-20 km
O00193,C0309,R034,D015,Bengaluru,2026-08-11 17:37:00,2026-08-11 18:44:24.895731,2026-08-11 17:57:35.187769,2026-08-11 18:44:22.949084,delivered,12.91,medium,rain,D015,D015,2026-08-11 17:37:17.791003,,2026-08-11 17:55:00,2026-08-11 18:54:22.997206,completed,eta-v3.1,False,D015,2026-08-11 17:37:17.791003,2026-08-11 18:44:22.949084,2026-08-11 17:57:35.187769,5,,,True,True,-0.03,0.0,0.0,delivered_on_time,2026-08-11 18:44:22.949084,False,-0.03,0.3,20.29,46.8,67.38,67.41,18.0,49.41,2.59,-2.61,9.97,2026-08-11,17,Tuesday,10-20 km
O00194,C0771,R020,D018,Bengaluru,2026-08-11 17:36:00,2026-08-11 19:01:48.000000,2026-08-11 18:31:39.836812,2026-08-11 19:40:08.111510,delivered,18.0,high,heavy_rain,D018,D018,2026-08-11 17:37:11.757255,,2026-08-11 17:54:00,2026-08-11 19:35:28.802941,completed,eta-v3.2,False,D018,2026-08-11 17:37:11.757255,2026-08-11 19:40:08.111510,2026-08-11 18:31:39.836812,2,,,True,True,38.34,1.0,1.0,delivered_late,2026-08-11 19:40:08.111510,False,38.34,1.2,54.47,68.47,124.14,85.8,18.0,67.8,37.66,0.67,33.68,2026-08-11,17,Tuesday,10-20 km
O00195,C0248,R033,D089,Bengaluru,2026-08-25 13:48:00,2026-08-25 15:03:18.000000,2026-08-25 14:05:59.839412,2026-08-25 14:51:09.437606,delivered,18.0,low,rain,D089,D089,2026-08-25 13:49:24.189532,,2026-08-25 14:06:00,2026-08-25 15:10:07.882203,completed,eta-v3.2,False,D089,2026-08-25 13:49:24.189532,2026-08-25 14:51:09.437606,2026-08-25 14:05:59.839412,2,,,True,True,-12.14,0.0,0.0,delivered_on_time,2026-08-25 14:51:09.437606,False,-12.14,1.4,16.59,45.16,63.16,75.3,18.0,57.3,-0.0,-12.14,6.83,2026-08-25,13,Tuesday,10-20 km
O00196,C0604,R043,D017,Bengaluru,2026-08-01 21:48:00,2026-08-01 22:55:14.312387,2026-08-01 22:13:32.237101,2026-08-01 22:58:24.258591,delivered,12.02,high,clear,D017,D017,2026-08-01 21:50:50.595662,,2026-08-01 22:06:00,2026-08-01 23:05:14.312387,completed,eta-v3.1,False,D017,2026-08-01 21:50:50.595662,2026-08-01 22:58:24.258591,2026-08-01 22:13:32.237101,4,,,True,True,3.17,1.0,0.0,delivered_late,2026-08-01 22:58:24.258591,False,3.17,2.84,22.69,44.87,70.4,67.24,18.0,49.24,7.54,-4.37,10.0,2026-08-01,21,Saturday,10-20 km
O00197,C0020,R009,D062,Bengaluru,2026-08-24 18:33:00,2026-08-24 19:47:45.443018,2026-08-24 18:53:02.892832,2026-08-24 19:46:59.770377,delivered,16.41,medium,rain,D062,D062,2026-08-24 18:40:01.397551,,2026-08-24 18:51:00,2026-08-24 19:56:45.443018,completed,eta-v3.2,False,D062,2026-08-24 18:40:01.397551,2026-08-24 19:46:59.770377,2026-08-24 18:53:02.892832,3,CX-03,,True,True,-0.76,0.0,0.0,delivered_on_time,2026-08-24 19:46:59.770377,False,-0.76,7.02,13.02,53.95,74.0,74.76,18.0,56.76,2.05,-2.81,9.0,2026-08-24,18,Monday,10-20 km
O00198,C0657,R016,D100,Bengaluru,2026-08-19 18:07:00,2026-08-19 18:57:33.382886,2026-08-19 19:02:58.154574,2026-08-19 19:32:47.457048,delivered,6.07,medium,clear,D100,D100,2026-08-19 18:10:14.081413,,2026-08-19 18:25:00,2026-08-19 19:10:50.521428,completed,eta-v3.1,False,D100,2026-08-19 18:10:14.081413,2026-08-19 19:32:47.457048,2026-08-19 19:02:58.154574,2,,,True,True,35.23,1.0,1.0,delivered_late,2026-08-19 19:32:47.457048,False,35.23,3.23,52.73,29.82,85.79,50.56,18.0,32.56,37.97,-2.74,13.29,2026-08-19,18,Wednesday,6-10 km
O00199,C0657,R057,D109,Bengaluru,2026-08-15 17:35:00,2026-08-15 18:25:56.810917,2026-08-15 17:46:51.846009,,cancelled,6.26,medium,clear,D109,D109,2026-08-15 17:40:07.340626,,2026-08-15 17:53:00,2026-08-15 18:31:06.786196,cancelled,eta-v3.1,False,D109,2026-08-15 17:40:07.340626,,,0,,,False,False,,,,cancelled,,False,,5.12,6.74,,,50.95,18.0,32.95,-6.14,,5.17,2026-08-15,17,Saturday,6-10 km
O00200,C0099,R002,D079,Bengaluru,2026-08-22 18:39:00,2026-08-22 19:54:36.000000,2026-08-22 19:02:52.989888,2026-08-22 19:48:44.061281,delivered,18.0,medium,clear,D079,D079,2026-08-22 18:43:48.681791,,2026-08-22 18:57:00,2026-08-22 19:59:03.240098,completed,eta-v3.1,False,D079,2026-08-22 18:43:48.681791,2026-08-22 19:48:44.061281,2026-08-22 19:02:52.989888,3,,,True,True,-5.87,0.0,0.0,delivered_on_time,2026-08-22 19:48:44.061281,False,-5.87,4.81,19.07,45.85,69.73,75.6,18.0,57.6,5.88,-11.75,4.45,2026-08-22,18,Saturday,10-20 km
O00201,C0236,R044,D018,Bengaluru,2026-08-12 19:18:00,2026-08-12 20:30:48.000000,2026-08-12 19:36:31.160966,2026-08-12 20:26:04.092369,delivered,18.0,low,clear,D012,D018,2026-08-12 19:20:16.731085,2026-08-12 19:28:37.620704,2026-08-12 19:36:00,2026-08-12 20:30:48.000000,completed,eta-v3.2,True,D012,2026-08-12 19:20:16.731085,2026-08-12 20:26:04.092369,2026-08-12 19:36:31.160966,2,CX-01,,True,True,-4.73,0.0,0.0,delivered_on_time,2026-08-12 20:26:04.092369,False,-4.73,2.28,16.24,49.55,68.07,72.8,18.0,54.8,0.52,-5.25,0.0,2026-08-12,19,Wednesday,10-20 km
O00202,C0028,R002,D004,Bengaluru,2026-08-24 12:16:00,2026-08-24 13:35:48.000000,2026-08-24 12:41:50.019998,2026-08-24 13:37:33.955969,delivered,18.0,high,clear,D004,D004,2026-08-24 12:16:17.875381,,2026-08-24 12:34:00,2026-08-24 13:45:48.000000,completed,eta-v3.2,False,D004,2026-08-24 12:16:17.875381,2026-08-24 13:37:33.955969,2026-08-24 12:41:50.019998,4,,,True,True,1.77,1.0,0.0,delivered_late,2026-08-24 13:37:33.955969,False,1.77,0.3,25.54,55.73,81.57,79.8,18.0,61.8,7.83,-6.07,10.0,2026-08-24,12,Monday,10-20 km
O00203,C0030,R039,D052,Bengaluru,2026-08-01 21:42:00,2026-08-01 22:57:16.886898,2026-08-01 21:57:25.508600,2026-08-01 22:49:16.501866,delivered,15.85,high,clear,D052,D052,2026-08-01 21:43:13.684879,,2026-08-01 22:00:00,2026-08-01 23:07:37.921516,completed,eta-v3.2,False,D052,2026-08-01 21:43:13.684879,2026-08-01 22:49:16.501866,2026-08-01 21:57:25.508600,5,CX-03,,True,True,-8.01,0.0,0.0,delivered_on_time,2026-08-01 22:49:16.501866,False,-8.01,1.23,14.2,51.85,67.28,75.28,18.0,57.28,-2.57,-5.43,10.35,2026-08-01,21,Saturday,10-20 km
O00204,C0078,R005,D046,Bengaluru,2026-08-14 19:51:00,2026-08-14 21:03:48.000000,2026-08-14 20:25:54.560652,2026-08-14 21:17:33.766221,delivered,18.0,low,clear,D046,D046,2026-08-14 19:53:25.677925,,2026-08-14 20:09:00,2026-08-14 21:03:48.000000,completed,eta-v3.2,False,D046,2026-08-14 19:53:25.677925,2026-08-14 21:17:33.766221,2026-08-14 20:25:54.560652,5,CX-03,,True,True,13.76,1.0,1.0,delivered_late,2026-08-14 21:17:33.766221,False,13.76,2.43,32.48,51.65,86.56,72.8,18.0,54.8,16.91,-3.15,0.0,2026-08-14,19,Friday,10-20 km
O00205,C0708,R023,D088,Bengaluru,2026-08-27 20:57:00,2026-08-27 22:12:18.000000,2026-08-27 21:45:58.227850,2026-08-27 22:39:05.173478,delivered,18.0,low,rain,D088,D088,2026-08-27 20:57:32.475626,,2026-08-27 21:15:00,2026-08-27 22:22:48.191513,completed,eta-v3.1,False,D088,2026-08-27 20:57:32.475626,2026-08-27 22:39:05.173478,2026-08-27 21:45:58.227850,4,,,True,True,26.79,1.0,1.0,delivered_late,2026-08-27 22:39:05.173478,False,26.79,0.54,48.43,53.12,102.09,75.3,18.0,57.3,30.97,-4.18,10.5,2026-08-27,20,Thursday,10-20 km
O00206,C0691,R017,D109,Bengaluru,2026-08-24 15:22:00,2026-08-24 16:24:00.543725,2026-08-24 16:20:42.508840,,delivered,9.53,high,clear,D109,D109,2026-08-24 15:30:04.098237,,2026-08-24 15:40:00,2026-08-24 16:42:51.538209,completed,eta-v3.2,False,D109,2026-08-24 15:30:04.098237,2026-08-24 16:59:27.120052,2026-08-24 16:20:42.508840,3,TS-04,TS-04,True,False,,,,unknown_missing_timestamp,2026-08-24 16:59:27.120052,True,35.44,8.07,50.64,,,62.01,18.0,44.01,40.71,,18.85,2026-08-24,15,Monday,6-10 km
O00207,C0470,R060,D009,Bengaluru,2026-08-09 11:14:00,2026-08-09 12:01:09.434287,2026-08-09 11:50:44.010529,2026-08-09 12:12:32.100911,delivered,4.46,high,clear,D009,D009,2026-08-09 11:15:13.652689,,2026-08-09 11:32:00,2026-08-09 12:06:12.088342,completed,eta-v3.2,False,D009,2026-08-09 11:15:13.652689,2026-08-09 12:12:32.100911,2026-08-09 11:50:44.010529,5,,,True,True,11.38,1.0,1.0,delivered_late,2026-08-09 12:12:32.100911,False,11.38,1.23,35.51,21.8,58.54,47.16,18.0,29.16,18.73,-7.36,5.04,2026-08-09,11,Sunday,3-6 km
O00208,C0066,R051,D103,Bengaluru,2026-08-27 12:38:00,2026-08-27 14:03:24.000000,2026-08-27 13:10:47.635198,2026-08-27 14:19:47.904938,delivered,18.0,high,clear,D103,D103,2026-08-27 12:38:03.439131,,2026-08-27 12:56:00,2026-08-27 14:21:24.000000,completed,eta-v3.1,False,D103,2026-08-27 12:38:03.439131,2026-08-27 14:19:47.904938,2026-08-27 13:10:47.635198,5,,,True,True,16.4,1.0,1.0,delivered_late,2026-08-27 14:19:47.904938,False,16.4,0.06,32.74,69.0,101.8,85.4,18.0,67.4,14.79,1.6,18.0,2026-08-27,12,Thursday,10-20 km
O00209,C0711,R034,D067,Bengaluru,2026-08-15 12:48:00,2026-08-15 13:45:50.420206,2026-08-15 13:14:51.234060,2026-08-15 13:54:31.073405,delivered,7.54,high,clear,D067,D067,2026-08-15 12:49:28.128977,,2026-08-15 13:06:00,2026-08-15 13:55:50.420206,completed,eta-v3.1,False,D067,2026-08-15 12:49:28.128977,2026-08-15 13:54:31.073405,2026-08-15 13:14:51.234060,3,,,True,True,8.68,1.0,0.0,delivered_late,2026-08-15 13:54:31.073405,False,8.68,1.47,25.39,39.66,66.52,57.84,18.0,39.84,8.85,-0.18,10.0,2026-08-15,12,Saturday,6-10 km
O00210,C0457,R022,D113,Bengaluru,2026-08-14 12:39:00,2026-08-14 13:50:10.282018,2026-08-14 13:14:16.633243,2026-08-14 13:56:28.663330,delivered,17.22,low,clear,D113,D113,2026-08-14 12:44:17.795919,,2026-08-14 12:57:00,2026-08-14 13:50:10.282018,completed,eta-v3.2,False,D113,2026-08-14 12:44:17.795919,2026-08-14 13:56:28.663330,2026-08-14 13:14:16.633243,2,,,True,True,6.31,1.0,0.0,delivered_late,2026-08-14 13:56:28.663330,False,6.31,5.3,29.98,42.2,77.48,71.17,18.0,53.17,17.28,-10.97,0.0,2026-08-14,12,Friday,10-20 km
O00211,C0629,R016,D051,Bengaluru,2026-08-22 19:32:00,2026-08-22 20:24:31.293362,2026-08-22 20:30:58.587689,2026-08-22 20:56:54.054420,delivered,8.34,low,clear,D051,D051,2026-08-22 19:43:03.884250,,2026-08-22 19:50:00,2026-08-22 20:25:29.700506,completed,eta-v3.1,False,D051,2026-08-22 19:43:03.884250,2026-08-22 20:56:54.054420,2026-08-22 20:30:58.587689,3,,,True,True,32.38,1.0,1.0,delivered_late,2026-08-22 20:56:54.054420,False,32.38,11.06,47.91,25.92,84.9,52.52,18.0,34.52,40.98,-8.6,0.97,2026-08-22,19,Saturday,6-10 km
O00212,C0773,R037,D064,Bengaluru,2026-08-20 19:20:00,2026-08-20 20:08:44.328921,2026-08-20 19:47:06.305371,2026-08-20 20:07:31.126142,delivered,5.21,medium,clear,D064,D064,2026-08-20 19:21:40.380432,,2026-08-20 19:38:00,2026-08-20 20:12:44.328921,completed,eta-v3.2,False,D064,2026-08-20 19:21:40.380432,2026-08-20 20:07:31.126142,2026-08-20 19:47:06.305371,3,,,True,True,-1.22,0.0,0.0,delivered_on_time,2026-08-20 20:07:31.126142,False,-1.22,1.67,25.43,20.41,47.52,48.74,18.0,30.74,9.11,-10.33,4.0,2026-08-20,19,Thursday,3-6 km
O00213,C0832,R058,D083,Bengaluru,2026-08-17 16:44:00,2026-08-17 17:23:01.795000,2026-08-17 17:04:50.610309,2026-08-17 17:17:26.305252,delivered,0.59,medium,clear,D083,D083,2026-08-17 16:45:19.425652,,2026-08-17 17:02:00,2026-08-17 17:27:01.795000,completed,eta-v3.2,False,D083,2026-08-17 16:45:19.425652,2026-08-17 17:17:26.305252,2026-08-17 17:04:50.610309,3,,,True,True,-5.59,0.0,0.0,delivered_on_time,2026-08-17 17:17:26.305252,False,-5.59,1.32,19.52,12.59,33.44,39.03,18.0,21.03,2.84,-8.44,4.0,2026-08-17,16,Monday,0-3 km
O00214,C0687,R052,D003,Bengaluru,2026-08-17 18:40:00,2026-08-17 19:55:36.000000,2026-08-17 19:14:32.141352,2026-08-17 20:04:36.555241,delivered,18.0,medium,clear,D003,D003,2026-08-17 18:58:58.012581,,2026-08-17 18:58:00,2026-08-17 20:01:38.588677,completed,eta-v3.2,False,D003,2026-08-17 18:58:58.012581,2026-08-17 20:04:36.555241,2026-08-17 19:14:32.141352,5,,,True,True,9.01,1.0,0.0,delivered_late,2026-08-17 20:04:36.555241,False,9.01,18.97,15.57,50.07,84.61,75.6,18.0,57.6,16.54,-7.53,6.04,2026-08-17,18,Monday,10-20 km
O00215,C0646,R030,D117,Bengaluru,2026-08-07 15:50:00,2026-08-07 17:02:48.000000,2026-08-07 16:13:00.435235,2026-08-07 16:55:34.879004,delivered,18.0,low,clear,D117,D117,2026-08-07 15:51:48.221822,,2026-08-07 16:08:00,2026-08-07 17:04:43.771778,completed,eta-v3.1,False,D117,2026-08-07 15:51:48.221822,2026-08-07 16:55:34.879004,2026-08-07 16:13:00.435235,5,,,True,True,-7.22,0.0,0.0,delivered_on_time,2026-08-07 16:55:34.879004,False,-7.22,1.8,21.2,42.57,65.58,72.8,18.0,54.8,5.01,-12.23,1.93,2026-08-07,15,Friday,10-20 km
O00216,C0148,R009,D033,Bengaluru,2026-08-18 17:32:00,2026-08-18 18:54:18.000000,2026-08-18 17:47:02.127090,2026-08-18 18:46:38.289296,delivered,18.0,high,rain,D033,D033,2026-08-18 17:35:30.157438,,2026-08-18 17:50:00,2026-08-18 19:09:38.795998,completed,eta-v3.2,False,D033,2026-08-18 17:35:30.157438,2026-08-18 18:46:38.289296,2026-08-18 17:47:02.127090,2,,,True,True,-7.66,0.0,0.0,delivered_on_time,2026-08-18 18:46:38.289296,False,-7.66,3.5,11.53,59.6,74.64,82.3,18.0,64.3,-2.96,-4.7,15.35,2026-08-18,17,Tuesday,10-20 km
O00217,C0210,R039,D089,Bengaluru,2026-08-20 21:55:00,2026-08-20 23:17:18.000000,2026-08-20 22:26:51.296982,2026-08-20 23:30:50.343756,delivered,18.0,high,rain,D089,D089,2026-08-20 21:59:54.058832,,2026-08-20 22:13:00,2026-08-20 23:32:18.000000,completed,eta-v3.1,False,D089,2026-08-20 21:59:54.058832,2026-08-20 23:30:50.343756,2026-08-20 22:26:51.296982,3,,,True,True,13.54,1.0,1.0,delivered_late,2026-08-20 23:30:50.343756,False,13.54,4.9,26.95,63.98,95.84,82.3,18.0,64.3,13.85,-0.32,15.0,2026-08-20,21,Thursday,10-20 km
O00218,C0792,R058,D071,Bengaluru,2026-08-06 23:47:00,2026-08-07 00:53:07.226252,2026-08-07 00:18:46.205586,2026-08-07 01:03:24.532067,delivered,13.49,medium,clear,D071,D071,2026-08-06 23:47:43.382092,,2026-08-07 00:05:00,2026-08-07 01:00:27.486769,completed,eta-v3.2,False,D071,2026-08-06 23:47:43.382092,2026-08-07 01:03:24.532067,2026-08-07 00:18:46.205586,3,,,True,True,10.29,1.0,1.0,delivered_late,2026-08-07 01:03:24.532067,False,10.29,0.72,31.05,44.64,76.41,66.12,18.0,48.12,13.77,-3.48,7.34,2026-08-06,23,Thursday,10-20 km
O00219,C0139,R011,D031,Bengaluru,2026-08-25 22:39:00,2026-08-25 23:37:20.159468,2026-08-25 23:07:07.403085,2026-08-25 23:42:42.522840,delivered,7.78,high,clear,D031,D031,2026-08-25 22:39:28.173583,,2026-08-25 22:57:00,2026-08-25 23:51:25.409355,completed,eta-v3.1,False,D031,2026-08-25 22:39:28.173583,2026-08-25 23:42:42.522840,2026-08-25 23:07:07.403085,3,,,True,True,5.37,1.0,0.0,delivered_late,2026-08-25 23:42:42.522840,False,5.37,0.47,27.65,35.59,63.71,58.34,18.0,40.34,10.12,-4.75,14.09,2026-08-25,22,Tuesday,6-10 km
O00220,C0242,R037,D054,Bengaluru,2026-08-08 21:42:00,2026-08-08 22:49:58.216241,2026-08-08 21:56:57.150068,2026-08-08 22:39:22.717471,delivered,14.37,medium,clear,D054,D054,2026-08-08 21:42:12.330683,,2026-08-08 22:00:00,2026-08-08 22:54:17.044861,completed,eta-v3.1,False,D054,2026-08-08 21:42:12.330683,2026-08-08 22:39:22.717471,2026-08-08 21:56:57.150068,4,,,True,True,-10.59,0.0,0.0,delivered_on_time,2026-08-08 22:39:22.717471,False,-10.59,0.21,14.75,42.43,57.38,67.97,18.0,49.97,-3.05,-7.54,4.31,2026-08-08,21,Saturday,10-20 km
O00221,C0734,R003,D073,Bengaluru,2026-08-02 19:20:00,2026-08-02 20:38:06.000000,2026-08-02 19:52:07.413338,,cancelled,18.0,medium,rain,D073,D073,2026-08-02 19:23:33.252342,,2026-08-02 19:38:00,2026-08-02 20:54:53.417397,cancelled,eta-v3.2,False,D073,2026-08-02 19:23:33.252342,,,0,,,False,False,,,,cancelled,,False,,3.55,28.57,,,78.1,18.0,60.1,14.12,,16.79,2026-08-02,19,Sunday,10-20 km
O00222,C0118,R017,D095,Bengaluru,2026-08-17 20:28:00,2026-08-17 21:27:39.749518,2026-08-17 20:53:03.318779,2026-08-17 21:23:40.777654,delivered,10.41,medium,clear,D095,D095,2026-08-17 20:31:19.705858,,2026-08-17 20:46:00,2026-08-17 21:34:12.374060,completed,eta-v3.1,False,D095,2026-08-17 20:31:19.705858,2026-08-17 21:23:40.777654,2026-08-17 20:53:03.318779,3,,,True,True,-3.98,0.0,0.0,delivered_on_time,2026-08-17 21:23:40.777654,False,-3.98,3.33,21.73,30.62,55.68,59.66,18.0,41.66,7.06,-11.04,6.54,2026-08-17,20,Monday,10-20 km
O00223,C0009,R048,D061,Bengaluru,2026-08-14 21:13:00,2026-08-14 22:15:36.432168,2026-08-14 21:43:01.908501,2026-08-14 22:15:48.757674,delivered,11.81,medium,clear,D061,D061,2026-08-14 21:15:11.816907,,2026-08-14 21:31:00,2026-08-14 22:20:33.911114,completed,eta-v3.1,False,D061,2026-08-14 21:15:11.816907,2026-08-14 22:15:48.757674,2026-08-14 21:43:01.908501,4,CX-03,,True,True,0.21,1.0,0.0,delivered_late,2026-08-14 22:15:48.757674,False,0.21,2.2,27.83,32.78,62.81,62.61,18.0,44.61,12.03,-11.83,4.96,2026-08-14,21,Friday,10-20 km
O00224,C0843,R003,D047,Bengaluru,2026-08-03 18:14:00,2026-08-03 19:39:24.000000,2026-08-03 18:27:41.400103,2026-08-03 19:33:55.006553,delivered,18.0,severe,clear,D047,D047,2026-08-03 18:22:28.816836,,2026-08-03 18:32:00,2026-08-03 19:57:24.000000,completed,eta-v3.1,False,D047,2026-08-03 18:22:28.816836,2026-08-03 19:33:55.006553,2026-08-03 18:27:41.400103,2,,,True,True,-5.48,0.0,0.0,delivered_on_time,2026-08-03 19:33:55.006553,False,-5.48,8.48,5.21,66.23,79.92,85.4,18.0,67.4,-4.31,-1.17,18.0,2026-08-03,18,Monday,10-20 km
O00225,C0659,R030,D026,Bengaluru,2026-08-23 21:22:00,2026-08-23 22:41:56.858166,2026-08-23 21:34:40.586784,2026-08-23 22:37:54.569290,delivered,15.4,severe,clear,D026,D026,2026-08-23 21:26:56.441822,,2026-08-23 21:40:00,2026-08-23 22:59:56.858166,completed,eta-v3.2,False,D026,2026-08-23 21:26:56.441822,2026-08-23 22:37:54.569290,2026-08-23 21:34:40.586784,2,,,True,True,-4.04,0.0,0.0,delivered_on_time,2026-08-23 22:37:54.569290,False,-4.04,4.94,7.74,63.23,75.91,79.95,18.0,61.95,-5.32,1.28,18.0,2026-08-23,21,Sunday,10-20 km
O00226,C0147,R005,D007,Bengaluru,2026-08-05 20:50:00,2026-08-05 21:59:52.178916,2026-08-05 21:12:48.675379,2026-08-05 21:55:44.667731,delivered,13.27,high,clear,D007,D007,2026-08-05 21:02:11.682709,,2026-08-05 21:08:00,2026-08-05 22:09:52.178916,completed,eta-v3.2,False,D007,2026-08-05 21:02:11.682709,2026-08-05 21:55:44.667731,2026-08-05 21:12:48.675379,2,CX-03,,True,True,-4.13,0.0,0.0,delivered_on_time,2026-08-05 21:55:44.667731,False,-4.13,12.19,10.62,42.93,65.74,69.87,18.0,51.87,4.81,-8.94,10.0,2026-08-05,20,Wednesday,10-20 km
O00227,C0765,R014,D092,Bengaluru,2026-08-04 11:36:00,2026-08-04 12:51:36.000000,2026-08-04 11:56:24.808083,2026-08-04 12:39:49.635946,delivered,18.0,medium,clear,D092,D092,2026-08-04 11:36:37.095514,,2026-08-04 11:54:00,2026-08-04 12:55:36.000000,completed,eta-v3.2,False,D092,2026-08-04 11:36:37.095514,2026-08-04 12:39:49.635946,2026-08-04 11:56:24.808083,3,,,True,True,-11.77,0.0,0.0,delivered_on_time,2026-08-04 12:39:49.635946,False,-11.77,0.62,19.8,43.41,63.83,75.6,18.0,57.6,2.41,-14.19,4.0,2026-08-04,11,Tuesday,10-20 km
O00228,C0863,R034,D038,Bengaluru,2026-08-07 12:42:00,2026-08-07 14:04:18.000000,2026-08-07 12:54:25.997721,2026-08-07 13:54:30.909888,delivered,18.0,high,rain,D038,D038,2026-08-07 12:49:31.063737,,2026-08-07 13:00:00,2026-08-07 14:19:18.000000,completed,eta-v3.2,False,D038,2026-08-07 12:49:31.063737,2026-08-07 13:54:30.909888,2026-08-07 12:54:25.997721,4,,,True,True,-9.78,0.0,0.0,delivered_on_time,2026-08-07 13:54:30.909888,False,-9.78,7.52,4.92,60.08,72.52,82.3,18.0,64.3,-5.57,-4.22,15.0,2026-08-07,12,Friday,10-20 km
O00229,C0534,R014,D074,Bengaluru,2026-08-05 19:15:00,2026-08-05 20:01:09.875300,2026-08-05 19:34:58.114221,2026-08-05 19:59:59.576166,delivered,5.32,low,clear,D074,D074,2026-08-05 19:18:39.405393,,2026-08-05 19:33:00,2026-08-05 20:01:26.437871,completed,eta-v3.1,False,D074,2026-08-05 19:18:39.405393,2026-08-05 19:59:59.576166,2026-08-05 19:34:58.114221,4,,,True,True,-1.17,0.0,0.0,delivered_on_time,2026-08-05 19:59:59.576166,False,-1.17,3.66,16.31,25.02,44.99,46.16,18.0,28.16,1.97,-3.14,0.28,2026-08-05,19,Wednesday,3-6 km
O00230,C0109,R021,D099,Bengaluru,2026-08-26 14:47:00,2026-08-26 16:06:48.000000,2026-08-26 15:20:35.724645,2026-08-26 16:14:46.113824,delivered,18.0,high,clear,D099,D099,2026-08-26 14:50:03.045243,,2026-08-26 15:05:00,2026-08-26 16:16:48.000000,completed,eta-v3.2,False,D099,2026-08-26 14:50:03.045243,2026-08-26 16:14:46.113824,2026-08-26 15:20:35.724645,2,,,True,True,7.97,1.0,0.0,delivered_late,2026-08-26 16:14:46.113824,False,7.97,3.05,30.54,54.17,87.77,79.8,18.0,61.8,15.6,-7.63,10.0,2026-08-26,14,Wednesday,10-20 km
O00231,C0761,R049,D028,Bengaluru,2026-08-27 15:52:00,2026-08-27 17:04:48.000000,2026-08-27 16:14:21.027804,2026-08-27 16:57:15.411001,delivered,18.0,low,clear,D066,D028,2026-08-27 15:52:37.280471,2026-08-27 15:59:02.563599,2026-08-27 16:10:00,2026-08-27 17:04:48.000000,completed,eta-v3.2,True,D066,2026-08-27 15:52:37.280471,2026-08-27 16:57:15.411001,2026-08-27 16:14:21.027804,3,CX-01;CX-03,,True,True,-7.54,0.0,0.0,delivered_on_time,2026-08-27 16:57:15.411001,False,-7.54,0.62,21.73,42.91,65.26,72.8,18.0,54.8,4.35,-11.89,0.0,2026-08-27,15,Thursday,10-20 km
O00232,C0384,R041,D095,Bengaluru,2026-08-18 18:49:00,2026-08-18 19:49:17.705707,2026-08-18 19:15:24.960281,2026-08-18 19:46:40.076059,delivered,12.05,low,clear,D095,D095,2026-08-18 18:52:09.931479,,2026-08-18 19:07:00,2026-08-18 19:49:38.112814,completed,eta-v3.1,False,D095,2026-08-18 18:52:09.931479,2026-08-18 19:46:40.076059,2026-08-18 19:15:24.960281,2,,,True,True,-2.63,0.0,0.0,delivered_on_time,2026-08-18 19:46:40.076059,False,-2.63,3.17,23.25,31.25,57.67,60.3,18.0,42.3,8.42,-11.05,0.34,2026-08-18,18,Tuesday,10-20 km
O00233,C0605,R016,D029,Bengaluru,2026-08-26 23:43:00,2026-08-27 00:55:48.000000,2026-08-27 00:09:45.356652,2026-08-27 00:53:51.846104,delivered,18.0,low,clear,D029,D029,2026-08-26 23:45:43.198405,,2026-08-27 00:01:00,2026-08-27 00:55:59.896073,completed,eta-v3.2,False,D029,2026-08-26 23:45:43.198405,2026-08-27 00:53:51.846104,2026-08-27 00:09:45.356652,2,,,True,True,-1.94,0.0,0.0,delivered_on_time,2026-08-27 00:53:51.846104,False,-1.94,2.72,24.04,44.11,70.86,72.8,18.0,54.8,8.76,-10.69,0.2,2026-08-26,23,Wednesday,10-20 km
O00234,C0669,R028,D116,Bengaluru,2026-08-03 15:14:00,2026-08-03 16:26:48.000000,2026-08-03 15:34:32.833871,2026-08-03 16:22:45.539351,delivered,18.0,low,clear,D084,D116,2026-08-03 15:15:13.802362,2026-08-03 15:19:29.912228,2026-08-03 15:32:00,2026-08-03 16:26:48.000000,completed,eta-v3.2,True,D084,2026-08-03 15:15:13.802362,2026-08-03 16:22:45.539351,2026-08-03 15:34:32.833871,4,CX-01;CX-03,,True,True,-4.04,0.0,0.0,delivered_on_time,2026-08-03 16:22:45.539351,False,-4.04,1.23,19.32,48.21,68.76,72.8,18.0,54.8,2.55,-6.59,0.0,2026-08-03,15,Monday,10-20 km
O00235,C0200,R030,D029,Bengaluru,2026-08-19 19:53:00,2026-08-19 20:49:41.074319,2026-08-19 20:32:35.796300,2026-08-19 20:58:07.392789,delivered,10.33,low,clear,D029,D029,2026-08-19 19:53:17.650658,,2026-08-19 20:11:00,2026-08-19 20:51:36.512183,completed,eta-v3.2,False,D029,2026-08-19 19:53:17.650658,2026-08-19 20:58:07.392789,2026-08-19 20:32:35.796300,2,,,True,True,8.44,1.0,0.0,delivered_late,2026-08-19 20:58:07.392789,False,8.44,0.29,39.3,25.53,65.12,56.68,18.0,38.68,21.6,-13.15,1.92,2026-08-19,19,Wednesday,10-20 km
O00236,C0499,R041,D073,Bengaluru,2026-08-06 14:32:00,2026-08-06 15:44:20.976175,2026-08-06 14:57:23.989880,2026-08-06 15:43:15.337316,delivered,14.45,high,clear,D073,D073,2026-08-06 14:35:28.845840,,2026-08-06 14:50:00,2026-08-06 15:55:08.153402,completed,eta-v3.2,False,D073,2026-08-06 14:35:28.845840,2026-08-06 15:43:15.337316,2026-08-06 14:57:23.989880,5,,,True,True,-1.09,0.0,0.0,delivered_on_time,2026-08-06 15:43:15.337316,False,-1.09,3.48,21.92,45.86,71.26,72.35,18.0,54.35,7.4,-8.49,10.79,2026-08-06,14,Thursday,10-20 km
O00237,C0586,R013,D073,Bengaluru,2026-08-08 11:36:00,2026-08-08 12:26:36.103840,2026-08-08 11:58:58.236455,2026-08-08 12:23:28.548159,delivered,6.1,medium,clear,D073,D073,2026-08-08 11:36:27.884653,,2026-08-08 11:54:00,2026-08-08 12:31:29.823238,completed,eta-v3.2,False,D073,2026-08-08 11:36:27.884653,2026-08-08 12:23:28.548159,2026-08-08 11:58:58.236455,2,,,True,True,-3.13,0.0,0.0,delivered_on_time,2026-08-08 12:23:28.548159,False,-3.13,0.46,22.51,24.51,47.48,50.6,18.0,32.6,4.97,-8.09,4.9,2026-08-08,11,Saturday,6-10 km
O00238,C0138,R018,D097,Bengaluru,2026-08-27 16:05:00,2026-08-27 16:45:12.731702,2026-08-27 16:29:29.912528,2026-08-27 16:41:13.945139,delivered,2.48,low,clear,D097,D097,2026-08-27 16:07:32.513733,,2026-08-27 16:23:00,2026-08-27 16:46:18.210373,completed,eta-v3.1,False,D097,2026-08-27 16:07:32.513733,2026-08-27 16:41:13.945139,2026-08-27 16:29:29.912528,4,,,True,True,-3.98,0.0,0.0,delivered_on_time,2026-08-27 16:41:13.945139,False,-3.98,2.54,21.96,11.73,36.23,40.21,18.0,22.21,6.5,-10.48,1.09,2026-08-27,16,Thursday,0-3 km
O00239,C0519,R055,D113,Bengaluru,2026-08-03 14:24:00,2026-08-03 15:33:34.499795,2026-08-03 14:47:11.880018,2026-08-03 15:35:54.815008,delivered,16.46,low,clear,D113,D113,2026-08-03 14:29:48.394690,,2026-08-03 14:42:00,2026-08-03 15:33:34.499795,completed,eta-v3.1,False,D113,2026-08-03 14:29:48.394690,2026-08-03 15:35:54.815008,2026-08-03 14:47:11.880018,2,,,True,True,2.34,1.0,0.0,delivered_late,2026-08-03 15:35:54.815008,False,2.34,5.81,17.39,48.72,71.91,69.57,18.0,51.57,5.2,-2.85,0.0,2026-08-03,14,Monday,10-20 km
O00240,C0850,R028,D058,Bengaluru,2026-08-25 12:30:00,2026-08-25 13:39:40.727261,2026-08-25 13:09:45.724465,2026-08-25 13:54:43.870567,delivered,11.99,high,rain,D058,D058,2026-08-25 12:33:36.867543,,2026-08-25 12:48:00,2026-08-25 13:54:40.727261,completed,eta-v3.1,False,D058,2026-08-25 12:33:36.867543,2026-08-25 13:54:43.870567,2026-08-25 13:09:45.724465,5,,,True,True,15.05,1.0,1.0,delivered_late,2026-08-25 13:54:43.870567,False,15.05,3.61,36.15,44.97,84.73,69.68,18.0,51.68,21.76,-6.71,15.0,2026-08-25,12,Tuesday,10-20 km
O00241,C0765,R030,D059,Bengaluru,2026-08-24 22:53:00,2026-08-25 00:09:46.426430,2026-08-24 23:30:43.463053,2026-08-25 00:24:07.293935,delivered,16.56,high,clear,D059,D059,2026-08-24 22:54:41.479428,,2026-08-24 23:11:00,2026-08-25 00:25:38.745886,completed,eta-v3.2,False,D059,2026-08-24 22:54:41.479428,2026-08-25 00:24:07.293935,2026-08-24 23:30:43.463053,2,,,True,True,14.35,1.0,1.0,delivered_late,2026-08-25 00:24:07.293935,False,14.35,1.69,36.03,53.4,91.12,76.77,18.0,58.77,19.72,-5.37,15.87,2026-08-24,22,Monday,10-20 km
O00242,C0801,R025,D025,Bengaluru,2026-08-19 18:33:00,2026-08-19 19:41:33.444966,2026-08-19 19:02:07.134998,2026-08-19 19:47:18.082571,delivered,15.98,low,clear,D025,D025,2026-08-19 18:34:31.469285,,2026-08-19 18:51:00,2026-08-19 19:41:57.691575,completed,eta-v3.2,False,D025,2026-08-19 18:34:31.469285,2026-08-19 19:47:18.082571,2026-08-19 19:02:07.134998,5,,,True,True,5.74,1.0,0.0,delivered_late,2026-08-19 19:47:18.082571,False,5.74,1.52,27.59,45.18,74.3,68.56,18.0,50.56,11.12,-5.38,0.4,2026-08-19,18,Wednesday,10-20 km
O00243,C0366,R051,D104,Bengaluru,2026-08-18 20:30:00,2026-08-18 21:23:06.113832,2026-08-18 20:59:54.324407,2026-08-18 21:29:18.676372,delivered,8.62,low,clear,D104,D104,2026-08-18 20:35:22.214724,,2026-08-18 20:48:00,2026-08-18 21:23:06.113832,completed,eta-v3.1,False,D104,2026-08-18 20:35:22.214724,2026-08-18 21:29:18.676372,2026-08-18 20:59:54.324407,2,CX-03,,True,True,6.21,1.0,0.0,delivered_late,2026-08-18 21:29:18.676372,False,6.21,5.37,24.54,29.41,59.31,53.1,18.0,35.1,11.91,-5.69,0.0,2026-08-18,20,Tuesday,6-10 km
O00244,C0864,R047,D108,Bengaluru,2026-08-23 22:06:00,2026-08-23 23:00:42.146886,2026-08-23 22:26:46.606052,2026-08-23 22:56:12.575827,delivered,9.38,low,clear,D108,D108,2026-08-23 22:09:15.110195,,2026-08-23 22:24:00,2026-08-23 23:01:37.226350,completed,eta-v3.1,False,D108,2026-08-23 22:09:15.110195,2026-08-23 22:56:12.575827,2026-08-23 22:26:46.606052,3,,,True,True,-4.49,0.0,0.0,delivered_on_time,2026-08-23 22:56:12.575827,False,-4.49,3.25,17.52,29.43,50.21,54.7,18.0,36.7,2.78,-7.27,0.92,2026-08-23,22,Sunday,6-10 km
O00245,C0516,R006,D069,Bengaluru,2026-08-09 14:05:00,2026-08-09 15:20:36.000000,2026-08-09 14:26:32.065655,2026-08-09 15:17:12.754442,delivered,18.0,medium,clear,D069,D069,2026-08-09 14:05:12.901611,,2026-08-09 14:23:00,2026-08-09 15:26:50.438380,completed,eta-v3.1,False,D069,2026-08-09 14:05:12.901611,2026-08-09 15:17:12.754442,2026-08-09 14:26:32.065655,3,,,True,True,-3.39,0.0,0.0,delivered_on_time,2026-08-09 15:17:12.754442,False,-3.39,0.22,21.32,50.68,72.21,75.6,18.0,57.6,3.53,-6.92,6.24,2026-08-09,14,Sunday,10-20 km
O00246,C0231,R048,D021,Bengaluru,2026-08-22 22:33:00,2026-08-22 23:48:36.000000,2026-08-22 22:43:19.130186,2026-08-22 23:33:30.939288,delivered,18.0,medium,clear,D032,D021,2026-08-22 22:36:50.617446,2026-08-22 22:43:25.725476,2026-08-22 22:51:00,2026-08-22 23:52:36.000000,completed,eta-v3.1,True,D032,2026-08-22 22:36:50.617446,2026-08-22 23:33:30.939288,2026-08-22 22:43:19.130186,4,CX-01;CX-03,,True,True,-15.08,0.0,0.0,delivered_on_time,2026-08-22 23:33:30.939288,False,-15.08,3.84,6.48,50.2,60.52,75.6,18.0,57.6,-7.68,-7.4,4.0,2026-08-22,22,Saturday,10-20 km
O00247,C0247,R030,D120,Bengaluru,2026-08-17 11:45:00,2026-08-17 12:45:14.956657,2026-08-17 12:04:15.974181,2026-08-17 12:36:16.480018,delivered,12.02,low,clear,D120,D120,2026-08-17 11:45:47.463172,,2026-08-17 12:03:00,2026-08-17 12:45:14.956657,completed,eta-v3.2,False,D120,2026-08-17 11:45:47.463172,2026-08-17 12:36:16.480018,2026-08-17 12:04:15.974181,3,RG-03,,True,True,-8.97,0.0,0.0,delivered_on_time,2026-08-17 12:36:16.480018,False,-8.97,0.79,18.48,32.01,51.27,60.25,18.0,42.25,1.27,-10.24,0.0,2026-08-17,11,Monday,10-20 km
O00248,C0089,R058,D119,Bengaluru,2026-08-06 17:06:00,2026-08-06 18:21:36.000000,2026-08-06 17:32:56.600700,2026-08-06 18:15:14.871854,delivered,18.0,medium,clear,D119,D119,2026-08-06 17:08:18.659174,,2026-08-06 17:24:00,2026-08-06 18:27:20.521887,completed,eta-v3.2,False,D119,2026-08-06 17:08:18.659174,2026-08-06 18:15:14.871854,2026-08-06 17:32:56.600700,5,,,True,True,-6.35,0.0,0.0,delivered_on_time,2026-08-06 18:15:14.871854,False,-6.35,2.31,24.63,42.3,69.25,75.6,18.0,57.6,8.94,-15.3,5.74,2026-08-06,17,Thursday,10-20 km
O00249,C0135,R059,D066,Bengaluru,2026-08-15 21:55:00,2026-08-15 22:51:12.474173,2026-08-15 22:32:17.195880,2026-08-15 22:57:58.772271,delivered,10.1,low,clear,D066,D066,2026-08-15 21:55:13.450392,,2026-08-15 22:13:00,2026-08-15 22:58:09.530765,completed,eta-v3.2,False,D066,2026-08-15 21:55:13.450392,2026-08-15 22:57:58.772271,2026-08-15 22:32:17.195880,2,,,True,True,6.77,1.0,0.0,delivered_late,2026-08-15 22:57:58.772271,False,6.77,0.22,37.06,25.69,62.98,56.21,18.0,38.21,19.29,-12.52,6.95,2026-08-15,21,Saturday,10-20 km
O00250,C0610,R051,D007,Bengaluru,2026-08-10 12:43:00,2026-08-10 14:02:48.000000,2026-08-10 13:07:46.912923,2026-08-10 14:04:06.770459,delivered,18.0,high,clear,D007,D007,2026-08-10 12:45:51.393524,,2026-08-10 13:01:00,2026-08-10 14:13:04.827531,completed,eta-v3.1,False,D007,2026-08-10 12:45:51.393524,2026-08-10 14:04:06.770459,2026-08-10 13:07:46.912923,3,,,True,True,1.31,1.0,0.0,delivered_late,2026-08-10 14:04:06.770459,False,1.31,2.86,21.93,56.33,81.11,79.8,18.0,61.8,6.78,-5.47,10.28,2026-08-10,12,Monday,10-20 km
O00251,C0521,R036,D091,Bengaluru,2026-08-28 15:14:00,2026-08-28 16:26:48.000000,2026-08-28 15:35:59.517626,2026-08-28 16:22:11.264660,delivered,18.0,low,clear,D091,D091,2026-08-28 15:24:12.828783,,2026-08-28 15:32:00,2026-08-28 16:26:48.000000,completed,eta-v3.2,False,D091,2026-08-28 15:24:12.828783,2026-08-28 16:22:11.264660,2026-08-28 15:35:59.517626,2,,,True,True,-4.61,0.0,0.0,delivered_on_time,2026-08-28 16:22:11.264660,False,-4.61,10.21,11.78,46.2,68.19,72.8,18.0,54.8,3.99,-8.6,0.0,2026-08-28,15,Friday,10-20 km
O00252,C0310,R025,D119,Bengaluru,2026-08-11 18:56:00,2026-08-11 19:56:03.342084,2026-08-11 19:08:05.137962,2026-08-11 19:47:00.008093,delivered,7.41,high,rain,D119,D119,2026-08-11 18:57:33.110771,,2026-08-11 19:14:00,2026-08-11 20:12:37.212377,completed,eta-v3.1,False,D119,2026-08-11 18:57:33.110771,2026-08-11 19:47:00.008093,2026-08-11 19:08:05.137962,5,,,True,True,-9.06,0.0,0.0,delivered_on_time,2026-08-11 19:47:00.008093,False,-9.06,1.55,10.53,38.91,51.0,60.06,18.0,42.06,-5.91,-3.15,16.56,2026-08-11,18,Tuesday,6-10 km
O00253,C0153,R022,D008,Bengaluru,2026-08-06 18:07:00,2026-08-06 19:02:23.376338,2026-08-06 18:45:28.815425,2026-08-06 19:21:01.734655,delivered,6.38,high,clear,D008,D008,2026-08-06 18:08:51.083827,,2026-08-06 18:25:00,2026-08-06 19:12:23.376338,completed,eta-v3.2,False,D008,2026-08-06 18:08:51.083827,2026-08-06 19:21:01.734655,2026-08-06 18:45:28.815425,4,,,True,True,18.64,1.0,1.0,delivered_late,2026-08-06 19:21:01.734655,False,18.64,1.85,36.63,35.55,74.03,55.39,18.0,37.39,20.48,-1.84,10.0,2026-08-06,18,Thursday,6-10 km
O00254,C0100,R002,D024,Bengaluru,2026-08-16 17:26:00,2026-08-16 18:31:43.960799,2026-08-16 17:44:39.740270,2026-08-16 18:27:55.036836,delivered,11.3,high,clear,D024,D024,2026-08-16 17:30:33.917477,,2026-08-16 17:44:00,2026-08-16 18:41:43.960799,completed,eta-v3.1,False,D024,2026-08-16 17:30:33.917477,2026-08-16 18:27:55.036836,2026-08-16 17:44:39.740270,4,,,True,True,-3.82,0.0,0.0,delivered_on_time,2026-08-16 18:27:55.036836,False,-3.82,4.57,14.1,43.25,61.92,65.73,18.0,47.73,0.66,-4.48,10.0,2026-08-16,17,Sunday,10-20 km
O00255,C0087,R034,D072,Bengaluru,2026-08-26 23:09:00,2026-08-27 00:21:37.867271,2026-08-26 23:34:38.487121,2026-08-27 00:20:49.932172,delivered,16.59,medium,clear,D072,D072,2026-08-26 23:09:41.426848,,2026-08-26 23:27:00,2026-08-27 00:26:37.459036,completed,eta-v3.2,False,D072,2026-08-26 23:09:41.426848,2026-08-27 00:20:49.932172,2026-08-26 23:34:38.487121,4,,,True,True,-0.8,0.0,0.0,delivered_on_time,2026-08-27 00:20:49.932172,False,-0.8,0.69,24.95,46.19,71.83,72.63,18.0,54.63,7.64,-8.44,4.99,2026-08-26,23,Wednesday,10-20 km
O00256,C0289,R008,D006,Bengaluru,2026-08-06 12:52:00,2026-08-06 14:10:06.000000,2026-08-06 13:22:55.816674,2026-08-06 14:25:39.923296,delivered,18.0,medium,rain,D006,D006,2026-08-06 13:00:56.892247,,2026-08-06 13:10:00,2026-08-06 14:26:28.183322,completed,eta-v3.2,False,D006,2026-08-06 13:00:56.892247,2026-08-06 14:25:39.923296,2026-08-06 13:22:55.816674,2,,,True,True,15.57,1.0,1.0,delivered_late,2026-08-06 14:25:39.923296,False,15.57,8.95,21.98,62.74,93.67,78.1,18.0,60.1,12.93,2.64,16.37,2026-08-06,12,Thursday,10-20 km
O00257,C0324,R039,D018,Bengaluru,2026-08-20 14:36:00,2026-08-20 15:55:48.000000,2026-08-20 15:06:02.989481,2026-08-20 15:59:58.073061,delivered,18.0,high,clear,D018,D018,2026-08-20 14:53:07.908738,,2026-08-20 14:54:00,2026-08-20 16:06:36.260630,completed,eta-v3.2,False,D018,2026-08-20 14:53:07.908738,2026-08-20 15:59:58.073061,2026-08-20 15:06:02.989481,5,,,True,True,4.17,1.0,0.0,delivered_late,2026-08-20 15:59:58.073061,False,4.17,17.13,12.92,53.92,83.97,79.8,18.0,61.8,12.05,-7.88,10.8,2026-08-20,14,Thursday,10-20 km
O00258,C0656,R006,D041,Bengaluru,2026-08-11 17:39:00,2026-08-11 18:37:05.681393,2026-08-11 18:09:24.033904,2026-08-11 18:45:58.931227,delivered,8.47,medium,rain,D041,D041,2026-08-11 17:40:47.039914,,2026-08-11 17:57:00,2026-08-11 18:50:43.118774,completed,eta-v3.2,False,D041,2026-08-11 17:40:47.039914,2026-08-11 18:45:58.931227,2026-08-11 18:09:24.033904,5,,,True,True,8.89,1.0,0.0,delivered_late,2026-08-11 18:45:58.931227,False,8.89,1.78,28.62,36.58,66.98,58.09,18.0,40.09,12.4,-3.51,13.62,2026-08-11,17,Tuesday,6-10 km
O00259,C0285,R032,D014,Bengaluru,2026-08-06 13:01:00,2026-08-06 14:13:48.000000,2026-08-06 13:30:47.934772,2026-08-06 14:14:59.886717,delivered,18.0,low,clear,D014,D014,2026-08-06 13:02:25.418552,,2026-08-06 13:19:00,2026-08-06 14:13:48.000000,completed,eta-v3.1,False,D014,2026-08-06 13:02:25.418552,2026-08-06 14:14:59.886717,2026-08-06 13:30:47.934772,5,,,True,True,1.2,1.0,0.0,delivered_late,2026-08-06 14:14:59.886717,False,1.2,1.42,28.38,44.2,74.0,72.8,18.0,54.8,11.8,-10.6,0.0,2026-08-06,13,Thursday,10-20 km
O00260,C0296,R028,D022,Bengaluru,2026-08-09 19:05:00,2026-08-09 20:14:11.024973,2026-08-09 19:35:28.756223,2026-08-09 20:24:00.711509,delivered,11.75,high,rain,D022,D022,2026-08-09 19:10:42.401996,,2026-08-09 19:23:00,2026-08-09 20:29:11.024973,completed,eta-v3.1,False,D022,2026-08-09 19:10:42.401996,2026-08-09 20:24:00.711509,2026-08-09 19:35:28.756223,4,,,True,True,9.83,1.0,0.0,delivered_late,2026-08-09 20:24:00.711509,False,9.83,5.71,24.77,48.53,79.01,69.18,18.0,51.18,12.48,-2.65,15.0,2026-08-09,19,Sunday,10-20 km
O00261,C0715,R051,D002,Bengaluru,2026-08-18 22:35:00,2026-08-18 23:41:09.639283,2026-08-18 23:05:19.486790,2026-08-18 23:45:02.098682,delivered,10.65,medium,heavy_rain,D002,D002,2026-08-18 22:36:48.234396,,2026-08-18 22:53:00,2026-08-18 23:57:24.736093,completed,eta-v3.2,False,D002,2026-08-18 22:36:48.234396,2026-08-18 23:45:02.098682,2026-08-18 23:05:19.486790,4,CX-03,,True,True,3.87,1.0,0.0,delivered_late,2026-08-18 23:45:02.098682,False,3.87,1.8,28.52,39.71,70.03,66.16,18.0,48.16,12.32,-8.45,16.25,2026-08-18,22,Tuesday,10-20 km
O00262,C0263,R041,D093,Bengaluru,2026-08-10 17:16:00,2026-08-10 18:28:48.000000,2026-08-10 17:36:52.143291,2026-08-10 18:20:11.031749,delivered,18.0,low,clear,D093,D093,2026-08-10 17:17:45.878363,,2026-08-10 17:34:00,2026-08-10 18:28:48.000000,completed,eta-v3.2,False,D093,2026-08-10 17:17:45.878363,2026-08-10 18:20:11.031749,2026-08-10 17:36:52.143291,5,,,True,True,-8.62,0.0,0.0,delivered_on_time,2026-08-10 18:20:11.031749,False,-8.62,1.76,19.1,43.31,64.18,72.8,18.0,54.8,2.87,-11.49,0.0,2026-08-10,17,Monday,10-20 km
O00263,C0511,R032,D112,Bengaluru,2026-08-18 17:26:00,2026-08-18 18:41:12.790516,2026-08-18 17:47:22.990397,2026-08-18 18:44:48.004054,delivered,15.82,high,clear,D112,D112,2026-08-18 17:27:53.810415,,2026-08-18 17:44:00,2026-08-18 18:53:02.489708,completed,eta-v3.1,False,D112,2026-08-18 17:27:53.810415,2026-08-18 18:44:48.004054,2026-08-18 17:47:22.990397,3,,,True,True,3.59,1.0,0.0,delivered_late,2026-08-18 18:44:48.004054,False,3.59,1.9,19.49,57.42,78.8,75.21,18.0,57.21,3.38,0.21,11.83,2026-08-18,17,Tuesday,10-20 km
O00264,C0442,R037,D068,Bengaluru,2026-08-23 19:18:00,2026-08-23 20:03:23.571179,2026-08-23 19:46:05.099974,2026-08-23 20:08:16.109566,delivered,1.62,high,clear,D068,D068,2026-08-23 19:20:14.014941,,2026-08-23 19:36:00,2026-08-23 20:16:44.772155,completed,eta-v3.2,False,D068,2026-08-23 19:20:14.014941,2026-08-23 20:08:16.109566,2026-08-23 19:46:05.099974,4,,,True,True,4.88,1.0,0.0,delivered_late,2026-08-23 20:08:16.109566,False,4.88,2.23,25.85,22.18,50.27,45.39,18.0,27.39,10.08,-5.21,13.35,2026-08-23,19,Sunday,0-3 km
O00265,C0477,R018,D065,Bengaluru,2026-08-18 11:06:00,2026-08-18 12:07:35.616582,2026-08-18 11:44:06.146841,,cancelled,11.33,medium,clear,D065,D065,2026-08-18 11:06:05.359626,,2026-08-18 11:24:00,2026-08-18 12:13:31.265328,cancelled,eta-v3.2,False,D065,2026-08-18 11:06:05.359626,,,0,,,False,False,,,,cancelled,,False,,0.09,38.01,,,61.59,18.0,43.59,20.1,,5.93,2026-08-18,11,Tuesday,10-20 km
O00266,C0796,R058,D023,Bengaluru,2026-08-10 20:31:00,2026-08-10 21:56:24.000000,2026-08-10 20:49:43.021037,2026-08-10 21:54:49.095897,delivered,18.0,severe,clear,D101,D023,2026-08-10 20:35:09.330859,2026-08-10 20:39:54.148005,2026-08-10 20:49:00,2026-08-10 22:16:36.143659,completed,eta-v3.2,True,D101,2026-08-10 20:35:09.330859,2026-08-10 21:54:49.095897,2026-08-10 20:49:43.021037,4,CX-01;CX-03,,True,True,-1.58,0.0,0.0,delivered_on_time,2026-08-10 21:54:49.095897,False,-1.58,4.16,14.56,65.1,83.82,85.4,18.0,67.4,0.72,-2.3,20.2,2026-08-10,20,Monday,10-20 km
O00267,C0891,R001,D116,Bengaluru,2026-08-08 17:28:00,2026-08-08 18:49:36.000000,2026-08-08 17:52:17.197705,2026-08-08 18:58:29.175060,delivered,18.0,medium,heavy_rain,D116,D116,2026-08-08 17:30:20.653325,,2026-08-08 17:46:00,2026-08-08 19:05:36.000000,completed,eta-v3.2,False,D116,2026-08-08 17:30:20.653325,2026-08-08 18:58:29.175060,2026-08-08 17:52:17.197705,4,CX-03,,True,True,8.89,1.0,0.0,delivered_late,2026-08-08 18:58:29.175060,False,8.89,2.34,21.94,66.2,90.49,81.6,18.0,63.6,6.29,2.6,16.0,2026-08-08,17,Saturday,10-20 km
O00268,C0392,R042,D070,Bengaluru,2026-08-18 18:16:00,2026-08-18 19:31:36.000000,2026-08-18 19:04:45.635105,2026-08-18 19:50:08.272395,delivered,18.0,medium,clear,D070,D070,2026-08-18 18:18:31.398600,,2026-08-18 18:34:00,2026-08-18 19:35:36.000000,completed,eta-v3.1,False,D070,2026-08-18 18:18:31.398600,2026-08-18 19:50:08.272395,2026-08-18 19:04:45.635105,4,,,True,True,18.54,1.0,1.0,delivered_late,2026-08-18 19:50:08.272395,False,18.54,2.52,46.24,45.38,94.14,75.6,18.0,57.6,30.76,-12.22,4.0,2026-08-18,18,Tuesday,10-20 km
O00269,C0073,R046,D017,Bengaluru,2026-08-19 20:30:00,2026-08-19 21:30:14.067027,2026-08-19 20:55:39.464242,2026-08-19 21:32:15.685345,delivered,8.68,high,clear,D017,D017,2026-08-19 20:30:40.247783,,2026-08-19 20:48:00,2026-08-19 21:40:14.067027,completed,eta-v3.1,False,D017,2026-08-19 20:30:40.247783,2026-08-19 21:32:15.685345,2026-08-19 20:55:39.464242,3,,,True,True,2.03,1.0,0.0,delivered_late,2026-08-19 21:32:15.685345,False,2.03,0.67,24.99,36.6,62.26,60.23,18.0,42.23,7.66,-5.63,10.0,2026-08-19,20,Wednesday,6-10 km
O00270,C0406,R023,D090,Bengaluru,2026-08-08 16:35:00,2026-08-08 17:35:26.409529,2026-08-08 17:06:06.246062,2026-08-08 17:48:54.357852,delivered,8.78,high,clear,D090,D090,2026-08-08 16:36:49.867268,,2026-08-08 16:53:00,2026-08-08 17:46:58.414568,completed,eta-v3.1,False,D090,2026-08-08 16:36:49.867268,2026-08-08 17:48:54.357852,2026-08-08 17:06:06.246062,2,,,True,True,13.47,1.0,1.0,delivered_late,2026-08-08 17:48:54.357852,False,13.47,1.83,29.27,42.8,73.91,60.44,18.0,42.44,13.1,0.36,11.53,2026-08-08,16,Saturday,6-10 km
O00271,C0227,R044,D089,Bengaluru,2026-08-10 18:31:00,2026-08-10 19:07:03.000000,2026-08-10 19:00:33.708939,2026-08-10 19:12:50.086181,delivered,0.5,low,clear,D089,D089,2026-08-10 18:38:44.788561,,2026-08-10 18:49:00,2026-08-10 19:09:03.296536,completed,eta-v3.1,False,D089,2026-08-10 18:38:44.788561,2026-08-10 19:12:50.086181,2026-08-10 19:00:33.708939,3,,,True,True,5.78,1.0,0.0,delivered_late,2026-08-10 19:12:50.086181,False,5.78,7.75,21.82,12.27,41.83,36.05,18.0,18.05,11.56,-5.78,2.0,2026-08-10,18,Monday,0-3 km
O00272,C0073,R038,D022,Bengaluru,2026-08-15 11:40:00,2026-08-15 12:51:07.234660,2026-08-15 12:12:12.819359,2026-08-15 12:56:13.079753,delivered,15.87,medium,clear,D022,D022,2026-08-15 11:48:32.888020,,2026-08-15 11:58:00,2026-08-15 12:55:07.234660,completed,eta-v3.1,False,D022,2026-08-15 11:48:32.888020,2026-08-15 12:56:13.079753,2026-08-15 12:12:12.819359,5,,,True,True,5.1,1.0,0.0,delivered_late,2026-08-15 12:56:13.079753,False,5.1,8.55,23.67,44.0,76.22,71.12,18.0,53.12,14.21,-9.12,4.0,2026-08-15,11,Saturday,10-20 km
O00273,C0627,R053,D107,Bengaluru,2026-08-14 19:07:00,2026-08-14 20:19:48.000000,2026-08-14 19:43:13.662702,,cancelled,18.0,low,clear,D107,D107,2026-08-14 19:07:59.535042,,2026-08-14 19:25:00,2026-08-14 20:29:05.266589,cancelled,eta-v3.1,False,D107,2026-08-14 19:07:59.535042,,,0,,,False,False,,,,cancelled,,False,,0.99,35.24,,,72.8,18.0,54.8,18.23,,9.29,2026-08-14,19,Friday,10-20 km
O00274,C0792,R007,D094,Bengaluru,2026-08-04 11:41:00,2026-08-04 13:00:48.000000,2026-08-04 11:50:04.120318,2026-08-04 12:51:27.414687,delivered,18.0,high,clear,D094,D094,2026-08-04 11:44:20.677150,,2026-08-04 11:59:00,2026-08-04 13:10:54.840360,completed,eta-v3.1,False,D094,2026-08-04 11:44:20.677150,2026-08-04 12:51:27.414687,2026-08-04 11:50:04.120318,3,RG-03,,True,True,-9.34,0.0,0.0,delivered_on_time,2026-08-04 12:51:27.414687,False,-9.34,3.34,5.72,61.39,70.46,79.8,18.0,61.8,-8.93,-0.41,10.11,2026-08-04,11,Tuesday,10-20 km
O00275,C0731,R029,D082,Bengaluru,2026-08-15 20:03:00,2026-08-15 21:18:36.000000,2026-08-15 20:29:43.272580,2026-08-15 21:16:46.009723,delivered,18.0,medium,clear,D082,D082,2026-08-15 20:04:47.382902,,2026-08-15 20:21:00,2026-08-15 21:24:44.344362,completed,eta-v3.1,False,D082,2026-08-15 20:04:47.382902,2026-08-15 21:16:46.009723,2026-08-15 20:29:43.272580,4,,,True,True,-1.83,0.0,0.0,delivered_on_time,2026-08-15 21:16:46.009723,False,-1.83,1.79,24.93,47.05,73.77,75.6,18.0,57.6,8.72,-10.55,6.14,2026-08-15,20,Saturday,10-20 km
O00276,C0754,R057,D017,Bengaluru,2026-08-08 18:12:00,2026-08-08 18:54:34.180197,2026-08-08 18:41:49.927610,2026-08-08 19:00:24.003233,delivered,3.6,low,clear,D017,D017,2026-08-08 18:14:54.608412,,2026-08-08 18:30:00,2026-08-08 18:56:35.066588,completed,eta-v3.2,False,D017,2026-08-08 18:14:54.608412,2026-08-08 19:00:24.003233,2026-08-08 18:41:49.927610,5,,,True,True,5.83,1.0,0.0,delivered_late,2026-08-08 19:00:24.003233,False,5.83,2.91,26.92,18.57,48.4,42.57,18.0,24.57,11.83,-6.0,2.01,2026-08-08,18,Saturday,3-6 km
O00277,C0105,R053,D092,Bengaluru,2026-08-06 18:38:00,2026-08-06 19:53:36.000000,2026-08-06 18:55:30.744066,2026-08-06 19:48:20.028067,delivered,18.0,medium,clear,D092,D092,2026-08-06 18:45:24.822493,,2026-08-06 18:56:00,2026-08-06 19:57:36.000000,completed,eta-v3.2,False,D092,2026-08-06 18:45:24.822493,2026-08-06 19:48:20.028067,2026-08-06 18:55:30.744066,4,,,True,True,-5.27,0.0,0.0,delivered_on_time,2026-08-06 19:48:20.028067,False,-5.27,7.41,10.1,52.82,70.33,75.6,18.0,57.6,-0.49,-4.78,4.0,2026-08-06,18,Thursday,10-20 km
O00278,C0183,R033,D096,Bengaluru,2026-08-24 15:28:00,2026-08-24 16:43:36.000000,2026-08-24 15:55:21.486457,2026-08-24 16:44:03.642516,delivered,18.0,medium,clear,D096,D096,2026-08-24 15:34:51.555545,,2026-08-24 15:46:00,2026-08-24 16:50:52.781961,completed,eta-v3.2,False,D096,2026-08-24 15:34:51.555545,2026-08-24 16:44:03.642516,2026-08-24 15:55:21.486457,3,,,True,True,0.46,1.0,0.0,delivered_late,2026-08-24 16:44:03.642516,False,0.46,6.86,20.5,48.7,76.06,75.6,18.0,57.6,9.36,-8.9,7.28,2026-08-24,15,Monday,10-20 km
O00279,C0648,R039,D108,Bengaluru,2026-08-23 20:58:00,2026-08-23 21:52:00.142269,2026-08-23 21:20:41.566801,,cancelled,7.72,medium,clear,D108,D108,2026-08-23 21:02:59.699287,,2026-08-23 21:16:00,2026-08-23 21:56:00.142269,cancelled,eta-v3.1,False,D108,2026-08-23 21:02:59.699287,,,0,,,False,False,,,,cancelled,,False,,4.99,17.7,,,54.0,18.0,36.0,4.69,,4.0,2026-08-23,20,Sunday,6-10 km
O00280,C0343,R015,D050,Bengaluru,2026-08-09 17:37:00,2026-08-09 18:42:07.736626,2026-08-09 18:07:20.012310,2026-08-09 18:47:13.505917,delivered,13.01,medium,clear,D050,D050,2026-08-09 17:38:15.919865,,2026-08-09 17:55:00,2026-08-09 18:47:14.250779,completed,eta-v3.2,False,D050,2026-08-09 17:38:15.919865,2026-08-09 18:47:13.505917,2026-08-09 18:07:20.012310,3,CX-03,,True,True,5.1,1.0,0.0,delivered_late,2026-08-09 18:47:13.505917,False,5.1,1.27,29.07,39.89,70.23,65.13,18.0,47.13,12.33,-7.24,5.11,2026-08-09,17,Sunday,10-20 km
O00281,C0608,R015,D116,Bengaluru,2026-08-27 22:38:00,2026-08-27 23:45:57.257164,2026-08-27 23:01:04.623515,2026-08-27 23:44:10.732761,delivered,12.36,high,clear,D116,D116,2026-08-27 22:41:53.909432,,2026-08-27 22:56:00,2026-08-27 23:56:48.242438,completed,eta-v3.2,False,D116,2026-08-27 22:41:53.909432,2026-08-27 23:44:10.732761,2026-08-27 23:01:04.623515,2,CX-03,,True,True,-1.78,0.0,0.0,delivered_on_time,2026-08-27 23:44:10.732761,False,-1.78,3.9,19.18,43.1,66.18,67.95,18.0,49.95,5.08,-6.85,10.85,2026-08-27,22,Thursday,10-20 km
O00282,C0367,R015,D098,Bengaluru,2026-08-21 21:59:00,2026-08-21 23:11:48.000000,2026-08-21 22:25:52.836811,,cancelled,18.0,low,clear,D098,D098,2026-08-21 22:00:18.590874,,2026-08-21 22:17:00,2026-08-21 23:14:50.185634,cancelled,eta-v3.1,False,D098,2026-08-21 22:00:18.590874,,,0,,,False,False,,,,cancelled,,False,,1.31,25.57,,,72.8,18.0,54.8,8.88,,3.04,2026-08-21,21,Friday,10-20 km
O00283,C0094,R052,D113,Bengaluru,2026-08-11 18:14:00,2026-08-11 19:11:24.812183,2026-08-11 18:29:04.753850,2026-08-11 19:01:47.091394,delivered,10.67,low,clear,D113,D113,2026-08-11 18:15:49.145578,,2026-08-11 18:32:00,2026-08-11 19:11:24.812183,completed,eta-v3.2,False,D113,2026-08-11 18:15:49.145578,2026-08-11 19:01:47.091394,2026-08-11 18:29:04.753850,5,,,True,True,-9.63,0.0,0.0,delivered_on_time,2026-08-11 19:01:47.091394,False,-9.63,1.82,13.26,32.71,47.78,57.41,18.0,39.41,-2.92,-6.7,0.0,2026-08-11,18,Tuesday,10-20 km
O00284,C0331,R060,D091,Bengaluru,2026-08-09 12:32:00,2026-08-09 13:17:37.224154,2026-08-09 12:57:08.585107,2026-08-09 13:17:11.445942,delivered,3.72,medium,clear,D091,D091,2026-08-09 12:33:37.104856,,2026-08-09 12:50:00,2026-08-09 13:22:17.692578,completed,eta-v3.1,False,D091,2026-08-09 12:33:37.104856,2026-08-09 13:17:11.445942,2026-08-09 12:57:08.585107,4,,,True,True,-0.43,0.0,0.0,delivered_on_time,2026-08-09 13:17:11.445942,False,-0.43,1.62,23.52,20.05,45.19,45.62,18.0,27.62,7.14,-7.57,4.67,2026-08-09,12,Sunday,3-6 km
O00285,C0378,R037,D095,Bengaluru,2026-08-22 17:23:00,2026-08-22 18:38:24.175521,2026-08-22 17:51:09.129424,2026-08-22 18:41:51.915946,delivered,17.91,medium,clear,D095,D095,2026-08-22 17:33:57.346497,,2026-08-22 17:41:00,2026-08-22 18:42:24.175521,completed,eta-v3.2,False,D095,2026-08-22 17:33:57.346497,2026-08-22 18:41:51.915946,2026-08-22 17:51:09.129424,5,,,True,True,3.46,1.0,0.0,delivered_late,2026-08-22 18:41:51.915946,False,3.46,10.96,17.2,50.71,78.87,75.4,18.0,57.4,10.15,-6.69,4.0,2026-08-22,17,Saturday,10-20 km
O00286,C0714,R001,D102,Bengaluru,2026-08-28 12:47:00,2026-08-28 13:46:37.008959,2026-08-28 13:05:31.182691,,delivered,10.53,low,rain,D102,D102,2026-08-28 12:47:24.239488,,2026-08-28 13:05:00,2026-08-28 13:51:37.008959,completed,eta-v3.1,False,D102,2026-08-28 12:47:24.239488,2026-08-28 13:38:27.029598,2026-08-28 13:05:31.182691,5,TS-04,TS-04,True,False,,,,unknown_missing_timestamp,2026-08-28 13:38:27.029598,True,-8.17,0.4,18.12,,,59.62,18.0,41.62,0.52,,5.0,2026-08-28,12,Friday,10-20 km
O00287,C0201,R039,D068,Bengaluru,2026-08-09 18:39:00,2026-08-09 19:41:39.048514,2026-08-09 19:18:49.059800,2026-08-09 19:58:06.401473,delivered,9.83,high,clear,D068,D068,2026-08-09 18:40:15.642940,,2026-08-09 18:57:00,2026-08-09 19:51:39.048514,completed,eta-v3.2,False,D068,2026-08-09 18:40:15.642940,2026-08-09 19:58:06.401473,2026-08-09 19:18:49.059800,4,,,True,True,16.46,1.0,1.0,delivered_late,2026-08-09 19:58:06.401473,False,16.46,1.26,38.56,39.29,79.11,62.65,18.0,44.65,21.82,-5.36,10.0,2026-08-09,18,Sunday,6-10 km
O00288,C0760,R050,D090,Bengaluru,2026-08-09 19:58:00,2026-08-09 21:20:18.000000,2026-08-09 20:38:09.682298,2026-08-09 21:39:23.200153,delivered,18.0,high,rain,D090,D090,2026-08-09 20:02:00.955042,,2026-08-09 20:16:00,2026-08-09 21:43:22.139042,completed,eta-v3.1,False,D090,2026-08-09 20:02:00.955042,2026-08-09 21:39:23.200153,2026-08-09 20:38:09.682298,5,,,True,True,19.09,1.0,1.0,delivered_late,2026-08-09 21:39:23.200153,False,19.09,4.02,36.15,61.23,101.39,82.3,18.0,64.3,22.16,-3.07,23.07,2026-08-09,19,Sunday,10-20 km
O00289,C0796,R035,D070,Bengaluru,2026-08-23 11:15:00,2026-08-23 12:40:24.000000,2026-08-23 11:40:04.608917,,cancelled,18.0,severe,clear,D070,D070,2026-08-23 11:15:26.833779,,2026-08-23 11:33:00,2026-08-23 12:59:59.026573,cancelled,eta-v3.2,False,D070,2026-08-23 11:15:26.833779,,,0,,,False,False,,,,cancelled,,False,,0.45,24.63,,,85.4,18.0,67.4,7.08,,19.58,2026-08-23,11,Sunday,10-20 km
O00290,C0500,R048,D050,Bengaluru,2026-08-21 16:32:00,2026-08-21 17:33:14.828540,2026-08-21 16:57:55.403525,2026-08-21 17:34:23.549810,delivered,11.17,medium,clear,D050,D050,2026-08-21 16:35:47.983987,,2026-08-21 16:50:00,2026-08-21 17:38:25.041044,completed,eta-v3.2,False,D050,2026-08-21 16:35:47.983987,2026-08-21 17:34:23.549810,2026-08-21 16:57:55.403525,4,,,True,True,1.15,1.0,0.0,delivered_late,2026-08-21 17:34:23.549810,False,1.15,3.8,22.12,36.47,62.39,61.25,18.0,43.25,7.92,-6.78,5.17,2026-08-21,16,Friday,10-20 km
O00291,C0875,R018,D051,Bengaluru,2026-08-22 19:40:00,2026-08-22 20:44:46.075448,2026-08-22 20:00:35.334397,2026-08-22 20:42:22.373562,delivered,10.84,high,clear,D051,D051,2026-08-22 19:46:50.655247,,2026-08-22 19:58:00,2026-08-22 20:55:24.659668,completed,eta-v3.1,False,D051,2026-08-22 19:46:50.655247,2026-08-22 20:42:22.373562,2026-08-22 20:00:35.334397,3,,,True,True,-2.4,0.0,0.0,delivered_on_time,2026-08-22 20:42:22.373562,False,-2.4,6.84,13.74,41.78,62.37,64.77,18.0,46.77,2.59,-4.99,10.64,2026-08-22,19,Saturday,10-20 km
O00292,C0735,R048,D083,Bengaluru,2026-08-05 16:45:00,2026-08-05 17:59:00.716564,2026-08-05 17:12:17.506734,2026-08-05 18:08:15.442834,delivered,14.05,high,rain,D083,D083,2026-08-05 16:46:01.062364,,2026-08-05 17:03:00,2026-08-05 18:14:00.716564,completed,eta-v3.1,False,D083,2026-08-05 16:46:01.062364,2026-08-05 18:08:15.442834,2026-08-05 17:12:17.506734,2,,,True,True,9.25,1.0,0.0,delivered_late,2026-08-05 18:08:15.442834,False,9.25,1.02,26.27,55.97,83.26,74.01,18.0,56.01,9.29,-0.04,15.0,2026-08-05,16,Wednesday,10-20 km
O00293,C0425,R033,D024,Bengaluru,2026-08-05 20:48:00,2026-08-05 22:09:36.000000,2026-08-05 21:13:35.349867,2026-08-05 22:14:56.306129,delivered,18.0,medium,heavy_rain,D024,D024,2026-08-05 20:50:15.505346,,2026-08-05 21:06:00,2026-08-05 22:25:36.000000,completed,eta-v3.2,False,D024,2026-08-05 20:50:15.505346,2026-08-05 22:14:56.306129,2026-08-05 21:13:35.349867,3,,,True,True,5.34,1.0,0.0,delivered_late,2026-08-05 22:14:56.306129,False,5.34,2.26,23.33,61.35,86.94,81.6,18.0,63.6,7.59,-2.25,16.0,2026-08-05,20,Wednesday,10-20 km
O00294,C0761,R059,D100,Bengaluru,2026-08-20 19:38:00,2026-08-20 20:53:36.000000,2026-08-20 20:01:53.647350,2026-08-20 20:50:41.502789,delivered,18.0,medium,clear,D100,D100,2026-08-20 19:40:47.178393,,2026-08-20 19:56:00,2026-08-20 20:58:33.897090,completed,eta-v3.2,False,D100,2026-08-20 19:40:47.178393,2026-08-20 20:50:41.502789,2026-08-20 20:01:53.647350,4,,,True,True,-2.91,0.0,0.0,delivered_on_time,2026-08-20 20:50:41.502789,False,-2.91,2.79,21.11,48.8,72.69,75.6,18.0,57.6,5.89,-8.8,4.96,2026-08-20,19,Thursday,10-20 km
O00295,C0322,R027,D090,Bengaluru,2026-08-08 11:48:00,2026-08-08 13:15:54.000000,2026-08-08 12:27:33.592157,2026-08-08 13:37:09.251713,delivered,18.0,severe,rain,D090,D090,2026-08-08 11:50:09.748734,,2026-08-08 12:06:00,2026-08-08 13:39:30.365811,completed,eta-v3.1,False,D090,2026-08-08 11:50:09.748734,2026-08-08 13:37:09.251713,2026-08-08 12:27:33.592157,5,,,True,True,21.25,1.0,1.0,delivered_late,2026-08-08 13:37:09.251713,False,21.25,2.16,37.4,69.59,109.15,87.9,18.0,69.9,21.56,-0.31,23.61,2026-08-08,11,Saturday,10-20 km
O00296,C0704,R040,D042,Bengaluru,2026-08-13 20:38:00,2026-08-13 21:57:48.000000,2026-08-13 21:04:29.187057,2026-08-13 22:01:13.834192,delivered,18.0,high,clear,D042,D042,2026-08-13 20:44:23.343163,,2026-08-13 20:56:00,2026-08-13 22:09:44.946692,completed,eta-v3.1,False,D042,2026-08-13 20:44:23.343163,2026-08-13 22:01:13.834192,2026-08-13 21:04:29.187057,5,CX-03,,True,True,3.43,1.0,0.0,delivered_late,2026-08-13 22:01:13.834192,False,3.43,6.39,20.1,56.74,83.23,79.8,18.0,61.8,8.49,-5.06,11.95,2026-08-13,20,Thursday,10-20 km
O00297,C0303,R017,D040,Bengaluru,2026-08-24 11:24:00,2026-08-24 12:37:24.026885,2026-08-24 12:00:31.515909,2026-08-24 12:47:10.827183,delivered,16.95,medium,clear,D040,D040,2026-08-24 11:28:31.390637,,2026-08-24 11:42:00,2026-08-24 12:46:13.863151,completed,eta-v3.2,False,D040,2026-08-24 11:28:31.390637,2026-08-24 12:47:10.827183,2026-08-24 12:00:31.515909,2,,,True,True,9.78,1.0,0.0,delivered_late,2026-08-24 12:47:10.827183,False,9.78,4.52,32.0,46.66,83.18,73.4,18.0,55.4,18.53,-8.74,8.83,2026-08-24,11,Monday,10-20 km
O00298,C0287,R052,D064,Bengaluru,2026-08-15 20:28:00,2026-08-15 21:29:36.748678,2026-08-15 20:47:55.535139,2026-08-15 21:23:05.997016,delivered,12.67,low,clear,D064,D064,2026-08-15 20:31:29.575393,,2026-08-15 20:46:00,2026-08-15 21:29:36.748678,completed,eta-v3.2,False,D064,2026-08-15 20:31:29.575393,2026-08-15 21:23:05.997016,2026-08-15 20:47:55.535139,3,CX-03,,True,True,-6.51,0.0,0.0,delivered_on_time,2026-08-15 21:23:05.997016,False,-6.51,3.49,16.43,35.17,55.1,61.61,18.0,43.61,1.93,-8.44,0.0,2026-08-15,20,Saturday,10-20 km
O00299,C0531,R017,D032,Bengaluru,2026-08-15 12:20:00,2026-08-15 13:42:18.000000,2026-08-15 12:40:14.931931,2026-08-15 13:41:58.302211,delivered,18.0,high,rain,D032,D032,2026-08-15 12:25:13.719665,,2026-08-15 12:38:00,2026-08-15 13:57:18.000000,completed,eta-v3.2,False,D032,2026-08-15 12:25:13.719665,2026-08-15 13:41:58.302211,2026-08-15 12:40:14.931931,5,,,True,True,-0.33,0.0,0.0,delivered_on_time,2026-08-15 13:41:58.302211,False,-0.33,5.23,15.02,61.72,81.97,82.3,18.0,64.3,2.25,-2.58,15.0,2026-08-15,12,Saturday,10-20 km
O00300,C0331,R037,D090,Bengaluru,2026-08-02 20:58:00,2026-08-02 22:09:40.636372,2026-08-02 21:16:11.755388,2026-08-02 22:03:46.840978,delivered,14.94,medium,rain,D040,D090,2026-08-02 21:11:01.310830,2026-08-02 21:15:11.308518,2026-08-02 21:16:00,2026-08-02 22:18:40.636372,completed,eta-v3.2,True,D040,2026-08-02 21:11:01.310830,2026-08-02 22:03:46.840978,2026-08-02 21:16:11.755388,3,CX-01;CX-03,,True,True,-5.9,0.0,0.0,delivered_on_time,2026-08-02 22:03:46.840978,False,-5.9,13.02,5.17,47.58,65.78,71.68,18.0,53.68,0.2,-6.1,9.0,2026-08-02,20,Sunday,10-20 km
O00301,C0440,R059,D053,Bengaluru,2026-08-20 20:00:00,2026-08-20 21:18:06.000000,2026-08-20 20:45:28.977122,2026-08-20 21:33:53.109909,delivered,45.0,medium,rain,D053,D053,2026-08-20 20:02:02.011363,,2026-08-20 20:18:00,2026-08-20 21:27:07.461794,completed,eta-v3.2,False,D053,2026-08-20 20:02:02.011363,2026-08-20 21:33:53.109909,2026-08-20 20:45:28.977122,2,,,True,True,15.79,1.0,1.0,delivered_late,2026-08-20 21:33:53.109909,False,15.79,2.03,43.45,48.4,93.89,78.1,18.0,60.1,27.48,-11.7,9.02,2026-08-20,20,Thursday,20-50 km
O00302,C0800,R019,D063,Bengaluru,2026-08-20 19:52:00,2026-08-20 21:11:48.000000,2026-08-20 20:42:14.783326,2026-08-20 21:38:07.176647,delivered,45.0,high,clear,D063,D063,2026-08-20 20:06:12.460769,,2026-08-20 20:10:00,2026-08-20 21:28:39.501031,completed,eta-v3.1,False,D063,2026-08-20 20:06:12.460769,2026-08-20 21:38:07.176647,2026-08-20 20:42:14.783326,5,RG-03,,True,True,26.32,1.0,1.0,delivered_late,2026-08-20 21:38:07.176647,False,26.32,14.21,36.04,55.87,106.12,79.8,18.0,61.8,32.25,-5.93,16.86,2026-08-20,19,Thursday,20-50 km
O00303,C0411,R039,D038,Bengaluru,2026-08-19 20:11:00,2026-08-19 21:33:34.265202,2026-08-19 21:00:38.818166,2026-08-19 22:06:43.654438,delivered,45.0,severe,clear,D038,D038,2026-08-19 20:12:52.642413,,2026-08-19 20:29:00,2026-08-19 21:53:48.596403,completed,eta-v3.2,False,D038,2026-08-19 20:12:52.642413,2026-08-19 22:06:43.654438,2026-08-19 21:00:38.818166,2,,,True,True,33.16,1.0,1.0,delivered_late,2026-08-19 22:06:43.654438,False,33.16,1.88,47.77,66.08,115.73,82.57,18.0,64.57,31.65,1.51,20.24,2026-08-19,20,Wednesday,20-50 km
O00304,C0531,R052,D050,Bengaluru,2026-08-23 21:21:00,2026-08-23 22:36:36.000000,2026-08-23 21:42:03.681952,2026-08-23 22:30:24.419630,delivered,18.0,medium,clear,D050,D050,2026-08-23 21:24:39.712257,,2026-08-23 21:39:00,2026-08-23 22:40:36.000000,completed,eta-v3.1,False,D050,2026-08-23 21:24:39.712257,2026-08-23 22:30:24.419630,2026-08-23 21:42:03.681952,4,,,True,True,-6.19,0.0,0.0,delivered_on_time,2026-08-23 22:30:24.419630,False,-6.19,3.66,17.4,48.35,69.41,75.6,18.0,57.6,3.06,-9.25,4.0,2026-08-23,21,Sunday,10-20 km
O00305,C0385,R030,D110,Bengaluru,2026-08-20 17:08:00,2026-08-20 18:27:30.696940,2026-08-20 17:34:44.066387,2026-08-20 18:27:45.687998,delivered,17.86,high,clear,D110,D110,2026-08-20 17:10:31.039137,,2026-08-20 17:26:00,2026-08-20 18:38:56.769451,completed,eta-v3.2,False,D110,2026-08-20 17:10:31.039137,2026-08-20 18:27:45.687998,2026-08-20 17:34:44.066387,2,,,True,True,0.25,1.0,0.0,delivered_late,2026-08-20 18:27:45.687998,False,0.25,2.52,24.22,53.03,79.76,79.51,18.0,61.51,8.73,-8.48,11.43,2026-08-20,17,Thursday,10-20 km
O00306,C0032,R014,D057,Bengaluru,2026-08-26 12:54:00,2026-08-26 14:06:48.000000,2026-08-26 13:27:42.072743,2026-08-26 14:13:33.863579,delivered,18.0,low,clear,D057,D057,2026-08-26 13:02:52.225831,,2026-08-26 13:12:00,2026-08-26 14:06:48.000000,completed,eta-v3.2,False,D057,2026-08-26 13:02:52.225831,2026-08-26 14:13:33.863579,2026-08-26 13:27:42.072743,2,,,True,True,6.76,1.0,0.0,delivered_late,2026-08-26 14:13:33.863579,False,6.76,8.87,24.83,45.86,79.56,72.8,18.0,54.8,15.7,-8.94,0.0,2026-08-26,12,Wednesday,10-20 km
O00307,C0161,R010,D044,Bengaluru,2026-08-11 20:07:00,2026-08-11 21:26:48.000000,2026-08-11 20:30:43.830328,,cancelled,18.0,high,clear,D044,D044,2026-08-11 20:07:52.078620,,2026-08-11 20:25:00,2026-08-11 21:37:33.966600,cancelled,eta-v3.2,False,D044,2026-08-11 20:07:52.078620,,,0,,,False,False,,,,cancelled,,False,,0.87,22.86,,,79.8,18.0,61.8,5.73,,10.77,2026-08-11,20,Tuesday,10-20 km
O00308,C0049,R029,D017,Bengaluru,2026-08-27 16:43:00,2026-08-27 17:51:58.596765,2026-08-27 17:15:15.153714,2026-08-27 17:57:33.839883,delivered,14.85,medium,clear,D017,D017,2026-08-27 16:52:14.898598,,2026-08-27 17:01:00,2026-08-27 17:59:56.210074,completed,eta-v3.2,False,D017,2026-08-27 16:52:14.898598,2026-08-27 17:57:33.839883,2026-08-27 17:15:15.153714,5,,,True,True,5.59,1.0,0.0,delivered_late,2026-08-27 17:57:33.839883,False,5.59,9.25,23.0,42.31,74.56,68.98,18.0,50.98,14.25,-8.67,7.96,2026-08-27,16,Thursday,10-20 km
O00309,C0257,R055,D032,Bengaluru,2026-08-18 18:13:00,2026-08-18 19:24:34.179870,2026-08-18 18:31:14.682527,2026-08-18 19:17:32.988197,delivered,16.08,medium,clear,D032,D032,2026-08-18 18:14:38.641945,,2026-08-18 18:31:00,2026-08-18 19:30:53.915629,completed,eta-v3.2,False,D032,2026-08-18 18:14:38.641945,2026-08-18 19:17:32.988197,2026-08-18 18:31:14.682527,3,,,True,True,-7.02,0.0,0.0,delivered_on_time,2026-08-18 19:17:32.988197,False,-7.02,1.64,16.6,46.31,64.55,71.57,18.0,53.57,0.24,-7.26,6.33,2026-08-18,18,Tuesday,10-20 km
O00310,C0356,R006,D010,Bengaluru,2026-08-28 20:19:00,2026-08-28 21:18:33.759603,2026-08-28 20:50:09.314799,2026-08-28 21:24:21.391755,delivered,8.36,high,clear,D010,D010,2026-08-28 20:24:40.519100,,2026-08-28 20:37:00,2026-08-28 21:34:04.819778,completed,eta-v3.1,False,D010,2026-08-28 20:24:40.519100,2026-08-28 21:24:21.391755,2026-08-28 20:50:09.314799,3,,,True,True,5.79,1.0,0.0,delivered_late,2026-08-28 21:24:21.391755,False,5.79,5.68,25.48,34.2,65.36,59.56,18.0,41.56,13.16,-7.36,15.52,2026-08-28,20,Friday,6-10 km
O00311,C0212,R054,D054,Bengaluru,2026-08-03 18:01:00,2026-08-03 19:23:18.000000,2026-08-03 18:28:07.996297,2026-08-03 19:35:03.569984,delivered,18.0,high,rain,D054,D054,2026-08-03 18:07:55.063503,,2026-08-03 18:19:00,2026-08-03 19:38:18.000000,completed,eta-v3.2,False,D054,2026-08-03 18:07:55.063503,2026-08-03 19:35:03.569984,2026-08-03 18:28:07.996297,2,,,True,True,11.76,1.0,1.0,delivered_late,2026-08-03 19:35:03.569984,False,11.76,6.92,20.22,66.93,94.06,82.3,18.0,64.3,9.13,2.63,15.0,2026-08-03,18,Monday,10-20 km
O00312,C0056,R055,D041,Bengaluru,2026-08-22 23:13:00,2026-08-23 00:06:01.172658,2026-08-22 23:37:24.530725,,cancelled,5.25,high,clear,D041,D041,2026-08-22 23:28:10.315053,,2026-08-22 23:31:00,2026-08-23 00:16:01.172658,cancelled,eta-v3.1,False,D041,2026-08-22 23:28:10.315053,,,0,,,False,False,,,,cancelled,,False,,15.17,9.24,,,53.02,18.0,35.02,6.41,,10.0,2026-08-22,23,Saturday,3-6 km
O00313,C0767,R001,D070,Bengaluru,2026-08-11 18:02:00,2026-08-11 19:14:48.000000,2026-08-11 18:41:55.323810,2026-08-11 19:27:46.494195,delivered,18.0,low,clear,D070,D070,2026-08-11 18:08:49.211900,,2026-08-11 18:20:00,2026-08-11 19:15:15.687470,completed,eta-v3.2,False,D070,2026-08-11 18:08:49.211900,2026-08-11 19:27:46.494195,2026-08-11 18:41:55.323810,4,,,True,True,12.97,1.0,1.0,delivered_late,2026-08-11 19:27:46.494195,False,12.97,6.82,33.1,45.85,85.77,72.8,18.0,54.8,21.92,-8.95,0.46,2026-08-11,18,Tuesday,10-20 km
O00314,C0182,R059,D062,Bengaluru,2026-08-04 11:39:00,2026-08-04 12:46:34.708158,2026-08-04 11:54:59.260084,2026-08-04 12:35:12.883567,delivered,14.18,medium,clear,D062,D062,2026-08-04 11:44:58.792612,,2026-08-04 11:57:00,2026-08-04 12:52:10.883344,completed,eta-v3.1,False,D062,2026-08-04 11:44:58.792612,2026-08-04 12:35:12.883567,2026-08-04 11:54:59.260084,4,,,True,True,-11.36,0.0,0.0,delivered_on_time,2026-08-04 12:35:12.883567,False,-11.36,5.98,10.01,40.23,56.21,67.58,18.0,49.58,-2.01,-9.35,5.6,2026-08-04,11,Tuesday,10-20 km
O00315,C0141,R011,D095,Bengaluru,2026-08-16 22:03:00,2026-08-16 22:51:14.139789,2026-08-16 22:17:16.329046,2026-08-16 22:36:13.722274,delivered,6.3,low,clear,D095,D095,2026-08-16 22:03:14.830771,,2026-08-16 22:21:00,2026-08-16 22:51:36.737062,completed,eta-v3.2,False,D095,2026-08-16 22:03:14.830771,2026-08-16 22:36:13.722274,2026-08-16 22:17:16.329046,4,,,True,True,-15.01,0.0,0.0,delivered_on_time,2026-08-16 22:36:13.722274,False,-15.01,0.25,14.02,18.96,33.23,48.24,18.0,30.24,-3.73,-11.28,0.38,2026-08-16,22,Sunday,6-10 km
O00316,C0557,R057,D031,Bengaluru,2026-08-03 23:48:00,2026-08-04 00:33:06.724821,2026-08-04 00:25:01.239441,2026-08-04 00:41:08.358449,delivered,1.48,high,clear,D031,D031,2026-08-03 23:49:39.328973,,2026-08-04 00:06:00,2026-08-04 00:50:48.314588,completed,eta-v3.2,False,D031,2026-08-03 23:49:39.328973,2026-08-04 00:41:08.358449,2026-08-04 00:25:01.239441,3,,,True,True,8.03,1.0,0.0,delivered_late,2026-08-04 00:41:08.358449,False,8.03,1.66,35.37,16.12,53.14,45.11,18.0,27.11,19.02,-10.99,17.69,2026-08-03,23,Monday,0-3 km
O00317,C0054,R056,D009,Bengaluru,2026-08-12 17:44:00,2026-08-12 19:09:24.000000,2026-08-12 18:03:37.236364,2026-08-12 19:06:26.431046,delivered,18.0,severe,clear,D009,D009,2026-08-12 17:45:14.322398,,2026-08-12 18:02:00,2026-08-12 19:27:24.000000,completed,eta-v3.2,False,D009,2026-08-12 17:45:14.322398,2026-08-12 19:06:26.431046,2026-08-12 18:03:37.236364,3,CX-03,,True,True,-2.96,0.0,0.0,delivered_on_time,2026-08-12 19:06:26.431046,False,-2.96,1.24,18.38,62.82,82.44,85.4,18.0,67.4,1.62,-4.58,18.0,2026-08-12,17,Wednesday,10-20 km
O00318,C0413,R046,D017,Bengaluru,2026-08-17 12:52:00,2026-08-17 14:11:48.000000,2026-08-17 13:27:57.043764,2026-08-17 14:24:36.997551,delivered,18.0,high,clear,D017,D017,2026-08-17 12:55:31.596468,,2026-08-17 13:10:00,2026-08-17 14:22:05.382023,completed,eta-v3.1,False,D017,2026-08-17 12:55:31.596468,2026-08-17 14:24:36.997551,2026-08-17 13:27:57.043764,5,,,True,True,12.82,1.0,1.0,delivered_late,2026-08-17 14:24:36.997551,False,12.82,3.53,32.42,56.67,92.62,79.8,18.0,61.8,17.95,-5.13,10.29,2026-08-17,12,Monday,10-20 km
O00319,C0318,R007,D082,Bengaluru,2026-08-14 18:21:00,2026-08-14 19:36:36.000000,2026-08-14 19:12:10.363848,2026-08-14 20:00:44.129361,delivered,18.0,medium,clear,D082,D082,2026-08-14 18:21:38.828344,,2026-08-14 18:39:00,2026-08-14 19:43:06.707178,completed,eta-v3.2,False,D082,2026-08-14 18:21:38.828344,2026-08-14 20:00:44.129361,2026-08-14 19:12:10.363848,2,RG-03,,True,True,24.14,1.0,1.0,delivered_late,2026-08-14 20:00:44.129361,False,24.14,0.65,50.53,48.56,99.74,75.6,18.0,57.6,33.17,-9.04,6.51,2026-08-14,18,Friday,10-20 km
O00320,C0379,R018,D033,Bengaluru,2026-08-13 12:06:00,2026-08-13 13:14:18.956685,2026-08-13 12:20:09.876998,2026-08-13 13:01:48.473552,delivered,12.53,high,clear,D033,D033,2026-08-13 12:07:11.618102,,2026-08-13 12:24:00,2026-08-13 13:24:18.956685,completed,eta-v3.1,False,D033,2026-08-13 12:07:11.618102,2026-08-13 13:01:48.473552,2026-08-13 12:20:09.876998,2,,,True,True,-12.51,0.0,0.0,delivered_on_time,2026-08-13 13:01:48.473552,False,-12.51,1.19,12.97,41.64,55.81,68.32,18.0,50.32,-3.84,-8.68,10.0,2026-08-13,12,Thursday,10-20 km
O00321,C0533,R050,D017,Bengaluru,2026-08-15 18:24:00,2026-08-15 19:33:01.397181,2026-08-15 18:36:00.140455,2026-08-15 19:21:30.240887,delivered,12.87,high,clear,D017,D017,2026-08-15 18:28:06.794643,,2026-08-15 18:42:00,2026-08-15 19:43:01.397181,completed,eta-v3.2,False,D017,2026-08-15 18:28:06.794643,2026-08-15 19:21:30.240887,2026-08-15 18:36:00.140455,4,,,True,True,-11.52,0.0,0.0,delivered_on_time,2026-08-15 19:21:30.240887,False,-11.52,4.11,7.89,45.5,57.5,69.02,18.0,51.02,-6.0,-5.52,10.0,2026-08-15,18,Saturday,10-20 km
O00322,C0357,R052,D076,Bengaluru,2026-08-28 13:18:00,2026-08-28 14:33:18.000000,2026-08-28 14:04:39.367541,2026-08-28 14:55:30.304349,delivered,18.0,low,rain,D076,D076,2026-08-28 13:22:42.457207,,2026-08-28 13:36:00,2026-08-28 14:38:18.000000,completed,eta-v3.1,False,D076,2026-08-28 13:22:42.457207,2026-08-28 14:55:30.304349,2026-08-28 14:04:39.367541,5,,,True,True,22.21,1.0,1.0,delivered_late,2026-08-28 14:55:30.304349,False,22.21,4.71,41.95,50.85,97.51,75.3,18.0,57.3,28.66,-6.45,5.0,2026-08-28,13,Friday,10-20 km
O00323,C0496,R028,D058,Bengaluru,2026-08-06 18:12:00,2026-08-06 19:25:34.259282,2026-08-06 18:28:34.628352,2026-08-06 19:19:08.468302,delivered,15.84,medium,rain,D058,D058,2026-08-06 18:13:39.496294,,2026-08-06 18:30:00,2026-08-06 19:34:34.259282,completed,eta-v3.1,False,D058,2026-08-06 18:13:39.496294,2026-08-06 19:19:08.468302,2026-08-06 18:28:34.628352,2,,,True,True,-6.43,0.0,0.0,delivered_on_time,2026-08-06 19:19:08.468302,False,-6.43,1.66,14.92,50.56,67.14,73.57,18.0,55.57,-1.42,-5.01,9.0,2026-08-06,18,Thursday,10-20 km
O00324,C0161,R020,D017,Bengaluru,2026-08-22 18:08:00,2026-08-22 19:00:56.818878,2026-08-22 18:25:38.578468,2026-08-22 18:52:49.576995,delivered,8.55,low,clear,D017,D017,2026-08-22 18:08:09.251865,,2026-08-22 18:26:00,2026-08-22 19:00:56.818878,completed,eta-v3.1,False,D017,2026-08-22 18:08:09.251865,2026-08-22 18:52:49.576995,2026-08-22 18:25:38.578468,5,,,True,True,-8.12,0.0,0.0,delivered_on_time,2026-08-22 18:52:49.576995,False,-8.12,0.15,17.49,27.18,44.83,52.95,18.0,34.95,-0.36,-7.77,0.0,2026-08-22,18,Saturday,6-10 km
O00325,C0013,R005,D068,Bengaluru,2026-08-19 18:46:00,2026-08-19 19:58:39.561493,2026-08-19 19:09:09.791464,2026-08-19 19:56:49.826012,delivered,16.6,medium,clear,D068,D068,2026-08-19 18:59:55.162805,,2026-08-19 19:04:00,2026-08-19 20:04:45.780356,completed,eta-v3.2,False,D068,2026-08-19 18:59:55.162805,2026-08-19 19:56:49.826012,2026-08-19 19:09:09.791464,5,,,True,True,-1.83,0.0,0.0,delivered_on_time,2026-08-19 19:56:49.826012,False,-1.83,13.92,9.24,47.67,70.83,72.66,18.0,54.66,5.16,-6.99,6.1,2026-08-19,18,Wednesday,10-20 km
O00326,C0636,R036,D037,Bengaluru,2026-08-25 20:29:00,2026-08-25 21:44:36.000000,2026-08-25 21:04:21.204453,2026-08-25 21:49:43.512376,delivered,18.0,medium,clear,D037,D037,2026-08-25 20:29:44.774757,,2026-08-25 20:47:00,2026-08-25 21:50:29.461545,completed,eta-v3.2,False,D037,2026-08-25 20:29:44.774757,2026-08-25 21:49:43.512376,2026-08-25 21:04:21.204453,4,,,True,True,5.13,1.0,0.0,delivered_late,2026-08-25 21:49:43.512376,False,5.13,0.75,34.61,45.37,80.73,75.6,18.0,57.6,17.35,-12.23,5.89,2026-08-25,20,Tuesday,10-20 km
O00327,C0081,R021,D001,Bengaluru,2026-08-19 20:26:00,2026-08-19 21:47:36.000000,2026-08-19 20:50:44.724434,2026-08-19 21:50:57.630966,delivered,18.0,medium,heavy_rain,D001,D001,2026-08-19 20:27:19.053446,,2026-08-19 20:44:00,2026-08-19 22:03:36.000000,completed,eta-v3.2,False,D001,2026-08-19 20:27:19.053446,2026-08-19 21:50:57.630966,2026-08-19 20:50:44.724434,5,,,True,True,3.36,1.0,0.0,delivered_late,2026-08-19 21:50:57.630966,False,3.36,1.32,23.43,60.22,84.96,81.6,18.0,63.6,6.75,-3.38,16.0,2026-08-19,20,Wednesday,10-20 km
O00328,C0488,R030,D109,Bengaluru,2026-08-01 16:05:00,2026-08-01 17:17:48.000000,2026-08-01 16:27:51.282392,2026-08-01 17:10:24.095574,delivered,18.0,low,clear,D109,D109,2026-08-01 16:10:53.655714,,2026-08-01 16:23:00,2026-08-01 17:17:48.000000,completed,eta-v3.1,False,D109,2026-08-01 16:10:53.655714,2026-08-01 17:10:24.095574,2026-08-01 16:27:51.282392,3,,,True,True,-7.4,0.0,0.0,delivered_on_time,2026-08-01 17:10:24.095574,False,-7.4,5.89,16.96,42.55,65.4,72.8,18.0,54.8,4.85,-12.25,0.0,2026-08-01,16,Saturday,10-20 km
O00329,C0696,R044,D016,Bengaluru,2026-08-26 19:31:00,2026-08-26 20:43:48.000000,2026-08-26 20:20:50.763861,2026-08-26 21:04:31.001842,delivered,18.0,low,clear,D016,D016,2026-08-26 19:32:14.871018,,2026-08-26 19:49:00,2026-08-26 20:54:24.247163,completed,eta-v3.2,False,D016,2026-08-26 19:32:14.871018,2026-08-26 21:04:31.001842,2026-08-26 20:20:50.763861,3,,,True,True,20.72,1.0,1.0,delivered_late,2026-08-26 21:04:31.001842,False,20.72,1.25,48.6,43.67,93.52,72.8,18.0,54.8,31.85,-11.13,10.6,2026-08-26,19,Wednesday,10-20 km
O00330,C0609,R015,D054,Bengaluru,2026-08-19 20:22:00,2026-08-19 21:09:50.313623,2026-08-19 20:47:39.420763,2026-08-19 21:12:42.624005,delivered,6.11,low,clear,D054,D054,2026-08-19 20:28:04.824168,,2026-08-19 20:40:00,2026-08-19 21:09:50.313623,completed,eta-v3.1,False,D054,2026-08-19 20:28:04.824168,2026-08-19 21:12:42.624005,2026-08-19 20:47:39.420763,5,,,True,True,2.87,1.0,0.0,delivered_late,2026-08-19 21:12:42.624005,False,2.87,6.08,19.58,25.05,50.71,47.84,18.0,29.84,7.66,-4.79,0.0,2026-08-19,20,Wednesday,6-10 km
O00331,C0369,R006,D032,Bengaluru,2026-08-15 17:20:00,2026-08-15 18:31:58.306739,2026-08-15 18:02:06.194305,2026-08-15 18:53:57.358916,delivered,11.61,severe,clear,D032,D032,2026-08-15 17:20:24.439805,,2026-08-15 17:38:00,2026-08-15 18:58:18.658018,completed,eta-v3.2,False,D032,2026-08-15 17:20:24.439805,2026-08-15 18:53:57.358916,2026-08-15 18:02:06.194305,4,,,True,True,21.98,1.0,1.0,delivered_late,2026-08-15 18:53:57.358916,False,21.98,0.41,41.7,51.85,93.96,71.97,18.0,53.97,24.1,-2.12,26.34,2026-08-15,17,Saturday,10-20 km
O00332,C0624,R055,D094,Bengaluru,2026-08-22 20:46:00,2026-08-22 22:04:35.142048,2026-08-22 21:03:06.859842,2026-08-22 22:01:08.472938,delivered,17.42,high,clear,D002,D094,2026-08-22 20:46:12.044473,2026-08-22 20:54:01.354063,2026-08-22 21:04:00,2026-08-22 22:14:35.142048,completed,eta-v3.1,True,D002,2026-08-22 20:46:12.044473,2026-08-22 22:01:08.472938,2026-08-22 21:03:06.859842,2,CX-01;CX-03,,True,True,-3.44,0.0,0.0,delivered_on_time,2026-08-22 22:01:08.472938,False,-3.44,0.2,16.91,58.03,75.14,78.59,18.0,60.59,-0.89,-2.56,10.0,2026-08-22,20,Saturday,10-20 km
O00333,C0671,R033,D027,Bengaluru,2026-08-24 16:12:00,2026-08-24 17:24:48.000000,2026-08-24 16:45:10.913093,2026-08-24 17:30:23.742830,delivered,18.0,low,clear,D027,D027,2026-08-24 16:12:33.429298,,2026-08-24 16:30:00,2026-08-24 17:31:19.630564,completed,eta-v3.1,False,D027,2026-08-24 16:12:33.429298,2026-08-24 17:30:23.742830,2026-08-24 16:45:10.913093,3,,,True,True,5.6,1.0,0.0,delivered_late,2026-08-24 17:30:23.742830,False,5.6,0.56,32.62,45.21,78.4,72.8,18.0,54.8,15.18,-9.59,6.53,2026-08-24,16,Monday,10-20 km
O00334,C0696,R030,D047,Bengaluru,2026-08-26 23:57:00,2026-08-27 00:52:53.783494,2026-08-27 00:18:52.271358,2026-08-27 00:47:37.871156,delivered,9.95,low,clear,D047,D047,2026-08-26 23:58:17.218194,,2026-08-27 00:15:00,2026-08-27 00:53:24.457862,completed,eta-v3.2,False,D047,2026-08-26 23:58:17.218194,2026-08-27 00:47:37.871156,2026-08-27 00:18:52.271358,4,,,True,True,-5.27,0.0,0.0,delivered_on_time,2026-08-27 00:47:37.871156,False,-5.27,1.29,20.58,28.76,50.63,55.9,18.0,37.9,3.87,-9.14,0.51,2026-08-26,23,Wednesday,6-10 km
O00335,C0639,R021,D006,Bengaluru,2026-08-13 16:03:00,2026-08-13 17:21:06.000000,2026-08-13 16:44:18.311732,2026-08-13 17:42:05.613011,delivered,18.0,medium,rain,D006,D006,2026-08-13 16:05:40.601785,,2026-08-13 16:21:00,2026-08-13 17:30:06.000000,completed,eta-v3.1,False,D006,2026-08-13 16:05:40.601785,2026-08-13 17:42:05.613011,2026-08-13 16:44:18.311732,5,,,True,True,20.99,1.0,1.0,delivered_late,2026-08-13 17:42:05.613011,False,20.99,2.68,38.63,57.79,99.09,78.1,18.0,60.1,23.31,-2.31,9.0,2026-08-13,16,Thursday,10-20 km
O00336,C0503,R015,D073,Bengaluru,2026-08-03 12:46:00,2026-08-03 13:42:37.672955,2026-08-03 13:10:05.894716,2026-08-03 13:42:42.794076,delivered,8.97,medium,clear,D073,D073,2026-08-03 12:47:37.722681,,2026-08-03 13:04:00,2026-08-03 13:46:37.672955,completed,eta-v3.2,False,D073,2026-08-03 12:47:37.722681,2026-08-03 13:42:42.794076,2026-08-03 13:10:05.894716,4,,,True,True,0.09,1.0,0.0,delivered_late,2026-08-03 13:42:42.794076,False,0.09,1.63,22.47,32.61,56.71,56.63,18.0,38.63,6.1,-6.02,4.0,2026-08-03,12,Monday,6-10 km
O00337,C0864,R024,D005,Bengaluru,2026-08-16 18:25:00,2026-08-16 19:47:18.000000,2026-08-16 18:48:42.005698,,cancelled,18.0,high,rain,D005,D005,2026-08-16 18:25:10.684495,,2026-08-16 18:43:00,2026-08-16 20:02:18.000000,cancelled,eta-v3.2,False,D005,2026-08-16 18:25:10.684495,,,0,,,False,False,,,,cancelled,,False,,0.18,23.52,,,82.3,18.0,64.3,5.7,,15.0,2026-08-16,18,Sunday,10-20 km
O00338,C0331,R018,D031,Bengaluru,2026-08-04 18:59:00,2026-08-04 20:07:26.348596,2026-08-04 19:42:45.398764,2026-08-04 20:27:05.860421,delivered,9.92,severe,clear,D031,D031,2026-08-04 19:07:48.334320,,2026-08-04 19:17:00,2026-08-04 20:25:26.348596,completed,eta-v3.2,False,D031,2026-08-04 19:07:48.334320,2026-08-04 20:27:05.860421,2026-08-04 19:42:45.398764,5,,,True,True,19.66,1.0,1.0,delivered_late,2026-08-04 20:27:05.860421,False,19.66,8.81,34.95,44.34,88.1,68.44,18.0,50.44,25.76,-6.1,18.0,2026-08-04,18,Tuesday,6-10 km
O00339,C0367,R038,D080,Bengaluru,2026-08-22 13:44:00,2026-08-22 14:59:36.000000,2026-08-22 14:07:38.997695,2026-08-22 14:59:03.530059,delivered,18.0,medium,clear,D080,D080,2026-08-22 13:46:21.010886,,2026-08-22 14:02:00,2026-08-22 15:04:43.038798,completed,eta-v3.1,False,D080,2026-08-22 13:46:21.010886,2026-08-22 14:59:03.530059,2026-08-22 14:07:38.997695,3,,,True,True,-0.54,0.0,0.0,delivered_on_time,2026-08-22 14:59:03.530059,False,-0.54,2.35,21.3,51.41,75.06,75.6,18.0,57.6,5.65,-6.19,5.12,2026-08-22,13,Saturday,10-20 km
O00340,C0266,R055,D007,Bengaluru,2026-08-10 18:53:00,2026-08-10 20:18:48.000000,2026-08-10 19:32:49.800549,2026-08-10 20:41:49.445594,delivered,18.0,high,heavy_rain,D007,D007,2026-08-10 18:58:50.760008,,2026-08-10 19:11:00,2026-08-10 20:45:53.999796,completed,eta-v3.2,False,D007,2026-08-10 18:58:50.760008,2026-08-10 20:41:49.445594,2026-08-10 19:32:49.800549,3,,,True,True,23.02,1.0,1.0,delivered_late,2026-08-10 20:41:49.445594,False,23.02,5.85,33.98,68.99,108.82,85.8,18.0,67.8,21.83,1.19,27.1,2026-08-10,18,Monday,10-20 km
O00341,C0302,R035,D052,Bengaluru,2026-08-24 13:41:00,2026-08-24 14:56:18.000000,2026-08-24 14:02:59.669982,,delivered,18.0,low,rain,D052,D052,2026-08-24 13:46:31.708497,,2026-08-24 13:59:00,2026-08-24 15:01:33.326186,completed,eta-v3.2,False,D052,2026-08-24 13:46:31.708497,2026-08-24 14:56:47.963711,2026-08-24 14:02:59.669982,2,TS-04,TS-04,True,False,,,,unknown_missing_timestamp,2026-08-24 14:56:47.963711,True,0.5,5.53,16.47,,,75.3,18.0,57.3,3.99,,5.26,2026-08-24,13,Monday,10-20 km
O00342,C0047,R024,D067,Bengaluru,2026-08-19 12:52:00,2026-08-19 14:04:48.000000,2026-08-19 13:18:19.110517,2026-08-19 14:05:58.984450,delivered,18.0,low,clear,D067,D067,2026-08-19 12:58:31.563059,,2026-08-19 13:10:00,2026-08-19 14:04:48.000000,completed,eta-v3.2,False,D067,2026-08-19 12:58:31.563059,2026-08-19 14:05:58.984450,2026-08-19 13:18:19.110517,3,,,True,True,1.18,1.0,0.0,delivered_late,2026-08-19 14:05:58.984450,False,1.18,6.53,19.79,47.66,73.98,72.8,18.0,54.8,8.32,-7.14,0.0,2026-08-19,12,Wednesday,10-20 km
O00343,C0674,R038,D063,Bengaluru,2026-08-02 19:21:00,2026-08-02 20:33:48.000000,2026-08-02 19:56:53.359370,2026-08-02 20:39:51.698929,delivered,18.0,low,clear,D063,D063,2026-08-02 19:23:05.679596,,2026-08-02 19:39:00,2026-08-02 20:33:48.000000,completed,eta-v3.1,False,D063,2026-08-02 19:23:05.679596,2026-08-02 20:39:51.698929,2026-08-02 19:56:53.359370,5,,,True,True,6.06,1.0,0.0,delivered_late,2026-08-02 20:39:51.698929,False,6.06,2.09,33.79,42.97,78.86,72.8,18.0,54.8,17.89,-11.83,0.0,2026-08-02,19,Sunday,10-20 km
O00344,C0851,R033,D020,Bengaluru,2026-08-03 19:37:00,2026-08-03 20:56:48.000000,2026-08-03 19:52:50.568117,2026-08-03 20:50:06.391097,delivered,18.0,high,clear,D020,D020,2026-08-03 19:41:50.592809,,2026-08-03 19:55:00,2026-08-03 21:06:48.000000,completed,eta-v3.2,False,D020,2026-08-03 19:41:50.592809,2026-08-03 20:50:06.391097,2026-08-03 19:52:50.568117,3,,,True,True,-6.69,0.0,0.0,delivered_on_time,2026-08-03 20:50:06.391097,False,-6.69,4.84,11.0,57.26,73.11,79.8,18.0,61.8,-2.16,-4.54,10.0,2026-08-03,19,Monday,10-20 km
O00345,C0190,R046,D022,Bengaluru,2026-08-16 19:05:00,2026-08-16 20:25:58.837917,2026-08-16 19:39:53.069929,2026-08-16 20:36:49.818387,delivered,17.37,high,rain,D022,D022,2026-08-16 19:07:18.377693,,2026-08-16 19:23:00,2026-08-16 20:40:58.837917,completed,eta-v3.2,False,D022,2026-08-16 19:07:18.377693,2026-08-16 20:36:49.818387,2026-08-16 19:39:53.069929,3,,,True,True,10.85,1.0,1.0,delivered_late,2026-08-16 20:36:49.818387,False,10.85,2.31,32.58,56.95,91.83,80.98,18.0,62.98,16.88,-6.03,15.0,2026-08-16,19,Sunday,10-20 km
O00346,C0897,R012,D029,Bengaluru,2026-08-02 13:50:00,2026-08-02 14:58:01.091506,2026-08-02 14:08:21.516421,2026-08-02 14:54:43.522053,delivered,14.53,low,rain,D048,D029,2026-08-02 13:54:17.992359,2026-08-02 13:58:17.719457,2026-08-02 14:08:00,2026-08-02 15:03:01.091506,completed,eta-v3.2,True,D048,2026-08-02 13:54:17.992359,2026-08-02 14:54:43.522053,2026-08-02 14:08:21.516421,5,CX-01;CX-03,,True,True,-3.29,0.0,0.0,delivered_on_time,2026-08-02 14:54:43.522053,False,-3.29,4.3,14.06,46.37,64.73,68.02,18.0,50.02,0.36,-3.65,5.0,2026-08-02,13,Sunday,10-20 km
O00347,C0398,R002,D024,Bengaluru,2026-08-16 18:04:00,2026-08-16 19:23:48.000000,2026-08-16 18:23:52.342556,2026-08-16 19:18:39.792906,delivered,18.0,high,clear,D024,D024,2026-08-16 18:04:00.198211,,2026-08-16 18:22:00,2026-08-16 19:35:00.257502,completed,eta-v3.1,False,D024,2026-08-16 18:04:00.198211,2026-08-16 19:18:39.792906,2026-08-16 18:23:52.342556,2,,,True,True,-5.14,0.0,0.0,delivered_on_time,2026-08-16 19:18:39.792906,False,-5.14,0.0,19.87,54.79,74.66,79.8,18.0,61.8,1.87,-7.01,11.2,2026-08-16,18,Sunday,10-20 km
O00348,C0599,R050,D073,Bengaluru,2026-08-07 17:14:00,2026-08-07 18:12:56.676640,2026-08-07 17:58:27.684576,2026-08-07 18:34:03.056448,delivered,11.4,low,clear,D073,D073,2026-08-07 17:14:34.907292,,2026-08-07 17:32:00,2026-08-07 18:19:39.594293,completed,eta-v3.2,False,D073,2026-08-07 17:14:34.907292,2026-08-07 18:34:03.056448,2026-08-07 17:58:27.684576,4,,,True,True,21.11,1.0,1.0,delivered_late,2026-08-07 18:34:03.056448,False,21.11,0.58,43.88,35.59,80.05,58.94,18.0,40.94,26.46,-5.35,6.72,2026-08-07,17,Friday,10-20 km
O00349,C0523,R057,D094,Bengaluru,2026-08-02 15:07:00,2026-08-02 16:09:34.555807,2026-08-02 15:36:55.065279,2026-08-02 16:17:46.573484,delivered,9.8,high,clear,D094,D094,2026-08-02 15:19:58.140379,,2026-08-02 15:25:00,2026-08-02 16:19:34.555807,completed,eta-v3.1,False,D094,2026-08-02 15:19:58.140379,2026-08-02 16:17:46.573484,2026-08-02 15:36:55.065279,3,,,True,True,8.2,1.0,0.0,delivered_late,2026-08-02 16:17:46.573484,False,8.2,12.97,16.95,40.86,70.78,62.58,18.0,44.58,11.92,-3.72,10.0,2026-08-02,15,Sunday,6-10 km
O00350,C0524,R048,D044,Bengaluru,2026-08-07 19:53:00,2026-08-07 20:59:23.366458,2026-08-07 20:09:15.242894,2026-08-07 20:50:25.990790,delivered,13.61,medium,clear,D044,D044,2026-08-07 20:00:58.147154,,2026-08-07 20:11:00,2026-08-07 21:03:23.366458,completed,eta-v3.1,False,D044,2026-08-07 20:00:58.147154,2026-08-07 20:50:25.990790,2026-08-07 20:09:15.242894,2,CX-03,,True,True,-8.96,0.0,0.0,delivered_on_time,2026-08-07 20:50:25.990790,False,-8.96,7.97,8.28,41.18,57.43,66.39,18.0,48.39,-1.75,-7.21,4.0,2026-08-07,19,Friday,10-20 km
O00351,C0643,R028,D015,Bengaluru,2026-08-16 20:32:00,2026-08-16 21:44:48.000000,2026-08-16 21:00:40.289073,2026-08-16 21:50:09.729065,delivered,18.0,low,clear,D015,D015,2026-08-16 20:33:45.057545,,2026-08-16 20:50:00,2026-08-16 21:46:39.800013,completed,eta-v3.1,False,D015,2026-08-16 20:33:45.057545,2026-08-16 21:50:09.729065,2026-08-16 21:00:40.289073,5,,,True,True,5.36,1.0,0.0,delivered_late,2026-08-16 21:50:09.729065,False,5.36,1.75,26.92,49.49,78.16,72.8,18.0,54.8,10.67,-5.31,1.86,2026-08-16,20,Sunday,10-20 km
O00352,C0772,R013,D015,Bengaluru,2026-08-16 19:10:00,2026-08-16 20:31:28.569291,2026-08-16 19:54:00.821798,2026-08-16 20:52:52.901477,delivered,17.61,high,rain,D015,D015,2026-08-16 19:10:19.375167,,2026-08-16 19:28:00,2026-08-16 20:47:20.181762,completed,eta-v3.2,False,D015,2026-08-16 19:10:19.375167,2026-08-16 20:52:52.901477,2026-08-16 19:54:00.821798,2,,,True,True,21.41,1.0,1.0,delivered_late,2026-08-16 20:52:52.901477,False,21.41,0.32,43.69,58.87,102.88,81.48,18.0,63.48,26.01,-4.61,15.86,2026-08-16,19,Sunday,10-20 km
O00353,C0059,R040,D082,Bengaluru,2026-08-23 16:02:00,2026-08-23 17:17:36.000000,2026-08-23 16:29:05.535612,2026-08-23 17:15:03.310079,delivered,18.0,medium,clear,D082,D082,2026-08-23 16:02:37.993676,,2026-08-23 16:20:00,2026-08-23 17:22:06.190029,completed,eta-v3.2,False,D082,2026-08-23 16:02:37.993676,2026-08-23 17:15:03.310079,2026-08-23 16:29:05.535612,2,,,True,True,-2.54,0.0,0.0,delivered_on_time,2026-08-23 17:15:03.310079,False,-2.54,0.63,26.46,45.96,73.06,75.6,18.0,57.6,9.09,-11.64,4.5,2026-08-23,16,Sunday,10-20 km
O00354,C0859,R056,D034,Bengaluru,2026-08-12 21:07:00,2026-08-12 22:22:36.000000,2026-08-12 21:34:24.381053,2026-08-12 22:25:46.080603,delivered,18.0,medium,clear,D034,D034,2026-08-12 21:07:49.966294,,2026-08-12 21:25:00,2026-08-12 22:31:51.121487,completed,eta-v3.1,False,D034,2026-08-12 21:07:49.966294,2026-08-12 22:25:46.080603,2026-08-12 21:34:24.381053,3,,,True,True,3.17,1.0,0.0,delivered_late,2026-08-12 22:25:46.080603,False,3.17,0.83,26.57,51.36,78.77,75.6,18.0,57.6,9.41,-6.24,9.25,2026-08-12,21,Wednesday,10-20 km
O00355,C0056,R059,D113,Bengaluru,2026-08-25 19:44:00,2026-08-25 20:44:23.613450,2026-08-25 20:14:48.229896,2026-08-25 20:48:45.398257,delivered,12.09,low,clear,D113,D113,2026-08-25 19:47:50.872937,,2026-08-25 20:02:00,2026-08-25 20:45:20.124107,completed,eta-v3.1,False,D113,2026-08-25 19:47:50.872937,2026-08-25 20:48:45.398257,2026-08-25 20:14:48.229896,5,,,True,True,4.36,1.0,0.0,delivered_late,2026-08-25 20:48:45.398257,False,4.36,3.85,26.96,33.95,64.76,60.39,18.0,42.39,12.8,-8.44,0.94,2026-08-25,19,Tuesday,10-20 km
O00356,C0101,R046,D074,Bengaluru,2026-08-18 21:28:00,2026-08-18 22:25:40.505807,2026-08-18 21:53:05.327226,2026-08-18 22:29:46.405078,delivered,6.27,high,rain,D074,D074,2026-08-18 21:30:37.479785,,2026-08-18 21:46:00,2026-08-18 22:40:40.505807,completed,eta-v3.2,False,D074,2026-08-18 21:30:37.479785,2026-08-18 22:29:46.405078,2026-08-18 21:53:05.327226,5,,,True,True,4.1,1.0,0.0,delivered_late,2026-08-18 22:29:46.405078,False,4.1,2.62,22.46,36.68,61.77,57.68,18.0,39.68,7.09,-3.0,15.0,2026-08-18,21,Tuesday,6-10 km
O00357,C0853,R043,D003,Bengaluru,2026-08-23 13:09:00,2026-08-23 14:06:15.000676,2026-08-23 13:33:54.394112,2026-08-23 14:01:29.257915,delivered,7.26,high,clear,D003,D003,2026-08-23 13:11:54.524483,,2026-08-23 13:27:00,2026-08-23 14:16:15.000676,completed,eta-v3.2,False,D003,2026-08-23 13:11:54.524483,2026-08-23 14:01:29.257915,2026-08-23 13:33:54.394112,2,,,True,True,-4.76,0.0,0.0,delivered_on_time,2026-08-23 14:01:29.257915,False,-4.76,2.91,22.0,27.58,52.49,57.25,18.0,39.25,6.91,-11.67,10.0,2026-08-23,13,Sunday,6-10 km
O00358,C0207,R045,D086,Bengaluru,2026-08-28 20:53:00,2026-08-28 22:14:29.275144,2026-08-28 21:25:44.733578,2026-08-28 22:21:08.692875,delivered,16.14,severe,clear,D086,D086,2026-08-28 21:05:15.113023,,2026-08-28 21:11:00,2026-08-28 22:33:03.419363,completed,eta-v3.2,False,D086,2026-08-28 21:05:15.113023,2026-08-28 22:21:08.692875,2026-08-28 21:25:44.733578,3,,,True,True,6.66,1.0,0.0,delivered_late,2026-08-28 22:21:08.692875,False,6.66,12.25,20.49,55.4,88.14,81.49,18.0,63.49,14.75,-8.09,18.57,2026-08-28,20,Friday,10-20 km
O00359,C0536,R019,D024,Bengaluru,2026-08-08 18:18:00,2026-08-08 19:37:48.000000,2026-08-08 18:52:01.594456,2026-08-08 19:52:10.109482,delivered,18.0,high,clear,D024,D024,2026-08-08 18:18:44.776650,,2026-08-08 18:36:00,2026-08-08 19:49:35.159653,completed,eta-v3.2,False,D024,2026-08-08 18:18:44.776650,2026-08-08 19:52:10.109482,2026-08-08 18:52:01.594456,3,RG-03,,True,True,14.37,1.0,1.0,delivered_late,2026-08-08 19:52:10.109482,False,14.37,0.75,33.28,60.14,94.17,79.8,18.0,61.8,16.03,-1.66,11.79,2026-08-08,18,Saturday,10-20 km
O00360,C0682,R028,D115,Bengaluru,2026-08-05 13:07:00,2026-08-05 14:04:58.570767,2026-08-05 13:36:07.262652,2026-08-05 14:14:36.129525,delivered,10.94,low,clear,D115,D115,2026-08-05 13:09:37.955358,,2026-08-05 13:25:00,2026-08-05 14:10:01.384259,completed,eta-v3.2,False,D115,2026-08-05 13:09:37.955358,2026-08-05 14:14:36.129525,2026-08-05 13:36:07.262652,5,,,True,True,9.63,1.0,0.0,delivered_late,2026-08-05 14:14:36.129525,False,9.63,2.63,26.49,38.48,67.6,57.98,18.0,39.98,11.12,-1.5,5.05,2026-08-05,13,Wednesday,10-20 km
O00361,C0696,R012,D038,Bengaluru,2026-08-16 20:29:00,2026-08-16 21:32:04.512977,2026-08-16 20:51:50.456544,2026-08-16 21:31:40.293468,delivered,7.37,severe,clear,D038,D038,2026-08-16 20:29:43.159397,,2026-08-16 20:47:00,2026-08-16 21:50:04.512977,completed,eta-v3.2,False,D038,2026-08-16 20:29:43.159397,2026-08-16 21:31:40.293468,2026-08-16 20:51:50.456544,3,,,True,True,-0.4,0.0,0.0,delivered_on_time,2026-08-16 21:31:40.293468,False,-0.4,0.72,22.12,39.83,62.67,63.08,18.0,45.08,4.84,-5.25,18.0,2026-08-16,20,Sunday,6-10 km
O00362,C0395,R054,D049,Bengaluru,2026-08-11 19:46:00,2026-08-11 21:01:36.000000,2026-08-11 20:05:41.493161,,cancelled,18.0,medium,clear,D049,D049,2026-08-11 19:47:08.041270,,2026-08-11 20:04:00,2026-08-11 21:05:36.000000,cancelled,eta-v3.1,False,D049,2026-08-11 19:47:08.041270,,,0,,,False,False,,,,cancelled,,False,,1.13,18.56,,,75.6,18.0,57.6,1.69,,4.0,2026-08-11,19,Tuesday,10-20 km
O00363,C0345,R051,D032,Bengaluru,2026-08-15 17:20:00,2026-08-15 18:12:54.543911,2026-08-15 17:28:21.700020,2026-08-15 17:54:21.366296,delivered,8.53,low,clear,D070,D032,2026-08-15 17:24:40.582018,2026-08-15 17:32:37.351601,2026-08-15 17:38:00,2026-08-15 18:12:54.543911,completed,eta-v3.1,True,D070,2026-08-15 17:24:40.582018,2026-08-15 17:54:21.366296,2026-08-15 17:28:21.700020,5,CX-01;CX-03,,True,True,-18.55,0.0,0.0,delivered_on_time,2026-08-15 17:54:21.366296,False,-18.55,4.68,3.69,25.99,34.36,52.91,18.0,34.91,-9.64,-8.92,0.0,2026-08-15,17,Saturday,6-10 km
O00364,C0394,R011,D085,Bengaluru,2026-08-12 17:45:00,2026-08-12 18:49:11.775703,2026-08-12 18:18:14.197763,2026-08-12 18:57:44.158657,delivered,10.57,high,clear,D085,D085,2026-08-12 17:45:02.535886,,2026-08-12 18:03:00,2026-08-12 19:01:49.540006,completed,eta-v3.1,False,D085,2026-08-12 17:45:02.535886,2026-08-12 18:57:44.158657,2026-08-12 18:18:14.197763,5,,,True,True,8.54,1.0,0.0,delivered_late,2026-08-12 18:57:44.158657,False,8.54,0.04,33.19,39.5,72.74,64.2,18.0,46.2,15.24,-6.7,12.63,2026-08-12,17,Wednesday,10-20 km
O00365,C0501,R018,D074,Bengaluru,2026-08-14 20:26:00,2026-08-14 21:38:48.000000,2026-08-14 21:04:25.341143,2026-08-14 21:50:07.724515,delivered,18.0,low,clear,D074,D074,2026-08-14 20:38:34.354915,,2026-08-14 20:44:00,2026-08-14 21:46:59.328905,completed,eta-v3.2,False,D074,2026-08-14 20:38:34.354915,2026-08-14 21:50:07.724515,2026-08-14 21:04:25.341143,5,,,True,True,11.33,1.0,1.0,delivered_late,2026-08-14 21:50:07.724515,False,11.33,12.57,25.85,45.71,84.13,72.8,18.0,54.8,20.42,-9.09,8.19,2026-08-14,20,Friday,10-20 km
O00366,C0217,R037,D082,Bengaluru,2026-08-05 14:53:00,2026-08-05 15:35:49.999247,2026-08-05 15:35:52.058284,2026-08-05 15:48:06.842914,delivered,2.4,medium,clear,D082,D082,2026-08-05 14:54:57.731861,,2026-08-05 15:11:00,2026-08-05 15:47:39.618678,completed,eta-v3.1,False,D082,2026-08-05 14:54:57.731861,2026-08-05 15:48:06.842914,2026-08-05 15:35:52.058284,3,,,True,True,12.28,1.0,1.0,delivered_late,2026-08-05 15:48:06.842914,False,12.28,1.96,40.91,12.25,55.11,42.83,18.0,24.83,24.87,-12.58,11.83,2026-08-05,14,Wednesday,0-3 km
O00367,C0404,R059,D025,Bengaluru,2026-08-16 12:42:00,2026-08-16 13:49:08.677012,2026-08-16 13:02:35.163684,2026-08-16 13:41:30.839347,delivered,11.97,high,clear,D025,D025,2026-08-16 12:47:07.491135,,2026-08-16 13:00:00,2026-08-16 13:59:20.025363,completed,eta-v3.1,False,D025,2026-08-16 12:47:07.491135,2026-08-16 13:41:30.839347,2026-08-16 13:02:35.163684,4,,,True,True,-7.63,0.0,0.0,delivered_on_time,2026-08-16 13:41:30.839347,False,-7.63,5.12,15.46,38.93,59.51,67.14,18.0,49.14,2.59,-10.21,10.19,2026-08-16,12,Sunday,10-20 km
O00368,C0345,R003,D063,Bengaluru,2026-08-16 23:52:00,2026-08-17 01:04:48.000000,2026-08-17 00:20:48.059677,2026-08-17 01:05:57.795524,delivered,18.0,low,clear,D063,D063,2026-08-16 23:53:03.916642,,2026-08-17 00:10:00,2026-08-17 01:04:48.000000,completed,eta-v3.1,False,D063,2026-08-16 23:53:03.916642,2026-08-17 01:05:57.795524,2026-08-17 00:20:48.059677,2,CX-03,,True,True,1.16,1.0,0.0,delivered_late,2026-08-17 01:05:57.795524,False,1.16,1.07,27.74,45.16,73.96,72.8,18.0,54.8,10.8,-9.64,0.0,2026-08-16,23,Sunday,10-20 km
O00369,C0752,R009,D025,Bengaluru,2026-08-12 11:18:00,2026-08-12 12:36:06.000000,2026-08-12 11:49:39.189589,2026-08-12 12:40:10.926714,delivered,18.0,medium,rain,D025,D025,2026-08-12 11:20:57.677162,,2026-08-12 11:36:00,2026-08-12 12:45:06.000000,completed,eta-v3.2,False,D025,2026-08-12 11:20:57.677162,2026-08-12 12:40:10.926714,2026-08-12 11:49:39.189589,4,,,True,True,4.08,1.0,0.0,delivered_late,2026-08-12 12:40:10.926714,False,4.08,2.96,28.69,50.53,82.18,78.1,18.0,60.1,13.65,-9.57,9.0,2026-08-12,11,Wednesday,10-20 km
O00370,C0844,R016,D100,Bengaluru,2026-08-12 20:00:00,2026-08-12 21:02:39.192990,2026-08-12 20:29:08.557201,2026-08-12 21:02:20.863369,delivered,13.17,low,clear,D100,D100,2026-08-12 20:00:22.007831,,2026-08-12 20:18:00,2026-08-12 21:05:12.652649,completed,eta-v3.1,False,D100,2026-08-12 20:00:22.007831,2026-08-12 21:02:20.863369,2026-08-12 20:29:08.557201,2,,,True,True,-0.31,0.0,0.0,delivered_on_time,2026-08-12 21:02:20.863369,False,-0.31,0.37,28.78,33.21,62.35,62.65,18.0,44.65,11.14,-11.44,2.56,2026-08-12,20,Wednesday,10-20 km
O00371,C0215,R007,D010,Bengaluru,2026-08-04 20:59:00,2026-08-04 22:11:48.000000,2026-08-04 21:32:19.080236,2026-08-04 22:13:52.159366,delivered,18.0,low,clear,D010,D010,2026-08-04 21:01:07.714026,,2026-08-04 21:17:00,2026-08-04 22:14:23.613693,completed,eta-v3.2,False,D010,2026-08-04 21:01:07.714026,2026-08-04 22:13:52.159366,2026-08-04 21:32:19.080236,4,RG-03;CX-03,,True,True,2.07,1.0,0.0,delivered_late,2026-08-04 22:13:52.159366,False,2.07,2.13,31.19,41.55,74.87,72.8,18.0,54.8,15.32,-13.25,2.59,2026-08-04,20,Tuesday,10-20 km
O00372,C0240,R007,D116,Bengaluru,2026-08-05 19:19:00,2026-08-05 20:31:48.000000,2026-08-05 19:50:49.397797,2026-08-05 20:33:09.521921,delivered,18.0,low,clear,D116,D116,2026-08-05 19:28:02.955507,,2026-08-05 19:37:00,2026-08-05 20:38:52.114894,completed,eta-v3.1,False,D116,2026-08-05 19:28:02.955507,2026-08-05 20:33:09.521921,2026-08-05 19:50:49.397797,2,RG-03,,True,True,1.36,1.0,0.0,delivered_late,2026-08-05 20:33:09.521921,False,1.36,9.05,22.77,42.34,74.16,72.8,18.0,54.8,13.82,-12.46,7.07,2026-08-05,19,Wednesday,10-20 km
O00373,C0349,R056,D023,Bengaluru,2026-08-02 18:58:00,2026-08-02 20:13:36.000000,2026-08-02 19:17:32.288314,2026-08-02 20:09:38.146404,delivered,18.0,medium,clear,D023,D023,2026-08-02 19:00:46.016576,,2026-08-02 19:16:00,2026-08-02 20:17:36.000000,completed,eta-v3.1,False,D023,2026-08-02 19:00:46.016576,2026-08-02 20:09:38.146404,2026-08-02 19:17:32.288314,4,,,True,True,-3.96,0.0,0.0,delivered_on_time,2026-08-02 20:09:38.146404,False,-3.96,2.77,16.77,52.1,71.64,75.6,18.0,57.6,1.54,-5.5,4.0,2026-08-02,18,Sunday,10-20 km
O00374,C0843,R036,D001,Bengaluru,2026-08-19 17:10:00,2026-08-19 18:24:58.125026,2026-08-19 17:34:20.116953,2026-08-19 18:31:14.298709,delivered,14.51,high,rain,D001,D001,2026-08-19 17:12:31.845744,,2026-08-19 17:28:00,2026-08-19 18:39:58.125026,completed,eta-v3.1,False,D001,2026-08-19 17:12:31.845744,2026-08-19 18:31:14.298709,2026-08-19 17:34:20.116953,4,RG-03,,True,True,6.27,1.0,0.0,delivered_late,2026-08-19 18:31:14.298709,False,6.27,2.53,21.8,56.9,81.24,74.97,18.0,56.97,6.34,-0.07,15.0,2026-08-19,17,Wednesday,10-20 km
O00375,C0707,R044,D085,Bengaluru,2026-08-07 22:54:00,2026-08-08 00:13:48.000000,2026-08-07 23:14:11.858204,2026-08-08 00:10:32.483413,delivered,18.0,high,clear,D085,D085,2026-08-07 22:58:01.334960,,2026-08-07 23:12:00,2026-08-08 00:23:59.919033,completed,eta-v3.2,False,D085,2026-08-07 22:58:01.334960,2026-08-08 00:10:32.483413,2026-08-07 23:14:11.858204,3,,,True,True,-3.26,0.0,0.0,delivered_on_time,2026-08-08 00:10:32.483413,False,-3.26,4.02,16.18,56.34,76.54,79.8,18.0,61.8,2.2,-5.46,10.2,2026-08-07,22,Friday,10-20 km
O00376,C0276,R048,D110,Bengaluru,2026-08-15 12:08:00,2026-08-15 12:53:04.458548,2026-08-15 12:34:27.705834,2026-08-15 12:50:42.324350,delivered,3.46,medium,clear,D110,D110,2026-08-15 12:13:05.323007,,2026-08-15 12:26:00,2026-08-15 12:58:36.809318,completed,eta-v3.2,False,D110,2026-08-15 12:13:05.323007,2026-08-15 12:50:42.324350,2026-08-15 12:34:27.705834,4,,,True,True,-2.37,0.0,0.0,delivered_on_time,2026-08-15 12:50:42.324350,False,-2.37,5.09,21.37,16.24,42.71,45.07,18.0,27.07,8.46,-10.83,5.54,2026-08-15,12,Saturday,3-6 km
O00377,C0260,R020,D053,Bengaluru,2026-08-28 17:54:00,2026-08-28 18:52:41.615973,2026-08-28 18:18:11.811990,2026-08-28 18:53:13.696174,delivered,10.09,low,rain,D053,D053,2026-08-28 17:57:25.138781,,2026-08-28 18:12:00,2026-08-28 18:57:41.615973,completed,eta-v3.1,False,D053,2026-08-28 17:57:25.138781,2026-08-28 18:53:13.696174,2026-08-28 18:18:11.811990,2,,,True,True,0.53,1.0,0.0,delivered_late,2026-08-28 18:53:13.696174,False,0.53,3.42,20.78,35.03,59.23,58.69,18.0,40.69,6.2,-5.66,5.0,2026-08-28,17,Friday,10-20 km
O00378,C0087,R041,D011,Bengaluru,2026-08-23 19:06:00,2026-08-23 20:28:18.000000,2026-08-23 19:32:45.361566,2026-08-23 20:36:56.288888,delivered,18.0,high,rain,D011,D011,2026-08-23 19:07:15.191834,,2026-08-23 19:24:00,2026-08-23 20:44:12.912603,completed,eta-v3.2,False,D011,2026-08-23 19:07:15.191834,2026-08-23 20:36:56.288888,2026-08-23 19:32:45.361566,5,,,True,True,8.64,1.0,0.0,delivered_late,2026-08-23 20:36:56.288888,False,8.64,1.25,25.5,64.18,90.94,82.3,18.0,64.3,8.76,-0.12,15.92,2026-08-23,19,Sunday,10-20 km
O00379,C0582,R042,D098,Bengaluru,2026-08-26 20:25:00,2026-08-26 21:22:29.238692,2026-08-26 20:37:02.211297,2026-08-26 21:08:17.367164,delivered,9.37,medium,clear,D098,D098,2026-08-26 20:28:21.334093,,2026-08-26 20:43:00,2026-08-26 21:26:29.238692,completed,eta-v3.1,False,D098,2026-08-26 20:28:21.334093,2026-08-26 21:08:17.367164,2026-08-26 20:37:02.211297,5,,,True,True,-14.2,0.0,0.0,delivered_on_time,2026-08-26 21:08:17.367164,False,-14.2,3.36,8.68,31.25,43.29,57.49,18.0,39.49,-5.96,-8.24,4.0,2026-08-26,20,Wednesday,6-10 km
O00380,C0536,R017,D005,Bengaluru,2026-08-16 19:11:00,2026-08-16 20:13:57.495432,2026-08-16 19:25:02.611520,2026-08-16 20:01:53.244407,delivered,11.98,medium,clear,D005,D005,2026-08-16 19:25:37.155625,,2026-08-16 19:29:00,2026-08-16 20:17:57.495432,completed,eta-v3.2,False,D005,2026-08-16 19:25:37.155625,2026-08-16 20:01:53.244407,2026-08-16 19:25:02.611520,3,TS-07,,True,True,-12.07,0.0,0.0,delivered_on_time,2026-08-16 20:01:53.244407,False,-12.07,14.62,-0.58,36.84,50.89,62.96,18.0,44.96,-3.96,-8.12,4.0,2026-08-16,19,Sunday,10-20 km
O00381,C0282,R055,D080,Bengaluru,2026-08-18 17:55:00,2026-08-18 19:10:36.000000,2026-08-18 18:20:57.058759,2026-08-18 19:08:39.382818,delivered,18.0,medium,clear,D080,D080,2026-08-18 17:56:56.395657,,2026-08-18 18:13:00,2026-08-18 19:14:36.000000,completed,eta-v3.2,False,D080,2026-08-18 17:56:56.395657,2026-08-18 19:08:39.382818,2026-08-18 18:20:57.058759,2,,,True,True,-1.94,0.0,0.0,delivered_on_time,2026-08-18 19:08:39.382818,False,-1.94,1.94,24.01,47.71,73.66,75.6,18.0,57.6,7.95,-9.89,4.0,2026-08-18,17,Tuesday,10-20 km
O00382,C0573,R004,D082,Bengaluru,2026-08-28 20:56:00,2026-08-28 21:54:13.123900,2026-08-28 21:39:20.716819,2026-08-28 22:12:02.937686,delivered,7.72,high,clear,D082,D082,2026-08-28 21:01:56.241266,,2026-08-28 21:14:00,2026-08-28 22:12:48.127039,completed,eta-v3.2,False,D082,2026-08-28 21:01:56.241266,2026-08-28 22:12:02.937686,2026-08-28 21:39:20.716819,3,,,True,True,17.83,1.0,1.0,delivered_late,2026-08-28 22:12:02.937686,False,17.83,5.94,37.41,32.7,76.05,58.22,18.0,40.22,25.35,-7.52,18.58,2026-08-28,20,Friday,6-10 km
O00383,C0557,R050,D100,Bengaluru,2026-08-13 19:22:00,2026-08-13 20:22:18.067805,2026-08-13 20:09:01.449265,2026-08-13 20:44:09.791917,delivered,8.71,high,clear,D100,D100,2026-08-13 19:22:30.138989,,2026-08-13 19:40:00,2026-08-13 20:39:04.499065,completed,eta-v3.2,False,D100,2026-08-13 19:22:30.138989,2026-08-13 20:44:09.791917,2026-08-13 20:09:01.449265,5,,,True,True,21.86,1.0,1.0,delivered_late,2026-08-13 20:44:09.791917,False,21.86,0.5,46.52,35.14,82.16,60.3,18.0,42.3,29.02,-7.16,16.77,2026-08-13,19,Thursday,6-10 km
O00384,C0012,R060,D110,Bengaluru,2026-08-21 16:05:00,2026-08-21 17:11:27.779222,2026-08-21 16:32:11.702845,,cancelled,8.98,severe,clear,D110,D110,2026-08-21 16:06:07.696795,,2026-08-21 16:23:00,2026-08-21 17:31:26.315406,cancelled,eta-v3.2,False,D110,2026-08-21 16:06:07.696795,,,0,,,False,False,,,,cancelled,,False,,1.13,26.07,,,66.46,18.0,48.46,9.2,,19.98,2026-08-21,16,Friday,6-10 km
O00385,C0667,R018,D065,Bengaluru,2026-08-22 21:36:00,2026-08-22 22:38:31.151906,2026-08-22 22:26:04.337203,2026-08-22 23:01:01.308053,delivered,11.77,medium,clear,D065,D065,2026-08-22 21:40:41.714396,,2026-08-22 21:54:00,2026-08-22 22:48:20.971073,completed,eta-v3.2,False,D065,2026-08-22 21:40:41.714396,2026-08-22 23:01:01.308053,2026-08-22 22:26:04.337203,3,,,True,True,22.5,1.0,1.0,delivered_late,2026-08-22 23:01:01.308053,False,22.5,4.7,45.38,34.95,85.02,62.52,18.0,44.52,32.07,-9.57,9.83,2026-08-22,21,Saturday,10-20 km
O00386,C0101,R043,D072,Bengaluru,2026-08-11 13:19:00,2026-08-11 14:06:14.265833,2026-08-11 13:43:10.825241,2026-08-11 14:01:21.008075,delivered,4.49,medium,clear,D072,D072,2026-08-11 13:33:14.998636,,2026-08-11 13:37:00,2026-08-11 14:12:23.968831,completed,eta-v3.2,False,D072,2026-08-11 13:33:14.998636,2026-08-11 14:01:21.008075,2026-08-11 13:43:10.825241,4,,,True,True,-4.89,0.0,0.0,delivered_on_time,2026-08-11 14:01:21.008075,False,-4.89,14.25,9.93,18.17,42.35,47.24,18.0,29.24,6.18,-11.07,6.16,2026-08-11,13,Tuesday,3-6 km
O00387,C0457,R057,D070,Bengaluru,2026-08-03 19:37:00,2026-08-03 20:35:10.014244,2026-08-03 20:21:29.972443,2026-08-03 20:53:23.748909,delivered,11.03,low,clear,D070,D070,2026-08-03 19:42:39.923082,,2026-08-03 19:55:00,2026-08-03 20:44:32.479100,completed,eta-v3.2,False,D070,2026-08-03 19:42:39.923082,2026-08-03 20:53:23.748909,2026-08-03 20:21:29.972443,4,,,True,True,18.23,1.0,1.0,delivered_late,2026-08-03 20:53:23.748909,False,18.23,5.67,38.83,31.9,76.4,58.17,18.0,40.17,26.5,-8.27,9.37,2026-08-03,19,Monday,10-20 km
O00388,C0181,R033,D063,Bengaluru,2026-08-20 18:42:00,2026-08-20 20:01:48.000000,2026-08-20 19:20:01.461152,2026-08-20 20:12:32.475488,delivered,18.0,high,clear,D063,D063,2026-08-20 18:46:56.388794,,2026-08-20 19:00:00,2026-08-20 20:21:25.963195,completed,eta-v3.2,False,D063,2026-08-20 18:46:56.388794,2026-08-20 20:12:32.475488,2026-08-20 19:20:01.461152,5,,,True,True,10.74,1.0,1.0,delivered_late,2026-08-20 20:12:32.475488,False,10.74,4.94,33.08,52.52,90.54,79.8,18.0,61.8,20.02,-9.28,19.63,2026-08-20,18,Thursday,10-20 km
O00389,C0608,R045,D073,Bengaluru,2026-08-08 13:43:00,2026-08-08 14:54:38.461031,2026-08-08 14:13:48.970442,2026-08-08 15:02:50.349868,delivered,12.92,high,rain,D073,D073,2026-08-08 13:43:54.431980,,2026-08-08 14:01:00,2026-08-08 15:09:38.461031,completed,eta-v3.2,False,D073,2026-08-08 13:43:54.431980,2026-08-08 15:02:50.349868,2026-08-08 14:13:48.970442,3,CX-03,,True,True,8.2,1.0,0.0,delivered_late,2026-08-08 15:02:50.349868,False,8.2,0.91,29.91,49.02,79.84,71.64,18.0,53.64,12.82,-4.62,15.0,2026-08-08,13,Saturday,10-20 km
O00390,C0666,R017,D009,Bengaluru,2026-08-04 13:01:00,2026-08-04 14:01:21.052216,2026-08-04 13:14:57.572546,2026-08-04 13:51:42.914025,delivered,9.55,medium,rain,D022,D009,2026-08-04 13:02:32.020054,2026-08-04 13:06:26.559079,2026-08-04 13:19:00,2026-08-04 14:10:21.052216,completed,eta-v3.1,True,D022,2026-08-04 13:02:32.020054,2026-08-04 13:51:42.914025,2026-08-04 13:14:57.572546,4,CX-01;CX-03,,True,True,-9.64,0.0,0.0,delivered_on_time,2026-08-04 13:51:42.914025,False,-9.64,1.53,12.43,36.76,50.72,60.35,18.0,42.35,-4.04,-5.59,9.0,2026-08-04,13,Tuesday,6-10 km
O00391,C0024,R035,D007,Bengaluru,2026-08-16 20:03:00,2026-08-16 21:22:03.940450,2026-08-16 20:40:29.052534,2026-08-16 21:36:10.361588,delivered,17.65,high,clear,D007,D007,2026-08-16 20:03:34.560019,,2026-08-16 20:21:00,2026-08-16 21:34:45.637908,completed,eta-v3.1,False,D007,2026-08-16 20:03:34.560019,2026-08-16 21:36:10.361588,2026-08-16 20:40:29.052534,3,,,True,True,14.11,1.0,1.0,delivered_late,2026-08-16 21:36:10.361588,False,14.11,0.58,36.91,55.69,93.17,79.07,18.0,61.07,19.48,-5.38,12.69,2026-08-16,20,Sunday,10-20 km
O00392,C0372,R003,D113,Bengaluru,2026-08-04 18:53:00,2026-08-04 20:08:36.000000,2026-08-04 19:25:11.487414,2026-08-04 20:12:56.928491,delivered,18.0,medium,clear,D113,D113,2026-08-04 18:54:51.063417,,2026-08-04 19:11:00,2026-08-04 20:12:36.000000,completed,eta-v3.2,False,D113,2026-08-04 18:54:51.063417,2026-08-04 20:12:56.928491,2026-08-04 19:25:11.487414,5,,,True,True,4.35,1.0,0.0,delivered_late,2026-08-04 20:12:56.928491,False,4.35,1.85,30.34,47.76,79.95,75.6,18.0,57.6,14.19,-9.84,4.0,2026-08-04,18,Tuesday,10-20 km
O00393,C0512,R054,D109,Bengaluru,2026-08-07 23:28:00,2026-08-08 00:46:06.000000,2026-08-08 00:12:22.791458,2026-08-08 01:10:59.732094,delivered,18.0,medium,rain,D109,D109,2026-08-07 23:28:08.223102,,2026-08-07 23:46:00,2026-08-08 01:01:32.034525,completed,eta-v3.1,False,D109,2026-08-07 23:28:08.223102,2026-08-08 01:10:59.732094,2026-08-08 00:12:22.791458,3,,,True,True,24.9,1.0,1.0,delivered_late,2026-08-08 01:10:59.732094,False,24.9,0.14,44.24,58.62,103.0,78.1,18.0,60.1,26.38,-1.48,15.43,2026-08-07,23,Friday,10-20 km
O00394,C0062,R048,D067,Bengaluru,2026-08-01 19:57:00,2026-08-01 21:14:48.850681,2026-08-01 20:26:47.410789,2026-08-01 21:13:09.877796,delivered,17.86,medium,rain,D067,D067,2026-08-01 20:05:25.505677,,2026-08-01 20:15:00,2026-08-01 21:24:48.263766,completed,eta-v3.2,False,D067,2026-08-01 20:05:25.505677,2026-08-01 21:13:09.877796,2026-08-01 20:26:47.410789,4,,,True,True,-1.65,0.0,0.0,delivered_on_time,2026-08-01 21:13:09.877796,False,-1.65,8.43,21.37,46.37,76.16,77.81,18.0,59.81,11.79,-13.44,9.99,2026-08-01,19,Saturday,10-20 km
O00395,C0060,R040,D059,Bengaluru,2026-08-15 17:58:00,2026-08-15 19:25:54.000000,2026-08-15 18:20:44.580725,2026-08-15 19:30:28.678239,delivered,18.0,severe,rain,D059,D059,2026-08-15 18:00:08.192369,,2026-08-15 18:16:00,2026-08-15 19:48:54.000000,completed,eta-v3.1,False,D059,2026-08-15 18:00:08.192369,2026-08-15 19:30:28.678239,2026-08-15 18:20:44.580725,4,,,True,True,4.58,1.0,0.0,delivered_late,2026-08-15 19:30:28.678239,False,4.58,2.14,20.61,69.73,92.48,87.9,18.0,69.9,4.74,-0.17,23.0,2026-08-15,17,Saturday,10-20 km
O00396,C0775,R055,D012,Bengaluru,2026-08-28 12:49:00,2026-08-28 14:14:24.000000,2026-08-28 13:09:42.864711,2026-08-28 14:13:24.650787,delivered,18.0,severe,clear,D012,D012,2026-08-28 12:51:47.554710,,2026-08-28 13:07:00,2026-08-28 14:33:59.055959,completed,eta-v3.1,False,D012,2026-08-28 12:51:47.554710,2026-08-28 14:13:24.650787,2026-08-28 13:09:42.864711,2,,,True,True,-0.99,0.0,0.0,delivered_on_time,2026-08-28 14:13:24.650787,False,-0.99,2.79,17.92,63.7,84.41,85.4,18.0,67.4,2.71,-3.7,19.58,2026-08-28,12,Friday,10-20 km
O00397,C0747,R005,D038,Bengaluru,2026-08-27 18:20:00,2026-08-27 19:31:26.416249,2026-08-27 19:02:28.708725,2026-08-27 19:46:41.191047,delivered,16.02,medium,clear,D038,D038,2026-08-27 18:22:51.305679,,2026-08-27 18:38:00,2026-08-27 19:42:13.991333,completed,eta-v3.2,False,D038,2026-08-27 18:22:51.305679,2026-08-27 19:46:41.191047,2026-08-27 19:02:28.708725,2,,,True,True,15.25,1.0,1.0,delivered_late,2026-08-27 19:46:41.191047,False,15.25,2.86,39.62,44.21,86.69,71.44,18.0,53.44,24.48,-9.23,10.79,2026-08-27,18,Thursday,10-20 km
O00398,C0225,R050,D076,Bengaluru,2026-08-23 23:53:00,2026-08-24 01:03:58.563290,2026-08-24 00:21:08.275161,2026-08-24 01:07:49.200891,delivered,13.8,high,clear,D076,D076,2026-08-23 23:54:16.377851,,2026-08-24 00:11:00,2026-08-24 01:13:58.563290,completed,eta-v3.1,False,D076,2026-08-23 23:54:16.377851,2026-08-24 01:07:49.200891,2026-08-24 00:21:08.275161,4,,,True,True,3.84,1.0,0.0,delivered_late,2026-08-24 01:07:49.200891,False,3.84,1.27,26.86,46.68,74.82,70.98,18.0,52.98,10.14,-6.3,10.0,2026-08-23,23,Sunday,10-20 km
O00399,C0530,R001,D036,Bengaluru,2026-08-13 22:56:00,2026-08-14 00:10:49.485364,2026-08-13 23:38:16.479414,2026-08-14 00:25:09.809597,delivered,17.63,medium,clear,D036,D036,2026-08-13 22:58:13.969837,,2026-08-13 23:14:00,2026-08-14 00:21:09.151439,completed,eta-v3.2,False,D036,2026-08-13 22:58:13.969837,2026-08-14 00:25:09.809597,2026-08-13 23:38:16.479414,3,,,True,True,14.34,1.0,1.0,delivered_late,2026-08-14 00:25:09.809597,False,14.34,2.23,40.04,46.89,89.16,74.82,18.0,56.82,24.27,-9.93,10.33,2026-08-13,22,Thursday,10-20 km
O00400,C0851,R004,D035,Bengaluru,2026-08-05 12:23:00,2026-08-05 13:00:37.220060,2026-08-05 13:04:02.481272,2026-08-05 13:14:08.233667,delivered,1.25,low,clear,D035,D035,2026-08-05 12:24:28.223503,,2026-08-05 12:41:00,2026-08-05 13:06:45.901527,completed,eta-v3.1,False,D035,2026-08-05 12:24:28.223503,2026-08-05 13:14:08.233667,2026-08-05 13:04:02.481272,3,,,True,True,13.52,1.0,1.0,delivered_late,2026-08-05 13:14:08.233667,False,13.52,1.47,39.57,10.1,51.14,37.62,18.0,19.62,23.04,-9.52,6.14,2026-08-05,12,Wednesday,0-3 km
O00401,C0842,,D046,Bengaluru,2026-08-24 18:08:00,2026-08-24 19:23:36.000000,2026-08-24 18:43:49.644278,2026-08-24 19:32:35.926083,delivered,18.0,medium,clear,D046,D046,2026-08-24 18:22:24.633221,,2026-08-24 18:26:00,2026-08-24 19:27:36.000000,completed,eta-v3.1,False,D046,2026-08-24 18:22:24.633221,2026-08-24 19:32:35.926083,2026-08-24 18:43:49.644278,4,ID-03,,True,True,9.0,1.0,0.0,delivered_late,2026-08-24 19:32:35.926083,False,9.0,14.41,21.42,48.77,84.6,75.6,18.0,57.6,17.83,-8.83,4.0,2026-08-24,18,Monday,10-20 km
O00402,C0662,,D107,Bengaluru,2026-08-21 18:00:00,2026-08-21 18:52:49.033044,2026-08-21 18:21:13.418765,2026-08-21 18:47:25.022309,delivered,5.96,medium,rain,D107,D107,2026-08-21 18:03:15.539928,,2026-08-21 18:18:00,2026-08-21 19:01:49.033044,completed,eta-v3.2,False,D107,2026-08-21 18:03:15.539928,2026-08-21 18:47:25.022309,2026-08-21 18:21:13.418765,2,ID-03,,True,True,-5.4,0.0,0.0,delivered_on_time,2026-08-21 18:47:25.022309,False,-5.4,3.26,17.96,26.19,47.42,52.82,18.0,34.82,3.22,-8.63,9.0,2026-08-21,18,Friday,3-6 km
O00403,C0240,,D099,Bengaluru,2026-08-16 22:38:00,2026-08-17 00:09:24.000000,2026-08-16 23:10:17.272665,2026-08-17 00:26:52.711811,delivered,18.0,severe,heavy_rain,D099,D099,2026-08-16 22:39:59.093875,,2026-08-16 22:56:00,2026-08-17 00:39:24.000000,completed,eta-v3.2,False,D099,2026-08-16 22:39:59.093875,2026-08-17 00:26:52.711811,2026-08-16 23:10:17.272665,4,ID-03;CX-03,,True,True,17.48,1.0,1.0,delivered_late,2026-08-17 00:26:52.711811,False,17.48,1.98,30.3,76.59,108.88,91.4,18.0,73.4,14.29,3.19,30.0,2026-08-16,22,Sunday,10-20 km
O00404,C0715,R010,,Bengaluru,2026-08-06 18:59:00,2026-08-06 19:55:50.781031,2026-08-06 19:44:41.534794,2026-08-06 20:14:58.336586,delivered,9.07,medium,clear,D064,D064,2026-08-06 19:06:51.174716,,2026-08-06 19:17:00,2026-08-06 20:08:46.767722,completed,eta-v3.2,False,D064,2026-08-06 19:06:51.174716,2026-08-06 20:14:58.336586,2026-08-06 19:44:41.534794,4,ID-04,,True,True,19.13,1.0,1.0,delivered_late,2026-08-06 20:14:58.336586,False,19.13,7.85,37.84,30.28,75.97,56.85,18.0,38.85,27.69,-8.57,12.93,2026-08-06,18,Thursday,6-10 km
O00405,C0809,R035,,Bengaluru,2026-08-20 20:59:00,2026-08-20 22:10:59.969242,2026-08-20 21:10:48.826622,2026-08-20 21:58:43.608157,delivered,16.29,medium,clear,D094,D094,2026-08-20 21:00:08.605374,,2026-08-20 21:17:00,2026-08-20 22:14:59.969242,completed,eta-v3.2,False,D094,2026-08-20 21:00:08.605374,2026-08-20 21:58:43.608157,2026-08-20 21:10:48.826622,3,ID-04,,True,True,-12.27,0.0,0.0,delivered_on_time,2026-08-20 21:58:43.608157,False,-12.27,1.14,10.67,47.91,59.73,72.0,18.0,54.0,-6.19,-6.09,4.0,2026-08-20,20,Thursday,10-20 km
O00406,C0746,R048,,Bengaluru,2026-08-06 19:27:00,2026-08-06 20:42:18.000000,2026-08-06 19:43:30.498697,2026-08-06 20:29:35.614643,delivered,18.0,low,rain,D020,D020,2026-08-06 19:50:31.108474,,2026-08-06 19:45:00,2026-08-06 20:47:28.611390,completed,eta-v3.1,False,D020,2026-08-06 19:50:31.108474,2026-08-06 20:29:35.614643,2026-08-06 19:43:30.498697,3,ID-04;TS-07,,True,True,-12.71,0.0,0.0,delivered_on_time,2026-08-06 20:29:35.614643,False,-12.71,23.52,-7.01,46.09,62.59,75.3,18.0,57.3,-1.49,-11.21,5.18,2026-08-06,19,Thursday,10-20 km
O00407,C0522,R005,D089,Bengaluru,2026-08-06 21:47:00,2026-08-06 23:02:36.000000,2026-08-06 22:11:11.408483,2026-08-06 22:52:25.575684,delivered,18.0,medium,clear,D089,D089,2026-08-06 21:48:02.889654,,2026-08-06 22:05:00,2026-08-06 23:06:36.000000,completed,eta-v3.1,False,D089,2026-08-06 21:48:02.889654,2026-08-06 22:52:25.575684,2026-08-06 22:11:11.408483,2,,,True,True,-10.17,0.0,0.0,delivered_on_time,2026-08-06 22:52:25.575684,False,-10.17,1.05,23.14,41.24,65.43,75.6,18.0,57.6,6.19,-16.36,4.0,2026-08-06,21,Thursday,10-20 km
O00408,C0801,R042,D105,Bengaluru,2026-08-04 21:01:00,2026-08-04 22:22:36.000000,2026-08-04 21:37:07.720823,2026-08-04 22:40:13.132647,delivered,18.0,medium,heavy_rain,D059,D105,2026-08-04 21:03:57.651168,2026-08-04 21:11:46.544843,2026-08-04 21:19:00,2026-08-04 22:43:57.882774,completed,eta-v3.2,True,D059,2026-08-04 21:03:57.651168,2026-08-04 22:40:13.132647,2026-08-04 21:37:07.720823,4,RG-03;CX-01;CX-03,,True,True,17.62,1.0,1.0,delivered_late,2026-08-04 22:40:13.132647,False,17.62,2.96,33.17,63.09,99.22,81.6,18.0,63.6,18.13,-0.51,21.36,2026-08-04,21,Tuesday,10-20 km
O00409,C0833,R018,D047,Bengaluru,2026-08-15 16:46:00,2026-08-15 18:13:54.000000,2026-08-15 17:33:56.083111,2026-08-15 18:41:17.365236,delivered,18.0,severe,rain,D047,D047,2026-08-15 16:50:37.432568,,2026-08-15 17:04:00,2026-08-15 18:40:04.880063,completed,eta-v3.1,False,D047,2026-08-15 16:50:37.432568,2026-08-15 18:41:17.365236,2026-08-15 17:33:56.083111,5,CX-03,,True,True,27.39,1.0,1.0,delivered_late,2026-08-15 18:41:17.365236,False,27.39,4.62,43.31,67.35,115.29,87.9,18.0,69.9,29.93,-2.55,26.18,2026-08-15,16,Saturday,10-20 km
O00410,C0240,R057,D038,Bengaluru,2026-08-01 21:10:00,2026-08-01 22:25:36.000000,2026-08-01 21:28:28.765037,2026-08-01 22:17:16.393051,delivered,18.0,medium,clear,D038,D038,2026-08-01 21:23:16.385374,,2026-08-01 21:28:00,2026-08-01 22:29:36.000000,completed,eta-v3.2,False,D038,2026-08-01 21:23:16.385374,2026-08-01 22:17:16.393051,2026-08-01 21:28:28.765037,3,,,True,True,-8.33,0.0,0.0,delivered_on_time,2026-08-01 22:17:16.393051,False,-8.33,13.27,5.21,48.79,67.27,75.6,18.0,57.6,0.48,-8.81,4.0,2026-08-01,21,Saturday,10-20 km
O00411,C0227,R017,D087,Bengaluru,2026-08-07 18:56:00,2026-08-07 20:11:36.000000,2026-08-07 19:29:13.619671,2026-08-07 20:20:35.202056,delivered,18.0,medium,clear,D087,D087,2026-08-07 18:58:44.807082,,2026-08-07 19:14:00,2026-08-07 20:15:50.427709,completed,eta-v3.1,False,D087,2026-08-07 18:58:44.807082,2026-08-07 20:20:35.202056,2026-08-07 19:29:13.619671,4,,,True,True,8.99,1.0,0.0,delivered_late,2026-08-07 20:20:35.202056,False,8.99,2.75,30.48,51.36,84.59,75.6,18.0,57.6,15.23,-6.24,4.24,2026-08-07,18,Friday,10-20 km
O00412,C0504,R008,D003,Bengaluru,2026-08-16 18:41:00,2026-08-16 19:56:36.000000,2026-08-16 19:07:10.882552,2026-08-16 19:55:09.085320,delivered,18.0,medium,clear,D003,D003,2026-08-16 18:41:39.246265,,2026-08-16 18:59:00,2026-08-16 20:00:36.000000,completed,eta-v3.2,False,D003,2026-08-16 18:41:39.246265,2026-08-16 19:55:09.085320,2026-08-16 19:07:10.882552,5,,,True,True,-1.45,0.0,0.0,delivered_on_time,2026-08-16 19:55:09.085320,False,-1.45,0.65,25.53,47.97,74.15,75.6,18.0,57.6,8.18,-9.63,4.0,2026-08-16,18,Sunday,10-20 km
O00413,C0463,R017,D044,Bengaluru,2026-08-14 17:29:00,2026-08-14 18:48:48.000000,2026-08-14 18:05:07.858144,2026-08-14 18:59:53.343732,delivered,18.0,high,clear,D044,D044,2026-08-14 17:31:19.016620,,2026-08-14 17:47:00,2026-08-14 18:59:22.121465,completed,eta-v3.2,False,D044,2026-08-14 17:31:19.016620,2026-08-14 18:59:53.343732,2026-08-14 18:05:07.858144,3,,,True,True,11.09,1.0,1.0,delivered_late,2026-08-14 18:59:53.343732,False,11.09,2.32,33.81,54.76,90.89,79.8,18.0,61.8,18.13,-7.04,10.57,2026-08-14,17,Friday,10-20 km
O00414,C0794,R045,D077,Bengaluru,2026-08-23 16:37:00,2026-08-23 17:36:16.732852,2026-08-23 17:01:32.420393,2026-08-23 17:35:10.727789,delivered,8.23,high,clear,D077,D077,2026-08-23 16:37:57.159678,,2026-08-23 16:55:00,2026-08-23 17:46:19.153095,completed,eta-v3.1,False,D077,2026-08-23 16:37:57.159678,2026-08-23 17:35:10.727789,2026-08-23 17:01:32.420393,4,RG-03,,True,True,-1.1,0.0,0.0,delivered_on_time,2026-08-23 17:35:10.727789,False,-1.1,0.95,23.59,33.64,58.18,59.28,18.0,41.28,6.54,-7.64,10.04,2026-08-23,16,Sunday,6-10 km
O00415,C0339,R040,D072,Bengaluru,2026-08-04 11:41:00,2026-08-04 12:56:36.000000,2026-08-04 12:05:41.256716,2026-08-04 13:02:04.576882,delivered,18.0,medium,clear,D072,D072,2026-08-04 11:43:03.841326,,2026-08-04 11:59:00,2026-08-04 13:00:42.900570,completed,eta-v3.2,False,D072,2026-08-04 11:43:03.841326,2026-08-04 13:02:04.576882,2026-08-04 12:05:41.256716,5,,,True,True,5.48,1.0,0.0,delivered_late,2026-08-04 13:02:04.576882,False,5.48,2.06,22.62,56.39,81.08,75.6,18.0,57.6,6.69,-1.21,4.12,2026-08-04,11,Tuesday,10-20 km
O00416,C0662,R020,D056,Bengaluru,2026-08-23 23:54:00,2026-08-24 00:44:27.031961,2026-08-24 00:38:00.030492,2026-08-24 01:02:02.845479,delivered,7.36,low,clear,D056,D056,2026-08-23 23:57:03.733768,,2026-08-24 00:12:00,2026-08-24 00:49:00.270114,completed,eta-v3.2,False,D056,2026-08-23 23:57:03.733768,2026-08-24 01:02:02.845479,2026-08-24 00:38:00.030492,5,,,True,True,17.6,1.0,1.0,delivered_late,2026-08-24 01:02:02.845479,False,17.6,3.06,40.94,24.05,68.05,50.45,18.0,32.45,26.0,-8.4,4.55,2026-08-23,23,Sunday,6-10 km
O00417,C0302,R022,D035,Bengaluru,2026-08-16 11:28:00,2026-08-16 12:43:36.000000,2026-08-16 11:51:05.315081,,delivered,18.0,medium,clear,D035,D035,2026-08-16 11:29:45.350003,,2026-08-16 11:46:00,2026-08-16 12:47:36.000000,completed,eta-v3.2,False,D035,2026-08-16 11:29:45.350003,2026-08-16 12:38:13.516569,2026-08-16 11:51:05.315081,5,TS-04,TS-04,True,False,,,,unknown_missing_timestamp,2026-08-16 12:38:13.516569,True,-5.37,1.76,21.33,,,75.6,18.0,57.6,5.09,,4.0,2026-08-16,11,Sunday,10-20 km
O00418,C0476,R057,D032,Bengaluru,2026-08-16 18:46:00,2026-08-16 19:49:46.772563,2026-08-16 19:04:58.710867,2026-08-16 19:41:01.155907,delivered,10.37,high,clear,D032,D032,2026-08-16 18:53:54.411369,,2026-08-16 19:04:00,2026-08-16 19:59:46.772563,completed,eta-v3.2,False,D032,2026-08-16 18:53:54.411369,2026-08-16 19:41:01.155907,2026-08-16 19:04:58.710867,4,,,True,True,-8.76,0.0,0.0,delivered_on_time,2026-08-16 19:41:01.155907,False,-8.76,7.91,11.07,36.04,55.02,63.78,18.0,45.78,0.98,-9.74,10.0,2026-08-16,18,Sunday,10-20 km
O00419,C0729,R032,D046,Bengaluru,2026-08-21 17:44:00,2026-08-21 18:59:36.000000,2026-08-21 18:08:48.212238,2026-08-21 18:52:37.016518,delivered,18.0,medium,clear,D046,D046,2026-08-21 17:48:04.442655,,2026-08-21 18:02:00,2026-08-21 19:05:06.199624,completed,eta-v3.2,False,D046,2026-08-21 17:48:04.442655,2026-08-21 18:52:37.016518,2026-08-21 18:08:48.212238,5,,,True,True,-6.98,0.0,0.0,delivered_on_time,2026-08-21 18:52:37.016518,False,-6.98,4.07,20.73,43.81,68.62,75.6,18.0,57.6,6.8,-13.79,5.5,2026-08-21,17,Friday,10-20 km
O00420,C0696,R010,D072,Bengaluru,2026-08-22 19:23:00,2026-08-22 20:25:52.048553,2026-08-22 19:35:15.327557,2026-08-22 20:12:57.582167,delivered,8.75,high,rain,D072,D072,2026-08-22 19:24:19.644867,,2026-08-22 19:41:00,2026-08-22 20:40:52.048553,completed,eta-v3.1,False,D072,2026-08-22 19:24:19.644867,2026-08-22 20:12:57.582167,2026-08-22 19:35:15.327557,3,,,True,True,-12.91,0.0,0.0,delivered_on_time,2026-08-22 20:12:57.582167,False,-12.91,1.33,10.93,37.7,49.96,62.87,18.0,44.87,-5.74,-7.17,15.0,2026-08-22,19,Saturday,6-10 km
O00421,C0246,R045,D049,Bengaluru,2026-08-16 16:13:00,2026-08-16 17:30:19.761307,2026-08-16 16:27:24.562471,2026-08-16 17:22:02.337957,delivered,15.97,medium,heavy_rain,D049,D049,2026-08-16 16:25:53.862113,,2026-08-16 16:31:00,2026-08-16 17:46:19.761307,completed,eta-v3.1,False,D049,2026-08-16 16:25:53.862113,2026-08-16 17:22:02.337957,2026-08-16 16:27:24.562471,4,,,True,True,-8.29,0.0,0.0,delivered_on_time,2026-08-16 17:22:02.337957,False,-8.29,12.9,1.51,54.63,69.04,77.33,18.0,59.33,-3.59,-4.7,16.0,2026-08-16,16,Sunday,10-20 km
O00422,C0193,R024,D068,Bengaluru,2026-08-09 23:50:00,2026-08-10 01:05:36.000000,2026-08-10 00:21:17.685063,2026-08-10 01:11:13.941923,delivered,18.0,medium,clear,D068,D068,2026-08-09 23:50:58.074662,,2026-08-10 00:08:00,2026-08-10 01:11:27.300580,completed,eta-v3.1,False,D068,2026-08-09 23:50:58.074662,2026-08-10 01:11:13.941923,2026-08-10 00:21:17.685063,5,,,True,True,5.63,1.0,0.0,delivered_late,2026-08-10 01:11:13.941923,False,5.63,0.97,30.33,49.94,81.23,75.6,18.0,57.6,13.29,-7.66,5.86,2026-08-09,23,Sunday,10-20 km
O00423,C0757,R054,D046,Bengaluru,2026-08-20 20:06:00,2026-08-20 21:14:47.938614,2026-08-20 20:38:45.082177,2026-08-20 21:24:09.603263,delivered,12.76,high,clear,D046,D046,2026-08-20 20:09:57.238597,,2026-08-20 20:24:00,2026-08-20 21:31:45.521531,completed,eta-v3.2,False,D046,2026-08-20 20:09:57.238597,2026-08-20 21:24:09.603263,2026-08-20 20:38:45.082177,5,,,True,True,9.36,1.0,0.0,delivered_late,2026-08-20 21:24:09.603263,False,9.36,3.95,28.8,45.41,78.16,68.8,18.0,50.8,14.75,-5.39,16.96,2026-08-20,20,Thursday,10-20 km
O00424,C0205,R036,D072,Bengaluru,2026-08-28 14:26:00,2026-08-28 15:42:26.121250,2026-08-28 14:42:25.733641,2026-08-28 15:36:54.841762,delivered,16.4,high,clear,D072,D072,2026-08-28 14:32:26.981857,,2026-08-28 14:44:00,2026-08-28 15:52:26.121250,completed,eta-v3.2,False,D072,2026-08-28 14:32:26.981857,2026-08-28 15:36:54.841762,2026-08-28 14:42:25.733641,3,,,True,True,-5.52,0.0,0.0,delivered_on_time,2026-08-28 15:36:54.841762,False,-5.52,6.45,9.98,54.49,70.91,76.44,18.0,58.44,-1.57,-3.95,10.0,2026-08-28,14,Friday,10-20 km
O00425,C0173,R027,D074,Bengaluru,2026-08-08 13:27:00,2026-08-08 14:32:01.304358,2026-08-08 13:54:11.889666,2026-08-08 14:28:50.303810,delivered,12.96,medium,clear,D019,D074,2026-08-08 13:29:45.274364,2026-08-08 13:37:08.738146,2026-08-08 13:45:00,2026-08-08 14:36:01.304358,completed,eta-v3.1,True,D019,2026-08-08 13:29:45.274364,2026-08-08 14:28:50.303810,2026-08-08 13:54:11.889666,4,CX-01;CX-03,,True,True,-3.18,0.0,0.0,delivered_on_time,2026-08-08 14:28:50.303810,False,-3.18,2.75,24.44,34.64,61.84,65.02,18.0,47.02,9.2,-12.38,4.0,2026-08-08,13,Saturday,10-20 km
O00426,C0023,R034,D120,Bengaluru,2026-08-02 19:41:00,2026-08-02 20:53:48.000000,2026-08-02 20:00:38.300571,2026-08-02 20:44:23.948590,delivered,18.0,low,clear,D120,D120,2026-08-02 19:42:51.210578,,2026-08-02 19:59:00,2026-08-02 20:53:48.000000,completed,eta-v3.2,False,D120,2026-08-02 19:42:51.210578,2026-08-02 20:44:23.948590,2026-08-02 20:00:38.300571,4,,,True,True,-9.4,0.0,0.0,delivered_on_time,2026-08-02 20:44:23.948590,False,-9.4,1.85,17.78,43.76,63.4,72.8,18.0,54.8,1.64,-11.04,0.0,2026-08-02,19,Sunday,10-20 km
O00427,C0894,R015,D024,Bengaluru,2026-08-17 19:09:00,2026-08-17 20:07:43.943480,2026-08-17 19:20:28.637551,2026-08-17 19:50:24.964047,delivered,7.97,high,clear,D024,D024,2026-08-17 19:22:07.270419,,2026-08-17 19:27:00,2026-08-17 20:17:43.943480,completed,eta-v3.2,False,D024,2026-08-17 19:22:07.270419,2026-08-17 19:50:24.964047,2026-08-17 19:20:28.637551,4,TS-07,,True,True,-17.32,0.0,0.0,delivered_on_time,2026-08-17 19:50:24.964047,False,-17.32,13.12,-1.64,29.94,41.42,58.73,18.0,40.73,-6.52,-10.79,10.0,2026-08-17,19,Monday,6-10 km
O00428,C0882,R007,D040,Bengaluru,2026-08-05 18:34:00,2026-08-05 19:49:36.000000,2026-08-05 19:08:12.922426,2026-08-05 19:58:06.809822,delivered,18.0,medium,clear,D103,D040,2026-08-05 18:40:50.383056,2026-08-05 18:46:37.154766,2026-08-05 18:52:00,2026-08-05 19:53:36.000000,completed,eta-v3.2,True,D103,2026-08-05 18:40:50.383056,2026-08-05 19:58:06.809822,2026-08-05 19:08:12.922426,4,RG-03;CX-01,,True,True,8.51,1.0,0.0,delivered_late,2026-08-05 19:58:06.809822,False,8.51,6.84,27.38,49.9,84.11,75.6,18.0,57.6,16.22,-7.7,4.0,2026-08-05,18,Wednesday,10-20 km
O00429,C0002,R044,D003,Bengaluru,2026-08-12 15:32:00,2026-08-12 16:47:36.000000,2026-08-12 15:44:29.195931,2026-08-12 16:37:40.219550,delivered,18.0,medium,clear,D003,D003,2026-08-12 15:32:13.196234,,2026-08-12 15:50:00,2026-08-12 16:51:36.000000,completed,eta-v3.1,False,D003,2026-08-12 15:32:13.196234,2026-08-12 16:37:40.219550,2026-08-12 15:44:29.195931,3,CX-03,,True,True,-9.93,0.0,0.0,delivered_on_time,2026-08-12 16:37:40.219550,False,-9.93,0.22,12.27,53.18,65.67,75.6,18.0,57.6,-5.51,-4.42,4.0,2026-08-12,15,Wednesday,10-20 km
O00430,C0202,R030,D012,Bengaluru,2026-08-23 18:08:00,2026-08-23 18:59:04.338422,2026-08-23 18:38:58.898892,2026-08-23 19:08:20.075743,delivered,4.32,high,clear,D012,D012,2026-08-23 18:09:16.133736,,2026-08-23 18:26:00,2026-08-23 19:09:04.338422,completed,eta-v3.1,False,D012,2026-08-23 18:09:16.133736,2026-08-23 19:08:20.075743,2026-08-23 18:38:58.898892,5,,,True,True,9.26,1.0,0.0,delivered_late,2026-08-23 19:08:20.075743,False,9.26,1.27,29.71,29.35,60.33,51.07,18.0,33.07,12.98,-3.72,10.0,2026-08-23,18,Sunday,3-6 km
O00431,C0502,R029,D002,Bengaluru,2026-08-15 12:43:00,2026-08-15 13:55:24.648274,2026-08-15 13:24:20.674411,2026-08-15 14:09:44.999580,delivered,16.48,medium,clear,D002,D002,2026-08-15 12:47:07.936022,,2026-08-15 13:01:00,2026-08-15 14:01:08.704687,completed,eta-v3.2,False,D002,2026-08-15 12:47:07.936022,2026-08-15 14:09:44.999580,2026-08-15 13:24:20.674411,5,,,True,True,14.34,1.0,1.0,delivered_late,2026-08-15 14:09:44.999580,False,14.34,4.13,37.21,45.41,86.75,72.41,18.0,54.41,23.34,-9.0,5.73,2026-08-15,12,Saturday,10-20 km
O00432,C0381,R008,D030,Bengaluru,2026-08-15 13:45:00,2026-08-15 14:48:20.523075,2026-08-15 14:08:34.836005,,cancelled,12.16,medium,clear,D030,D030,2026-08-15 13:46:07.435801,,2026-08-15 14:03:00,2026-08-15 14:52:20.523075,cancelled,eta-v3.2,False,D030,2026-08-15 13:46:07.435801,,,0,,,False,False,,,,cancelled,,False,,1.12,22.46,,,63.34,18.0,45.34,5.58,,4.0,2026-08-15,13,Saturday,10-20 km
O00433,C0336,R050,D051,Bengaluru,2026-08-04 19:26:00,2026-08-04 20:38:48.000000,2026-08-04 20:01:46.731336,2026-08-04 20:48:09.272928,delivered,18.0,low,clear,D051,D051,2026-08-04 19:28:56.894563,,2026-08-04 19:44:00,2026-08-04 20:39:19.128844,completed,eta-v3.2,False,D051,2026-08-04 19:28:56.894563,2026-08-04 20:48:09.272928,2026-08-04 20:01:46.731336,3,,,True,True,9.35,1.0,0.0,delivered_late,2026-08-04 20:48:09.272928,False,9.35,2.95,32.83,46.38,82.15,72.8,18.0,54.8,17.78,-8.42,0.52,2026-08-04,19,Tuesday,10-20 km
O00434,C0101,R060,D102,Bengaluru,2026-08-10 21:13:00,2026-08-10 22:14:23.774461,2026-08-10 21:47:32.917101,2026-08-10 22:21:41.776640,delivered,12.57,low,clear,D102,D102,2026-08-10 21:13:42.126837,,2026-08-10 21:31:00,2026-08-10 22:20:39.746994,completed,eta-v3.2,False,D102,2026-08-10 21:13:42.126837,2026-08-10 22:21:41.776640,2026-08-10 21:47:32.917101,5,,,True,True,7.3,1.0,0.0,delivered_late,2026-08-10 22:21:41.776640,False,7.3,0.7,33.85,34.15,68.7,61.4,18.0,43.4,16.55,-9.25,6.27,2026-08-10,21,Monday,10-20 km
O00435,C0132,R024,D039,Bengaluru,2026-08-25 18:28:00,2026-08-25 19:40:48.000000,2026-08-25 19:06:12.364806,2026-08-25 19:46:59.243904,delivered,18.0,low,clear,D039,D039,2026-08-25 18:28:30.039286,,2026-08-25 18:46:00,2026-08-25 19:47:29.922865,completed,eta-v3.1,False,D039,2026-08-25 18:28:30.039286,2026-08-25 19:46:59.243904,2026-08-25 19:06:12.364806,5,,,True,True,6.19,1.0,0.0,delivered_late,2026-08-25 19:46:59.243904,False,6.19,0.5,37.71,40.78,78.99,72.8,18.0,54.8,20.21,-14.02,6.7,2026-08-25,18,Tuesday,10-20 km
O00436,C0841,R020,D023,Bengaluru,2026-08-26 20:19:00,2026-08-26 21:07:14.832222,2026-08-26 20:43:39.141619,2026-08-26 21:07:50.694054,delivered,4.97,medium,clear,D074,D023,2026-08-26 20:24:06.600807,2026-08-26 20:29:45.737399,2026-08-26 20:37:00,2026-08-26 21:11:44.342965,completed,eta-v3.2,True,D074,2026-08-26 20:24:06.600807,2026-08-26 21:07:50.694054,2026-08-26 20:43:39.141619,2,CX-01;CX-03,,True,True,0.6,1.0,0.0,delivered_late,2026-08-26 21:07:50.694054,False,0.6,5.11,19.54,24.19,48.84,48.25,18.0,30.25,6.65,-6.06,4.49,2026-08-26,20,Wednesday,3-6 km
O00437,C0685,R008,D057,Bengaluru,2026-08-06 23:17:00,2026-08-07 00:03:37.872613,2026-08-06 23:43:31.993973,2026-08-07 00:09:45.053104,delivered,2.21,high,clear,D057,D057,2026-08-06 23:20:38.318059,,2026-08-06 23:35:00,2026-08-07 00:16:22.839692,completed,eta-v3.2,False,D057,2026-08-06 23:20:38.318059,2026-08-07 00:09:45.053104,2026-08-06 23:43:31.993973,5,,,True,True,6.12,1.0,0.0,delivered_late,2026-08-07 00:09:45.053104,False,6.12,3.64,22.89,26.22,52.75,46.63,18.0,28.63,8.53,-2.41,12.75,2026-08-06,23,Thursday,0-3 km
O00438,C0376,R022,D111,Bengaluru,2026-08-11 17:05:00,2026-08-11 18:11:10.630939,2026-08-11 17:25:56.515880,2026-08-11 18:04:08.838969,delivered,14.85,low,clear,D111,D111,2026-08-11 17:05:17.840740,,2026-08-11 17:23:00,2026-08-11 18:11:10.630939,completed,eta-v3.2,False,D111,2026-08-11 17:05:17.840740,2026-08-11 18:04:08.838969,2026-08-11 17:25:56.515880,2,,,True,True,-7.03,0.0,0.0,delivered_on_time,2026-08-11 18:04:08.838969,False,-7.03,0.3,20.64,38.21,59.15,66.18,18.0,48.18,2.94,-9.97,0.0,2026-08-11,17,Tuesday,10-20 km
O00439,C0642,R053,D037,Bengaluru,2026-08-01 19:19:00,2026-08-01 20:16:27.122711,2026-08-01 19:35:45.766686,2026-08-01 20:07:49.250300,delivered,9.36,medium,clear,D037,D037,2026-08-01 19:23:07.064660,,2026-08-01 19:37:00,2026-08-01 20:20:27.122711,completed,eta-v3.1,False,D037,2026-08-01 19:23:07.064660,2026-08-01 20:07:49.250300,2026-08-01 19:35:45.766686,3,,,True,True,-8.63,0.0,0.0,delivered_on_time,2026-08-01 20:07:49.250300,False,-8.63,4.12,12.65,32.06,48.82,57.45,18.0,39.45,-1.24,-7.39,4.0,2026-08-01,19,Saturday,6-10 km
O00440,C0531,R017,D061,Bengaluru,2026-08-04 15:20:00,2026-08-04 16:35:36.000000,2026-08-04 15:41:19.457322,2026-08-04 16:34:17.163086,delivered,18.0,medium,clear,D061,D061,2026-08-04 15:22:12.241966,,2026-08-04 15:38:00,2026-08-04 16:40:04.346874,completed,eta-v3.1,False,D061,2026-08-04 15:22:12.241966,2026-08-04 16:34:17.163086,2026-08-04 15:41:19.457322,3,,,True,True,-1.31,0.0,0.0,delivered_on_time,2026-08-04 16:34:17.163086,False,-1.31,2.2,19.12,52.96,74.29,75.6,18.0,57.6,3.32,-4.64,4.47,2026-08-04,15,Tuesday,10-20 km
O00441,C0294,R016,D005,Bengaluru,2026-08-21 18:50:00,2026-08-21 20:13:53.409808,2026-08-21 19:11:05.536493,2026-08-21 20:13:54.660469,delivered,17.28,severe,clear,D005,D005,2026-08-21 18:53:26.565612,,2026-08-21 19:08:00,2026-08-21 20:31:53.409808,completed,eta-v3.2,False,D005,2026-08-21 18:53:26.565612,2026-08-21 20:13:54.660469,2026-08-21 19:11:05.536493,5,,,True,True,0.02,1.0,0.0,delivered_late,2026-08-21 20:13:54.660469,False,0.02,3.44,17.65,62.82,83.91,83.89,18.0,65.89,3.09,-3.07,18.0,2026-08-21,18,Friday,10-20 km
O00442,C0758,R058,D012,Bengaluru,2026-08-16 15:16:00,2026-08-16 16:35:48.000000,2026-08-16 15:45:58.484206,2026-08-16 16:41:19.586539,delivered,18.0,high,clear,D096,D012,2026-08-16 15:19:17.940385,2026-08-16 15:25:02.257885,2026-08-16 15:34:00,2026-08-16 16:46:37.428825,completed,eta-v3.1,True,D096,2026-08-16 15:19:17.940385,2026-08-16 16:41:19.586539,2026-08-16 15:45:58.484206,5,CX-01;CX-03,,True,True,5.53,1.0,0.0,delivered_late,2026-08-16 16:41:19.586539,False,5.53,3.3,26.68,55.35,85.33,79.8,18.0,61.8,11.97,-6.45,10.82,2026-08-16,15,Sunday,10-20 km
O00443,C0495,R053,D120,Bengaluru,2026-08-07 19:51:00,2026-08-07 20:39:40.493123,2026-08-07 20:18:36.734225,2026-08-07 20:39:53.336758,delivered,5.18,medium,clear,D120,D120,2026-08-07 19:52:07.561205,,2026-08-07 20:09:00,2026-08-07 20:43:40.493123,completed,eta-v3.2,False,D120,2026-08-07 19:52:07.561205,2026-08-07 20:39:53.336758,2026-08-07 20:18:36.734225,5,,,True,True,0.21,1.0,0.0,delivered_late,2026-08-07 20:39:53.336758,False,0.21,1.13,26.49,21.28,48.89,48.67,18.0,30.67,9.61,-9.39,4.0,2026-08-07,19,Friday,3-6 km
O00444,C0307,R026,D081,Bengaluru,2026-08-20 18:57:00,2026-08-20 20:09:48.000000,2026-08-20 19:28:04.430931,2026-08-20 20:13:22.809956,delivered,18.0,low,clear,D081,D081,2026-08-20 18:57:05.240164,,2026-08-20 19:15:00,2026-08-20 20:11:31.685382,completed,eta-v3.1,False,D081,2026-08-20 18:57:05.240164,2026-08-20 20:13:22.809956,2026-08-20 19:28:04.430931,5,,,True,True,3.58,1.0,0.0,delivered_late,2026-08-20 20:13:22.809956,False,3.58,0.09,30.99,45.31,76.38,72.8,18.0,54.8,13.07,-9.49,1.73,2026-08-20,18,Thursday,10-20 km
O00445,C0741,R060,D074,Bengaluru,2026-08-06 21:51:00,2026-08-06 22:52:49.650682,2026-08-06 22:14:43.060868,2026-08-06 22:55:45.658926,delivered,9.44,high,clear,D036,D074,2026-08-06 21:54:38.873951,2026-08-06 22:01:24.706779,2026-08-06 22:09:00,2026-08-06 23:03:23.470565,completed,eta-v3.2,True,D036,2026-08-06 21:54:38.873951,2026-08-06 22:55:45.658926,2026-08-06 22:14:43.060868,4,CX-01;CX-03,,True,True,2.93,1.0,0.0,delivered_late,2026-08-06 22:55:45.658926,False,2.93,3.65,20.07,41.04,64.76,61.83,18.0,43.83,5.72,-2.79,10.56,2026-08-06,21,Thursday,6-10 km
O00446,C0780,R045,D081,Bengaluru,2026-08-02 15:57:00,2026-08-02 17:16:48.000000,2026-08-02 16:42:19.366626,2026-08-02 17:37:54.470187,delivered,18.0,high,clear,D081,D081,2026-08-02 15:58:34.474195,,2026-08-02 16:15:00,2026-08-02 17:36:22.639767,completed,eta-v3.1,False,D081,2026-08-02 15:58:34.474195,2026-08-02 17:37:54.470187,2026-08-02 16:42:19.366626,3,,,True,True,21.11,1.0,1.0,delivered_late,2026-08-02 17:37:54.470187,False,21.11,1.57,43.75,55.59,100.91,79.8,18.0,61.8,27.32,-6.21,19.58,2026-08-02,15,Sunday,10-20 km
O00447,C0725,R048,D036,Bengaluru,2026-08-09 22:54:00,2026-08-10 00:01:40.137664,2026-08-09 23:14:55.686606,2026-08-09 23:56:36.830649,delivered,14.22,medium,clear,D036,D036,2026-08-09 22:55:56.904030,,2026-08-09 23:12:00,2026-08-10 00:06:54.695683,completed,eta-v3.2,False,D036,2026-08-09 22:55:56.904030,2026-08-09 23:56:36.830649,2026-08-09 23:14:55.686606,5,RG-03,,True,True,-5.06,0.0,0.0,delivered_on_time,2026-08-09 23:56:36.830649,False,-5.06,1.95,18.98,41.69,62.61,67.67,18.0,49.67,2.93,-7.98,5.24,2026-08-09,22,Sunday,10-20 km
O00448,C0284,R026,D028,Bengaluru,2026-08-11 17:26:00,2026-08-11 18:41:36.000000,2026-08-11 17:35:39.744301,2026-08-11 18:28:35.108836,delivered,18.0,medium,clear,D028,D028,2026-08-11 17:28:36.473253,,2026-08-11 17:44:00,2026-08-11 18:45:36.000000,completed,eta-v3.2,False,D028,2026-08-11 17:28:36.473253,2026-08-11 18:28:35.108836,2026-08-11 17:35:39.744301,5,,,True,True,-13.01,0.0,0.0,delivered_on_time,2026-08-11 18:28:35.108836,False,-13.01,2.61,7.05,52.92,62.59,75.6,18.0,57.6,-8.34,-4.68,4.0,2026-08-11,17,Tuesday,10-20 km
O00449,C0070,R035,D008,Bengaluru,2026-08-24 14:44:00,2026-08-24 15:59:36.000000,2026-08-24 15:16:58.800082,2026-08-24 16:03:31.310257,delivered,18.0,medium,clear,D008,D008,2026-08-24 14:47:47.933260,,2026-08-24 15:02:00,2026-08-24 16:03:36.000000,completed,eta-v3.2,False,D008,2026-08-24 14:47:47.933260,2026-08-24 16:03:31.310257,2026-08-24 15:16:58.800082,2,,,True,True,3.92,1.0,0.0,delivered_late,2026-08-24 16:03:31.310257,False,3.92,3.8,29.18,46.54,79.52,75.6,18.0,57.6,14.98,-11.06,4.0,2026-08-24,14,Monday,10-20 km
O00450,C0202,R007,D094,Bengaluru,2026-08-11 21:15:00,2026-08-11 22:27:48.000000,2026-08-11 21:43:23.756324,2026-08-11 22:28:04.340517,delivered,18.0,low,clear,D094,D094,2026-08-11 21:18:43.794928,,2026-08-11 21:33:00,2026-08-11 22:27:57.838526,completed,eta-v3.2,False,D094,2026-08-11 21:18:43.794928,2026-08-11 22:28:04.340517,2026-08-11 21:43:23.756324,5,RG-03,,True,True,0.27,1.0,0.0,delivered_late,2026-08-11 22:28:04.340517,False,0.27,3.73,24.67,44.68,73.07,72.8,18.0,54.8,10.4,-10.12,0.16,2026-08-11,21,Tuesday,10-20 km
O00451,C0549,R018,D088,Bengaluru,2026-08-28 19:50:00,2026-08-28 21:05:18.000000,2026-08-28 20:06:53.045584,2026-08-28 20:50:59.561341,delivered,18.0,low,rain,D088,D088,2026-08-28 19:50:16.819458,,2026-08-28 20:08:00,2026-08-28 21:11:53.594998,completed,eta-v3.1,False,D088,2026-08-28 19:50:16.819458,2026-08-28 20:50:59.561341,2026-08-28 20:06:53.045584,5,,,True,True,-14.31,0.0,0.0,delivered_on_time,2026-08-28 20:50:59.561341,False,-14.31,0.28,16.6,44.11,60.99,75.3,18.0,57.3,-1.12,-13.19,6.59,2026-08-28,19,Friday,10-20 km
O00452,C0020,R057,D106,Bengaluru,2026-08-20 11:24:00,2026-08-20 12:39:36.000000,2026-08-20 11:44:42.156314,2026-08-20 12:29:57.824096,delivered,18.0,medium,clear,D067,D106,2026-08-20 11:30:23.324236,2026-08-20 11:34:41.165577,2026-08-20 11:42:00,2026-08-20 12:43:36.000000,completed,eta-v3.1,True,D067,2026-08-20 11:30:23.324236,2026-08-20 12:29:57.824096,2026-08-20 11:44:42.156314,2,CX-01;CX-03,,True,True,-9.64,0.0,0.0,delivered_on_time,2026-08-20 12:29:57.824096,False,-9.64,6.39,14.31,45.26,65.96,75.6,18.0,57.6,2.7,-12.34,4.0,2026-08-20,11,Thursday,10-20 km
O00453,C0546,R057,D095,Bengaluru,2026-08-26 21:57:00,2026-08-26 22:56:53.748975,2026-08-26 22:14:23.713907,2026-08-26 22:49:09.630432,delivered,10.52,medium,clear,D095,D095,2026-08-26 21:57:22.564545,,2026-08-26 22:15:00,2026-08-26 23:00:53.748975,completed,eta-v3.1,False,D095,2026-08-26 21:57:22.564545,2026-08-26 22:49:09.630432,2026-08-26 22:14:23.713907,4,,,True,True,-7.74,0.0,0.0,delivered_on_time,2026-08-26 22:49:09.630432,False,-7.74,0.38,17.02,34.77,52.16,59.9,18.0,41.9,-0.6,-7.13,4.0,2026-08-26,21,Wednesday,10-20 km
O00454,C0179,R036,D027,Bengaluru,2026-08-19 21:49:00,2026-08-19 22:51:28.955751,2026-08-19 22:20:59.619685,2026-08-19 22:50:24.317720,delivered,13.09,low,clear,D027,D027,2026-08-19 21:49:20.117762,,2026-08-19 22:07:00,2026-08-19 22:52:15.107231,completed,eta-v3.1,False,D027,2026-08-19 21:49:20.117762,2026-08-19 22:50:24.317720,2026-08-19 22:20:59.619685,2,,,True,True,-1.08,0.0,0.0,delivered_on_time,2026-08-19 22:50:24.317720,False,-1.08,0.34,31.66,29.41,61.41,62.48,18.0,44.48,13.99,-15.07,0.77,2026-08-19,21,Wednesday,10-20 km
O00455,C0202,R024,D003,Bengaluru,2026-08-07 19:12:00,2026-08-07 20:31:48.000000,2026-08-07 19:29:38.924040,2026-08-07 20:23:57.360990,delivered,18.0,high,clear,D003,D003,2026-08-07 19:12:42.765595,,2026-08-07 19:30:00,2026-08-07 20:41:59.908331,completed,eta-v3.2,False,D003,2026-08-07 19:12:42.765595,2026-08-07 20:23:57.360990,2026-08-07 19:29:38.924040,5,,,True,True,-7.84,0.0,0.0,delivered_on_time,2026-08-07 20:23:57.360990,False,-7.84,0.71,16.94,54.31,71.96,79.8,18.0,61.8,-0.35,-7.49,10.2,2026-08-07,19,Friday,10-20 km
O00456,C0746,R009,D053,Bengaluru,2026-08-01 19:44:00,2026-08-01 20:59:36.000000,2026-08-01 20:02:34.501796,2026-08-01 20:50:35.703316,delivered,18.0,medium,clear,D053,D053,2026-08-01 19:49:59.520126,,2026-08-01 20:02:00,2026-08-01 21:03:36.000000,completed,eta-v3.1,False,D053,2026-08-01 19:49:59.520126,2026-08-01 20:50:35.703316,2026-08-01 20:02:34.501796,2,,,True,True,-9.0,0.0,0.0,delivered_on_time,2026-08-01 20:50:35.703316,False,-9.0,5.99,12.58,48.02,66.6,75.6,18.0,57.6,0.58,-9.58,4.0,2026-08-01,19,Saturday,10-20 km
O00457,C0168,R037,D035,Bengaluru,2026-08-01 18:09:00,2026-08-01 19:23:01.963181,2026-08-01 18:28:52.499454,,cancelled,17.25,medium,clear,D026,D035,2026-08-01 18:09:05.663443,2026-08-01 18:13:04.985814,2026-08-01 18:27:00,2026-08-01 19:28:13.682174,cancelled,eta-v3.1,True,D026,2026-08-01 18:09:05.663443,,,0,CX-01;CX-03,,False,False,,,,cancelled,,False,,0.09,19.78,,,74.03,18.0,56.03,1.87,,5.2,2026-08-01,18,Saturday,10-20 km
O00458,C0438,R012,D032,Bengaluru,2026-08-09 20:21:00,2026-08-09 21:40:48.000000,2026-08-09 20:48:52.500807,2026-08-09 21:46:14.169158,delivered,18.0,high,clear,D032,D032,2026-08-09 20:24:56.174530,,2026-08-09 20:39:00,2026-08-09 21:50:48.000000,completed,eta-v3.1,False,D032,2026-08-09 20:24:56.174530,2026-08-09 21:46:14.169158,2026-08-09 20:48:52.500807,2,,,True,True,5.44,1.0,0.0,delivered_late,2026-08-09 21:46:14.169158,False,5.44,3.94,23.94,57.36,85.24,79.8,18.0,61.8,9.88,-4.44,10.0,2026-08-09,20,Sunday,10-20 km
O00459,C0468,R041,D002,Bengaluru,2026-08-15 15:51:00,2026-08-15 17:06:36.000000,2026-08-15 16:19:29.867757,2026-08-15 17:10:33.050292,delivered,18.0,medium,clear,D002,D002,2026-08-15 16:02:30.823538,,2026-08-15 16:09:00,2026-08-15 17:10:36.000000,completed,eta-v3.1,False,D002,2026-08-15 16:02:30.823538,2026-08-15 17:10:33.050292,2026-08-15 16:19:29.867757,3,,,True,True,3.95,1.0,0.0,delivered_late,2026-08-15 17:10:33.050292,False,3.95,11.51,16.98,51.05,79.55,75.6,18.0,57.6,10.5,-6.55,4.0,2026-08-15,15,Saturday,10-20 km
O00460,C0087,R026,D104,Bengaluru,2026-08-12 16:27:00,2026-08-12 17:52:24.000000,2026-08-12 17:21:45.188189,2026-08-12 18:29:16.970368,delivered,18.0,severe,clear,D104,D104,2026-08-12 16:32:19.367112,,2026-08-12 16:45:00,2026-08-12 18:18:24.182486,completed,eta-v3.1,False,D104,2026-08-12 16:32:19.367112,2026-08-12 18:29:16.970368,2026-08-12 17:21:45.188189,4,,,True,True,36.88,1.0,1.0,delivered_late,2026-08-12 18:29:16.970368,False,36.88,5.32,49.43,67.53,122.28,85.4,18.0,67.4,36.75,0.13,26.0,2026-08-12,16,Wednesday,10-20 km
O00461,C0106,R051,D094,Bengaluru,2026-08-07 20:50:00,2026-08-07 22:00:29.282287,2026-08-07 21:24:54.520288,2026-08-07 22:11:51.984216,delivered,15.57,medium,clear,D094,D094,2026-08-07 20:53:34.807834,,2026-08-07 21:08:00,2026-08-07 22:10:51.327114,completed,eta-v3.2,False,D094,2026-08-07 20:53:34.807834,2026-08-07 22:11:51.984216,2026-08-07 21:24:54.520288,4,,,True,True,11.38,1.0,1.0,delivered_late,2026-08-07 22:11:51.984216,False,11.38,3.58,31.33,46.96,81.87,70.49,18.0,52.49,16.91,-5.53,10.37,2026-08-07,20,Friday,10-20 km
O00462,C0013,R014,D008,Bengaluru,2026-08-19 17:58:00,2026-08-19 19:16:51.095938,2026-08-19 18:22:08.015036,2026-08-19 19:15:36.063975,delivered,17.55,high,clear,D008,D008,2026-08-19 17:58:38.246425,,2026-08-19 18:16:00,2026-08-19 19:26:51.095938,completed,eta-v3.2,False,D008,2026-08-19 17:58:38.246425,2026-08-19 19:15:36.063975,2026-08-19 18:22:08.015036,3,,,True,True,-1.25,0.0,0.0,delivered_on_time,2026-08-19 19:15:36.063975,False,-1.25,0.64,23.5,53.47,77.6,78.85,18.0,60.85,6.13,-7.38,10.0,2026-08-19,17,Wednesday,10-20 km
O00463,C0046,R043,D094,Bengaluru,2026-08-05 20:18:00,2026-08-05 21:09:20.034501,2026-08-05 20:38:40.569574,2026-08-05 20:59:25.548003,delivered,6.44,medium,clear,D094,D094,2026-08-05 20:26:37.264470,,2026-08-05 20:36:00,2026-08-05 21:13:20.034501,completed,eta-v3.2,False,D094,2026-08-05 20:26:37.264470,2026-08-05 20:59:25.548003,2026-08-05 20:38:40.569574,5,,,True,True,-9.91,0.0,0.0,delivered_on_time,2026-08-05 20:59:25.548003,False,-9.91,8.62,12.06,20.75,41.43,51.33,18.0,33.33,2.68,-12.58,4.0,2026-08-05,20,Wednesday,6-10 km
O00464,C0113,R006,D053,Bengaluru,2026-08-12 22:18:00,2026-08-12 23:19:16.349188,2026-08-12 22:38:43.935647,2026-08-12 23:20:52.276320,delivered,9.18,high,clear,D053,D053,2026-08-12 22:26:29.875703,,2026-08-12 22:36:00,2026-08-12 23:29:54.309603,completed,eta-v3.1,False,D053,2026-08-12 22:26:29.875703,2026-08-12 23:20:52.276320,2026-08-12 22:38:43.935647,4,CX-03,,True,True,1.6,1.0,0.0,delivered_late,2026-08-12 23:20:52.276320,False,1.6,8.5,12.23,42.14,62.87,61.27,18.0,43.27,2.73,-1.13,10.63,2026-08-12,22,Wednesday,6-10 km
O00465,C0061,R038,D112,Bengaluru,2026-08-22 21:12:00,2026-08-22 22:37:48.000000,2026-08-22 21:37:56.960467,2026-08-22 22:44:22.405513,delivered,18.0,high,heavy_rain,D039,D112,2026-08-22 21:16:01.543900,2026-08-22 21:19:59.918914,2026-08-22 21:30:00,2026-08-22 23:02:08.819836,completed,eta-v3.2,True,D039,2026-08-22 21:16:01.543900,2026-08-22 22:44:22.405513,2026-08-22 21:37:56.960467,5,CX-01;CX-03,,True,True,6.57,1.0,0.0,delivered_late,2026-08-22 22:44:22.405513,False,6.57,4.03,21.92,66.42,92.37,85.8,18.0,67.8,7.95,-1.38,24.35,2026-08-22,21,Saturday,10-20 km
O00466,C0746,R007,D088,Bengaluru,2026-08-25 22:55:00,2026-08-26 00:10:36.000000,2026-08-25 23:09:57.216011,2026-08-25 23:54:10.521612,delivered,18.0,medium,clear,D088,D088,2026-08-25 22:56:49.197253,,2026-08-25 23:13:00,2026-08-26 00:14:36.000000,completed,eta-v3.2,False,D088,2026-08-25 22:56:49.197253,2026-08-25 23:54:10.521612,2026-08-25 23:09:57.216011,2,RG-03,,True,True,-16.42,0.0,0.0,delivered_on_time,2026-08-25 23:54:10.521612,False,-16.42,1.82,13.13,44.22,59.18,75.6,18.0,57.6,-3.05,-13.38,4.0,2026-08-25,22,Tuesday,10-20 km
O00467,C0778,R006,D016,Bengaluru,2026-08-25 22:26:00,2026-08-25 23:09:25.878898,2026-08-25 22:39:36.250437,2026-08-25 22:57:16.469139,delivered,4.01,low,clear,D016,D016,2026-08-25 22:34:38.389393,,2026-08-25 22:44:00,2026-08-25 23:10:13.605762,completed,eta-v3.1,False,D016,2026-08-25 22:34:38.389393,2026-08-25 22:57:16.469139,2026-08-25 22:39:36.250437,4,,,True,True,-12.16,0.0,0.0,delivered_on_time,2026-08-25 22:57:16.469139,False,-12.16,8.64,4.96,17.67,31.27,43.43,18.0,25.43,-4.4,-7.76,0.8,2026-08-25,22,Tuesday,3-6 km
O00468,C0736,R004,D003,Bengaluru,2026-08-25 19:19:00,2026-08-25 20:28:18.813867,2026-08-25 19:45:10.926338,2026-08-25 20:26:28.040733,delivered,15.01,medium,clear,D003,D003,2026-08-25 19:27:18.750017,,2026-08-25 19:37:00,2026-08-25 20:33:21.959132,completed,eta-v3.2,False,D003,2026-08-25 19:27:18.750017,2026-08-25 20:26:28.040733,2026-08-25 19:45:10.926338,3,,,True,True,-1.85,0.0,0.0,delivered_on_time,2026-08-25 20:26:28.040733,False,-1.85,8.31,17.87,41.29,67.47,69.31,18.0,51.31,8.18,-10.02,5.05,2026-08-25,19,Tuesday,10-20 km
O00469,C0266,R041,D005,Bengaluru,2026-08-16 12:36:00,2026-08-16 14:01:24.000000,2026-08-16 12:50:02.914224,2026-08-16 13:57:01.320777,delivered,18.0,severe,clear,D005,D005,2026-08-16 12:36:43.811791,,2026-08-16 12:54:00,2026-08-16 14:19:24.000000,completed,eta-v3.2,False,D005,2026-08-16 12:36:43.811791,2026-08-16 13:57:01.320777,2026-08-16 12:50:02.914224,3,,,True,True,-4.38,0.0,0.0,delivered_on_time,2026-08-16 13:57:01.320777,False,-4.38,0.73,13.32,66.97,81.02,85.4,18.0,67.4,-3.95,-0.43,18.0,2026-08-16,12,Sunday,10-20 km
O00470,C0897,R030,D083,Bengaluru,2026-08-08 16:33:00,2026-08-08 17:21:01.861986,2026-08-08 17:01:51.082439,2026-08-08 17:21:49.192249,delivered,6.21,low,clear,D083,D083,2026-08-08 16:33:32.010924,,2026-08-08 16:51:00,2026-08-08 17:21:35.302793,completed,eta-v3.1,False,D083,2026-08-08 16:33:32.010924,2026-08-08 17:21:49.192249,2026-08-08 17:01:51.082439,5,,,True,True,0.79,1.0,0.0,delivered_late,2026-08-08 17:21:49.192249,False,0.79,0.53,28.32,19.97,48.82,48.03,18.0,30.03,10.85,-10.06,0.56,2026-08-08,16,Saturday,6-10 km
O00471,C0099,R010,D007,Bengaluru,2026-08-07 16:52:00,2026-08-07 18:05:01.715169,2026-08-07 17:20:12.632435,2026-08-07 18:12:27.727545,delivered,14.78,high,clear,D007,D007,2026-08-07 16:55:43.984474,,2026-08-07 17:10:00,2026-08-07 18:18:11.105001,completed,eta-v3.2,False,D007,2026-08-07 16:55:43.984474,2026-08-07 18:12:27.727545,2026-08-07 17:20:12.632435,3,,,True,True,7.43,1.0,0.0,delivered_late,2026-08-07 18:12:27.727545,False,7.43,3.73,24.48,52.25,80.46,73.03,18.0,55.03,10.21,-2.78,13.16,2026-08-07,16,Friday,10-20 km
O00472,C0448,R056,D109,Bengaluru,2026-08-08 18:58:00,2026-08-08 20:13:36.000000,2026-08-08 19:33:38.617887,2026-08-08 20:27:50.690781,delivered,18.0,medium,clear,D109,D109,2026-08-08 18:59:04.970716,,2026-08-08 19:16:00,2026-08-08 20:17:36.000000,completed,eta-v3.2,False,D109,2026-08-08 18:59:04.970716,2026-08-08 20:27:50.690781,2026-08-08 19:33:38.617887,3,,,True,True,14.24,1.0,1.0,delivered_late,2026-08-08 20:27:50.690781,False,14.24,1.08,34.56,54.2,89.84,75.6,18.0,57.6,17.64,-3.4,4.0,2026-08-08,18,Saturday,10-20 km
O00473,C0719,R002,D064,Bengaluru,2026-08-14 18:58:00,2026-08-14 20:17:48.000000,2026-08-14 20:05:22.631148,2026-08-14 21:04:00.769224,delivered,18.0,high,clear,D064,D064,2026-08-14 19:04:15.085545,,2026-08-14 19:16:00,2026-08-14 20:36:39.431172,completed,eta-v3.1,False,D064,2026-08-14 19:04:15.085545,2026-08-14 21:04:00.769224,2026-08-14 20:05:22.631148,3,,,True,True,46.21,1.0,1.0,delivered_late,2026-08-14 21:04:00.769224,False,46.21,6.25,61.13,58.64,126.01,79.8,18.0,61.8,49.38,-3.16,18.86,2026-08-14,18,Friday,10-20 km
O00474,C0127,R021,D050,Bengaluru,2026-08-04 23:04:00,2026-08-05 00:23:48.000000,2026-08-04 23:19:24.678164,2026-08-05 00:17:35.652368,delivered,18.0,high,clear,D004,D050,2026-08-04 23:09:36.471040,2026-08-04 23:12:07.213147,2026-08-04 23:22:00,2026-08-05 00:34:08.801579,completed,eta-v3.2,True,D004,2026-08-04 23:09:36.471040,2026-08-05 00:17:35.652368,2026-08-04 23:19:24.678164,5,CX-01;CX-03,,True,True,-6.21,0.0,0.0,delivered_on_time,2026-08-05 00:17:35.652368,False,-6.21,5.61,9.8,58.18,73.59,79.8,18.0,61.8,-2.59,-3.62,10.35,2026-08-04,23,Tuesday,10-20 km
O00475,C0883,R056,D058,Bengaluru,2026-08-11 19:29:00,2026-08-11 20:44:36.000000,2026-08-11 19:45:41.208149,2026-08-11 20:37:47.131885,delivered,18.0,medium,clear,D058,D058,2026-08-11 19:32:29.153860,,2026-08-11 19:47:00,2026-08-11 20:48:36.000000,completed,eta-v3.1,False,D058,2026-08-11 19:32:29.153860,2026-08-11 20:37:47.131885,2026-08-11 19:45:41.208149,2,CX-03,,True,True,-6.81,0.0,0.0,delivered_on_time,2026-08-11 20:37:47.131885,False,-6.81,3.49,13.2,52.1,68.79,75.6,18.0,57.6,-1.31,-5.5,4.0,2026-08-11,19,Tuesday,10-20 km
O00476,C0889,R054,D117,Bengaluru,2026-08-04 18:25:00,2026-08-04 19:37:48.000000,2026-08-04 19:08:28.451241,2026-08-04 19:51:57.232492,delivered,18.0,low,clear,D117,D117,2026-08-04 18:34:37.843313,,2026-08-04 18:43:00,2026-08-04 19:43:07.353102,completed,eta-v3.1,False,D117,2026-08-04 18:34:37.843313,2026-08-04 19:51:57.232492,2026-08-04 19:08:28.451241,2,CX-03,,True,True,14.15,1.0,1.0,delivered_late,2026-08-04 19:51:57.232492,False,14.15,9.63,33.84,43.48,86.95,72.8,18.0,54.8,25.47,-11.32,5.32,2026-08-04,18,Tuesday,10-20 km
O00477,C0117,R007,D011,Bengaluru,2026-08-21 19:42:00,2026-08-21 21:01:48.000000,2026-08-21 20:14:32.816157,2026-08-21 21:10:10.485830,delivered,18.0,high,clear,D011,D011,2026-08-21 19:43:05.513917,,2026-08-21 20:00:00,2026-08-21 21:12:10.355646,completed,eta-v3.2,False,D011,2026-08-21 19:43:05.513917,2026-08-21 21:10:10.485830,2026-08-21 20:14:32.816157,3,RG-03,,True,True,8.37,1.0,0.0,delivered_late,2026-08-21 21:10:10.485830,False,8.37,1.09,31.46,55.63,88.17,79.8,18.0,61.8,14.55,-6.17,10.37,2026-08-21,19,Friday,10-20 km
O00478,C0264,R045,D096,Bengaluru,2026-08-11 20:43:00,2026-08-11 21:47:16.786315,2026-08-11 20:58:20.684682,2026-08-11 21:41:14.596300,delivered,10.61,high,clear,D096,D096,2026-08-11 20:47:26.864409,,2026-08-11 21:01:00,2026-08-11 21:57:16.786315,completed,eta-v3.2,False,D096,2026-08-11 20:47:26.864409,2026-08-11 21:41:14.596300,2026-08-11 20:58:20.684682,4,,,True,True,-6.04,0.0,0.0,delivered_on_time,2026-08-11 21:41:14.596300,False,-6.04,4.45,10.9,42.9,58.24,64.28,18.0,46.28,-2.66,-3.38,10.0,2026-08-11,20,Tuesday,10-20 km
O00479,C0477,R038,D023,Bengaluru,2026-08-13 22:07:00,2026-08-13 23:22:36.000000,2026-08-13 22:37:57.674973,,cancelled,18.0,medium,clear,D023,D023,2026-08-13 22:13:03.641406,,2026-08-13 22:25:00,2026-08-13 23:27:43.126136,cancelled,eta-v3.1,False,D023,2026-08-13 22:13:03.641406,,,0,CX-03,,False,False,,,,cancelled,,False,,6.06,24.9,,,75.6,18.0,57.6,12.96,,5.12,2026-08-13,22,Thursday,10-20 km
O00480,C0718,R045,D119,Bengaluru,2026-08-03 19:17:00,2026-08-03 20:09:31.086534,2026-08-03 20:01:17.339837,2026-08-03 20:24:59.005306,delivered,5.01,high,clear,D119,D119,2026-08-03 19:17:23.871406,,2026-08-03 19:35:00,2026-08-03 20:25:12.541475,completed,eta-v3.1,False,D119,2026-08-03 19:17:23.871406,2026-08-03 20:24:59.005306,2026-08-03 20:01:17.339837,2,,,True,True,15.47,1.0,1.0,delivered_late,2026-08-03 20:24:59.005306,False,15.47,0.4,43.89,23.69,67.98,52.52,18.0,34.52,26.29,-10.83,15.69,2026-08-03,19,Monday,3-6 km
O00481,C0811,R014,D036,Bengaluru,2026-08-23 17:59:00,2026-08-23 19:24:24.000000,2026-08-23 18:28:42.877804,2026-08-23 19:28:49.624756,delivered,18.0,severe,clear,D036,D036,2026-08-23 18:10:46.714724,,2026-08-23 18:17:00,2026-08-23 19:42:24.570064,completed,eta-v3.2,False,D036,2026-08-23 18:10:46.714724,2026-08-23 19:28:49.624756,2026-08-23 18:28:42.877804,2,,,True,True,4.43,1.0,0.0,delivered_late,2026-08-23 19:28:49.624756,False,4.43,11.78,17.94,60.11,89.83,85.4,18.0,67.4,11.71,-7.29,18.01,2026-08-23,17,Sunday,10-20 km
O00482,C0093,R043,D073,Bengaluru,2026-08-13 18:47:00,2026-08-13 19:33:41.196323,2026-08-13 19:05:44.137111,2026-08-13 19:27:34.860111,delivered,4.23,medium,clear,D073,D073,2026-08-13 19:00:16.214237,,2026-08-13 19:05:00,2026-08-13 19:37:41.196323,completed,eta-v3.2,False,D073,2026-08-13 19:00:16.214237,2026-08-13 19:27:34.860111,2026-08-13 19:05:44.137111,2,,,True,True,-6.11,0.0,0.0,delivered_on_time,2026-08-13 19:27:34.860111,False,-6.11,13.27,5.47,21.85,40.58,46.69,18.0,28.69,0.74,-6.84,4.0,2026-08-13,18,Thursday,3-6 km
O00483,C0670,R004,D079,Bengaluru,2026-08-10 14:24:00,2026-08-10 15:16:30.689606,2026-08-10 14:48:51.887736,2026-08-10 15:12:37.375389,delivered,8.34,low,clear,D079,D079,2026-08-10 14:25:39.817772,,2026-08-10 14:42:00,2026-08-10 15:16:30.689606,completed,eta-v3.2,False,D079,2026-08-10 14:25:39.817772,2026-08-10 15:12:37.375389,2026-08-10 14:48:51.887736,2,,,True,True,-3.89,0.0,0.0,delivered_on_time,2026-08-10 15:12:37.375389,False,-3.89,1.66,23.2,23.76,48.62,52.51,18.0,34.51,6.86,-10.75,0.0,2026-08-10,14,Monday,6-10 km
O00484,C0028,R057,D065,Bengaluru,2026-08-21 20:48:00,2026-08-21 21:34:23.305353,2026-08-21 21:12:39.799380,2026-08-21 21:34:51.865762,delivered,4.23,low,rain,D065,D065,2026-08-21 20:49:53.007285,,2026-08-21 21:06:00,2026-08-21 21:39:23.305353,completed,eta-v3.1,False,D065,2026-08-21 20:49:53.007285,2026-08-21 21:34:51.865762,2026-08-21 21:12:39.799380,3,,,True,True,0.48,1.0,0.0,delivered_late,2026-08-21 21:34:51.865762,False,0.48,1.88,22.78,22.2,46.86,46.39,18.0,28.39,6.66,-6.19,5.0,2026-08-21,20,Friday,3-6 km
O00485,C0864,R026,D005,Bengaluru,2026-08-15 19:04:00,2026-08-15 20:14:10.687624,2026-08-15 19:32:08.015329,2026-08-15 20:15:21.486824,delivered,13.42,high,clear,D005,D005,2026-08-15 19:13:14.767258,,2026-08-15 19:22:00,2026-08-15 20:26:08.569609,completed,eta-v3.1,False,D005,2026-08-15 19:13:14.767258,2026-08-15 20:15:21.486824,2026-08-15 19:32:08.015329,2,,,True,True,1.18,1.0,0.0,delivered_late,2026-08-15 20:15:21.486824,False,1.18,9.25,18.89,43.22,71.36,70.18,18.0,52.18,10.13,-8.96,11.96,2026-08-15,19,Saturday,10-20 km
O00486,C0464,R043,D073,Bengaluru,2026-08-06 20:15:00,2026-08-06 21:03:54.308146,2026-08-06 20:44:25.019780,2026-08-06 21:06:08.388424,delivered,5.29,medium,clear,D073,D073,2026-08-06 20:19:36.421646,,2026-08-06 20:33:00,2026-08-06 21:07:54.308146,completed,eta-v3.2,False,D073,2026-08-06 20:19:36.421646,2026-08-06 21:06:08.388424,2026-08-06 20:44:25.019780,4,,,True,True,2.23,1.0,0.0,delivered_late,2026-08-06 21:06:08.388424,False,2.23,4.61,24.81,21.72,51.14,48.91,18.0,30.91,11.42,-9.19,4.0,2026-08-06,20,Thursday,3-6 km
O00487,C0894,R041,D024,Bengaluru,2026-08-24 17:09:00,2026-08-24 18:31:18.000000,2026-08-24 17:41:15.588153,2026-08-24 18:42:38.911522,delivered,18.0,high,rain,D024,D024,2026-08-24 17:10:34.226275,,2026-08-24 17:27:00,2026-08-24 18:51:51.870586,completed,eta-v3.1,False,D024,2026-08-24 17:10:34.226275,2026-08-24 18:42:38.911522,2026-08-24 17:41:15.588153,3,,,True,True,11.35,1.0,1.0,delivered_late,2026-08-24 18:42:38.911522,False,11.35,1.57,30.69,61.39,93.65,82.3,18.0,64.3,14.26,-2.91,20.56,2026-08-24,17,Monday,10-20 km
O00488,C0774,R018,D055,Bengaluru,2026-08-13 18:30:00,2026-08-13 19:11:11.200279,2026-08-13 19:05:41.399010,,delivered,2.95,low,clear,D055,D055,2026-08-13 18:31:58.807989,,2026-08-13 18:48:00,2026-08-13 19:11:51.691166,completed,eta-v3.2,False,D055,2026-08-13 18:31:58.807989,2026-08-13 19:19:33.086426,2026-08-13 19:05:41.399010,5,TS-04,TS-04,True,False,,,,unknown_missing_timestamp,2026-08-13 19:19:33.086426,True,8.36,1.98,33.71,,,41.19,18.0,23.19,17.69,,0.67,2026-08-13,18,Thursday,0-3 km
O00489,C0344,R017,D083,Bengaluru,2026-08-19 12:56:00,2026-08-19 14:06:14.792264,2026-08-19 13:22:11.946224,2026-08-19 14:10:45.484437,delivered,15.59,low,rain,D083,D083,2026-08-19 12:59:14.693121,,2026-08-19 13:14:00,2026-08-19 14:11:14.792264,completed,eta-v3.2,False,D083,2026-08-19 12:59:14.693121,2026-08-19 14:10:45.484437,2026-08-19 13:22:11.946224,5,CX-03,,True,True,4.51,1.0,0.0,delivered_late,2026-08-19 14:10:45.484437,False,4.51,3.24,22.95,48.56,74.76,70.25,18.0,52.25,8.2,-3.69,5.0,2026-08-19,12,Wednesday,10-20 km
O00490,C0579,R016,D018,Bengaluru,2026-08-08 15:02:00,2026-08-08 16:27:24.000000,2026-08-08 15:31:51.592269,2026-08-08 16:33:39.027665,delivered,18.0,severe,clear,D018,D018,2026-08-08 15:06:39.707458,,2026-08-08 15:20:00,2026-08-08 16:45:30.512497,completed,eta-v3.1,False,D018,2026-08-08 15:06:39.707458,2026-08-08 16:33:39.027665,2026-08-08 15:31:51.592269,3,,,True,True,6.25,1.0,0.0,delivered_late,2026-08-08 16:33:39.027665,False,6.25,4.66,25.2,61.79,91.65,85.4,18.0,67.4,11.86,-5.61,18.11,2026-08-08,15,Saturday,10-20 km
O00491,C0003,R045,D010,Bengaluru,2026-08-13 17:37:00,2026-08-13 18:32:57.974230,2026-08-13 18:14:28.409589,2026-08-13 18:47:18.156455,delivered,3.98,severe,clear,D010,D010,2026-08-13 17:37:32.621449,,2026-08-13 17:55:00,2026-08-13 18:50:57.974230,completed,eta-v3.2,False,D010,2026-08-13 17:37:32.621449,2026-08-13 18:47:18.156455,2026-08-13 18:14:28.409589,5,,,True,True,14.34,1.0,1.0,delivered_late,2026-08-13 18:47:18.156455,False,14.34,0.54,36.93,32.83,70.3,55.97,18.0,37.97,19.47,-5.14,18.0,2026-08-13,17,Thursday,3-6 km
O00492,C0015,R023,D101,Bengaluru,2026-08-26 17:09:00,2026-08-26 18:12:37.192858,2026-08-26 17:34:44.467541,,cancelled,12.3,medium,clear,D101,D101,2026-08-26 17:10:55.367708,,2026-08-26 17:27:00,2026-08-26 18:16:37.192858,cancelled,eta-v3.2,False,D101,2026-08-26 17:10:55.367708,,,0,CX-03,,False,False,,,,cancelled,,False,,1.92,23.82,,,63.62,18.0,45.62,7.74,,4.0,2026-08-26,17,Wednesday,10-20 km
O00493,C0243,R026,D032,Bengaluru,2026-08-01 12:49:00,2026-08-01 14:08:48.000000,2026-08-01 13:06:55.188378,2026-08-01 14:05:02.111690,delivered,18.0,high,clear,D032,D032,2026-08-01 12:54:52.255330,,2026-08-01 13:07:00,2026-08-01 14:18:48.000000,completed,eta-v3.1,False,D032,2026-08-01 12:54:52.255330,2026-08-01 14:05:02.111690,2026-08-01 13:06:55.188378,2,CX-03,,True,True,-3.76,0.0,0.0,delivered_on_time,2026-08-01 14:05:02.111690,False,-3.76,5.87,12.05,58.12,76.04,79.8,18.0,61.8,-0.08,-3.68,10.0,2026-08-01,12,Saturday,10-20 km
O00494,C0055,R048,D119,Bengaluru,2026-08-06 14:47:00,2026-08-06 15:32:52.726833,2026-08-06 15:11:13.290322,2026-08-06 15:26:09.157721,delivered,5.18,low,clear,D119,D119,2026-08-06 14:53:12.036330,,2026-08-06 15:05:00,2026-08-06 15:32:52.726833,completed,eta-v3.1,False,D119,2026-08-06 14:53:12.036330,2026-08-06 15:26:09.157721,2026-08-06 15:11:13.290322,2,,,True,True,-6.73,0.0,0.0,delivered_on_time,2026-08-06 15:26:09.157721,False,-6.73,6.2,18.02,14.93,39.15,45.88,18.0,27.88,6.22,-12.95,0.0,2026-08-06,14,Thursday,3-6 km
O00495,C0209,R031,D062,Bengaluru,2026-08-11 11:15:00,2026-08-11 12:30:36.000000,2026-08-11 11:47:59.729444,,cancelled,18.0,medium,clear,D062,D062,2026-08-11 11:17:04.816044,,2026-08-11 11:33:00,2026-08-11 12:38:08.514973,cancelled,eta-v3.1,False,D062,2026-08-11 11:17:04.816044,,,0,,,False,False,,,,cancelled,,False,,2.08,30.92,,,75.6,18.0,57.6,15.0,,7.54,2026-08-11,11,Tuesday,10-20 km
O00496,C0033,R028,D001,Bengaluru,2026-08-04 14:50:00,2026-08-04 16:02:48.000000,2026-08-04 14:59:12.709125,2026-08-04 15:48:57.375761,delivered,18.0,low,clear,D001,D001,2026-08-04 15:09:01.658960,,2026-08-04 15:08:00,2026-08-04 16:02:48.000000,completed,eta-v3.2,False,D001,2026-08-04 15:09:01.658960,2026-08-04 15:48:57.375761,2026-08-04 14:59:12.709125,4,TS-07;CX-03,,True,True,-13.84,0.0,0.0,delivered_on_time,2026-08-04 15:48:57.375761,False,-13.84,19.03,-9.82,49.74,58.96,72.8,18.0,54.8,-8.79,-5.06,0.0,2026-08-04,14,Tuesday,10-20 km
O00497,C0482,R032,D075,Bengaluru,2026-08-13 19:22:00,2026-08-13 20:44:18.000000,2026-08-13 20:14:53.614453,2026-08-13 21:16:04.765594,delivered,18.0,high,rain,D016,D075,2026-08-13 19:27:38.842728,2026-08-13 19:35:43.824946,2026-08-13 19:40:00,2026-08-13 21:10:10.365235,completed,eta-v3.2,True,D016,2026-08-13 19:27:38.842728,2026-08-13 21:16:04.765594,2026-08-13 20:14:53.614453,3,CX-01;CX-03,,True,True,31.78,1.0,1.0,delivered_late,2026-08-13 21:16:04.765594,False,31.78,5.65,47.25,61.19,114.08,82.3,18.0,64.3,34.89,-3.11,25.87,2026-08-13,19,Thursday,10-20 km
O00498,C0888,R033,D119,Bengaluru,2026-08-16 18:42:00,2026-08-16 20:00:48.000000,2026-08-16 19:01:54.646696,,cancelled,18.0,low,heavy_rain,D119,D119,2026-08-16 18:42:44.852662,,2026-08-16 19:00:00,2026-08-16 20:12:48.000000,cancelled,eta-v3.1,False,D119,2026-08-16 18:42:44.852662,,,0,,,False,False,,,,cancelled,,False,,0.75,19.16,,,78.8,18.0,60.8,1.91,,12.0,2026-08-16,18,Sunday,10-20 km
O00499,C0277,R002,D104,Bengaluru,2026-08-26 20:43:00,2026-08-26 21:58:36.000000,2026-08-26 21:14:02.441452,2026-08-26 22:05:43.231907,delivered,18.0,medium,clear,D104,D104,2026-08-26 20:53:38.834648,,2026-08-26 21:01:00,2026-08-26 22:06:08.692283,completed,eta-v3.2,False,D104,2026-08-26 20:53:38.834648,2026-08-26 22:05:43.231907,2026-08-26 21:14:02.441452,2,,,True,True,7.12,1.0,0.0,delivered_late,2026-08-26 22:05:43.231907,False,7.12,10.65,20.39,51.68,82.72,75.6,18.0,57.6,13.04,-5.92,7.54,2026-08-26,20,Wednesday,10-20 km
O00500,C0822,R056,D007,Bengaluru,2026-08-07 19:55:00,2026-08-07 21:10:36.000000,2026-08-07 20:09:07.662397,2026-08-07 20:59:18.080821,delivered,18.0,medium,clear,D007,D007,2026-08-07 19:56:38.976873,,2026-08-07 20:13:00,2026-08-07 21:14:59.624027,completed,eta-v3.2,False,D007,2026-08-07 19:56:38.976873,2026-08-07 20:59:18.080821,2026-08-07 20:09:07.662397,5,,,True,True,-11.3,0.0,0.0,delivered_on_time,2026-08-07 20:59:18.080821,False,-11.3,1.65,12.48,50.17,64.3,75.6,18.0,57.6,-3.87,-7.43,4.39,2026-08-07,19,Friday,10-20 km
O00501,C0509,R033,D087,Bengaluru,2026-08-22 19:06:00,2026-08-22 20:21:36.000000,2026-08-22 19:33:24.991506,2026-08-22 20:22:22.012259,delivered,18.0,medium,clear,D087,D087,2026-08-22 19:06:52.303592,,2026-08-22 19:24:00,2026-08-22 20:25:36.000000,completed,eta-v3.2,False,D087,2026-08-22 19:06:52.303592,2026-08-22 20:22:22.012259,2026-08-22 19:33:24.991506,2,,,True,True,0.77,1.0,0.0,delivered_late,2026-08-22 20:22:22.012259,False,0.77,0.87,26.54,48.95,76.37,75.6,18.0,57.6,9.42,-8.65,4.0,2026-08-22,19,Saturday,10-20 km
O00502,C0148,R051,D098,Bengaluru,2026-08-21 20:05:00,2026-08-21 20:58:47.101348,2026-08-21 20:28:17.555642,2026-08-21 20:59:16.781520,delivered,5.61,high,clear,D098,D098,2026-08-21 20:06:54.003346,,2026-08-21 20:23:00,2026-08-21 21:08:47.101348,completed,eta-v3.2,False,D098,2026-08-21 20:06:54.003346,2026-08-21 20:59:16.781520,2026-08-21 20:28:17.555642,5,,,True,True,0.49,1.0,0.0,delivered_late,2026-08-21 20:59:16.781520,False,0.49,1.9,21.39,30.99,54.28,53.79,18.0,35.79,5.29,-4.8,10.0,2026-08-21,20,Friday,3-6 km
O00503,C0881,R020,D088,Bengaluru,2026-08-24 19:12:00,2026-08-24 20:31:48.000000,2026-08-24 19:40:06.518413,2026-08-24 20:31:00.878093,delivered,18.0,high,clear,D008,D088,2026-08-24 19:12:24.349999,2026-08-24 19:18:32.175108,2026-08-24 19:30:00,2026-08-24 20:41:48.000000,completed,eta-v3.1,True,D008,2026-08-24 19:12:24.349999,2026-08-24 20:31:00.878093,2026-08-24 19:40:06.518413,5,CX-01;CX-03,,True,True,-0.79,0.0,0.0,delivered_on_time,2026-08-24 20:31:00.878093,False,-0.79,0.41,27.7,50.91,79.01,79.8,18.0,61.8,10.11,-10.89,10.0,2026-08-24,19,Monday,10-20 km
O00504,C0716,R039,D023,Bengaluru,2026-08-20 19:06:00,2026-08-20 20:14:13.426543,2026-08-20 19:37:47.238817,2026-08-20 20:22:24.409143,delivered,14.49,medium,clear,D023,D023,2026-08-20 19:09:55.006697,,2026-08-20 19:24:00,2026-08-20 20:19:36.124449,completed,eta-v3.2,False,D023,2026-08-20 19:09:55.006697,2026-08-20 20:22:24.409143,2026-08-20 19:37:47.238817,4,,,True,True,8.18,1.0,0.0,delivered_late,2026-08-20 20:22:24.409143,False,8.18,3.92,27.87,44.62,76.41,68.22,18.0,50.22,13.79,-5.6,5.38,2026-08-20,19,Thursday,10-20 km
O00505,C0479,R012,D081,Bengaluru,2026-08-20 16:32:00,2026-08-20 17:48:32.813282,2026-08-20 16:59:35.581676,2026-08-20 17:52:48.639434,delivered,13.78,severe,clear,D081,D081,2026-08-20 16:32:59.934276,,2026-08-20 16:50:00,2026-08-20 18:07:58.977465,completed,eta-v3.2,False,D081,2026-08-20 16:32:59.934276,2026-08-20 17:52:48.639434,2026-08-20 16:59:35.581676,4,,,True,True,4.26,1.0,0.0,delivered_late,2026-08-20 17:52:48.639434,False,4.26,1.0,26.59,53.22,80.81,76.55,18.0,58.55,9.59,-5.33,19.44,2026-08-20,16,Thursday,10-20 km
O00506,C0274,R013,D105,Bengaluru,2026-08-08 19:03:00,2026-08-08 20:07:52.391855,2026-08-08 19:19:30.312766,2026-08-08 20:00:32.805129,delivered,8.23,severe,clear,D105,D105,2026-08-08 19:04:09.360853,,2026-08-08 19:21:00,2026-08-08 20:25:52.391855,completed,eta-v3.1,False,D105,2026-08-08 19:04:09.360853,2026-08-08 20:00:32.805129,2026-08-08 19:19:30.312766,5,,,True,True,-7.33,0.0,0.0,delivered_on_time,2026-08-08 20:00:32.805129,False,-7.33,1.16,15.35,41.04,57.55,64.87,18.0,46.87,-1.49,-5.83,18.0,2026-08-08,19,Saturday,6-10 km
O00507,C0399,R050,D059,Bengaluru,2026-08-17 20:18:00,2026-08-17 21:26:22.799209,2026-08-17 20:40:18.973164,2026-08-17 21:25:25.528884,delivered,12.56,high,clear,D059,D059,2026-08-17 20:19:26.783696,,2026-08-17 20:36:00,2026-08-17 21:36:22.799209,completed,eta-v3.1,False,D059,2026-08-17 20:19:26.783696,2026-08-17 21:25:25.528884,2026-08-17 20:40:18.973164,4,,,True,True,-0.95,0.0,0.0,delivered_on_time,2026-08-17 21:25:25.528884,False,-0.95,1.45,20.87,45.11,67.43,68.38,18.0,50.38,4.32,-5.27,10.0,2026-08-17,20,Monday,10-20 km
O00508,C0499,R033,D051,Bengaluru,2026-08-10 21:13:00,2026-08-10 22:25:48.000000,2026-08-10 21:53:24.611482,2026-08-10 22:37:41.070276,delivered,18.0,low,clear,D051,D051,2026-08-10 21:16:21.152736,,2026-08-10 21:31:00,2026-08-10 22:26:00.126163,completed,eta-v3.1,False,D051,2026-08-10 21:16:21.152736,2026-08-10 22:37:41.070276,2026-08-10 21:53:24.611482,5,,,True,True,11.88,1.0,1.0,delivered_late,2026-08-10 22:37:41.070276,False,11.88,3.35,37.06,44.27,84.68,72.8,18.0,54.8,22.41,-10.53,0.2,2026-08-10,21,Monday,10-20 km
O00509,C0519,R030,D052,Bengaluru,2026-08-02 12:32:00,2026-08-02 13:51:48.000000,2026-08-02 12:51:46.364440,2026-08-02 13:43:14.227492,delivered,18.0,high,clear,D052,D052,2026-08-02 12:37:08.386870,,2026-08-02 12:50:00,2026-08-02 14:01:48.000000,completed,eta-v3.2,False,D052,2026-08-02 12:37:08.386870,2026-08-02 13:43:14.227492,2026-08-02 12:51:46.364440,3,,,True,True,-8.56,0.0,0.0,delivered_on_time,2026-08-02 13:43:14.227492,False,-8.56,5.14,14.63,51.46,71.24,79.8,18.0,61.8,1.77,-10.34,10.0,2026-08-02,12,Sunday,10-20 km
O00510,C0797,R029,D065,Bengaluru,2026-08-26 19:05:00,2026-08-26 20:25:41.022620,2026-08-26 19:29:57.992323,2026-08-26 20:30:54.899123,delivered,17.23,high,rain,D065,D065,2026-08-26 19:10:10.315061,,2026-08-26 19:23:00,2026-08-26 20:42:12.728467,completed,eta-v3.1,False,D065,2026-08-26 19:10:10.315061,2026-08-26 20:30:54.899123,2026-08-26 19:29:57.992323,3,CX-03,,True,True,5.23,1.0,0.0,delivered_late,2026-08-26 20:30:54.899123,False,5.23,5.17,19.79,60.95,85.91,80.68,18.0,62.68,6.97,-1.73,16.53,2026-08-26,19,Wednesday,10-20 km
O00511,C0064,R038,D015,Bengaluru,2026-08-09 19:06:00,2026-08-09 20:25:48.000000,2026-08-09 19:26:39.457940,2026-08-09 20:24:14.113395,delivered,18.0,high,clear,D015,D015,2026-08-09 19:11:43.427119,,2026-08-09 19:24:00,2026-08-09 20:35:48.000000,completed,eta-v3.1,False,D015,2026-08-09 19:11:43.427119,2026-08-09 20:24:14.113395,2026-08-09 19:26:39.457940,3,,,True,True,-1.56,0.0,0.0,delivered_on_time,2026-08-09 20:24:14.113395,False,-1.56,5.72,14.93,57.58,78.24,79.8,18.0,61.8,2.66,-4.22,10.0,2026-08-09,19,Sunday,10-20 km
O00512,C0190,R012,D062,Bengaluru,2026-08-27 18:51:00,2026-08-27 20:06:36.000000,2026-08-27 19:16:59.110922,2026-08-27 20:03:15.140941,delivered,18.0,medium,clear,D062,D062,2026-08-27 18:54:00.081823,,2026-08-27 19:09:00,2026-08-27 20:11:45.391382,completed,eta-v3.1,False,D062,2026-08-27 18:54:00.081823,2026-08-27 20:03:15.140941,2026-08-27 19:16:59.110922,2,,,True,True,-3.35,0.0,0.0,delivered_on_time,2026-08-27 20:03:15.140941,False,-3.35,3.0,22.98,46.27,72.25,75.6,18.0,57.6,7.99,-11.33,5.16,2026-08-27,18,Thursday,10-20 km
O00513,C0109,R024,D078,Bengaluru,2026-08-06 11:28:00,2026-08-06 12:47:48.000000,2026-08-06 12:13:16.032656,2026-08-06 13:10:37.271716,delivered,18.0,high,clear,D016,D078,2026-08-06 11:28:02.807739,2026-08-06 11:33:35.390030,2026-08-06 11:46:00,2026-08-06 13:02:09.293246,completed,eta-v3.2,True,D016,2026-08-06 11:28:02.807739,2026-08-06 13:10:37.271716,2026-08-06 12:13:16.032656,3,RG-03;CX-01;CX-03,,True,True,22.82,1.0,1.0,delivered_late,2026-08-06 13:10:37.271716,False,22.82,0.05,45.22,57.35,102.62,79.8,18.0,61.8,27.27,-4.45,14.35,2026-08-06,11,Thursday,10-20 km
O00514,C0419,R053,D014,Bengaluru,2026-08-10 11:33:00,2026-08-10 12:52:48.000000,2026-08-10 11:56:41.364381,2026-08-10 12:52:29.021367,delivered,18.0,high,clear,D014,D014,2026-08-10 11:37:02.212265,,2026-08-10 11:51:00,2026-08-10 13:05:20.896320,completed,eta-v3.2,False,D014,2026-08-10 11:37:02.212265,2026-08-10 12:52:29.021367,2026-08-10 11:56:41.364381,3,CX-03,,True,True,-0.32,0.0,0.0,delivered_on_time,2026-08-10 12:52:29.021367,False,-0.32,4.04,19.65,55.79,79.48,79.8,18.0,61.8,5.69,-6.01,12.55,2026-08-10,11,Monday,10-20 km
O00515,C0672,R025,D033,Bengaluru,2026-08-02 13:19:00,2026-08-02 14:21:51.106890,2026-08-02 13:49:46.710718,2026-08-02 14:28:28.839181,delivered,9.93,high,clear,D033,D033,2026-08-02 13:22:39.419414,,2026-08-02 13:37:00,2026-08-02 14:38:21.534538,completed,eta-v3.2,False,D033,2026-08-02 13:22:39.419414,2026-08-02 14:28:28.839181,2026-08-02 13:49:46.710718,3,,,True,True,6.63,1.0,0.0,delivered_late,2026-08-02 14:28:28.839181,False,6.63,3.66,27.12,38.7,69.48,62.85,18.0,44.85,12.78,-6.15,16.51,2026-08-02,13,Sunday,6-10 km
O00516,C0001,R011,D119,Bengaluru,2026-08-14 22:09:00,2026-08-14 23:01:21.831360,2026-08-14 22:24:35.856083,2026-08-14 22:52:14.077541,delivered,6.94,medium,clear,D119,D119,2026-08-14 22:20:28.612087,,2026-08-14 22:27:00,2026-08-14 23:05:21.831360,completed,eta-v3.1,False,D119,2026-08-14 22:20:28.612087,2026-08-14 22:52:14.077541,2026-08-14 22:24:35.856083,3,,,True,True,-9.13,0.0,0.0,delivered_on_time,2026-08-14 22:52:14.077541,False,-9.13,11.48,4.12,27.64,43.23,52.36,18.0,34.36,-2.4,-6.72,4.0,2026-08-14,22,Friday,6-10 km
O00517,C0328,R035,D076,Bengaluru,2026-08-20 15:17:00,2026-08-20 16:29:48.000000,2026-08-20 15:46:52.677476,2026-08-20 16:34:46.946537,delivered,18.0,low,clear,D076,D076,2026-08-20 15:22:41.896342,,2026-08-20 15:35:00,2026-08-20 16:29:48.000000,completed,eta-v3.1,False,D076,2026-08-20 15:22:41.896342,2026-08-20 16:34:46.946537,2026-08-20 15:46:52.677476,2,,,True,True,4.98,1.0,0.0,delivered_late,2026-08-20 16:34:46.946537,False,4.98,5.7,24.18,47.9,77.78,72.8,18.0,54.8,11.88,-6.9,0.0,2026-08-20,15,Thursday,10-20 km
O00518,C0493,R041,D102,Bengaluru,2026-08-13 22:50:00,2026-08-14 00:15:24.000000,2026-08-13 23:08:58.139851,2026-08-14 00:13:54.923342,delivered,18.0,severe,clear,D102,D102,2026-08-13 22:52:46.252100,,2026-08-13 23:08:00,2026-08-14 00:33:24.000000,completed,eta-v3.2,False,D102,2026-08-13 22:52:46.252100,2026-08-14 00:13:54.923342,2026-08-13 23:08:58.139851,2,FR-01,,True,True,-1.48,0.0,0.0,delivered_on_time,2026-08-14 00:13:54.923342,False,-1.48,2.77,16.2,64.95,83.92,85.4,18.0,67.4,0.97,-2.45,18.0,2026-08-13,22,Thursday,10-20 km
O00519,C0864,R011,D083,Bengaluru,2026-08-25 17:22:00,2026-08-25 18:20:59.008918,2026-08-25 17:51:51.099458,2026-08-25 18:26:03.977828,delivered,8.09,high,clear,D083,D083,2026-08-25 17:28:47.191967,,2026-08-25 17:40:00,2026-08-25 18:31:55.138513,completed,eta-v3.2,False,D083,2026-08-25 17:28:47.191967,2026-08-25 18:26:03.977828,2026-08-25 17:51:51.099458,3,,,True,True,5.08,1.0,0.0,delivered_late,2026-08-25 18:26:03.977828,False,5.08,6.79,23.07,34.21,64.07,58.98,18.0,40.98,11.85,-6.77,10.94,2026-08-25,17,Tuesday,6-10 km
O00520,C0489,R050,D089,Bengaluru,2026-08-09 11:46:00,2026-08-09 13:05:48.000000,2026-08-09 12:14:11.608672,2026-08-09 13:08:00.653735,delivered,18.0,high,clear,D089,D089,2026-08-09 11:46:22.397862,,2026-08-09 12:04:00,2026-08-09 13:15:48.000000,completed,eta-v3.2,False,D089,2026-08-09 11:46:22.397862,2026-08-09 13:08:00.653735,2026-08-09 12:14:11.608672,4,,,True,True,2.21,1.0,0.0,delivered_late,2026-08-09 13:08:00.653735,False,2.21,0.37,27.82,53.82,82.01,79.8,18.0,61.8,10.19,-7.98,10.0,2026-08-09,11,Sunday,10-20 km
O00521,C0854,R026,D038,Bengaluru,2026-08-27 14:40:00,2026-08-27 15:55:17.426533,2026-08-27 14:58:13.980566,2026-08-27 15:54:11.349727,delivered,14.66,high,rain,D038,D038,2026-08-27 14:43:34.081678,,2026-08-27 14:58:00,2026-08-27 16:11:32.419223,completed,eta-v3.1,False,D038,2026-08-27 14:43:34.081678,2026-08-27 15:54:11.349727,2026-08-27 14:58:13.980566,2,,,True,True,-1.1,0.0,0.0,delivered_on_time,2026-08-27 15:54:11.349727,False,-1.1,3.57,14.66,55.96,74.19,75.29,18.0,57.29,0.23,-1.33,16.25,2026-08-27,14,Thursday,10-20 km
O00522,C0748,R027,D015,Bengaluru,2026-08-16 20:00:00,2026-08-16 21:25:24.000000,2026-08-16 20:22:48.526265,2026-08-16 21:29:40.702440,delivered,18.0,severe,clear,D015,D015,2026-08-16 20:00:28.548722,,2026-08-16 20:18:00,2026-08-16 21:43:24.000000,completed,eta-v3.1,False,D015,2026-08-16 20:00:28.548722,2026-08-16 21:29:40.702440,2026-08-16 20:22:48.526265,3,,,True,True,4.28,1.0,0.0,delivered_late,2026-08-16 21:29:40.702440,False,4.28,0.48,22.33,66.87,89.68,85.4,18.0,67.4,4.81,-0.53,18.0,2026-08-16,20,Sunday,10-20 km
O00523,C0865,R056,D039,Bengaluru,2026-08-23 18:22:00,2026-08-23 19:37:36.000000,2026-08-23 18:55:41.930569,2026-08-23 19:47:53.336916,delivered,18.0,medium,clear,D039,D039,2026-08-23 18:22:23.482604,,2026-08-23 18:40:00,2026-08-23 19:43:46.624899,completed,eta-v3.2,False,D039,2026-08-23 18:22:23.482604,2026-08-23 19:47:53.336916,2026-08-23 18:55:41.930569,3,,,True,True,10.29,1.0,1.0,delivered_late,2026-08-23 19:47:53.336916,False,10.29,0.39,33.31,52.19,85.89,75.6,18.0,57.6,15.7,-5.41,6.18,2026-08-23,18,Sunday,10-20 km
O00524,C0611,R042,D015,Bengaluru,2026-08-12 22:27:00,2026-08-12 23:27:04.414916,2026-08-12 22:51:29.102072,2026-08-12 23:27:58.269309,delivered,10.61,medium,clear,D015,D015,2026-08-12 22:37:30.279803,,2026-08-12 22:45:00,2026-08-12 23:31:04.414916,completed,eta-v3.1,False,D015,2026-08-12 22:37:30.279803,2026-08-12 23:27:58.269309,2026-08-12 22:51:29.102072,5,,,True,True,0.9,1.0,0.0,delivered_late,2026-08-12 23:27:58.269309,False,0.9,10.5,13.98,36.49,60.97,60.07,18.0,42.07,6.49,-5.58,4.0,2026-08-12,22,Wednesday,10-20 km
O00525,C0280,R022,D107,Bengaluru,2026-08-10 22:41:00,2026-08-10 23:46:04.170706,2026-08-10 23:07:35.282202,2026-08-10 23:52:57.894133,delivered,11.8,medium,rain,D059,D107,2026-08-10 22:43:14.079618,2026-08-10 22:47:32.071375,2026-08-10 22:59:00,2026-08-10 23:57:00.204179,completed,eta-v3.2,True,D059,2026-08-10 22:43:14.079618,2026-08-10 23:52:57.894133,2026-08-10 23:07:35.282202,4,CX-01;CX-03,,True,True,6.9,1.0,0.0,delivered_late,2026-08-10 23:52:57.894133,False,6.9,2.23,24.35,45.38,71.96,65.07,18.0,47.07,8.59,-1.69,10.93,2026-08-10,22,Monday,10-20 km
O00526,C0833,R006,D100,Bengaluru,2026-08-16 14:33:00,2026-08-16 15:48:36.000000,2026-08-16 15:17:53.581660,2026-08-16 16:11:11.602959,delivered,18.0,medium,clear,D100,D100,2026-08-16 14:34:25.137129,,2026-08-16 14:51:00,2026-08-16 16:02:56.271387,completed,eta-v3.2,False,D100,2026-08-16 14:34:25.137129,2026-08-16 16:11:11.602959,2026-08-16 15:17:53.581660,3,,,True,True,22.59,1.0,1.0,delivered_late,2026-08-16 16:11:11.602959,False,22.59,1.42,43.47,53.3,98.19,75.6,18.0,57.6,26.89,-4.3,14.34,2026-08-16,14,Sunday,10-20 km
O00527,C0480,R020,D050,Bengaluru,2026-08-22 21:10:00,2026-08-22 22:04:26.146473,2026-08-22 21:55:49.639157,2026-08-22 22:21:18.666861,delivered,9.26,low,clear,D050,D050,2026-08-22 21:12:19.959054,,2026-08-22 21:28:00,2026-08-22 22:12:35.028098,completed,eta-v3.2,False,D050,2026-08-22 21:12:19.959054,2026-08-22 22:21:18.666861,2026-08-22 21:55:49.639157,2,,,True,True,16.88,1.0,1.0,delivered_late,2026-08-22 22:21:18.666861,False,16.88,2.33,43.49,25.48,71.31,54.44,18.0,36.44,27.83,-10.96,8.15,2026-08-22,21,Saturday,6-10 km
O00528,C0367,R043,D020,Bengaluru,2026-08-16 23:17:00,2026-08-17 00:29:48.000000,2026-08-16 23:31:38.263244,2026-08-17 00:15:52.556292,delivered,18.0,low,clear,D020,D020,2026-08-16 23:19:09.660894,,2026-08-16 23:35:00,2026-08-17 00:30:34.673740,completed,eta-v3.2,False,D020,2026-08-16 23:19:09.660894,2026-08-17 00:15:52.556292,2026-08-16 23:31:38.263244,5,,,True,True,-13.92,0.0,0.0,delivered_on_time,2026-08-17 00:15:52.556292,False,-13.92,2.16,12.48,44.24,58.88,72.8,18.0,54.8,-3.36,-10.56,0.78,2026-08-16,23,Sunday,10-20 km
O00529,C0828,R041,D089,Bengaluru,2026-08-01 20:15:00,2026-08-01 21:30:18.000000,2026-08-01 20:26:07.771825,,cancelled,18.0,low,rain,D089,D089,2026-08-01 20:17:04.518430,,2026-08-01 20:33:00,2026-08-01 21:35:18.000000,cancelled,eta-v3.2,False,D089,2026-08-01 20:17:04.518430,,,0,,,False,False,,,,cancelled,,False,,2.08,9.05,,,75.3,18.0,57.3,-6.87,,5.0,2026-08-01,20,Saturday,10-20 km
O00530,C0634,R010,D010,Bengaluru,2026-08-16 12:27:00,2026-08-16 13:11:23.957324,2026-08-16 12:45:47.645194,2026-08-16 13:01:57.626904,delivered,3.14,medium,clear,D010,D010,2026-08-16 12:29:08.531566,,2026-08-16 12:45:00,2026-08-16 13:15:23.957324,completed,eta-v3.1,False,D010,2026-08-16 12:29:08.531566,2026-08-16 13:01:57.626904,2026-08-16 12:45:47.645194,5,,,True,True,-9.44,0.0,0.0,delivered_on_time,2026-08-16 13:01:57.626904,False,-9.44,2.14,16.65,16.17,34.96,44.4,18.0,26.4,0.79,-10.23,4.0,2026-08-16,12,Sunday,3-6 km
O00531,C0586,R026,D081,Bengaluru,2026-08-06 13:54:00,2026-08-06 15:09:36.000000,2026-08-06 14:25:27.840160,,cancelled,18.0,medium,clear,D081,D081,2026-08-06 13:55:26.855479,,2026-08-06 14:12:00,2026-08-06 15:13:36.000000,cancelled,eta-v3.1,False,D081,2026-08-06 13:55:26.855479,,,0,,,False,False,,,,cancelled,,False,,1.45,30.02,,,75.6,18.0,57.6,13.46,,4.0,2026-08-06,13,Thursday,10-20 km
O00532,C0381,R043,D007,Bengaluru,2026-08-14 11:12:00,2026-08-14 11:59:16.434888,2026-08-14 11:34:31.657150,2026-08-14 11:56:02.760445,delivered,5.84,low,clear,D007,D007,2026-08-14 11:19:15.673844,,2026-08-14 11:30:00,2026-08-14 12:01:23.194633,completed,eta-v3.2,False,D007,2026-08-14 11:19:15.673844,2026-08-14 11:56:02.760445,2026-08-14 11:34:31.657150,5,,,True,True,-3.23,0.0,0.0,delivered_on_time,2026-08-14 11:56:02.760445,False,-3.23,7.26,15.27,21.52,44.05,47.27,18.0,29.27,4.53,-7.75,2.11,2026-08-14,11,Friday,3-6 km
O00533,C0095,R040,D072,Bengaluru,2026-08-14 15:57:00,2026-08-14 16:59:11.129602,2026-08-14 16:37:12.401763,2026-08-14 17:11:33.220021,delivered,12.95,low,clear,D072,D072,2026-08-14 15:57:28.434871,,2026-08-14 16:15:00,2026-08-14 17:06:33.367183,completed,eta-v3.1,False,D072,2026-08-14 15:57:28.434871,2026-08-14 17:11:33.220021,2026-08-14 16:37:12.401763,5,,,True,True,12.37,1.0,1.0,delivered_late,2026-08-14 17:11:33.220021,False,12.37,0.47,39.73,34.35,74.55,62.19,18.0,44.19,22.21,-9.84,7.37,2026-08-14,15,Friday,10-20 km
O00534,C0320,R051,D111,Bengaluru,2026-08-28 13:23:00,2026-08-28 14:42:48.000000,2026-08-28 13:49:37.407434,2026-08-28 14:44:49.614480,delivered,18.0,high,clear,D111,D111,2026-08-28 13:25:45.285247,,2026-08-28 13:41:00,2026-08-28 14:54:16.656827,completed,eta-v3.2,False,D111,2026-08-28 13:25:45.285247,2026-08-28 14:44:49.614480,2026-08-28 13:49:37.407434,2,,,True,True,2.03,1.0,0.0,delivered_late,2026-08-28 14:44:49.614480,False,2.03,2.75,23.87,55.2,81.83,79.8,18.0,61.8,8.62,-6.6,11.48,2026-08-28,13,Friday,10-20 km
O00535,C0299,R046,D010,Bengaluru,2026-08-04 11:58:00,2026-08-04 13:10:52.866721,2026-08-04 12:29:53.051296,2026-08-04 13:17:42.377460,delivered,13.51,high,rain,D010,D010,2026-08-04 11:58:11.219425,,2026-08-04 12:16:00,2026-08-04 13:25:57.718210,completed,eta-v3.2,False,D010,2026-08-04 11:58:11.219425,2026-08-04 13:17:42.377460,2026-08-04 12:29:53.051296,3,,,True,True,6.83,1.0,0.0,delivered_late,2026-08-04 13:17:42.377460,False,6.83,0.19,31.7,47.82,79.71,72.88,18.0,54.88,13.88,-7.06,15.08,2026-08-04,11,Tuesday,10-20 km
O00536,C0056,R044,D030,Bengaluru,2026-08-14 18:16:00,2026-08-14 19:20:50.458342,2026-08-14 18:36:34.766424,2026-08-14 19:16:01.586065,delivered,10.88,high,clear,D030,D030,2026-08-14 18:17:10.353765,,2026-08-14 18:34:00,2026-08-14 19:33:00.140166,completed,eta-v3.1,False,D030,2026-08-14 18:17:10.353765,2026-08-14 19:16:01.586065,2026-08-14 18:36:34.766424,2,,,True,True,-4.81,0.0,0.0,delivered_on_time,2026-08-14 19:16:01.586065,False,-4.81,1.17,19.41,39.45,60.03,64.84,18.0,46.84,2.58,-7.39,12.16,2026-08-14,18,Friday,10-20 km
O00537,C0649,R041,D048,Bengaluru,2026-08-17 20:10:00,2026-08-17 21:25:36.000000,2026-08-17 20:33:09.136903,2026-08-17 21:23:10.761992,delivered,18.0,medium,clear,D048,D048,2026-08-17 20:10:03.820637,,2026-08-17 20:28:00,2026-08-17 21:33:03.269596,completed,eta-v3.2,False,D048,2026-08-17 20:10:03.820637,2026-08-17 21:23:10.761992,2026-08-17 20:33:09.136903,2,,,True,True,-2.42,0.0,0.0,delivered_on_time,2026-08-17 21:23:10.761992,False,-2.42,0.06,23.09,50.03,73.18,75.6,18.0,57.6,5.15,-7.57,7.45,2026-08-17,20,Monday,10-20 km
O00538,C0053,R047,D041,Bengaluru,2026-08-13 18:24:00,2026-08-13 19:15:21.924250,2026-08-13 18:45:31.965439,2026-08-13 19:12:51.930961,delivered,6.46,medium,clear,D041,D041,2026-08-13 18:29:39.907962,,2026-08-13 18:42:00,2026-08-13 19:19:21.924250,completed,eta-v3.2,False,D041,2026-08-13 18:29:39.907962,2026-08-13 19:12:51.930961,2026-08-13 18:45:31.965439,4,,,True,True,-2.5,0.0,0.0,delivered_on_time,2026-08-13 19:12:51.930961,False,-2.5,5.67,15.87,27.33,48.87,51.37,18.0,33.37,3.53,-6.04,4.0,2026-08-13,18,Thursday,6-10 km
O00539,C0221,R044,D083,Bengaluru,2026-08-06 14:34:00,2026-08-06 15:42:26.914278,2026-08-06 15:21:38.611073,2026-08-06 16:05:43.810322,delivered,14.59,medium,clear,D083,D083,2026-08-06 14:36:30.774531,,2026-08-06 14:52:00,2026-08-06 15:58:20.253803,completed,eta-v3.1,False,D083,2026-08-06 14:36:30.774531,2026-08-06 16:05:43.810322,2026-08-06 15:21:38.611073,3,RG-03;CX-03,,True,True,23.28,1.0,1.0,delivered_late,2026-08-06 16:05:43.810322,False,23.28,2.51,45.13,44.09,91.73,68.45,18.0,50.45,29.64,-6.36,15.89,2026-08-06,14,Thursday,10-20 km
O00540,C0131,R058,D037,Bengaluru,2026-08-20 23:20:00,2026-08-21 00:23:44.226468,2026-08-20 23:48:59.461859,2026-08-21 00:27:34.705324,delivered,13.68,low,clear,D037,D037,2026-08-20 23:22:43.170256,,2026-08-20 23:38:00,2026-08-21 00:25:07.818146,completed,eta-v3.1,False,D037,2026-08-20 23:22:43.170256,2026-08-21 00:27:34.705324,2026-08-20 23:48:59.461859,2,,,True,True,3.84,1.0,0.0,delivered_late,2026-08-21 00:27:34.705324,False,3.84,2.72,26.27,38.59,67.58,63.74,18.0,45.74,10.99,-7.15,1.39,2026-08-20,23,Thursday,10-20 km
O00541,C0447,R057,D094,Bengaluru,2026-08-09 13:01:00,2026-08-09 13:58:17.316493,2026-08-09 13:21:17.843451,2026-08-09 13:58:21.685308,delivered,6.42,medium,heavy_rain,D094,D094,2026-08-09 13:01:35.314749,,2026-08-09 13:19:00,2026-08-09 14:14:17.316493,completed,eta-v3.2,False,D094,2026-08-09 13:01:35.314749,2026-08-09 13:58:21.685308,2026-08-09 13:21:17.843451,3,,,True,True,0.07,1.0,0.0,delivered_late,2026-08-09 13:58:21.685308,False,0.07,0.59,19.71,37.06,57.36,57.29,18.0,39.29,2.3,-2.23,16.0,2026-08-09,13,Sunday,6-10 km
O00542,C0220,R036,D004,Bengaluru,2026-08-19 19:54:00,2026-08-19 20:44:58.420796,2026-08-19 20:08:27.829813,2026-08-19 20:33:18.355194,delivered,4.27,high,clear,D004,D004,2026-08-19 19:56:20.970828,,2026-08-19 20:12:00,2026-08-19 20:55:16.748782,completed,eta-v3.1,False,D004,2026-08-19 19:56:20.970828,2026-08-19 20:33:18.355194,2026-08-19 20:08:27.829813,3,FR-01,,True,True,-11.67,0.0,0.0,delivered_on_time,2026-08-19 20:33:18.355194,False,-11.67,2.35,12.11,24.84,39.31,50.97,18.0,32.97,-3.54,-8.13,10.31,2026-08-19,19,Wednesday,3-6 km
O00543,C0305,R008,D048,Bengaluru,2026-08-21 16:19:00,2026-08-21 17:31:48.000000,2026-08-21 16:45:49.876920,2026-08-21 17:30:03.893237,delivered,18.0,low,clear,D048,D048,2026-08-21 16:19:11.770753,,2026-08-21 16:37:00,2026-08-21 17:31:52.282342,completed,eta-v3.2,False,D048,2026-08-21 16:19:11.770753,2026-08-21 17:30:03.893237,2026-08-21 16:45:49.876920,3,,,True,True,-1.74,0.0,0.0,delivered_on_time,2026-08-21 17:30:03.893237,False,-1.74,0.2,26.64,44.23,71.06,72.8,18.0,54.8,8.83,-10.57,0.07,2026-08-21,16,Friday,10-20 km
O00544,C0895,R023,D029,Bengaluru,2026-08-13 17:07:00,2026-08-13 18:26:48.000000,2026-08-13 17:52:30.152236,2026-08-13 18:51:42.909258,delivered,18.0,high,clear,D029,D029,2026-08-13 17:07:39.335190,,2026-08-13 17:25:00,2026-08-13 18:36:48.000000,completed,eta-v3.1,False,D029,2026-08-13 17:07:39.335190,2026-08-13 18:51:42.909258,2026-08-13 17:52:30.152236,2,CX-03,,True,True,24.92,1.0,1.0,delivered_late,2026-08-13 18:51:42.909258,False,24.92,0.66,44.85,59.21,104.72,79.8,18.0,61.8,27.5,-2.59,10.0,2026-08-13,17,Thursday,10-20 km
O00545,C0030,R014,D014,Bengaluru,2026-08-24 20:54:00,2026-08-24 22:13:34.697384,2026-08-24 21:12:08.261553,2026-08-24 22:09:00.757942,delivered,17.89,high,clear,D014,D014,2026-08-24 20:54:25.971444,,2026-08-24 21:12:00,2026-08-24 22:24:30.774007,completed,eta-v3.1,False,D014,2026-08-24 20:54:25.971444,2026-08-24 22:09:00.757942,2026-08-24 21:12:08.261553,4,,,True,True,-4.57,0.0,0.0,delivered_on_time,2026-08-24 22:09:00.757942,False,-4.57,0.43,17.7,56.87,75.01,79.58,18.0,61.58,0.14,-4.71,10.93,2026-08-24,20,Monday,10-20 km
O00546,C0804,R054,D027,Bengaluru,2026-08-10 12:56:00,2026-08-10 14:15:48.000000,2026-08-10 13:34:45.308038,2026-08-10 14:29:18.720959,delivered,18.0,high,clear,D027,D027,2026-08-10 12:56:33.051761,,2026-08-10 13:14:00,2026-08-10 14:27:23.403093,completed,eta-v3.2,False,D027,2026-08-10 12:56:33.051761,2026-08-10 14:29:18.720959,2026-08-10 13:34:45.308038,2,,,True,True,13.51,1.0,1.0,delivered_late,2026-08-10 14:29:18.720959,False,13.51,0.55,38.2,54.56,93.31,79.8,18.0,61.8,20.76,-7.24,11.59,2026-08-10,12,Monday,10-20 km
O00547,C0186,R022,D027,Bengaluru,2026-08-08 12:18:00,2026-08-08 13:12:16.482329,2026-08-08 12:57:18.723239,2026-08-08 13:27:12.771378,delivered,7.85,medium,clear,D027,D027,2026-08-08 12:18:58.585148,,2026-08-08 12:36:00,2026-08-08 13:24:38.717717,completed,eta-v3.2,False,D027,2026-08-08 12:18:58.585148,2026-08-08 13:27:12.771378,2026-08-08 12:57:18.723239,5,,,True,True,14.94,1.0,1.0,delivered_late,2026-08-08 13:27:12.771378,False,14.94,0.98,38.34,29.9,69.21,54.27,18.0,36.27,21.31,-6.37,12.37,2026-08-08,12,Saturday,6-10 km
O00548,C0886,R024,D113,Bengaluru,2026-08-04 15:31:00,2026-08-04 16:53:18.000000,2026-08-04 15:57:01.438598,,delivered,18.0,high,rain,D113,D113,2026-08-04 15:32:48.159472,,2026-08-04 15:49:00,2026-08-04 17:08:39.839604,completed,eta-v3.1,False,D113,2026-08-04 15:32:48.159472,2026-08-04 16:56:33.349995,2026-08-04 15:57:01.438598,3,TS-04,TS-04,True,False,,,,unknown_missing_timestamp,2026-08-04 16:56:33.349995,True,3.26,1.8,24.22,,,82.3,18.0,64.3,8.02,,15.36,2026-08-04,15,Tuesday,10-20 km
O00549,C0245,R010,D073,Bengaluru,2026-08-26 23:52:00,2026-08-27 01:04:48.000000,2026-08-27 00:07:05.718153,2026-08-27 00:49:14.246949,delivered,18.0,low,clear,D073,D073,2026-08-26 23:53:48.066020,,2026-08-27 00:10:00,2026-08-27 01:04:48.000000,completed,eta-v3.2,False,D073,2026-08-26 23:53:48.066020,2026-08-27 00:49:14.246949,2026-08-27 00:07:05.718153,5,CX-03,,True,True,-15.56,0.0,0.0,delivered_on_time,2026-08-27 00:49:14.246949,False,-15.56,1.8,13.29,42.14,57.24,72.8,18.0,54.8,-2.9,-12.66,0.0,2026-08-26,23,Wednesday,10-20 km
O00550,C0638,R043,D013,Bengaluru,2026-08-26 22:58:00,2026-08-27 00:02:15.399314,2026-08-26 23:22:58.205426,2026-08-26 23:58:31.592815,delivered,12.6,medium,clear,D013,D013,2026-08-26 22:59:30.693854,,2026-08-26 23:16:00,2026-08-27 00:07:19.806794,completed,eta-v3.2,False,D013,2026-08-26 22:59:30.693854,2026-08-26 23:58:31.592815,2026-08-26 23:22:58.205426,3,RG-03,,True,True,-3.73,0.0,0.0,delivered_on_time,2026-08-26 23:58:31.592815,False,-3.73,1.51,23.46,35.56,60.53,64.26,18.0,46.26,6.97,-10.7,5.07,2026-08-26,22,Wednesday,10-20 km
O00551,C0262,R031,D046,Bengaluru,2026-08-28 11:35:00,2026-08-28 12:26:17.600872,2026-08-28 12:15:35.806491,2026-08-28 12:38:02.209787,delivered,6.43,medium,clear,D046,D046,2026-08-28 11:36:38.148152,,2026-08-28 11:53:00,2026-08-28 12:39:12.389952,completed,eta-v3.2,False,D046,2026-08-28 11:36:38.148152,2026-08-28 12:38:02.209787,2026-08-28 12:15:35.806491,5,,,True,True,11.74,1.0,1.0,delivered_late,2026-08-28 12:38:02.209787,False,11.74,1.64,38.96,22.44,63.04,51.29,18.0,33.29,22.6,-10.85,12.91,2026-08-28,11,Friday,6-10 km
O00552,C0509,R027,D112,Bengaluru,2026-08-23 13:46:00,2026-08-23 15:04:05.694018,2026-08-23 14:01:11.507940,2026-08-23 15:00:05.809129,delivered,17.66,low,heavy_rain,D112,D112,2026-08-23 13:47:35.937582,,2026-08-23 14:04:00,2026-08-23 15:16:31.407007,completed,eta-v3.1,False,D112,2026-08-23 13:47:35.937582,2026-08-23 15:00:05.809129,2026-08-23 14:01:11.507940,4,,,True,True,-4.0,0.0,0.0,delivered_on_time,2026-08-23 15:00:05.809129,False,-4.0,1.6,13.59,58.91,74.1,78.09,18.0,60.09,-2.81,-1.18,12.43,2026-08-23,13,Sunday,10-20 km
O00553,C0398,R025,D111,Bengaluru,2026-08-14 13:11:00,2026-08-14 14:26:36.000000,2026-08-14 13:32:54.652815,2026-08-14 14:26:41.202511,delivered,18.0,medium,clear,D111,D111,2026-08-14 13:14:01.458310,,2026-08-14 13:29:00,2026-08-14 14:30:46.815138,completed,eta-v3.1,False,D111,2026-08-14 13:14:01.458310,2026-08-14 14:26:41.202511,2026-08-14 13:32:54.652815,3,,,True,True,0.09,1.0,0.0,delivered_late,2026-08-14 14:26:41.202511,False,0.09,3.02,18.89,53.78,75.69,75.6,18.0,57.6,3.91,-3.82,4.18,2026-08-14,13,Friday,10-20 km
O00554,C0172,R057,D106,Bengaluru,2026-08-06 18:00:00,2026-08-06 19:03:28.549685,2026-08-06 18:28:45.229545,2026-08-06 19:03:02.191603,delivered,12.23,medium,clear,D106,D106,2026-08-06 18:06:29.010847,,2026-08-06 18:18:00,2026-08-06 19:09:38.256638,completed,eta-v3.2,False,D106,2026-08-06 18:06:29.010847,2026-08-06 19:03:02.191603,2026-08-06 18:28:45.229545,5,CX-03,,True,True,-0.44,0.0,0.0,delivered_on_time,2026-08-06 19:03:02.191603,False,-0.44,6.48,22.27,34.28,63.04,63.48,18.0,45.48,10.75,-11.2,6.16,2026-08-06,18,Thursday,10-20 km
O00555,C0455,R031,D061,Bengaluru,2026-08-24 14:39:00,2026-08-24 15:44:09.798382,2026-08-24 15:12:04.550171,2026-08-24 15:51:09.292316,delivered,14.36,low,clear,D061,D061,2026-08-24 14:43:57.022495,,2026-08-24 14:57:00,2026-08-24 15:44:09.798382,completed,eta-v3.2,False,D061,2026-08-24 14:43:57.022495,2026-08-24 15:51:09.292316,2026-08-24 15:12:04.550171,5,,,True,True,6.99,1.0,0.0,delivered_late,2026-08-24 15:51:09.292316,False,6.99,4.95,28.13,39.08,72.15,65.16,18.0,47.16,15.08,-8.08,0.0,2026-08-24,14,Monday,10-20 km
O00556,C0325,R003,D016,Bengaluru,2026-08-04 12:23:00,2026-08-04 13:41:06.000000,2026-08-04 13:00:26.283813,2026-08-04 13:57:53.064292,delivered,18.0,medium,rain,D016,D016,2026-08-04 12:23:18.915386,,2026-08-04 12:41:00,2026-08-04 13:54:52.821529,completed,eta-v3.2,False,D016,2026-08-04 12:23:18.915386,2026-08-04 13:57:53.064292,2026-08-04 13:00:26.283813,3,CX-03,,True,True,16.78,1.0,1.0,delivered_late,2026-08-04 13:57:53.064292,False,16.78,0.32,37.12,57.45,94.88,78.1,18.0,60.1,19.44,-2.65,13.78,2026-08-04,12,Tuesday,10-20 km
O00557,C0751,R029,D078,Bengaluru,2026-08-19 18:36:00,2026-08-19 19:43:04.203413,2026-08-19 19:19:10.589133,2026-08-19 19:58:04.366853,delivered,9.27,severe,clear,D078,D078,2026-08-19 18:39:22.962100,,2026-08-19 18:54:00,2026-08-19 20:06:20.598902,completed,eta-v3.1,False,D078,2026-08-19 18:39:22.962100,2026-08-19 19:58:04.366853,2026-08-19 19:19:10.589133,5,,,True,True,15.0,1.0,1.0,delivered_late,2026-08-19 19:58:04.366853,False,15.0,3.38,39.79,38.9,82.07,67.07,18.0,49.07,25.18,-10.17,23.27,2026-08-19,18,Wednesday,6-10 km
O00558,C0391,R054,D034,Bengaluru,2026-08-24 18:32:00,2026-08-24 19:51:48.000000,2026-08-24 18:55:29.919368,2026-08-24 19:50:28.349175,delivered,18.0,high,clear,D034,D034,2026-08-24 18:38:40.558340,,2026-08-24 18:50:00,2026-08-24 20:01:48.302182,completed,eta-v3.1,False,D034,2026-08-24 18:38:40.558340,2026-08-24 19:50:28.349175,2026-08-24 18:55:29.919368,2,,,True,True,-1.33,0.0,0.0,delivered_on_time,2026-08-24 19:50:28.349175,False,-1.33,6.68,16.82,54.97,78.47,79.8,18.0,61.8,5.5,-6.83,10.01,2026-08-24,18,Monday,10-20 km
O00559,C0058,R033,D011,Bengaluru,2026-08-23 14:13:00,2026-08-23 15:32:48.000000,2026-08-23 14:53:18.973648,2026-08-23 15:44:54.960918,delivered,18.0,high,clear,D011,D011,2026-08-23 14:14:30.466631,,2026-08-23 14:31:00,2026-08-23 15:46:19.730839,completed,eta-v3.2,False,D011,2026-08-23 14:14:30.466631,2026-08-23 15:44:54.960918,2026-08-23 14:53:18.973648,3,,,True,True,12.12,1.0,1.0,delivered_late,2026-08-23 15:44:54.960918,False,12.12,1.51,38.81,51.6,91.92,79.8,18.0,61.8,22.32,-10.2,13.53,2026-08-23,14,Sunday,10-20 km
O00560,C0826,R005,D088,Bengaluru,2026-08-14 11:45:00,2026-08-14 13:04:48.000000,2026-08-14 12:00:44.946851,2026-08-14 12:58:54.609834,delivered,18.0,high,clear,D088,D088,2026-08-14 11:46:35.224022,,2026-08-14 12:03:00,2026-08-14 13:14:48.000000,completed,eta-v3.2,False,D088,2026-08-14 11:46:35.224022,2026-08-14 12:58:54.609834,2026-08-14 12:00:44.946851,2,,,True,True,-5.89,0.0,0.0,delivered_on_time,2026-08-14 12:58:54.609834,False,-5.89,1.59,14.16,58.16,73.91,79.8,18.0,61.8,-2.25,-3.64,10.0,2026-08-14,11,Friday,10-20 km
O00561,C0425,R040,D118,Bengaluru,2026-08-18 21:51:00,2026-08-18 23:03:26.147596,2026-08-18 22:28:50.563270,2026-08-18 23:21:02.274774,delivered,14.49,high,clear,D118,D118,2026-08-18 21:56:01.617283,,2026-08-18 22:09:00,2026-08-18 23:18:23.557079,completed,eta-v3.1,False,D118,2026-08-18 21:56:01.617283,2026-08-18 23:21:02.274774,2026-08-18 22:28:50.563270,5,,,True,True,17.6,1.0,1.0,delivered_late,2026-08-18 23:21:02.274774,False,17.6,5.03,32.82,52.2,90.04,72.44,18.0,54.44,19.84,-2.24,14.96,2026-08-18,21,Tuesday,10-20 km
O00562,C0897,R014,D119,Bengaluru,2026-08-05 22:36:00,2026-08-05 23:46:03.450941,2026-08-05 23:05:51.717309,2026-08-05 23:50:42.831947,delivered,15.36,medium,clear,D119,D119,2026-08-05 22:37:58.826090,,2026-08-05 22:54:00,2026-08-05 23:50:03.450941,completed,eta-v3.2,False,D119,2026-08-05 22:37:58.826090,2026-08-05 23:50:42.831947,2026-08-05 23:05:51.717309,5,,,True,True,4.66,1.0,0.0,delivered_late,2026-08-05 23:50:42.831947,False,4.66,1.98,27.88,44.85,74.71,70.06,18.0,52.06,11.86,-7.21,4.0,2026-08-05,22,Wednesday,10-20 km
O00563,C0231,R014,D071,Bengaluru,2026-08-21 12:50:00,2026-08-21 14:08:06.000000,2026-08-21 13:32:03.411847,2026-08-21 14:23:46.045714,delivered,18.0,medium,rain,D071,D071,2026-08-21 13:00:36.378444,,2026-08-21 13:08:00,2026-08-21 14:26:21.501569,completed,eta-v3.2,False,D071,2026-08-21 13:00:36.378444,2026-08-21 14:23:46.045714,2026-08-21 13:32:03.411847,2,,,True,True,15.67,1.0,1.0,delivered_late,2026-08-21 14:23:46.045714,False,15.67,10.61,31.45,51.71,93.77,78.1,18.0,60.1,24.06,-8.39,18.26,2026-08-21,12,Friday,10-20 km
O00564,C0394,R060,D006,Bengaluru,2026-08-18 21:29:00,2026-08-18 22:34:35.213517,2026-08-18 22:13:49.911829,2026-08-18 22:54:54.726945,delivered,14.57,low,clear,D045,D006,2026-08-18 21:29:18.255053,2026-08-18 21:38:16.759110,2026-08-18 21:47:00,2026-08-18 22:43:09.621694,completed,eta-v3.2,True,D045,2026-08-18 21:29:18.255053,2026-08-18 22:54:54.726945,2026-08-18 22:13:49.911829,5,CX-01;CX-03,,True,True,20.33,1.0,1.0,delivered_late,2026-08-18 22:54:54.726945,False,20.33,0.3,44.53,41.08,85.91,65.59,18.0,47.59,26.83,-6.51,8.57,2026-08-18,21,Tuesday,10-20 km
O00565,C0143,R023,D073,Bengaluru,2026-08-07 16:02:00,2026-08-07 17:27:24.000000,2026-08-07 16:45:28.733138,2026-08-07 17:53:38.229136,delivered,18.0,severe,clear,D073,D073,2026-08-07 16:04:19.462356,,2026-08-07 16:20:00,2026-08-07 17:53:07.667283,completed,eta-v3.1,False,D073,2026-08-07 16:04:19.462356,2026-08-07 17:53:38.229136,2026-08-07 16:45:28.733138,5,,,True,True,26.24,1.0,1.0,delivered_late,2026-08-07 17:53:38.229136,False,26.24,2.32,41.15,68.16,111.64,85.4,18.0,67.4,25.48,0.76,25.73,2026-08-07,16,Friday,10-20 km
O00566,C0857,R015,D038,Bengaluru,2026-08-10 21:28:00,2026-08-10 22:47:48.000000,2026-08-10 21:43:51.681136,2026-08-10 22:36:48.335511,delivered,18.0,high,clear,D038,D038,2026-08-10 21:29:36.142817,,2026-08-10 21:46:00,2026-08-10 23:00:00.333084,completed,eta-v3.2,False,D038,2026-08-10 21:29:36.142817,2026-08-10 22:36:48.335511,2026-08-10 21:43:51.681136,4,,,True,True,-10.99,0.0,0.0,delivered_on_time,2026-08-10 22:36:48.335511,False,-10.99,1.6,14.26,52.94,68.81,79.8,18.0,61.8,-2.14,-8.86,12.21,2026-08-10,21,Monday,10-20 km
O00567,C0426,R019,D119,Bengaluru,2026-08-23 20:44:00,2026-08-23 22:02:06.000000,2026-08-23 21:05:27.434456,2026-08-23 21:53:35.758674,delivered,18.0,medium,rain,D119,D119,2026-08-23 20:47:53.282505,,2026-08-23 21:02:00,2026-08-23 22:11:06.000000,completed,eta-v3.1,False,D119,2026-08-23 20:47:53.282505,2026-08-23 21:53:35.758674,2026-08-23 21:05:27.434456,4,RG-03,,True,True,-8.5,0.0,0.0,delivered_on_time,2026-08-23 21:53:35.758674,False,-8.5,3.89,17.57,48.14,69.6,78.1,18.0,60.1,3.46,-11.96,9.0,2026-08-23,20,Sunday,10-20 km
O00568,C0008,R050,D025,Bengaluru,2026-08-11 12:43:00,2026-08-11 13:58:36.000000,2026-08-11 13:20:23.122966,2026-08-11 14:11:01.696364,delivered,18.0,medium,clear,D025,D025,2026-08-11 12:46:00.773148,,2026-08-11 13:01:00,2026-08-11 14:08:19.387813,completed,eta-v3.1,False,D025,2026-08-11 12:46:00.773148,2026-08-11 14:11:01.696364,2026-08-11 13:20:23.122966,3,,,True,True,12.43,1.0,1.0,delivered_late,2026-08-11 14:11:01.696364,False,12.43,3.01,34.37,50.64,88.03,75.6,18.0,57.6,19.39,-6.96,9.72,2026-08-11,12,Tuesday,10-20 km
O00569,C0655,R021,D082,Bengaluru,2026-08-13 14:13:00,2026-08-13 15:44:24.000000,2026-08-13 14:53:14.823896,,cancelled,18.0,severe,heavy_rain,D082,D082,2026-08-13 14:15:45.712442,,2026-08-13 14:31:00,2026-08-13 16:14:24.000000,cancelled,eta-v3.1,False,D082,2026-08-13 14:15:45.712442,,,0,CX-03,,False,False,,,,cancelled,,False,,2.76,37.49,,,91.4,18.0,73.4,22.25,,30.0,2026-08-13,14,Thursday,10-20 km
O00570,C0579,R034,D059,Bengaluru,2026-08-23 18:29:00,2026-08-23 19:44:36.000000,2026-08-23 18:57:55.178669,2026-08-23 19:40:30.359754,delivered,18.0,medium,clear,D059,D059,2026-08-23 18:29:11.371454,,2026-08-23 18:47:00,2026-08-23 19:49:44.295416,completed,eta-v3.2,False,D059,2026-08-23 18:29:11.371454,2026-08-23 19:40:30.359754,2026-08-23 18:57:55.178669,3,,,True,True,-4.09,0.0,0.0,delivered_on_time,2026-08-23 19:40:30.359754,False,-4.09,0.19,28.73,42.59,71.51,75.6,18.0,57.6,10.92,-15.01,5.14,2026-08-23,18,Sunday,10-20 km
O00571,C0189,R038,D068,Bengaluru,2026-08-10 21:44:00,2026-08-10 23:00:33.341558,2026-08-10 22:06:50.893028,2026-08-10 22:56:51.582778,delivered,16.46,high,clear,D068,D068,2026-08-10 21:44:38.683518,,2026-08-10 22:02:00,2026-08-10 23:10:33.341558,completed,eta-v3.1,False,D068,2026-08-10 21:44:38.683518,2026-08-10 22:56:51.582778,2026-08-10 22:06:50.893028,2,,,True,True,-3.7,0.0,0.0,delivered_on_time,2026-08-10 22:56:51.582778,False,-3.7,0.64,22.2,50.01,72.86,76.56,18.0,58.56,4.85,-8.55,10.0,2026-08-10,21,Monday,10-20 km
O00572,C0633,R004,D070,Bengaluru,2026-08-16 20:39:00,2026-08-16 22:04:24.000000,2026-08-16 21:00:46.237967,,cancelled,18.0,severe,clear,D070,D070,2026-08-16 20:42:37.624498,,2026-08-16 20:57:00,2026-08-16 22:24:04.654335,cancelled,eta-v3.2,False,D070,2026-08-16 20:42:37.624498,,,0,,,False,False,,,,cancelled,,False,,3.63,18.14,,,85.4,18.0,67.4,3.77,,19.68,2026-08-16,20,Sunday,10-20 km
O00573,C0274,R019,D081,Bengaluru,2026-08-07 14:29:00,2026-08-07 15:44:36.000000,2026-08-07 14:47:40.652836,2026-08-07 15:37:03.177501,delivered,18.0,medium,clear,D081,D081,2026-08-07 14:30:07.146627,,2026-08-07 14:47:00,2026-08-07 15:48:41.483313,completed,eta-v3.2,False,D081,2026-08-07 14:30:07.146627,2026-08-07 15:37:03.177501,2026-08-07 14:47:40.652836,4,RG-03,,True,True,-7.55,0.0,0.0,delivered_on_time,2026-08-07 15:37:03.177501,False,-7.55,1.12,17.56,49.38,68.05,75.6,18.0,57.6,0.68,-8.22,4.09,2026-08-07,14,Friday,10-20 km
O00574,C0551,R045,D033,Bengaluru,2026-08-10 21:50:00,2026-08-10 23:09:48.000000,2026-08-10 22:43:50.139209,2026-08-10 23:39:42.075043,delivered,18.0,high,clear,D033,D033,2026-08-10 21:52:56.858108,,2026-08-10 22:08:00,2026-08-10 23:28:05.443841,completed,eta-v3.2,False,D033,2026-08-10 21:52:56.858108,2026-08-10 23:39:42.075043,2026-08-10 22:43:50.139209,5,,,True,True,29.9,1.0,1.0,delivered_late,2026-08-10 23:39:42.075043,False,29.9,2.95,50.89,55.87,109.7,79.8,18.0,61.8,35.84,-5.93,18.29,2026-08-10,21,Monday,10-20 km
O00575,C0327,R059,D062,Bengaluru,2026-08-26 22:27:00,2026-08-26 23:18:06.086773,2026-08-26 22:49:18.059041,2026-08-26 23:14:35.812322,delivered,7.67,low,clear,D062,D062,2026-08-26 22:27:14.091217,,2026-08-26 22:45:00,2026-08-26 23:18:06.086773,completed,eta-v3.1,False,D062,2026-08-26 22:27:14.091217,2026-08-26 23:14:35.812322,2026-08-26 22:49:18.059041,3,,,True,True,-3.5,0.0,0.0,delivered_on_time,2026-08-26 23:14:35.812322,False,-3.5,0.23,22.07,25.3,47.6,51.1,18.0,33.1,4.3,-7.8,0.0,2026-08-26,22,Wednesday,6-10 km
O00576,C0064,R033,D063,Bengaluru,2026-08-27 20:58:00,2026-08-27 22:13:36.000000,2026-08-27 21:06:40.753343,2026-08-27 21:51:27.110822,delivered,18.0,medium,clear,D063,D063,2026-08-27 21:01:03.250268,,2026-08-27 21:16:00,2026-08-27 22:17:36.000000,completed,eta-v3.1,False,D063,2026-08-27 21:01:03.250268,2026-08-27 21:51:27.110822,2026-08-27 21:06:40.753343,2,,,True,True,-22.15,0.0,0.0,delivered_on_time,2026-08-27 21:51:27.110822,False,-22.15,3.05,5.63,44.77,53.45,75.6,18.0,57.6,-9.32,-12.83,4.0,2026-08-27,20,Thursday,10-20 km
O00577,C0898,R007,D017,Bengaluru,2026-08-24 13:29:00,2026-08-24 14:48:48.000000,2026-08-24 14:00:11.775971,2026-08-24 14:56:02.387591,delivered,18.0,high,clear,D017,D017,2026-08-24 13:32:49.042908,,2026-08-24 13:47:00,2026-08-24 14:59:36.814613,completed,eta-v3.2,False,D017,2026-08-24 13:32:49.042908,2026-08-24 14:56:02.387591,2026-08-24 14:00:11.775971,2,RG-03,,True,True,7.24,1.0,0.0,delivered_late,2026-08-24 14:56:02.387591,False,7.24,3.82,27.38,55.84,87.04,79.8,18.0,61.8,13.2,-5.96,10.81,2026-08-24,13,Monday,10-20 km
O00578,C0789,R004,D065,Bengaluru,2026-08-21 11:37:00,2026-08-21 12:56:48.000000,2026-08-21 12:07:04.509196,2026-08-21 13:05:34.778572,delivered,18.0,high,clear,D065,D065,2026-08-21 11:39:38.578130,,2026-08-21 11:55:00,2026-08-21 13:10:17.769110,completed,eta-v3.1,False,D065,2026-08-21 11:39:38.578130,2026-08-21 13:05:34.778572,2026-08-21 12:07:04.509196,4,,,True,True,8.78,1.0,0.0,delivered_late,2026-08-21 13:05:34.778572,False,8.78,2.64,27.43,58.5,88.58,79.8,18.0,61.8,12.08,-3.3,13.5,2026-08-21,11,Friday,10-20 km
O00579,C0541,R013,D087,Bengaluru,2026-08-14 12:40:00,2026-08-14 13:36:46.357991,2026-08-14 13:12:08.500404,2026-08-14 13:43:03.828669,delivered,10.37,low,clear,D087,D087,2026-08-14 12:41:08.917887,,2026-08-14 12:58:00,2026-08-14 13:36:46.357991,completed,eta-v3.1,False,D087,2026-08-14 12:41:08.917887,2026-08-14 13:43:03.828669,2026-08-14 13:12:08.500404,2,CX-03,,True,True,6.29,1.0,0.0,delivered_late,2026-08-14 13:43:03.828669,False,6.29,1.15,30.99,30.92,63.06,56.77,18.0,38.77,14.14,-7.85,0.0,2026-08-14,12,Friday,10-20 km
O00580,C0780,R059,D090,Bengaluru,2026-08-12 18:39:00,2026-08-12 19:54:36.000000,2026-08-12 19:09:58.918143,2026-08-12 19:58:13.239126,delivered,18.0,medium,clear,D090,D090,2026-08-12 18:43:08.264960,,2026-08-12 18:57:00,2026-08-12 19:58:36.000000,completed,eta-v3.1,False,D090,2026-08-12 18:43:08.264960,2026-08-12 19:58:13.239126,2026-08-12 19:09:58.918143,4,,,True,True,3.62,1.0,0.0,delivered_late,2026-08-12 19:58:13.239126,False,3.62,4.14,26.84,48.24,79.22,75.6,18.0,57.6,12.98,-9.36,4.0,2026-08-12,18,Wednesday,10-20 km
O00581,C0537,R023,D001,Bengaluru,2026-08-24 19:08:00,2026-08-24 19:48:25.867269,2026-08-24 19:37:35.329796,2026-08-24 19:51:39.594852,delivered,1.25,medium,clear,D001,D001,2026-08-24 19:12:02.061732,,2026-08-24 19:26:00,2026-08-24 19:52:25.867269,completed,eta-v3.2,False,D001,2026-08-24 19:12:02.061732,2026-08-24 19:51:39.594852,2026-08-24 19:37:35.329796,5,,,True,True,3.23,1.0,0.0,delivered_late,2026-08-24 19:51:39.594852,False,3.23,4.03,25.55,14.07,43.66,40.43,18.0,22.43,11.59,-8.36,4.0,2026-08-24,19,Monday,0-3 km
O00582,C0547,R001,D027,Bengaluru,2026-08-13 12:50:00,2026-08-13 14:04:44.067480,2026-08-13 13:12:56.484126,2026-08-13 14:05:53.849772,delivered,15.59,high,clear,D027,D027,2026-08-13 12:51:19.324272,,2026-08-13 13:08:00,2026-08-13 14:15:52.165321,completed,eta-v3.2,False,D027,2026-08-13 12:51:19.324272,2026-08-13 14:05:53.849772,2026-08-13 13:12:56.484126,2,,,True,True,1.16,1.0,0.0,delivered_late,2026-08-13 14:05:53.849772,False,1.16,1.32,21.62,52.96,75.9,74.73,18.0,56.73,4.94,-3.77,11.13,2026-08-13,12,Thursday,10-20 km
O00583,C0244,R004,D058,Bengaluru,2026-08-19 17:57:00,2026-08-19 19:16:48.000000,2026-08-19 18:30:59.304380,2026-08-19 19:25:31.004172,delivered,18.0,high,clear,D058,D058,2026-08-19 18:03:47.803627,,2026-08-19 18:15:00,2026-08-19 19:26:48.000000,completed,eta-v3.2,False,D058,2026-08-19 18:03:47.803627,2026-08-19 19:25:31.004172,2026-08-19 18:30:59.304380,2,,,True,True,8.72,1.0,0.0,delivered_late,2026-08-19 19:25:31.004172,False,8.72,6.8,27.19,54.53,88.52,79.8,18.0,61.8,15.99,-7.27,10.0,2026-08-19,17,Wednesday,10-20 km
O00584,C0107,R014,D107,Bengaluru,2026-08-26 13:15:00,2026-08-26 14:27:48.000000,2026-08-26 13:30:32.154029,2026-08-26 14:12:35.173953,delivered,18.0,low,clear,D043,D107,2026-08-26 13:23:38.702633,2026-08-26 13:27:08.487052,2026-08-26 13:33:00,2026-08-26 14:27:51.014003,completed,eta-v3.2,True,D043,2026-08-26 13:23:38.702633,2026-08-26 14:12:35.173953,2026-08-26 13:30:32.154029,2,CX-01;CX-03,,True,True,-15.21,0.0,0.0,delivered_on_time,2026-08-26 14:12:35.173953,False,-15.21,8.65,6.89,42.05,57.59,72.8,18.0,54.8,-2.46,-12.75,0.05,2026-08-26,13,Wednesday,10-20 km
O00585,C0096,R042,D076,Bengaluru,2026-08-17 14:35:00,2026-08-17 15:50:36.000000,2026-08-17 14:52:52.598199,2026-08-17 15:43:32.651260,delivered,18.0,medium,clear,D076,D076,2026-08-17 14:35:12.600527,,2026-08-17 14:53:00,2026-08-17 15:54:36.000000,completed,eta-v3.2,False,D076,2026-08-17 14:35:12.600527,2026-08-17 15:43:32.651260,2026-08-17 14:52:52.598199,4,CX-03,,True,True,-7.06,0.0,0.0,delivered_on_time,2026-08-17 15:43:32.651260,False,-7.06,0.21,17.67,50.67,68.54,75.6,18.0,57.6,-0.12,-6.93,4.0,2026-08-17,14,Monday,10-20 km
O00586,C0894,R044,D071,Bengaluru,2026-08-09 17:07:00,2026-08-09 18:14:40.537771,2026-08-09 17:25:28.275819,,cancelled,14.23,medium,clear,D102,D071,2026-08-09 17:10:07.648088,2026-08-09 17:18:07.211376,2026-08-09 17:25:00,2026-08-09 18:18:59.818900,cancelled,eta-v3.1,True,D102,2026-08-09 17:10:07.648088,,,0,CX-01;CX-03,,False,False,,,,cancelled,,False,,3.13,15.34,,,67.68,18.0,49.68,0.47,,4.32,2026-08-09,17,Sunday,10-20 km
O00587,C0036,R041,D069,Bengaluru,2026-08-15 16:53:00,2026-08-15 17:59:18.975325,2026-08-15 17:28:22.841664,,delivered,8.91,severe,clear,D069,D069,2026-08-15 16:58:12.923553,,2026-08-15 17:11:00,2026-08-15 18:20:06.243429,completed,eta-v3.2,False,D069,2026-08-15 16:58:12.923553,2026-08-15 18:16:12.505591,2026-08-15 17:28:22.841664,4,TS-04,TS-04,True,False,,,,unknown_missing_timestamp,2026-08-15 18:16:12.505591,True,16.89,5.22,30.17,,,66.32,18.0,48.32,17.38,,20.79,2026-08-15,16,Saturday,6-10 km
O00588,C0740,R060,D102,Bengaluru,2026-08-16 19:25:00,2026-08-16 20:23:27.118820,2026-08-16 19:47:23.902976,2026-08-16 20:26:42.890591,delivered,6.98,medium,heavy_rain,D102,D102,2026-08-16 19:25:04.464880,,2026-08-16 19:43:00,2026-08-16 20:40:58.923140,completed,eta-v3.1,False,D102,2026-08-16 19:25:04.464880,2026-08-16 20:26:42.890591,2026-08-16 19:47:23.902976,2,CX-03,,True,True,3.26,1.0,0.0,delivered_late,2026-08-16 20:26:42.890591,False,3.26,0.07,22.32,39.32,61.71,58.45,18.0,40.45,4.4,-1.13,17.53,2026-08-16,19,Sunday,6-10 km
O00589,C0131,R008,D040,Bengaluru,2026-08-11 21:46:00,2026-08-11 22:48:29.456363,2026-08-11 22:13:15.837370,2026-08-11 22:51:28.197529,delivered,11.76,medium,clear,D040,D040,2026-08-11 21:46:13.799956,,2026-08-11 22:04:00,2026-08-11 22:54:25.097443,completed,eta-v3.1,False,D040,2026-08-11 21:46:13.799956,2026-08-11 22:51:28.197529,2026-08-11 22:13:15.837370,2,,,True,True,2.98,1.0,0.0,delivered_late,2026-08-11 22:51:28.197529,False,2.98,0.23,27.03,38.21,65.47,62.49,18.0,44.49,9.26,-6.28,5.93,2026-08-11,21,Tuesday,10-20 km
O00590,C0539,R034,D027,Bengaluru,2026-08-03 15:44:00,2026-08-03 17:06:18.000000,2026-08-03 16:14:52.442083,2026-08-03 17:14:50.572525,delivered,18.0,high,rain,D027,D027,2026-08-03 15:44:44.573697,,2026-08-03 16:02:00,2026-08-03 17:21:18.000000,completed,eta-v3.1,False,D027,2026-08-03 15:44:44.573697,2026-08-03 17:14:50.572525,2026-08-03 16:14:52.442083,5,CX-03,,True,True,8.54,1.0,0.0,delivered_late,2026-08-03 17:14:50.572525,False,8.54,0.74,30.13,59.97,90.84,82.3,18.0,64.3,12.87,-4.33,15.0,2026-08-03,15,Monday,10-20 km
O00591,C0799,R060,D016,Bengaluru,2026-08-16 23:20:00,2026-08-17 00:39:48.000000,2026-08-17 00:01:40.686745,2026-08-17 00:56:26.421266,delivered,18.0,high,clear,D016,D016,2026-08-16 23:21:04.721106,,2026-08-16 23:38:00,2026-08-17 00:57:47.502596,completed,eta-v3.1,False,D016,2026-08-16 23:21:04.721106,2026-08-17 00:56:26.421266,2026-08-17 00:01:40.686745,2,,,True,True,16.64,1.0,1.0,delivered_late,2026-08-17 00:56:26.421266,False,16.64,1.08,40.6,54.76,96.44,79.8,18.0,61.8,23.68,-7.04,17.99,2026-08-16,23,Sunday,10-20 km
O00592,C0378,R024,D084,Bengaluru,2026-08-01 19:29:00,2026-08-01 20:48:48.000000,2026-08-01 20:06:57.820186,2026-08-01 21:00:57.728203,delivered,18.0,high,clear,D084,D084,2026-08-01 19:29:11.959748,,2026-08-01 19:47:00,2026-08-01 21:03:10.110250,completed,eta-v3.2,False,D084,2026-08-01 19:29:11.959748,2026-08-01 21:00:57.728203,2026-08-01 20:06:57.820186,3,,,True,True,12.16,1.0,1.0,delivered_late,2026-08-01 21:00:57.728203,False,12.16,0.2,37.76,54.0,91.96,79.8,18.0,61.8,19.96,-7.8,14.37,2026-08-01,19,Saturday,10-20 km
O00593,C0854,R017,D079,Bengaluru,2026-08-12 17:28:00,2026-08-12 18:44:04.783392,2026-08-12 17:58:43.163694,2026-08-12 18:52:18.250394,delivered,16.23,high,clear,D079,D079,2026-08-12 17:31:38.979771,,2026-08-12 17:46:00,2026-08-12 18:54:07.903379,completed,eta-v3.1,False,D079,2026-08-12 17:31:38.979771,2026-08-12 18:52:18.250394,2026-08-12 17:58:43.163694,2,,,True,True,8.22,1.0,0.0,delivered_late,2026-08-12 18:52:18.250394,False,8.22,3.65,27.07,53.58,84.3,76.08,18.0,58.08,12.72,-4.5,10.05,2026-08-12,17,Wednesday,10-20 km
O00594,C0833,R036,D092,Bengaluru,2026-08-15 13:01:00,2026-08-15 14:16:36.000000,2026-08-15 13:31:04.239079,2026-08-15 14:17:47.752027,delivered,18.0,medium,clear,D092,D092,2026-08-15 13:01:28.491553,,2026-08-15 13:19:00,2026-08-15 14:20:36.000000,completed,eta-v3.2,False,D092,2026-08-15 13:01:28.491553,2026-08-15 14:17:47.752027,2026-08-15 13:31:04.239079,4,,,True,True,1.2,1.0,0.0,delivered_late,2026-08-15 14:17:47.752027,False,1.2,0.47,29.6,46.73,76.8,75.6,18.0,57.6,12.07,-10.87,4.0,2026-08-15,13,Saturday,10-20 km
O00595,C0813,R034,D117,Bengaluru,2026-08-24 22:12:00,2026-08-24 23:04:17.325140,2026-08-24 22:29:45.638022,2026-08-24 22:52:02.200041,delivered,6.9,medium,clear,D117,D117,2026-08-24 22:22:31.229458,,2026-08-24 22:30:00,2026-08-24 23:08:17.325140,completed,eta-v3.1,False,D117,2026-08-24 22:22:31.229458,2026-08-24 22:52:02.200041,2026-08-24 22:29:45.638022,3,,,True,True,-12.25,0.0,0.0,delivered_on_time,2026-08-24 22:52:02.200041,False,-12.25,10.52,7.24,22.28,40.04,52.29,18.0,34.29,-0.24,-12.01,4.0,2026-08-24,22,Monday,6-10 km
O00596,C0241,R001,D046,Bengaluru,2026-08-08 12:06:00,2026-08-08 13:24:06.000000,2026-08-08 12:31:11.137044,2026-08-08 13:30:38.018411,delivered,18.0,medium,rain,D046,D046,2026-08-08 12:07:14.579830,,2026-08-08 12:24:00,2026-08-08 13:33:06.000000,completed,eta-v3.2,False,D046,2026-08-08 12:07:14.579830,2026-08-08 13:30:38.018411,2026-08-08 12:31:11.137044,3,,,True,True,6.53,1.0,0.0,delivered_late,2026-08-08 13:30:38.018411,False,6.53,1.24,23.94,59.45,84.63,78.1,18.0,60.1,7.19,-0.65,9.0,2026-08-08,12,Saturday,10-20 km
O00597,C0060,R030,D100,Bengaluru,2026-08-20 16:00:00,2026-08-20 16:54:05.731215,2026-08-20 16:22:17.123891,2026-08-20 16:49:10.321084,delivered,9.09,low,clear,D100,D100,2026-08-20 16:00:52.656527,,2026-08-20 16:18:00,2026-08-20 16:54:05.731215,completed,eta-v3.2,False,D100,2026-08-20 16:00:52.656527,2026-08-20 16:49:10.321084,2026-08-20 16:22:17.123891,3,,,True,True,-4.92,0.0,0.0,delivered_on_time,2026-08-20 16:49:10.321084,False,-4.92,0.88,21.41,26.89,49.17,54.1,18.0,36.1,4.29,-9.21,0.0,2026-08-20,16,Thursday,6-10 km
O00598,C0700,R047,D076,Bengaluru,2026-08-01 19:27:00,2026-08-01 20:42:36.000000,2026-08-01 20:05:44.371823,2026-08-01 20:53:03.060462,delivered,18.0,medium,clear,D076,D076,2026-08-01 19:27:02.104045,,2026-08-01 19:45:00,2026-08-01 20:46:50.361404,completed,eta-v3.1,False,D076,2026-08-01 19:27:02.104045,2026-08-01 20:53:03.060462,2026-08-01 20:05:44.371823,3,,,True,True,10.45,1.0,1.0,delivered_late,2026-08-01 20:53:03.060462,False,10.45,0.04,38.7,47.31,86.05,75.6,18.0,57.6,20.74,-10.29,4.24,2026-08-01,19,Saturday,10-20 km
O00599,C0293,R051,D097,Bengaluru,2026-08-22 23:53:00,2026-08-23 00:50:08.290900,2026-08-23 00:20:58.581095,2026-08-23 00:54:50.763107,delivered,9.21,medium,clear,D097,D097,2026-08-22 23:53:11.287910,,2026-08-23 00:11:00,2026-08-23 00:54:58.259081,completed,eta-v3.2,False,D097,2026-08-22 23:53:11.287910,2026-08-23 00:54:50.763107,2026-08-23 00:20:58.581095,4,CX-03,,True,True,4.71,1.0,0.0,delivered_late,2026-08-23 00:54:50.763107,False,4.71,0.19,27.79,33.87,61.85,57.14,18.0,39.14,9.98,-5.27,4.83,2026-08-22,23,Saturday,6-10 km
O00600,C0458,R023,D042,Bengaluru,2026-08-10 19:57:00,2026-08-10 21:07:04.545520,2026-08-10 20:23:20.912298,2026-08-10 21:11:55.323320,delivered,15.37,medium,clear,D042,D042,2026-08-10 19:57:55.679506,,2026-08-10 20:15:00,2026-08-10 21:11:50.578245,completed,eta-v3.1,False,D042,2026-08-10 19:57:55.679506,2026-08-10 21:11:55.323320,2026-08-10 20:23:20.912298,5,,,True,True,4.85,1.0,0.0,delivered_late,2026-08-10 21:11:55.323320,False,4.85,0.93,25.42,48.57,74.92,70.08,18.0,52.08,8.35,-3.51,4.77,2026-08-10,19,Monday,10-20 km
O00601,C0079,R027,D106,Bengaluru,2026-08-24 19:27:00,2026-08-24 20:42:36.000000,2026-08-24 19:48:01.197751,2026-08-24 20:35:50.570682,delivered,18.0,medium,clear,D106,D106,2026-08-24 19:32:30.291278,,2026-08-24 19:45:00,2026-08-24 20:46:36.000000,completed,eta-v3.2,False,D106,2026-08-24 19:32:30.291278,2026-08-24 20:35:50.570682,2026-08-24 19:48:01.197751,3,,,True,True,-6.76,0.0,0.0,delivered_on_time,2026-08-24 20:35:50.570682,False,-6.76,5.5,15.52,47.82,68.84,75.6,18.0,57.6,3.02,-9.78,4.0,2026-08-24,19,Monday,10-20 km
O00602,C0556,R047,D063,Bengaluru,2026-08-13 19:17:00,2026-08-13 20:04:55.259090,2026-08-13 19:39:30.938345,2026-08-13 20:05:13.933308,delivered,4.82,medium,clear,D063,D063,2026-08-13 19:25:06.996699,,2026-08-13 19:35:00,2026-08-13 20:08:55.259090,completed,eta-v3.2,False,D063,2026-08-13 19:25:06.996699,2026-08-13 20:05:13.933308,2026-08-13 19:39:30.938345,2,,,True,True,0.31,1.0,0.0,delivered_late,2026-08-13 20:05:13.933308,False,0.31,8.12,14.4,25.72,48.23,47.92,18.0,29.92,4.52,-4.2,4.0,2026-08-13,19,Thursday,3-6 km
O00603,C0367,R011,D027,Bengaluru,2026-08-15 19:33:00,2026-08-15 20:58:24.000000,2026-08-15 20:00:44.328039,2026-08-15 21:05:30.932046,delivered,18.0,severe,clear,D006,D027,2026-08-15 19:35:09.376516,2026-08-15 19:38:40.653143,2026-08-15 19:51:00,2026-08-15 21:16:24.000000,completed,eta-v3.1,True,D006,2026-08-15 19:35:09.376516,2026-08-15 21:05:30.932046,2026-08-15 20:00:44.328039,4,RG-03;CX-01;CX-03,,True,True,7.12,1.0,0.0,delivered_late,2026-08-15 21:05:30.932046,False,7.12,2.16,25.58,64.78,92.52,85.4,18.0,67.4,9.74,-2.62,18.0,2026-08-15,19,Saturday,10-20 km
O00604,C0250,R011,D046,Bengaluru,2026-08-05 17:18:00,2026-08-05 18:34:24.500458,2026-08-05 17:49:04.110704,2026-08-05 18:36:12.749189,delivered,16.38,high,clear,D046,D046,2026-08-05 17:18:18.910868,,2026-08-05 17:36:00,2026-08-05 18:44:37.686296,completed,eta-v3.1,False,D046,2026-08-05 17:18:18.910868,2026-08-05 18:36:12.749189,2026-08-05 17:49:04.110704,2,,,True,True,1.8,1.0,0.0,delivered_late,2026-08-05 18:36:12.749189,False,1.8,0.32,30.75,47.14,78.21,76.41,18.0,58.41,13.07,-11.27,10.22,2026-08-05,17,Wednesday,10-20 km
O00605,C0478,R004,D098,Bengaluru,2026-08-12 15:43:00,2026-08-12 16:38:34.864652,2026-08-12 16:27:11.137214,2026-08-12 16:55:22.569694,delivered,6.47,high,clear,D098,D098,2026-08-12 15:44:25.390779,,2026-08-12 16:01:00,2026-08-12 16:52:39.777380,completed,eta-v3.2,False,D098,2026-08-12 15:44:25.390779,2026-08-12 16:55:22.569694,2026-08-12 16:27:11.137214,3,,,True,True,16.8,1.0,1.0,delivered_late,2026-08-12 16:55:22.569694,False,16.8,1.42,42.76,28.19,72.38,55.58,18.0,37.58,26.19,-9.39,14.08,2026-08-12,15,Wednesday,6-10 km
O00606,C0754,R037,D101,Bengaluru,2026-08-18 14:19:00,2026-08-18 15:16:23.430265,2026-08-18 14:32:19.635774,2026-08-18 15:06:55.815908,delivered,10.66,low,clear,D101,D101,2026-08-18 14:19:11.421593,,2026-08-18 14:37:00,2026-08-18 15:16:23.430265,completed,eta-v3.1,False,D101,2026-08-18 14:19:11.421593,2026-08-18 15:06:55.815908,2026-08-18 14:32:19.635774,4,,,True,True,-9.46,0.0,0.0,delivered_on_time,2026-08-18 15:06:55.815908,False,-9.46,0.19,13.14,34.6,47.93,57.39,18.0,39.39,-4.67,-4.79,0.0,2026-08-18,14,Tuesday,10-20 km
O00607,C0569,R058,D060,Bengaluru,2026-08-15 17:26:00,2026-08-15 18:44:06.000000,2026-08-15 18:20:45.520284,2026-08-15 19:11:44.274885,delivered,18.0,medium,rain,D060,D060,2026-08-15 17:26:35.328504,,2026-08-15 17:44:00,2026-08-15 19:02:47.023064,completed,eta-v3.2,False,D060,2026-08-15 17:26:35.328504,2026-08-15 19:11:44.274885,2026-08-15 18:20:45.520284,4,,,True,True,27.64,1.0,1.0,delivered_late,2026-08-15 19:11:44.274885,False,27.64,0.59,54.17,50.98,105.74,78.1,18.0,60.1,36.76,-9.12,18.68,2026-08-15,17,Saturday,10-20 km
O00608,C0752,R050,D054,Bengaluru,2026-08-15 20:55:00,2026-08-15 22:07:28.291902,2026-08-15 21:16:49.772473,2026-08-15 22:09:16.438376,delivered,15.32,medium,rain,D054,D054,2026-08-15 20:56:54.483099,,2026-08-15 21:13:00,2026-08-15 22:21:11.070650,completed,eta-v3.2,False,D054,2026-08-15 20:56:54.483099,2026-08-15 22:09:16.438376,2026-08-15 21:16:49.772473,2,,,True,True,1.8,1.0,0.0,delivered_late,2026-08-15 22:09:16.438376,False,1.8,1.91,19.92,52.44,74.27,72.47,18.0,54.47,3.83,-2.03,13.71,2026-08-15,20,Saturday,10-20 km
O00609,C0292,R008,D016,Bengaluru,2026-08-17 20:03:00,2026-08-17 21:22:48.000000,2026-08-17 20:22:18.717350,2026-08-17 21:16:46.379657,delivered,18.0,high,clear,D016,D016,2026-08-17 20:11:50.503220,,2026-08-17 20:21:00,2026-08-17 21:32:48.000000,completed,eta-v3.1,False,D016,2026-08-17 20:11:50.503220,2026-08-17 21:16:46.379657,2026-08-17 20:22:18.717350,4,,,True,True,-6.03,0.0,0.0,delivered_on_time,2026-08-17 21:16:46.379657,False,-6.03,8.84,10.47,54.46,73.77,79.8,18.0,61.8,1.31,-7.34,10.0,2026-08-17,20,Monday,10-20 km
O00610,C0223,R043,D109,Bengaluru,2026-08-07 12:00:00,2026-08-07 13:05:07.672479,2026-08-07 12:28:35.515707,,delivered,13.16,low,rain,D109,D109,2026-08-07 12:09:57.594015,,2026-08-07 12:18:00,2026-08-07 13:10:07.672479,completed,eta-v3.2,False,D109,2026-08-07 12:09:57.594015,2026-08-07 13:09:45.420881,2026-08-07 12:28:35.515707,2,TS-04,TS-04,True,False,,,,unknown_missing_timestamp,2026-08-07 13:09:45.420881,True,4.63,9.96,18.63,,,65.13,18.0,47.13,10.59,,5.0,2026-08-07,12,Friday,10-20 km
O00611,C0655,R054,D092,Bengaluru,2026-08-06 20:53:00,2026-08-06 22:12:48.000000,2026-08-06 21:13:48.517351,2026-08-06 22:14:48.127885,delivered,18.0,high,clear,D092,D092,2026-08-06 20:55:13.602376,,2026-08-06 21:11:00,2026-08-06 22:22:48.000000,completed,eta-v3.1,False,D092,2026-08-06 20:55:13.602376,2026-08-06 22:14:48.127885,2026-08-06 21:13:48.517351,3,,,True,True,2.0,1.0,0.0,delivered_late,2026-08-06 22:14:48.127885,False,2.0,2.23,18.58,60.99,81.8,79.8,18.0,61.8,2.81,-0.81,10.0,2026-08-06,20,Thursday,10-20 km
O00612,C0519,R012,D017,Bengaluru,2026-08-16 18:18:00,2026-08-16 19:30:40.546638,2026-08-16 18:37:26.129406,2026-08-16 19:27:32.641399,delivered,11.75,high,heavy_rain,D017,D017,2026-08-16 18:24:44.646648,,2026-08-16 18:36:00,2026-08-16 19:52:40.546638,completed,eta-v3.2,False,D017,2026-08-16 18:24:44.646648,2026-08-16 19:27:32.641399,2026-08-16 18:37:26.129406,3,,,True,True,-3.13,0.0,0.0,delivered_on_time,2026-08-16 19:27:32.641399,False,-3.13,6.74,12.69,50.11,69.54,72.68,18.0,54.68,1.44,-4.57,22.0,2026-08-16,18,Sunday,10-20 km
O00613,C0641,R023,D065,Bengaluru,2026-08-01 19:02:00,2026-08-01 20:09:11.598125,2026-08-01 19:52:12.737815,2026-08-01 20:36:22.506994,delivered,10.81,high,rain,D065,D065,2026-08-01 19:10:52.398147,,2026-08-01 19:20:00,2026-08-01 20:25:47.610541,completed,eta-v3.2,False,D065,2026-08-01 19:10:52.398147,2026-08-01 20:36:22.506994,2026-08-01 19:52:12.737815,3,,,True,True,27.18,1.0,1.0,delivered_late,2026-08-01 20:36:22.506994,False,27.18,8.87,41.34,44.16,94.38,67.19,18.0,49.19,32.21,-5.03,16.6,2026-08-01,19,Saturday,10-20 km
O00614,C0252,R026,D027,Bengaluru,2026-08-12 22:33:00,2026-08-12 23:46:10.415811,2026-08-12 22:44:55.920763,2026-08-12 23:35:59.692498,delivered,16.84,medium,clear,D027,D027,2026-08-12 22:38:45.580148,,2026-08-12 22:51:00,2026-08-12 23:50:10.415811,completed,eta-v3.1,False,D027,2026-08-12 22:38:45.580148,2026-08-12 23:35:59.692498,2026-08-12 22:44:55.920763,4,CX-03,,True,True,-10.18,0.0,0.0,delivered_on_time,2026-08-12 23:35:59.692498,False,-10.18,5.76,6.17,51.06,62.99,73.17,18.0,55.17,-6.07,-4.11,4.0,2026-08-12,22,Wednesday,10-20 km
O00615,C0486,R043,D101,Bengaluru,2026-08-16 19:11:00,2026-08-16 20:12:53.492482,2026-08-16 19:35:30.038637,2026-08-16 20:10:51.398826,delivered,10.28,medium,rain,D101,D101,2026-08-16 19:20:39.142574,,2026-08-16 19:29:00,2026-08-16 20:23:06.454684,completed,eta-v3.2,False,D101,2026-08-16 19:20:39.142574,2026-08-16 20:10:51.398826,2026-08-16 19:35:30.038637,5,,,True,True,-2.03,0.0,0.0,delivered_on_time,2026-08-16 20:10:51.398826,False,-2.03,9.65,14.85,35.36,59.86,61.89,18.0,43.89,6.5,-8.53,10.22,2026-08-16,19,Sunday,10-20 km
O00616,C0501,R046,D004,Bengaluru,2026-08-16 22:30:00,2026-08-16 23:32:34.279011,2026-08-16 22:46:59.821465,2026-08-16 23:26:12.055837,delivered,11.8,medium,clear,D004,D004,2026-08-16 22:30:07.773679,,2026-08-16 22:48:00,2026-08-16 23:37:02.211625,completed,eta-v3.2,False,D004,2026-08-16 22:30:07.773679,2026-08-16 23:26:12.055837,2026-08-16 22:46:59.821465,5,,,True,True,-6.37,0.0,0.0,delivered_on_time,2026-08-16 23:26:12.055837,False,-6.37,0.13,16.87,39.2,56.2,62.57,18.0,44.57,-1.0,-5.37,4.47,2026-08-16,22,Sunday,10-20 km
O00617,C0638,R010,D101,Bengaluru,2026-08-15 20:38:00,2026-08-15 21:57:48.000000,2026-08-15 20:57:55.266650,2026-08-15 21:50:07.455398,delivered,18.0,high,clear,D101,D101,2026-08-15 20:40:26.275773,,2026-08-15 20:56:00,2026-08-15 22:07:48.000000,completed,eta-v3.1,False,D101,2026-08-15 20:40:26.275773,2026-08-15 21:50:07.455398,2026-08-15 20:57:55.266650,5,,,True,True,-7.68,0.0,0.0,delivered_on_time,2026-08-15 21:50:07.455398,False,-7.68,2.44,17.48,52.2,72.12,79.8,18.0,61.8,1.92,-9.6,10.0,2026-08-15,20,Saturday,10-20 km
O00618,C0175,R047,D074,Bengaluru,2026-08-26 20:05:00,2026-08-26 20:47:14.184302,2026-08-26 20:25:48.690392,2026-08-26 20:34:36.462914,delivered,2.11,medium,clear,D074,D074,2026-08-26 20:07:43.448958,,2026-08-26 20:23:00,2026-08-26 20:51:14.184302,completed,eta-v3.2,False,D074,2026-08-26 20:07:43.448958,2026-08-26 20:34:36.462914,2026-08-26 20:25:48.690392,2,,,True,True,-12.63,0.0,0.0,delivered_on_time,2026-08-26 20:34:36.462914,False,-12.63,2.72,18.09,8.8,29.61,42.24,18.0,24.24,2.81,-15.44,4.0,2026-08-26,20,Wednesday,0-3 km
O00619,C0384,R017,D028,Bengaluru,2026-08-24 19:31:00,2026-08-24 20:43:48.000000,2026-08-24 20:01:36.138955,2026-08-24 20:50:16.566725,delivered,18.0,low,clear,D028,D028,2026-08-24 19:33:50.444358,,2026-08-24 19:49:00,2026-08-24 20:43:48.000000,completed,eta-v3.1,False,D028,2026-08-24 19:33:50.444358,2026-08-24 20:50:16.566725,2026-08-24 20:01:36.138955,5,,,True,True,6.48,1.0,0.0,delivered_late,2026-08-24 20:50:16.566725,False,6.48,2.84,27.76,48.67,79.28,72.8,18.0,54.8,12.6,-6.13,0.0,2026-08-24,19,Monday,10-20 km
O00620,C0770,R052,D070,Bengaluru,2026-08-16 14:38:00,2026-08-16 15:53:36.000000,2026-08-16 15:05:59.946835,2026-08-16 15:53:11.448940,delivered,18.0,medium,clear,D070,D070,2026-08-16 14:40:36.187675,,2026-08-16 14:56:00,2026-08-16 15:57:36.000000,completed,eta-v3.1,False,D070,2026-08-16 14:40:36.187675,2026-08-16 15:53:11.448940,2026-08-16 15:05:59.946835,2,,,True,True,-0.41,0.0,0.0,delivered_on_time,2026-08-16 15:53:11.448940,False,-0.41,2.6,25.4,47.19,75.19,75.6,18.0,57.6,10.0,-10.41,4.0,2026-08-16,14,Sunday,10-20 km
O00621,C0242,R031,D097,Bengaluru,2026-08-17 22:32:00,2026-08-17 23:44:10.371988,2026-08-17 23:00:28.581700,2026-08-17 23:49:21.763184,delivered,16.37,medium,clear,D097,D097,2026-08-17 22:32:18.746949,,2026-08-17 22:50:00,2026-08-17 23:50:42.192505,completed,eta-v3.1,False,D097,2026-08-17 22:32:18.746949,2026-08-17 23:49:21.763184,2026-08-17 23:00:28.581700,5,,,True,True,5.19,1.0,0.0,delivered_late,2026-08-17 23:49:21.763184,False,5.19,0.31,28.16,48.89,77.36,72.17,18.0,54.17,10.48,-5.28,6.53,2026-08-17,22,Monday,10-20 km
O00622,C0024,R024,D083,Bengaluru,2026-08-24 16:48:00,2026-08-24 18:10:18.000000,2026-08-24 17:25:12.927821,2026-08-24 18:30:23.066946,delivered,18.0,high,rain,D083,D083,2026-08-24 16:55:52.792683,,2026-08-24 17:06:00,2026-08-24 18:25:18.000000,completed,eta-v3.1,False,D083,2026-08-24 16:55:52.792683,2026-08-24 18:30:23.066946,2026-08-24 17:25:12.927821,2,,,True,True,20.08,1.0,1.0,delivered_late,2026-08-24 18:30:23.066946,False,20.08,7.88,29.34,65.17,102.38,82.3,18.0,64.3,19.22,0.87,15.0,2026-08-24,16,Monday,10-20 km
O00623,C0004,R024,D088,Bengaluru,2026-08-20 22:56:00,2026-08-21 00:14:06.000000,2026-08-20 23:33:47.444167,2026-08-21 00:29:51.744274,delivered,18.0,medium,rain,D088,D088,2026-08-20 22:56:19.522341,,2026-08-20 23:14:00,2026-08-21 00:23:06.000000,completed,eta-v3.2,False,D088,2026-08-20 22:56:19.522341,2026-08-21 00:29:51.744274,2026-08-20 23:33:47.444167,3,CX-03,,True,True,15.76,1.0,1.0,delivered_late,2026-08-21 00:29:51.744274,False,15.76,0.33,37.47,56.07,93.86,78.1,18.0,60.1,19.79,-4.03,9.0,2026-08-20,22,Thursday,10-20 km
O00624,C0464,R035,D003,Bengaluru,2026-08-26 13:38:00,2026-08-26 14:44:06.388390,2026-08-26 13:53:18.995546,2026-08-26 14:33:23.868172,delivered,11.48,high,clear,D003,D003,2026-08-26 13:39:53.658452,,2026-08-26 13:56:00,2026-08-26 14:54:06.388390,completed,eta-v3.2,False,D003,2026-08-26 13:39:53.658452,2026-08-26 14:33:23.868172,2026-08-26 13:53:18.995546,3,,,True,True,-10.71,0.0,0.0,delivered_on_time,2026-08-26 14:33:23.868172,False,-10.71,1.89,13.42,40.08,55.4,66.11,18.0,48.11,-2.68,-8.03,10.0,2026-08-26,13,Wednesday,10-20 km
O00625,C0183,R023,D114,Bengaluru,2026-08-12 17:21:00,2026-08-12 18:19:08.552886,2026-08-12 17:38:16.673297,2026-08-12 18:08:24.260633,delivered,9.69,medium,clear,D114,D114,2026-08-12 17:23:58.352039,,2026-08-12 17:39:00,2026-08-12 18:23:08.552886,completed,eta-v3.1,False,D114,2026-08-12 17:23:58.352039,2026-08-12 18:08:24.260633,2026-08-12 17:38:16.673297,2,,,True,True,-10.74,0.0,0.0,delivered_on_time,2026-08-12 18:08:24.260633,False,-10.74,2.97,14.31,30.13,47.4,58.14,18.0,40.14,-0.72,-10.01,4.0,2026-08-12,17,Wednesday,6-10 km
O00626,C0762,R034,D064,Bengaluru,2026-08-02 12:08:00,2026-08-02 13:23:36.000000,2026-08-02 12:35:04.554678,2026-08-02 13:25:44.550368,delivered,18.0,medium,clear,D064,D064,2026-08-02 12:12:56.903631,,2026-08-02 12:26:00,2026-08-02 13:29:30.344242,completed,eta-v3.2,False,D064,2026-08-02 12:12:56.903631,2026-08-02 13:25:44.550368,2026-08-02 12:35:04.554678,2,CX-03,,True,True,2.14,1.0,0.0,delivered_late,2026-08-02 13:25:44.550368,False,2.14,4.95,22.13,50.67,77.74,75.6,18.0,57.6,9.08,-6.93,5.91,2026-08-02,12,Sunday,10-20 km
O00627,C0194,R011,D041,Bengaluru,2026-08-18 14:45:00,2026-08-18 16:04:48.000000,2026-08-18 15:17:54.062957,2026-08-18 16:12:03.440002,delivered,18.0,high,clear,D041,D041,2026-08-18 14:45:59.393226,,2026-08-18 15:03:00,2026-08-18 16:15:22.658414,completed,eta-v3.2,False,D041,2026-08-18 14:45:59.393226,2026-08-18 16:12:03.440002,2026-08-18 15:17:54.062957,3,,,True,True,7.26,1.0,0.0,delivered_late,2026-08-18 16:12:03.440002,False,7.26,0.99,31.91,54.16,87.06,79.8,18.0,61.8,14.9,-7.64,10.58,2026-08-18,14,Tuesday,10-20 km
O00628,C0551,R008,D071,Bengaluru,2026-08-17 12:22:00,2026-08-17 13:41:48.000000,2026-08-17 12:48:15.760533,2026-08-17 13:39:13.750030,delivered,18.0,high,clear,D071,D071,2026-08-17 12:24:37.476072,,2026-08-17 12:40:00,2026-08-17 13:51:48.000000,completed,eta-v3.1,False,D071,2026-08-17 12:24:37.476072,2026-08-17 13:39:13.750030,2026-08-17 12:48:15.760533,3,,,True,True,-2.57,0.0,0.0,delivered_on_time,2026-08-17 13:39:13.750030,False,-2.57,2.62,23.64,50.97,77.23,79.8,18.0,61.8,8.26,-10.83,10.0,2026-08-17,12,Monday,10-20 km
O00629,C0336,R010,D031,Bengaluru,2026-08-02 23:44:00,2026-08-03 00:58:23.365798,2026-08-03 00:20:00.984679,2026-08-03 01:10:57.355045,delivered,17.42,medium,clear,D031,D031,2026-08-02 23:48:08.766107,,2026-08-03 00:02:00,2026-08-03 01:03:21.909389,completed,eta-v3.1,False,D031,2026-08-02 23:48:08.766107,2026-08-03 01:10:57.355045,2026-08-03 00:20:00.984679,5,,,True,True,12.57,1.0,1.0,delivered_late,2026-08-03 01:10:57.355045,False,12.57,4.15,31.87,50.94,86.96,74.39,18.0,56.39,18.02,-5.45,4.98,2026-08-02,23,Sunday,10-20 km
O00630,C0348,R055,D071,Bengaluru,2026-08-06 19:34:00,2026-08-06 20:46:48.000000,2026-08-06 20:07:47.152895,,cancelled,18.0,low,clear,D071,D071,2026-08-06 19:39:41.382069,,2026-08-06 19:52:00,2026-08-06 20:49:23.403613,cancelled,eta-v3.2,False,D071,2026-08-06 19:39:41.382069,,,0,,,False,False,,,,cancelled,,False,,5.69,28.1,,,72.8,18.0,54.8,15.79,,2.59,2026-08-06,19,Thursday,10-20 km
O00631,C0549,R060,D031,Bengaluru,2026-08-27 22:51:00,2026-08-28 00:03:35.467488,2026-08-27 23:22:15.176903,2026-08-28 00:14:56.052163,delivered,14.57,high,clear,D031,D031,2026-08-27 22:56:47.495713,,2026-08-27 23:09:00,2026-08-28 00:21:48.771376,completed,eta-v3.1,False,D031,2026-08-27 22:56:47.495713,2026-08-28 00:14:56.052163,2026-08-27 23:22:15.176903,5,,,True,True,11.34,1.0,1.0,delivered_late,2026-08-28 00:14:56.052163,False,11.34,5.79,25.46,52.68,83.93,72.59,18.0,54.59,13.25,-1.91,18.22,2026-08-27,22,Thursday,10-20 km
O00632,C0869,R041,D080,Bengaluru,2026-08-14 18:36:00,2026-08-14 19:55:48.000000,2026-08-14 18:58:39.719478,2026-08-14 19:58:38.397358,delivered,18.0,high,clear,D080,D080,2026-08-14 18:37:15.733666,,2026-08-14 18:54:00,2026-08-14 20:07:54.983469,completed,eta-v3.2,False,D080,2026-08-14 18:37:15.733666,2026-08-14 19:58:38.397358,2026-08-14 18:58:39.719478,4,,,True,True,2.84,1.0,0.0,delivered_late,2026-08-14 19:58:38.397358,False,2.84,1.26,21.4,59.98,82.64,79.8,18.0,61.8,4.66,-1.82,12.12,2026-08-14,18,Friday,10-20 km
O00633,C0257,R049,D116,Bengaluru,2026-08-13 11:17:00,2026-08-13 12:32:36.000000,2026-08-13 11:39:35.636729,2026-08-13 12:31:40.225124,delivered,18.0,medium,clear,D116,D116,2026-08-13 11:20:47.457585,,2026-08-13 11:35:00,2026-08-13 12:37:49.389909,completed,eta-v3.2,False,D116,2026-08-13 11:20:47.457585,2026-08-13 12:31:40.225124,2026-08-13 11:39:35.636729,3,,,True,True,-0.93,0.0,0.0,delivered_on_time,2026-08-13 12:31:40.225124,False,-0.93,3.79,18.8,52.08,74.67,75.6,18.0,57.6,4.59,-5.52,5.22,2026-08-13,11,Thursday,10-20 km
O00634,C0366,R040,D034,Bengaluru,2026-08-02 23:30:00,2026-08-03 00:49:48.000000,2026-08-02 23:51:08.961174,2026-08-03 00:47:43.324669,delivered,18.0,high,clear,D034,D034,2026-08-02 23:31:52.628598,,2026-08-02 23:48:00,2026-08-03 00:59:48.000000,completed,eta-v3.1,False,D034,2026-08-02 23:31:52.628598,2026-08-03 00:47:43.324669,2026-08-02 23:51:08.961174,4,,,True,True,-2.08,0.0,0.0,delivered_on_time,2026-08-03 00:47:43.324669,False,-2.08,1.88,19.27,56.57,77.72,79.8,18.0,61.8,3.15,-5.23,10.0,2026-08-02,23,Sunday,10-20 km
O00635,C0101,R015,D053,Bengaluru,2026-08-21 13:55:00,2026-08-21 14:52:04.560565,2026-08-21 14:24:36.863523,2026-08-21 14:54:45.250738,delivered,7.18,high,clear,D093,D053,2026-08-21 14:00:10.712605,2026-08-21 14:03:46.452622,2026-08-21 14:13:00,2026-08-21 15:08:32.597755,completed,eta-v3.2,True,D093,2026-08-21 14:00:10.712605,2026-08-21 14:54:45.250738,2026-08-21 14:24:36.863523,2,CX-01;CX-03,,True,True,2.68,1.0,0.0,delivered_late,2026-08-21 14:54:45.250738,False,2.68,5.18,24.44,30.14,59.75,57.08,18.0,39.08,11.61,-8.94,16.47,2026-08-21,13,Friday,6-10 km
O00636,C0824,R050,D099,Bengaluru,2026-08-12 18:02:00,2026-08-12 19:13:12.502887,2026-08-12 18:35:59.442647,2026-08-12 19:19:25.788140,delivered,15.91,medium,clear,D099,D099,2026-08-12 18:02:19.736235,,2026-08-12 18:20:00,2026-08-12 19:22:53.623949,completed,eta-v3.2,False,D099,2026-08-12 18:02:19.736235,2026-08-12 19:19:25.788140,2026-08-12 18:35:59.442647,5,,,True,True,6.22,1.0,0.0,delivered_late,2026-08-12 19:19:25.788140,False,6.22,0.33,33.66,43.44,77.43,71.21,18.0,53.21,15.99,-9.77,9.69,2026-08-12,18,Wednesday,10-20 km
O00637,C0028,R021,D105,Bengaluru,2026-08-14 21:23:00,2026-08-14 22:44:36.000000,2026-08-14 21:46:44.116024,,cancelled,18.0,medium,heavy_rain,D105,D105,2026-08-14 21:23:36.860464,,2026-08-14 21:41:00,2026-08-14 23:01:38.832552,cancelled,eta-v3.1,False,D105,2026-08-14 21:23:36.860464,,,0,,,False,False,,,,cancelled,,False,,0.61,23.12,,,81.6,18.0,63.6,5.74,,17.05,2026-08-14,21,Friday,10-20 km
O00638,C0060,R006,D039,Bengaluru,2026-08-04 19:51:00,2026-08-04 21:06:36.000000,2026-08-04 20:14:49.024602,2026-08-04 21:01:43.274861,delivered,18.0,medium,clear,D039,D039,2026-08-04 19:57:55.667809,,2026-08-04 20:09:00,2026-08-04 21:10:55.045778,completed,eta-v3.1,False,D039,2026-08-04 19:57:55.667809,2026-08-04 21:01:43.274861,2026-08-04 20:14:49.024602,3,,,True,True,-4.88,0.0,0.0,delivered_on_time,2026-08-04 21:01:43.274861,False,-4.88,6.93,16.89,46.9,70.72,75.6,18.0,57.6,5.82,-10.7,4.32,2026-08-04,19,Tuesday,10-20 km
O00639,C0234,R050,D104,Bengaluru,2026-08-03 23:14:00,2026-08-04 00:21:09.021818,2026-08-03 23:30:48.091672,2026-08-04 00:18:48.317911,delivered,11.12,medium,heavy_rain,D104,D104,2026-08-03 23:31:17.010865,,2026-08-03 23:32:00,2026-08-04 00:37:09.021818,completed,eta-v3.1,False,D104,2026-08-03 23:31:17.010865,2026-08-04 00:18:48.317911,2026-08-03 23:30:48.091672,5,TS-07,,True,True,-2.35,0.0,0.0,delivered_on_time,2026-08-04 00:18:48.317911,False,-2.35,17.28,-0.48,48.0,64.81,67.15,18.0,49.15,-1.2,-1.15,16.0,2026-08-03,23,Monday,10-20 km
O00640,C0022,R058,D013,Bengaluru,2026-08-26 20:23:00,2026-08-26 21:38:36.000000,2026-08-26 20:38:42.681940,2026-08-26 21:30:07.337565,delivered,18.0,medium,clear,D013,D013,2026-08-26 20:23:18.989331,,2026-08-26 20:41:00,2026-08-26 21:43:00.592378,completed,eta-v3.1,False,D013,2026-08-26 20:23:18.989331,2026-08-26 21:30:07.337565,2026-08-26 20:38:42.681940,2,CX-03,,True,True,-8.48,0.0,0.0,delivered_on_time,2026-08-26 21:30:07.337565,False,-8.48,0.32,15.39,51.41,67.12,75.6,18.0,57.6,-2.29,-6.19,4.41,2026-08-26,20,Wednesday,10-20 km
O00641,C0796,R038,D109,Bengaluru,2026-08-20 14:50:00,2026-08-20 16:05:36.000000,2026-08-20 15:09:00.615247,2026-08-20 15:57:18.982115,delivered,18.0,medium,clear,D109,D109,2026-08-20 14:50:37.632574,,2026-08-20 15:08:00,2026-08-20 16:11:03.535851,completed,eta-v3.1,False,D109,2026-08-20 14:50:37.632574,2026-08-20 15:57:18.982115,2026-08-20 15:09:00.615247,4,,,True,True,-8.28,0.0,0.0,delivered_on_time,2026-08-20 15:57:18.982115,False,-8.28,0.63,18.38,48.31,67.32,75.6,18.0,57.6,1.01,-9.29,5.46,2026-08-20,14,Thursday,10-20 km
O00642,C0072,R035,D003,Bengaluru,2026-08-05 18:40:00,2026-08-05 19:37:31.653840,2026-08-05 19:05:53.634793,2026-08-05 19:38:30.304028,delivered,7.39,high,clear,D003,D003,2026-08-05 18:41:23.554088,,2026-08-05 18:58:00,2026-08-05 19:47:31.653840,completed,eta-v3.2,False,D003,2026-08-05 18:41:23.554088,2026-08-05 19:38:30.304028,2026-08-05 19:05:53.634793,3,,,True,True,0.98,1.0,0.0,delivered_late,2026-08-05 19:38:30.304028,False,0.98,1.39,24.5,32.61,58.51,57.53,18.0,39.53,7.89,-6.92,10.0,2026-08-05,18,Wednesday,6-10 km
O00643,C0070,R003,D068,Bengaluru,2026-08-06 23:08:00,2026-08-07 00:23:36.000000,2026-08-06 23:20:45.442877,2026-08-07 00:08:52.402038,delivered,18.0,medium,clear,D068,D068,2026-08-06 23:12:40.312293,,2026-08-06 23:26:00,2026-08-07 00:28:01.039024,completed,eta-v3.2,False,D068,2026-08-06 23:12:40.312293,2026-08-07 00:08:52.402038,2026-08-06 23:20:45.442877,4,,,True,True,-14.73,0.0,0.0,delivered_on_time,2026-08-07 00:08:52.402038,False,-14.73,4.67,8.09,48.12,60.87,75.6,18.0,57.6,-5.24,-9.48,4.42,2026-08-06,23,Thursday,10-20 km
O00644,C0324,R047,D060,Bengaluru,2026-08-24 22:28:00,2026-08-24 23:53:24.000000,2026-08-24 22:49:09.040092,2026-08-24 23:51:29.384358,delivered,18.0,severe,clear,D060,D060,2026-08-24 22:30:18.093339,,2026-08-24 22:46:00,2026-08-25 00:11:24.000000,completed,eta-v3.1,False,D060,2026-08-24 22:30:18.093339,2026-08-24 23:51:29.384358,2026-08-24 22:49:09.040092,2,,,True,True,-1.91,0.0,0.0,delivered_on_time,2026-08-24 23:51:29.384358,False,-1.91,2.3,18.85,62.34,83.49,85.4,18.0,67.4,3.15,-5.06,18.0,2026-08-24,22,Monday,10-20 km
O00645,C0754,R026,D051,Bengaluru,2026-08-21 18:20:00,2026-08-21 19:35:36.000000,2026-08-21 18:48:22.771778,2026-08-21 19:39:18.353832,delivered,18.0,medium,clear,D051,D051,2026-08-21 18:29:46.380976,,2026-08-21 18:38:00,2026-08-21 19:40:15.163863,completed,eta-v3.2,False,D051,2026-08-21 18:29:46.380976,2026-08-21 19:39:18.353832,2026-08-21 18:48:22.771778,5,,,True,True,3.71,1.0,0.0,delivered_late,2026-08-21 19:39:18.353832,False,3.71,9.77,18.61,50.93,79.31,75.6,18.0,57.6,10.38,-6.67,4.65,2026-08-21,18,Friday,10-20 km
O00646,C0468,R011,D054,Bengaluru,2026-08-24 14:33:00,2026-08-24 15:30:59.032573,2026-08-24 14:59:56.101248,2026-08-24 15:35:12.728665,delivered,8.42,medium,rain,D054,D054,2026-08-24 14:34:15.955551,,2026-08-24 14:51:00,2026-08-24 15:39:59.032573,completed,eta-v3.1,False,D054,2026-08-24 14:34:15.955551,2026-08-24 15:35:12.728665,2026-08-24 14:59:56.101248,4,,,True,True,4.23,1.0,0.0,delivered_late,2026-08-24 15:35:12.728665,False,4.23,1.27,25.67,35.28,62.21,57.98,18.0,39.98,8.94,-4.7,9.0,2026-08-24,14,Monday,6-10 km
O00647,C0625,R026,D046,Bengaluru,2026-08-08 19:09:00,2026-08-08 20:21:48.000000,2026-08-08 19:19:16.791586,2026-08-08 20:04:15.319432,delivered,18.0,low,clear,D046,D046,2026-08-08 19:20:24.599126,,2026-08-08 19:27:00,2026-08-08 20:21:48.000000,completed,eta-v3.1,False,D046,2026-08-08 19:20:24.599126,2026-08-08 20:04:15.319432,2026-08-08 19:19:16.791586,2,TS-07,,True,True,-17.54,0.0,0.0,delivered_on_time,2026-08-08 20:04:15.319432,False,-17.54,11.41,-1.13,44.98,55.26,72.8,18.0,54.8,-7.72,-9.82,0.0,2026-08-08,19,Saturday,10-20 km
O00648,C0724,R004,D032,Bengaluru,2026-08-19 17:28:00,2026-08-19 18:26:08.386830,2026-08-19 17:41:51.630248,2026-08-19 18:16:49.536337,delivered,8.5,medium,rain,D032,D032,2026-08-19 17:28:24.600303,,2026-08-19 17:46:00,2026-08-19 18:35:08.386830,completed,eta-v3.2,False,D032,2026-08-19 17:28:24.600303,2026-08-19 18:16:49.536337,2026-08-19 17:41:51.630248,2,,,True,True,-9.31,0.0,0.0,delivered_on_time,2026-08-19 18:16:49.536337,False,-9.31,0.41,13.45,34.97,48.83,58.14,18.0,40.14,-4.14,-5.17,9.0,2026-08-19,17,Wednesday,6-10 km
O00649,C0501,R031,D071,Bengaluru,2026-08-24 19:22:00,2026-08-24 20:36:47.203577,2026-08-24 19:59:36.956736,2026-08-24 20:49:29.507619,delivered,15.61,high,clear,D071,D071,2026-08-24 19:26:42.461576,,2026-08-24 19:40:00,2026-08-24 20:46:47.203577,completed,eta-v3.1,False,D071,2026-08-24 19:26:42.461576,2026-08-24 20:49:29.507619,2026-08-24 19:59:36.956736,4,,,True,True,12.71,1.0,1.0,delivered_late,2026-08-24 20:49:29.507619,False,12.71,4.71,32.91,49.88,87.49,74.79,18.0,56.79,19.62,-6.91,10.0,2026-08-24,19,Monday,10-20 km
O00650,C0580,R032,D088,Bengaluru,2026-08-17 16:53:00,2026-08-17 18:10:29.356299,2026-08-17 17:21:13.690684,2026-08-17 18:13:15.799996,delivered,17.71,medium,rain,D088,D088,2026-08-17 16:53:11.230203,,2026-08-17 17:11:00,2026-08-17 18:19:29.356299,completed,eta-v3.1,False,D088,2026-08-17 16:53:11.230203,2026-08-17 18:13:15.799996,2026-08-17 17:21:13.690684,4,,,True,True,2.77,1.0,0.0,delivered_late,2026-08-17 18:13:15.799996,False,2.77,0.19,28.04,52.04,80.26,77.49,18.0,59.49,10.23,-7.45,9.0,2026-08-17,16,Monday,10-20 km
O00651,C0388,R046,D063,Bengaluru,2026-08-05 14:56:00,2026-08-05 16:04:05.562796,2026-08-05 15:22:25.910520,2026-08-05 16:05:44.614900,delivered,15.76,low,clear,D063,D063,2026-08-05 14:58:18.225137,,2026-08-05 15:14:00,2026-08-05 16:04:48.398172,completed,eta-v3.1,False,D063,2026-08-05 14:58:18.225137,2026-08-05 16:05:44.614900,2026-08-05 15:22:25.910520,4,CX-03,,True,True,1.65,1.0,0.0,delivered_late,2026-08-05 16:05:44.614900,False,1.65,2.3,24.13,43.31,69.74,68.09,18.0,50.09,8.43,-6.78,0.71,2026-08-05,14,Wednesday,10-20 km
O00652,C0313,R018,D070,Bengaluru,2026-08-17 19:11:00,2026-08-17 20:33:18.000000,2026-08-17 19:34:54.444886,2026-08-17 20:37:19.431933,delivered,18.0,high,rain,D070,D070,2026-08-17 19:11:50.444144,,2026-08-17 19:29:00,2026-08-17 20:48:18.000000,completed,eta-v3.2,False,D070,2026-08-17 19:11:50.444144,2026-08-17 20:37:19.431933,2026-08-17 19:34:54.444886,3,CX-03,,True,True,4.02,1.0,0.0,delivered_late,2026-08-17 20:37:19.431933,False,4.02,0.84,23.07,62.42,86.32,82.3,18.0,64.3,5.91,-1.88,15.0,2026-08-17,19,Monday,10-20 km
O00653,C0004,R027,D031,Bengaluru,2026-08-10 17:28:00,2026-08-10 18:43:36.000000,2026-08-10 18:06:28.179613,2026-08-10 18:56:20.354889,delivered,18.0,medium,clear,D031,D031,2026-08-10 17:36:12.364268,,2026-08-10 17:46:00,2026-08-10 18:53:24.151273,completed,eta-v3.2,False,D031,2026-08-10 17:36:12.364268,2026-08-10 18:56:20.354889,2026-08-10 18:06:28.179613,5,,,True,True,12.74,1.0,1.0,delivered_late,2026-08-10 18:56:20.354889,False,12.74,8.21,30.26,49.87,88.34,75.6,18.0,57.6,20.47,-7.73,9.8,2026-08-10,17,Monday,10-20 km
O00654,C0355,R046,D021,Bengaluru,2026-08-28 20:03:00,2026-08-28 21:18:36.000000,2026-08-28 20:14:31.841459,2026-08-28 21:05:27.717699,delivered,18.0,medium,clear,D021,D021,2026-08-28 20:15:02.969623,,2026-08-28 20:21:00,2026-08-28 21:22:36.000000,completed,eta-v3.1,False,D021,2026-08-28 20:15:02.969623,2026-08-28 21:05:27.717699,2026-08-28 20:14:31.841459,3,TS-07,,True,True,-13.14,0.0,0.0,delivered_on_time,2026-08-28 21:05:27.717699,False,-13.14,12.05,-0.52,50.93,62.46,75.6,18.0,57.6,-6.47,-6.67,4.0,2026-08-28,20,Friday,10-20 km
O00655,C0087,R036,D040,Bengaluru,2026-08-14 14:56:00,2026-08-14 16:00:05.737524,2026-08-14 15:14:10.315476,2026-08-14 15:51:45.158735,delivered,13.86,low,clear,D040,D040,2026-08-14 14:56:54.004442,,2026-08-14 15:14:00,2026-08-14 16:01:50.579408,completed,eta-v3.1,False,D040,2026-08-14 14:56:54.004442,2026-08-14 15:51:45.158735,2026-08-14 15:14:10.315476,2,,,True,True,-8.34,0.0,0.0,delivered_on_time,2026-08-14 15:51:45.158735,False,-8.34,0.9,17.27,37.58,55.75,64.1,18.0,46.1,0.17,-8.52,1.75,2026-08-14,14,Friday,10-20 km
O00656,C0601,R008,D102,Bengaluru,2026-08-23 16:22:00,2026-08-23 17:20:22.945690,2026-08-23 16:47:40.409195,2026-08-23 17:21:18.254018,delivered,7.8,high,clear,D102,D102,2026-08-23 16:25:31.012195,,2026-08-23 16:40:00,2026-08-23 17:30:22.945690,completed,eta-v3.2,False,D102,2026-08-23 16:25:31.012195,2026-08-23 17:21:18.254018,2026-08-23 16:47:40.409195,3,,,True,True,0.92,1.0,0.0,delivered_late,2026-08-23 17:21:18.254018,False,0.92,3.52,22.16,33.63,59.3,58.38,18.0,40.38,7.67,-6.75,10.0,2026-08-23,16,Sunday,6-10 km
O00657,C0423,R007,D059,Bengaluru,2026-08-14 14:46:00,2026-08-14 16:01:36.000000,2026-08-14 15:02:40.004540,2026-08-14 15:51:16.486355,delivered,18.0,medium,clear,D059,D059,2026-08-14 14:49:01.213376,,2026-08-14 15:04:00,2026-08-14 16:05:36.381596,completed,eta-v3.1,False,D059,2026-08-14 14:49:01.213376,2026-08-14 15:51:16.486355,2026-08-14 15:02:40.004540,4,RG-03,,True,True,-10.33,0.0,0.0,delivered_on_time,2026-08-14 15:51:16.486355,False,-10.33,3.02,13.65,48.61,65.27,75.6,18.0,57.6,-1.33,-8.99,4.01,2026-08-14,14,Friday,10-20 km
O00658,C0571,R027,D062,Bengaluru,2026-08-24 12:50:00,2026-08-24 13:52:18.432766,2026-08-24 13:16:36.238801,2026-08-24 13:50:56.507933,delivered,11.67,medium,clear,D062,D062,2026-08-24 12:51:27.329208,,2026-08-24 13:08:00,2026-08-24 13:56:18.432766,completed,eta-v3.2,False,D062,2026-08-24 12:51:27.329208,2026-08-24 13:50:56.507933,2026-08-24 13:16:36.238801,3,,,True,True,-1.37,0.0,0.0,delivered_on_time,2026-08-24 13:50:56.507933,False,-1.37,1.46,25.15,34.34,60.94,62.31,18.0,44.31,8.6,-9.97,4.0,2026-08-24,12,Monday,10-20 km
O00659,C0459,R025,D067,Bengaluru,2026-08-27 19:19:00,2026-08-27 20:14:31.204656,2026-08-27 19:39:02.553680,2026-08-27 20:08:59.514658,delivered,6.44,high,clear,D067,D067,2026-08-27 19:24:07.506618,,2026-08-27 19:37:00,2026-08-27 20:25:55.510168,completed,eta-v3.2,False,D067,2026-08-27 19:24:07.506618,2026-08-27 20:08:59.514658,2026-08-27 19:39:02.553680,5,CX-03,,True,True,-5.53,0.0,0.0,delivered_on_time,2026-08-27 20:08:59.514658,False,-5.53,5.13,14.92,29.95,49.99,55.52,18.0,37.52,2.04,-7.57,11.41,2026-08-27,19,Thursday,6-10 km
O00660,C0512,R049,D075,Bengaluru,2026-08-18 18:24:00,2026-08-18 19:06:37.574738,2026-08-18 18:38:39.443772,2026-08-18 18:51:08.724287,delivered,3.63,low,clear,D075,D075,2026-08-18 18:26:11.543827,,2026-08-18 18:42:00,2026-08-18 19:06:37.574738,completed,eta-v3.1,False,D075,2026-08-18 18:26:11.543827,2026-08-18 18:51:08.724287,2026-08-18 18:38:39.443772,3,,,True,True,-15.48,0.0,0.0,delivered_on_time,2026-08-18 18:51:08.724287,False,-15.48,2.19,12.46,12.49,27.15,42.63,18.0,24.63,-3.34,-12.14,0.0,2026-08-18,18,Tuesday,3-6 km
O00661,C0302,R040,D004,Bengaluru,2026-08-10 16:51:00,2026-08-10 18:10:48.000000,2026-08-10 17:09:12.204981,2026-08-10 18:01:25.931589,delivered,18.0,high,clear,D004,D004,2026-08-10 16:53:09.625759,,2026-08-10 17:09:00,2026-08-10 18:20:48.000000,completed,eta-v3.2,False,D004,2026-08-10 16:53:09.625759,2026-08-10 18:01:25.931589,2026-08-10 17:09:12.204981,5,,,True,True,-9.37,0.0,0.0,delivered_on_time,2026-08-10 18:01:25.931589,False,-9.37,2.16,16.04,52.23,70.43,79.8,18.0,61.8,0.2,-9.57,10.0,2026-08-10,16,Monday,10-20 km
O00662,C0597,R012,D035,Bengaluru,2026-08-14 16:21:00,2026-08-14 17:27:05.279303,2026-08-14 16:33:39.162031,2026-08-14 17:14:28.554403,delivered,11.47,high,clear,D035,D035,2026-08-14 16:21:46.747725,,2026-08-14 16:39:00,2026-08-14 17:37:15.556818,completed,eta-v3.2,False,D035,2026-08-14 16:21:46.747725,2026-08-14 17:14:28.554403,2026-08-14 16:33:39.162031,4,,,True,True,-12.61,0.0,0.0,delivered_on_time,2026-08-14 17:14:28.554403,False,-12.61,0.78,11.87,40.82,53.48,66.09,18.0,48.09,-5.35,-7.27,10.17,2026-08-14,16,Friday,10-20 km
O00663,C0062,R025,D041,Bengaluru,2026-08-18 21:46:00,2026-08-18 22:58:48.000000,2026-08-18 22:10:33.073355,2026-08-18 22:54:30.736366,delivered,18.0,low,clear,D041,D041,2026-08-18 21:52:40.490469,,2026-08-18 22:04:00,2026-08-18 22:58:48.000000,completed,eta-v3.1,False,D041,2026-08-18 21:52:40.490469,2026-08-18 22:54:30.736366,2026-08-18 22:10:33.073355,2,,,True,True,-4.29,0.0,0.0,delivered_on_time,2026-08-18 22:54:30.736366,False,-4.29,6.67,17.88,43.96,68.51,72.8,18.0,54.8,6.55,-10.84,0.0,2026-08-18,21,Tuesday,10-20 km
O00664,C0807,R025,D109,Bengaluru,2026-08-06 19:33:00,2026-08-06 20:24:30.499027,2026-08-06 19:53:10.277990,2026-08-06 20:16:01.047215,delivered,6.53,medium,clear,D109,D109,2026-08-06 19:33:39.828008,,2026-08-06 19:51:00,2026-08-06 20:29:43.042948,completed,eta-v3.2,False,D109,2026-08-06 19:33:39.828008,2026-08-06 20:16:01.047215,2026-08-06 19:53:10.277990,4,,,True,True,-8.49,0.0,0.0,delivered_on_time,2026-08-06 20:16:01.047215,False,-8.49,0.66,19.51,22.85,43.02,51.51,18.0,33.51,2.17,-10.66,5.21,2026-08-06,19,Thursday,6-10 km
O00665,C0127,R040,D010,Bengaluru,2026-08-26 19:45:00,2026-08-26 21:00:36.000000,2026-08-26 20:10:19.094743,2026-08-26 21:05:25.365216,delivered,18.0,medium,clear,D010,D010,2026-08-26 19:54:32.112271,,2026-08-26 20:03:00,2026-08-26 21:07:47.927011,completed,eta-v3.1,False,D010,2026-08-26 19:54:32.112271,2026-08-26 21:05:25.365216,2026-08-26 20:10:19.094743,5,,,True,True,4.82,1.0,0.0,delivered_late,2026-08-26 21:05:25.365216,False,4.82,9.54,15.78,55.1,80.42,75.6,18.0,57.6,7.32,-2.5,7.2,2026-08-26,19,Wednesday,10-20 km
O00666,C0456,R027,D007,Bengaluru,2026-08-10 19:12:00,2026-08-10 20:24:01.157591,2026-08-10 19:55:07.056130,2026-08-10 20:41:41.404723,delivered,14.29,high,clear,D007,D007,2026-08-10 19:15:39.955638,,2026-08-10 19:30:00,2026-08-10 20:35:34.857500,completed,eta-v3.1,False,D007,2026-08-10 19:15:39.955638,2026-08-10 20:41:41.404723,2026-08-10 19:55:07.056130,2,,,True,True,17.67,1.0,1.0,delivered_late,2026-08-10 20:41:41.404723,False,17.67,3.67,39.45,46.57,89.69,72.02,18.0,54.02,25.12,-7.45,11.56,2026-08-10,19,Monday,10-20 km
O00667,C0660,R017,D069,Bengaluru,2026-08-27 22:27:00,2026-08-27 23:42:36.000000,2026-08-27 22:44:25.279535,2026-08-27 23:33:23.327084,delivered,18.0,medium,clear,D069,D069,2026-08-27 22:28:56.983823,,2026-08-27 22:45:00,2026-08-27 23:46:36.000000,completed,eta-v3.1,False,D069,2026-08-27 22:28:56.983823,2026-08-27 23:33:23.327084,2026-08-27 22:44:25.279535,2,,,True,True,-9.21,0.0,0.0,delivered_on_time,2026-08-27 23:33:23.327084,False,-9.21,1.95,15.47,48.97,66.39,75.6,18.0,57.6,-0.58,-8.63,4.0,2026-08-27,22,Thursday,10-20 km
O00668,C0839,R030,D008,Bengaluru,2026-08-09 18:08:00,2026-08-09 19:21:15.312913,2026-08-09 18:31:50.942260,2026-08-09 19:25:51.974151,delivered,14.88,high,clear,D008,D008,2026-08-09 18:09:17.933728,,2026-08-09 18:26:00,2026-08-09 19:31:43.492516,completed,eta-v3.2,False,D008,2026-08-09 18:09:17.933728,2026-08-09 19:25:51.974151,2026-08-09 18:31:50.942260,2,,,True,True,4.61,1.0,0.0,delivered_late,2026-08-09 19:25:51.974151,False,4.61,1.3,22.55,54.02,77.87,73.26,18.0,55.26,5.85,-1.24,10.47,2026-08-09,18,Sunday,10-20 km
O00669,C0149,R021,D055,Bengaluru,2026-08-03 22:39:00,2026-08-03 23:51:48.000000,2026-08-03 23:00:11.782784,2026-08-03 23:46:22.238162,delivered,18.0,low,clear,D055,D055,2026-08-03 22:41:55.445547,,2026-08-03 22:57:00,2026-08-03 23:51:48.000000,completed,eta-v3.2,False,D055,2026-08-03 22:41:55.445547,2026-08-03 23:46:22.238162,2026-08-03 23:00:11.782784,5,,,True,True,-5.43,0.0,0.0,delivered_on_time,2026-08-03 23:46:22.238162,False,-5.43,2.92,18.27,46.17,67.37,72.8,18.0,54.8,3.2,-8.63,0.0,2026-08-03,22,Monday,10-20 km
O00670,C0560,R010,D036,Bengaluru,2026-08-13 19:22:00,2026-08-13 20:37:36.000000,2026-08-13 19:51:23.286197,2026-08-13 20:40:18.554366,delivered,18.0,medium,clear,D036,D036,2026-08-13 19:22:04.268653,,2026-08-13 19:40:00,2026-08-13 20:41:36.000000,completed,eta-v3.2,False,D036,2026-08-13 19:22:04.268653,2026-08-13 20:40:18.554366,2026-08-13 19:51:23.286197,5,,,True,True,2.71,1.0,0.0,delivered_late,2026-08-13 20:40:18.554366,False,2.71,0.07,29.32,48.92,78.31,75.6,18.0,57.6,11.39,-8.68,4.0,2026-08-13,19,Thursday,10-20 km
O00671,C0270,R004,D034,Bengaluru,2026-08-14 19:11:00,2026-08-14 20:14:45.651482,2026-08-14 19:30:22.737086,2026-08-14 20:07:04.825586,delivered,13.7,low,clear,D034,D034,2026-08-14 19:16:59.406777,,2026-08-14 19:29:00,2026-08-14 20:15:45.141618,completed,eta-v3.1,False,D034,2026-08-14 19:16:59.406777,2026-08-14 20:07:04.825586,2026-08-14 19:30:22.737086,3,,,True,True,-7.68,0.0,0.0,delivered_on_time,2026-08-14 20:07:04.825586,False,-7.68,5.99,13.39,36.7,56.08,63.76,18.0,45.76,1.38,-9.06,0.99,2026-08-14,19,Friday,10-20 km
O00672,C0743,R053,D070,Bengaluru,2026-08-12 18:00:00,2026-08-12 18:48:55.594127,2026-08-12 18:31:20.432321,,delivered,5.3,medium,clear,D070,D070,2026-08-12 18:10:55.853633,,2026-08-12 18:18:00,2026-08-12 18:52:55.594127,completed,eta-v3.2,False,D070,2026-08-12 18:10:55.853633,2026-08-12 18:57:34.534755,2026-08-12 18:31:20.432321,5,TS-04,TS-04,True,False,,,,unknown_missing_timestamp,2026-08-12 18:57:34.534755,True,8.65,10.93,20.41,,,48.93,18.0,30.93,13.34,,4.0,2026-08-12,18,Wednesday,3-6 km
O00673,C0311,R025,D068,Bengaluru,2026-08-27 11:45:00,2026-08-27 13:16:24.000000,2026-08-27 12:09:48.488818,2026-08-27 13:26:53.590387,delivered,18.0,severe,heavy_rain,D068,D068,2026-08-27 11:46:14.347577,,2026-08-27 12:03:00,2026-08-27 13:48:39.094081,completed,eta-v3.1,False,D068,2026-08-27 11:46:14.347577,2026-08-27 13:26:53.590387,2026-08-27 12:09:48.488818,2,CX-03,,True,True,10.49,1.0,1.0,delivered_late,2026-08-27 13:26:53.590387,False,10.49,1.24,23.57,77.09,101.89,91.4,18.0,73.4,6.81,3.69,32.25,2026-08-27,11,Thursday,10-20 km
O00674,C0657,R003,D073,Bengaluru,2026-08-23 20:55:00,2026-08-23 22:14:48.000000,2026-08-23 21:06:34.646676,2026-08-23 22:01:58.023233,delivered,18.0,high,clear,D073,D073,2026-08-23 20:58:13.308395,,2026-08-23 21:13:00,2026-08-23 22:24:48.000000,completed,eta-v3.2,False,D073,2026-08-23 20:58:13.308395,2026-08-23 22:01:58.023233,2026-08-23 21:06:34.646676,3,,,True,True,-12.83,0.0,0.0,delivered_on_time,2026-08-23 22:01:58.023233,False,-12.83,3.22,8.36,55.39,66.97,79.8,18.0,61.8,-6.42,-6.41,10.0,2026-08-23,20,Sunday,10-20 km
O00675,C0415,R012,D004,Bengaluru,2026-08-22 21:20:00,2026-08-22 22:12:54.791369,2026-08-22 21:33:54.197606,,delivered,5.2,high,clear,D004,D004,2026-08-22 21:24:50.009395,,2026-08-22 21:38:00,2026-08-22 22:23:43.922151,completed,eta-v3.2,False,D004,2026-08-22 21:24:50.009395,2026-08-22 22:07:36.893745,2026-08-22 21:33:54.197606,2,TS-04,TS-04,True,False,,,,unknown_missing_timestamp,2026-08-22 22:07:36.893745,True,-5.3,4.83,9.07,,,52.91,18.0,34.91,-4.1,,10.82,2026-08-22,21,Saturday,3-6 km
O00676,C0496,R040,D012,Bengaluru,2026-08-17 13:17:00,2026-08-17 14:29:48.000000,2026-08-17 13:45:56.243355,2026-08-17 14:31:55.386814,delivered,18.0,low,clear,D012,D012,2026-08-17 13:23:18.325053,,2026-08-17 13:35:00,2026-08-17 14:29:48.000000,completed,eta-v3.1,False,D012,2026-08-17 13:23:18.325053,2026-08-17 14:31:55.386814,2026-08-17 13:45:56.243355,4,,,True,True,2.12,1.0,0.0,delivered_late,2026-08-17 14:31:55.386814,False,2.12,6.31,22.63,45.99,74.92,72.8,18.0,54.8,10.94,-8.81,0.0,2026-08-17,13,Monday,10-20 km
O00677,C0671,R052,D055,Bengaluru,2026-08-15 12:58:00,2026-08-15 14:00:46.300536,2026-08-15 13:11:20.351496,2026-08-15 13:39:30.933555,delivered,13.22,low,clear,D055,D055,2026-08-15 12:58:35.958133,,2026-08-15 13:16:00,2026-08-15 14:00:46.300536,completed,eta-v3.1,False,D055,2026-08-15 12:58:35.958133,2026-08-15 13:39:30.933555,2026-08-15 13:11:20.351496,5,,,True,True,-21.26,0.0,0.0,delivered_on_time,2026-08-15 13:39:30.933555,False,-21.26,0.6,12.74,28.18,41.52,62.77,18.0,44.77,-4.66,-16.59,0.0,2026-08-15,12,Saturday,10-20 km
O00678,C0075,R017,D113,Bengaluru,2026-08-28 13:48:00,2026-08-28 14:43:05.777129,2026-08-28 14:21:34.657910,2026-08-28 14:55:15.036102,delivered,6.24,high,clear,D113,D113,2026-08-28 13:56:29.380596,,2026-08-28 14:06:00,2026-08-28 14:55:00.548142,completed,eta-v3.1,False,D113,2026-08-28 13:56:29.380596,2026-08-28 14:55:15.036102,2026-08-28 14:21:34.657910,3,,,True,True,12.15,1.0,1.0,delivered_late,2026-08-28 14:55:15.036102,False,12.15,8.49,25.09,33.67,67.25,55.1,18.0,37.1,15.58,-3.43,11.91,2026-08-28,13,Friday,6-10 km
O00679,C0448,R007,D048,Bengaluru,2026-08-09 12:22:00,2026-08-09 13:37:36.000000,2026-08-09 12:45:29.036565,2026-08-09 13:37:09.813470,delivered,18.0,medium,clear,D108,D048,2026-08-09 12:23:30.672154,2026-08-09 12:29:36.465808,2026-08-09 12:40:00,2026-08-09 13:42:34.954845,completed,eta-v3.1,True,D108,2026-08-09 12:23:30.672154,2026-08-09 13:37:09.813470,2026-08-09 12:45:29.036565,3,RG-03;CX-01;CX-03,,True,True,-0.44,0.0,0.0,delivered_on_time,2026-08-09 13:37:09.813470,False,-0.44,1.51,21.97,51.68,75.16,75.6,18.0,57.6,5.48,-5.92,4.98,2026-08-09,12,Sunday,10-20 km
O00680,C0672,R054,D050,Bengaluru,2026-08-22 20:13:00,2026-08-22 21:34:36.000000,2026-08-22 20:29:09.376993,2026-08-22 21:28:36.747943,delivered,18.0,medium,heavy_rain,D050,D050,2026-08-22 20:18:44.276497,,2026-08-22 20:31:00,2026-08-22 21:50:36.000000,completed,eta-v3.1,False,D050,2026-08-22 20:18:44.276497,2026-08-22 21:28:36.747943,2026-08-22 20:29:09.376993,2,,,True,True,-5.99,0.0,0.0,delivered_on_time,2026-08-22 21:28:36.747943,False,-5.99,5.74,10.42,59.46,75.61,81.6,18.0,63.6,-1.84,-4.14,16.0,2026-08-22,20,Saturday,10-20 km
O00681,C0375,R011,D064,Bengaluru,2026-08-21 13:08:00,2026-08-21 14:18:38.536581,2026-08-21 13:34:46.665969,2026-08-21 14:19:39.550357,delivered,15.64,medium,clear,D064,D064,2026-08-21 13:08:58.005014,,2026-08-21 13:26:00,2026-08-21 14:22:38.536581,completed,eta-v3.2,False,D064,2026-08-21 13:08:58.005014,2026-08-21 14:19:39.550357,2026-08-21 13:34:46.665969,2,,,True,True,1.02,1.0,0.0,delivered_late,2026-08-21 14:19:39.550357,False,1.02,0.97,25.81,44.88,71.66,70.64,18.0,52.64,8.78,-7.76,4.0,2026-08-21,13,Friday,10-20 km
O00682,C0579,R011,D070,Bengaluru,2026-08-11 19:06:00,2026-08-11 20:18:48.000000,2026-08-11 19:37:29.401030,2026-08-11 20:28:08.675678,delivered,18.0,low,clear,D070,D070,2026-08-11 19:11:56.399533,,2026-08-11 19:24:00,2026-08-11 20:18:48.000000,completed,eta-v3.2,False,D070,2026-08-11 19:11:56.399533,2026-08-11 20:28:08.675678,2026-08-11 19:37:29.401030,5,,,True,True,9.34,1.0,0.0,delivered_late,2026-08-11 20:28:08.675678,False,9.34,5.94,25.55,50.65,82.14,72.8,18.0,54.8,13.49,-4.15,0.0,2026-08-11,19,Tuesday,10-20 km
O00683,C0612,R003,D079,Bengaluru,2026-08-10 11:59:00,2026-08-10 13:18:48.000000,2026-08-10 12:13:15.329628,2026-08-10 13:07:59.666191,delivered,18.0,high,clear,D079,D079,2026-08-10 12:02:50.735161,,2026-08-10 12:17:00,2026-08-10 13:29:50.143938,completed,eta-v3.2,False,D079,2026-08-10 12:02:50.735161,2026-08-10 13:07:59.666191,2026-08-10 12:13:15.329628,3,,,True,True,-10.81,0.0,0.0,delivered_on_time,2026-08-10 13:07:59.666191,False,-10.81,3.85,10.41,54.74,68.99,79.8,18.0,61.8,-3.74,-7.06,11.04,2026-08-10,11,Monday,10-20 km
O00684,C0331,R002,D043,Bengaluru,2026-08-23 22:12:00,2026-08-23 23:26:50.748754,2026-08-23 22:39:16.388994,2026-08-23 23:38:55.550446,delivered,12.97,severe,clear,D043,D043,2026-08-23 22:18:19.808599,,2026-08-23 22:30:00,2026-08-23 23:51:45.653311,completed,eta-v3.1,False,D043,2026-08-23 22:18:19.808599,2026-08-23 23:38:55.550446,2026-08-23 22:39:16.388994,5,,,True,True,12.08,1.0,1.0,delivered_late,2026-08-23 23:38:55.550446,False,12.08,6.33,20.94,59.65,86.93,74.85,18.0,56.85,9.27,2.8,24.92,2026-08-23,22,Sunday,10-20 km
O00685,C0447,R052,D010,Bengaluru,2026-08-10 12:15:00,2026-08-10 13:13:49.086225,2026-08-10 12:52:13.935651,2026-08-10 13:28:27.437930,delivered,8.01,high,clear,D022,D010,2026-08-10 12:20:21.792777,2026-08-10 12:24:46.571760,2026-08-10 12:33:00,2026-08-10 13:26:26.564364,completed,eta-v3.2,True,D022,2026-08-10 12:20:21.792777,2026-08-10 13:28:27.437930,2026-08-10 12:52:13.935651,5,CX-01;CX-03,,True,True,14.64,1.0,1.0,delivered_late,2026-08-10 13:28:27.437930,False,14.64,5.36,31.87,36.23,73.46,58.82,18.0,40.82,19.23,-4.59,12.62,2026-08-10,12,Monday,6-10 km
O00686,C0704,R003,D076,Bengaluru,2026-08-25 22:24:00,2026-08-25 23:36:48.000000,2026-08-25 23:09:31.990446,2026-08-25 23:53:06.895848,delivered,18.0,low,clear,D076,D076,2026-08-25 22:24:04.315670,,2026-08-25 22:42:00,2026-08-25 23:44:19.815508,completed,eta-v3.2,False,D076,2026-08-25 22:24:04.315670,2026-08-25 23:53:06.895848,2026-08-25 23:09:31.990446,4,,,True,True,16.31,1.0,1.0,delivered_late,2026-08-25 23:53:06.895848,False,16.31,0.07,45.46,43.58,89.11,72.8,18.0,54.8,27.53,-11.22,7.53,2026-08-25,22,Tuesday,10-20 km
O00687,C0150,R023,D068,Bengaluru,2026-08-20 13:15:00,2026-08-20 14:30:36.000000,2026-08-20 13:33:27.207494,2026-08-20 14:26:24.003040,delivered,18.0,medium,clear,D068,D068,2026-08-20 13:24:18.056414,,2026-08-20 13:33:00,2026-08-20 14:34:36.000000,completed,eta-v3.1,False,D068,2026-08-20 13:24:18.056414,2026-08-20 14:26:24.003040,2026-08-20 13:33:27.207494,2,,,True,True,-4.2,0.0,0.0,delivered_on_time,2026-08-20 14:26:24.003040,False,-4.2,9.3,9.15,52.95,71.4,75.6,18.0,57.6,0.45,-4.65,4.0,2026-08-20,13,Thursday,10-20 km
O00688,C0221,R057,D062,Bengaluru,2026-08-11 17:11:00,2026-08-11 18:04:19.003665,2026-08-11 17:36:27.340829,,cancelled,7.39,medium,clear,D062,D062,2026-08-11 17:11:59.565265,,2026-08-11 17:29:00,2026-08-11 18:08:22.026855,cancelled,eta-v3.2,False,D062,2026-08-11 17:11:59.565265,,,0,,,False,False,,,,cancelled,,False,,0.99,24.46,,,53.32,18.0,35.32,7.46,,4.05,2026-08-11,17,Tuesday,6-10 km
O00689,C0876,R031,D117,Bengaluru,2026-08-06 13:43:00,2026-08-06 14:58:36.000000,2026-08-06 14:11:48.303196,2026-08-06 15:03:40.794540,delivered,18.0,medium,clear,D117,D117,2026-08-06 13:43:29.490085,,2026-08-06 14:01:00,2026-08-06 15:02:36.000000,completed,eta-v3.1,False,D117,2026-08-06 13:43:29.490085,2026-08-06 15:03:40.794540,2026-08-06 14:11:48.303196,3,,,True,True,5.08,1.0,0.0,delivered_late,2026-08-06 15:03:40.794540,False,5.08,0.49,28.31,51.87,80.68,75.6,18.0,57.6,10.81,-5.73,4.0,2026-08-06,13,Thursday,10-20 km
O00690,C0667,R041,D112,Bengaluru,2026-08-16 19:42:00,2026-08-16 20:50:05.375812,2026-08-16 19:52:41.707133,2026-08-16 20:34:57.537609,delivered,14.42,medium,clear,D112,D112,2026-08-16 19:42:42.424589,,2026-08-16 20:00:00,2026-08-16 20:54:05.375812,completed,eta-v3.2,False,D112,2026-08-16 19:42:42.424589,2026-08-16 20:34:57.537609,2026-08-16 19:52:41.707133,5,,,True,True,-15.13,0.0,0.0,delivered_on_time,2026-08-16 20:34:57.537609,False,-15.13,0.71,9.99,42.26,52.96,68.09,18.0,50.09,-7.3,-7.83,4.0,2026-08-16,19,Sunday,10-20 km
O00691,C0153,R005,D047,Bengaluru,2026-08-14 18:24:00,2026-08-14 19:43:48.000000,2026-08-14 19:00:37.857673,2026-08-14 19:57:00.665974,delivered,18.0,high,clear,D047,D047,2026-08-14 18:26:27.117200,,2026-08-14 18:42:00,2026-08-14 20:02:47.111398,completed,eta-v3.2,False,D047,2026-08-14 18:26:27.117200,2026-08-14 19:57:00.665974,2026-08-14 19:00:37.857673,5,,,True,True,13.21,1.0,1.0,delivered_late,2026-08-14 19:57:00.665974,False,13.21,2.45,34.18,56.38,93.01,79.8,18.0,61.8,18.63,-5.42,18.99,2026-08-14,18,Friday,10-20 km
O00692,C0838,R050,D075,Bengaluru,2026-08-22 17:27:00,2026-08-22 18:24:35.950824,2026-08-22 17:56:32.417163,2026-08-22 18:34:26.876100,delivered,9.43,medium,clear,D042,D075,2026-08-22 17:31:41.513256,2026-08-22 17:35:46.540262,2026-08-22 17:45:00,2026-08-22 18:30:28.031767,completed,eta-v3.1,True,D042,2026-08-22 17:31:41.513256,2026-08-22 18:34:26.876100,2026-08-22 17:56:32.417163,4,CX-01;CX-03,,True,True,9.85,1.0,0.0,delivered_late,2026-08-22 18:34:26.876100,False,9.85,4.69,24.85,37.91,67.45,57.6,18.0,39.6,11.54,-1.69,5.87,2026-08-22,17,Saturday,6-10 km
O00693,C0492,R060,D042,Bengaluru,2026-08-18 12:46:00,2026-08-18 13:40:24.287274,2026-08-18 13:06:58.692694,2026-08-18 13:26:09.934731,delivered,9.24,low,clear,D042,D042,2026-08-18 12:49:39.326999,,2026-08-18 13:04:00,2026-08-18 13:40:24.287274,completed,eta-v3.2,False,D042,2026-08-18 12:49:39.326999,2026-08-18 13:26:09.934731,2026-08-18 13:06:58.692694,4,,,True,True,-14.24,0.0,0.0,delivered_on_time,2026-08-18 13:26:09.934731,False,-14.24,3.66,17.32,19.19,40.17,54.4,18.0,36.4,2.98,-17.21,0.0,2026-08-18,12,Tuesday,6-10 km
O00694,C0853,R042,D087,Bengaluru,2026-08-04 17:46:00,2026-08-04 19:01:18.000000,2026-08-04 18:09:50.774006,,cancelled,18.0,low,rain,D087,D087,2026-08-04 17:46:28.546827,,2026-08-04 18:04:00,2026-08-04 19:08:05.993524,cancelled,eta-v3.2,False,D087,2026-08-04 17:46:28.546827,,,0,,,False,False,,,,cancelled,,False,,0.48,23.37,,,75.3,18.0,57.3,5.85,,6.8,2026-08-04,17,Tuesday,10-20 km
O00695,C0311,R023,D027,Bengaluru,2026-08-24 19:56:00,2026-08-24 21:11:18.000000,2026-08-24 20:22:31.035411,2026-08-24 21:12:29.234492,delivered,18.0,low,rain,D027,D027,2026-08-24 19:56:01.933641,,2026-08-24 20:14:00,2026-08-24 21:16:18.000000,completed,eta-v3.1,False,D027,2026-08-24 19:56:01.933641,2026-08-24 21:12:29.234492,2026-08-24 20:22:31.035411,2,,,True,True,1.19,1.0,0.0,delivered_late,2026-08-24 21:12:29.234492,False,1.19,0.03,26.49,49.97,76.49,75.3,18.0,57.3,8.52,-7.33,5.0,2026-08-24,19,Monday,10-20 km
O00696,C0898,R058,D048,Bengaluru,2026-08-25 22:17:00,2026-08-25 23:36:48.000000,2026-08-25 22:44:15.228122,2026-08-25 23:39:04.674316,delivered,18.0,high,clear,D048,D048,2026-08-25 22:18:52.918356,,2026-08-25 22:35:00,2026-08-25 23:47:28.200956,completed,eta-v3.2,False,D048,2026-08-25 22:18:52.918356,2026-08-25 23:39:04.674316,2026-08-25 22:44:15.228122,3,,,True,True,2.28,1.0,0.0,delivered_late,2026-08-25 23:39:04.674316,False,2.28,1.88,25.37,54.82,82.08,79.8,18.0,61.8,9.25,-6.98,10.67,2026-08-25,22,Tuesday,10-20 km
O00697,C0865,R049,D032,Bengaluru,2026-08-09 18:50:00,2026-08-09 19:51:56.021285,2026-08-09 19:15:45.697428,2026-08-09 19:54:57.574359,delivered,6.83,severe,clear,D032,D032,2026-08-09 18:52:32.876392,,2026-08-09 19:08:00,2026-08-09 20:10:13.666025,completed,eta-v3.2,False,D032,2026-08-09 18:52:32.876392,2026-08-09 19:54:57.574359,2026-08-09 19:15:45.697428,4,,,True,True,3.03,1.0,0.0,delivered_late,2026-08-09 19:54:57.574359,False,3.03,2.55,23.21,39.2,64.96,61.93,18.0,43.93,7.76,-4.73,18.29,2026-08-09,18,Sunday,6-10 km
O00698,C0480,R005,D044,Bengaluru,2026-08-11 17:28:00,2026-08-11 18:43:18.000000,2026-08-11 17:59:34.552606,2026-08-11 18:50:49.771908,delivered,18.0,low,rain,D044,D044,2026-08-11 17:28:27.438001,,2026-08-11 17:46:00,2026-08-11 18:49:57.706183,completed,eta-v3.1,False,D044,2026-08-11 17:28:27.438001,2026-08-11 18:50:49.771908,2026-08-11 17:59:34.552606,4,,,True,True,7.53,1.0,0.0,delivered_late,2026-08-11 18:50:49.771908,False,7.53,0.46,31.12,51.25,82.83,75.3,18.0,57.3,13.58,-6.05,6.66,2026-08-11,17,Tuesday,10-20 km
O00699,C0805,R022,D064,Bengaluru,2026-08-25 16:43:00,2026-08-25 17:42:46.708511,2026-08-25 16:58:22.952223,2026-08-25 17:24:42.021807,delivered,10.47,medium,clear,D064,D064,2026-08-25 16:43:15.343895,,2026-08-25 17:01:00,2026-08-25 17:46:46.708511,completed,eta-v3.2,False,D064,2026-08-25 16:43:15.343895,2026-08-25 17:24:42.021807,2026-08-25 16:58:22.952223,5,,,True,True,-18.08,0.0,0.0,delivered_on_time,2026-08-25 17:24:42.021807,False,-18.08,0.26,15.13,26.32,41.7,59.78,18.0,41.78,-2.62,-15.46,4.0,2026-08-25,16,Tuesday,10-20 km
O00700,C0750,R020,D096,Bengaluru,2026-08-04 12:13:00,2026-08-04 13:16:28.765091,2026-08-04 12:35:55.247931,2026-08-04 13:12:55.297232,delivered,13.56,low,clear,D096,D096,2026-08-04 12:15:09.737203,,2026-08-04 12:31:00,2026-08-04 13:16:28.765091,completed,eta-v3.2,False,D096,2026-08-04 12:15:09.737203,2026-08-04 13:12:55.297232,2026-08-04 12:35:55.247931,3,,,True,True,-3.56,0.0,0.0,delivered_on_time,2026-08-04 13:12:55.297232,False,-3.56,2.16,20.76,37.0,59.92,63.48,18.0,45.48,4.92,-8.48,0.0,2026-08-04,12,Tuesday,10-20 km
O00701,C0049,R042,D043,Bengaluru,2026-08-12 19:42:00,2026-08-12 21:07:48.000000,2026-08-12 20:23:35.033457,2026-08-12 21:31:05.478888,delivered,18.0,high,heavy_rain,D043,D043,2026-08-12 19:49:03.426805,,2026-08-12 20:00:00,2026-08-12 21:32:10.885889,completed,eta-v3.2,False,D043,2026-08-12 19:49:03.426805,2026-08-12 21:31:05.478888,2026-08-12 20:23:35.033457,4,,,True,True,23.29,1.0,1.0,delivered_late,2026-08-12 21:31:05.478888,False,23.29,7.06,34.53,67.51,109.09,85.8,18.0,67.8,23.58,-0.29,24.38,2026-08-12,19,Wednesday,10-20 km
O00702,C0532,R045,D097,Bengaluru,2026-08-10 11:53:00,2026-08-10 13:08:36.000000,2026-08-10 12:18:36.564459,2026-08-10 13:06:59.951589,delivered,18.0,medium,clear,D097,D097,2026-08-10 11:54:04.603331,,2026-08-10 12:11:00,2026-08-10 13:12:50.534693,completed,eta-v3.2,False,D097,2026-08-10 11:54:04.603331,2026-08-10 13:06:59.951589,2026-08-10 12:18:36.564459,2,CX-03,,True,True,-1.6,0.0,0.0,delivered_on_time,2026-08-10 13:06:59.951589,False,-1.6,1.08,24.53,48.39,74.0,75.6,18.0,57.6,7.61,-9.21,4.24,2026-08-10,11,Monday,10-20 km
O00703,C0740,R044,D056,Bengaluru,2026-08-20 18:05:00,2026-08-20 19:02:43.236342,2026-08-20 18:29:23.014769,2026-08-20 19:03:25.516936,delivered,9.49,medium,clear,D056,D056,2026-08-20 18:07:02.904981,,2026-08-20 18:23:00,2026-08-20 19:08:51.241523,completed,eta-v3.1,False,D056,2026-08-20 18:07:02.904981,2026-08-20 19:03:25.516936,2026-08-20 18:29:23.014769,2,,,True,True,0.7,1.0,0.0,delivered_late,2026-08-20 19:03:25.516936,False,0.7,2.05,22.34,34.04,58.43,57.72,18.0,39.72,6.38,-5.68,6.13,2026-08-20,18,Thursday,6-10 km
O00704,C0167,R007,D010,Bengaluru,2026-08-21 17:32:00,2026-08-21 18:54:18.000000,2026-08-21 17:56:09.637684,2026-08-21 18:58:35.354887,delivered,18.0,high,rain,D010,D010,2026-08-21 17:38:03.352900,,2026-08-21 17:50:00,2026-08-21 19:09:18.000000,completed,eta-v3.1,False,D010,2026-08-21 17:38:03.352900,2026-08-21 18:58:35.354887,2026-08-21 17:56:09.637684,4,RG-03,,True,True,4.29,1.0,0.0,delivered_late,2026-08-21 18:58:35.354887,False,4.29,6.06,18.1,62.43,86.59,82.3,18.0,64.3,6.16,-1.87,15.0,2026-08-21,17,Friday,10-20 km
O00705,C0359,R051,D063,Bengaluru,2026-08-22 19:15:00,2026-08-22 20:22:03.744202,2026-08-22 19:44:59.282527,2026-08-22 20:28:49.296173,delivered,9.08,high,heavy_rain,D063,D063,2026-08-22 19:19:34.873773,,2026-08-22 19:33:00,2026-08-22 20:46:53.914442,completed,eta-v3.1,False,D063,2026-08-22 19:19:34.873773,2026-08-22 20:28:49.296173,2026-08-22 19:44:59.282527,2,,,True,True,6.76,1.0,0.0,delivered_late,2026-08-22 20:28:49.296173,False,6.76,4.58,25.41,43.83,73.82,67.06,18.0,49.06,11.99,-5.23,24.84,2026-08-22,19,Saturday,6-10 km
O00706,C0855,R035,D020,Bengaluru,2026-08-22 17:33:00,2026-08-22 18:49:47.434100,2026-08-22 18:18:39.429252,2026-08-22 19:19:23.063748,delivered,12.71,severe,rain,D020,D020,2026-08-22 17:33:11.206653,,2026-08-22 17:51:00,2026-08-22 19:18:19.576209,completed,eta-v3.1,False,D020,2026-08-22 17:33:11.206653,2026-08-22 19:19:23.063748,2026-08-22 18:18:39.429252,2,,,True,True,29.59,1.0,1.0,delivered_late,2026-08-22 19:19:23.063748,False,29.59,0.19,45.47,60.73,106.38,76.79,18.0,58.79,27.66,1.94,28.54,2026-08-22,17,Saturday,10-20 km
O00707,C0182,R007,D070,Bengaluru,2026-08-27 20:02:00,2026-08-27 21:17:36.000000,2026-08-27 20:21:21.869699,2026-08-27 21:08:44.825761,delivered,18.0,medium,clear,D070,D070,2026-08-27 20:04:18.545338,,2026-08-27 20:20:00,2026-08-27 21:21:36.000000,completed,eta-v3.2,False,D070,2026-08-27 20:04:18.545338,2026-08-27 21:08:44.825761,2026-08-27 20:21:21.869699,2,RG-03,,True,True,-8.85,0.0,0.0,delivered_on_time,2026-08-27 21:08:44.825761,False,-8.85,2.31,17.06,47.38,66.75,75.6,18.0,57.6,1.36,-10.22,4.0,2026-08-27,20,Thursday,10-20 km
O00708,C0722,R034,D120,Bengaluru,2026-08-22 17:58:00,2026-08-22 19:13:36.000000,2026-08-22 18:13:41.034742,2026-08-22 19:04:12.618710,delivered,18.0,medium,clear,D120,D120,2026-08-22 18:00:15.738080,,2026-08-22 18:16:00,2026-08-22 19:17:36.706817,completed,eta-v3.1,False,D120,2026-08-22 18:00:15.738080,2026-08-22 19:04:12.618710,2026-08-22 18:13:41.034742,4,,,True,True,-9.39,0.0,0.0,delivered_on_time,2026-08-22 19:04:12.618710,False,-9.39,2.26,13.42,50.53,66.21,75.6,18.0,57.6,-2.32,-7.07,4.01,2026-08-22,17,Saturday,10-20 km
O00709,C0221,R025,D080,Bengaluru,2026-08-19 15:02:00,2026-08-19 16:03:57.835297,2026-08-19 15:23:15.044873,2026-08-19 15:56:54.354474,delivered,9.51,high,clear,D080,D080,2026-08-19 15:07:18.047044,,2026-08-19 15:20:00,2026-08-19 16:13:57.835297,completed,eta-v3.1,False,D080,2026-08-19 15:07:18.047044,2026-08-19 15:56:54.354474,2026-08-19 15:23:15.044873,4,,,True,True,-7.06,0.0,0.0,delivered_on_time,2026-08-19 15:56:54.354474,False,-7.06,5.3,15.95,33.66,54.91,61.96,18.0,43.96,3.25,-10.3,10.0,2026-08-19,15,Wednesday,6-10 km
O00710,C0075,R024,D110,Bengaluru,2026-08-23 13:38:00,2026-08-23 14:50:46.665400,2026-08-23 14:21:38.892885,2026-08-23 15:10:51.738795,delivered,16.66,medium,clear,D110,D110,2026-08-23 13:39:40.361876,,2026-08-23 13:56:00,2026-08-23 14:58:46.417252,completed,eta-v3.2,False,D110,2026-08-23 13:39:40.361876,2026-08-23 15:10:51.738795,2026-08-23 14:21:38.892885,3,,,True,True,20.08,1.0,1.0,delivered_late,2026-08-23 15:10:51.738795,False,20.08,1.67,41.98,49.21,92.86,72.78,18.0,54.78,25.65,-5.57,8.0,2026-08-23,13,Sunday,10-20 km
O00711,C0786,R055,D001,Bengaluru,2026-08-17 16:23:00,2026-08-17 17:41:06.000000,2026-08-17 16:41:33.445791,2026-08-17 17:44:49.825297,delivered,18.0,medium,rain,D001,D001,2026-08-17 16:25:27.642973,,2026-08-17 16:41:00,2026-08-17 17:50:49.304468,completed,eta-v3.1,False,D001,2026-08-17 16:25:27.642973,2026-08-17 17:44:49.825297,2026-08-17 16:41:33.445791,4,,,True,True,3.73,1.0,0.0,delivered_late,2026-08-17 17:44:49.825297,False,3.73,2.46,16.1,63.27,81.83,78.1,18.0,60.1,0.56,3.17,9.72,2026-08-17,16,Monday,10-20 km
O00712,C0266,R053,D108,Bengaluru,2026-08-04 19:22:00,2026-08-04 20:37:36.000000,2026-08-04 19:53:25.449060,2026-08-04 20:43:35.540849,delivered,18.0,medium,clear,D108,D108,2026-08-04 19:27:05.152210,,2026-08-04 19:40:00,2026-08-04 20:41:36.000000,completed,eta-v3.1,False,D108,2026-08-04 19:27:05.152210,2026-08-04 20:43:35.540849,2026-08-04 19:53:25.449060,2,,,True,True,5.99,1.0,0.0,delivered_late,2026-08-04 20:43:35.540849,False,5.99,5.09,26.34,50.17,81.59,75.6,18.0,57.6,13.42,-7.43,4.0,2026-08-04,19,Tuesday,10-20 km
O00713,C0860,R032,D100,Bengaluru,2026-08-11 18:17:00,2026-08-11 19:30:02.075895,2026-08-11 18:30:44.673610,2026-08-11 19:18:07.358062,delivered,16.78,medium,clear,D100,D100,2026-08-11 18:26:30.761085,,2026-08-11 18:35:00,2026-08-11 19:34:02.075895,completed,eta-v3.1,False,D100,2026-08-11 18:26:30.761085,2026-08-11 19:18:07.358062,2026-08-11 18:30:44.673610,3,,,True,True,-11.91,0.0,0.0,delivered_on_time,2026-08-11 19:18:07.358062,False,-11.91,9.51,4.23,47.38,61.12,73.03,18.0,55.03,-4.26,-7.65,4.0,2026-08-11,18,Tuesday,10-20 km
O00714,C0373,R060,D101,Bengaluru,2026-08-23 19:11:00,2026-08-23 20:01:28.359327,2026-08-23 19:32:28.589612,2026-08-23 19:51:50.052904,delivered,7.37,low,clear,D101,D101,2026-08-23 19:16:32.451467,,2026-08-23 19:29:00,2026-08-23 20:01:28.359327,completed,eta-v3.2,False,D101,2026-08-23 19:16:32.451467,2026-08-23 19:51:50.052904,2026-08-23 19:32:28.589612,3,,,True,True,-9.64,0.0,0.0,delivered_on_time,2026-08-23 19:51:50.052904,False,-9.64,5.54,15.94,19.36,40.83,50.47,18.0,32.47,3.48,-13.11,0.0,2026-08-23,19,Sunday,6-10 km
O00715,C0215,R040,D005,Bengaluru,2026-08-04 18:50:00,2026-08-04 20:05:18.000000,2026-08-04 19:37:49.890100,2026-08-04 20:23:23.526089,delivered,18.0,low,rain,D005,D005,2026-08-04 18:50:33.500883,,2026-08-04 19:08:00,2026-08-04 20:18:03.917375,completed,eta-v3.2,False,D005,2026-08-04 18:50:33.500883,2026-08-04 20:23:23.526089,2026-08-04 19:37:49.890100,2,,,True,True,18.09,1.0,1.0,delivered_late,2026-08-04 20:23:23.526089,False,18.09,0.56,47.27,45.56,93.39,75.3,18.0,57.3,29.83,-11.74,12.77,2026-08-04,18,Tuesday,10-20 km
O00716,C0604,R010,D050,Bengaluru,2026-08-04 20:28:00,2026-08-04 21:24:26.207942,2026-08-04 20:49:28.613577,,delivered,6.87,high,clear,D050,D050,2026-08-04 20:36:30.996233,,2026-08-04 20:46:00,2026-08-04 21:34:26.207942,completed,eta-v3.2,False,D050,2026-08-04 20:36:30.996233,2026-08-04 21:22:20.020393,2026-08-04 20:49:28.613577,3,TS-04,TS-04,True,False,,,,unknown_missing_timestamp,2026-08-04 21:22:20.020393,True,-2.1,8.52,12.96,,,56.44,18.0,38.44,3.48,,10.0,2026-08-04,20,Tuesday,6-10 km
O00717,C0407,R034,D110,Bengaluru,2026-08-21 16:55:00,2026-08-21 17:57:25.091415,2026-08-21 17:16:08.715359,2026-08-21 17:54:36.109108,delivered,11.72,medium,clear,D110,D110,2026-08-21 16:55:01.964320,,2026-08-21 17:13:00,2026-08-21 18:01:25.091415,completed,eta-v3.1,False,D110,2026-08-21 16:55:01.964320,2026-08-21 17:54:36.109108,2026-08-21 17:16:08.715359,4,,,True,True,-2.82,0.0,0.0,delivered_on_time,2026-08-21 17:54:36.109108,False,-2.82,0.03,21.11,38.46,59.6,62.42,18.0,44.42,3.15,-5.96,4.0,2026-08-21,16,Friday,10-20 km
O00718,C0225,R050,D011,Bengaluru,2026-08-25 17:19:00,2026-08-25 18:25:28.563290,2026-08-25 17:33:47.477896,2026-08-25 18:17:24.831645,delivered,13.8,low,rain,D011,D011,2026-08-25 17:21:14.689878,,2026-08-25 17:37:00,2026-08-25 18:32:02.041008,completed,eta-v3.1,False,D011,2026-08-25 17:21:14.689878,2026-08-25 18:17:24.831645,2026-08-25 17:33:47.477896,4,,,True,True,-8.06,0.0,0.0,delivered_on_time,2026-08-25 18:17:24.831645,False,-8.06,2.24,12.55,43.62,58.41,66.48,18.0,48.48,-3.21,-4.86,6.56,2026-08-25,17,Tuesday,10-20 km
O00719,C0365,R027,D019,Bengaluru,2026-08-20 14:43:00,2026-08-20 15:55:48.000000,2026-08-20 15:01:09.657647,2026-08-20 15:52:39.429944,delivered,18.0,low,clear,D019,D019,2026-08-20 14:48:59.441224,,2026-08-20 15:01:00,2026-08-20 15:55:48.000000,completed,eta-v3.2,False,D019,2026-08-20 14:48:59.441224,2026-08-20 15:52:39.429944,2026-08-20 15:01:09.657647,5,,,True,True,-3.14,0.0,0.0,delivered_on_time,2026-08-20 15:52:39.429944,False,-3.14,5.99,12.17,51.5,69.66,72.8,18.0,54.8,0.16,-3.3,0.0,2026-08-20,14,Thursday,10-20 km
O00720,C0402,R017,D083,Bengaluru,2026-08-10 17:19:00,2026-08-10 18:24:33.153874,2026-08-10 17:42:04.369516,2026-08-10 18:20:47.303443,delivered,13.22,medium,clear,D083,D083,2026-08-10 17:25:57.081545,,2026-08-10 17:37:00,2026-08-10 18:29:11.033553,completed,eta-v3.2,False,D083,2026-08-10 17:25:57.081545,2026-08-10 18:20:47.303443,2026-08-10 17:42:04.369516,5,,,True,True,-3.76,0.0,0.0,delivered_on_time,2026-08-10 18:20:47.303443,False,-3.76,6.95,16.12,38.72,61.79,65.55,18.0,47.55,5.07,-8.83,4.63,2026-08-10,17,Monday,10-20 km
O00721,C0346,R045,D051,Bengaluru,2026-08-23 14:42:00,2026-08-23 15:49:03.249046,2026-08-23 15:06:55.328935,2026-08-23 15:49:11.461488,delivered,11.93,high,clear,D051,D051,2026-08-23 14:43:21.193895,,2026-08-23 15:00:00,2026-08-23 15:59:03.249046,completed,eta-v3.1,False,D051,2026-08-23 14:43:21.193895,2026-08-23 15:49:11.461488,2026-08-23 15:06:55.328935,5,,,True,True,0.14,1.0,0.0,delivered_late,2026-08-23 15:49:11.461488,False,0.14,1.35,23.57,42.27,67.19,67.05,18.0,49.05,6.92,-6.78,10.0,2026-08-23,14,Sunday,10-20 km
O00722,C0351,R026,D117,Bengaluru,2026-08-24 19:02:00,2026-08-24 20:07:17.182992,2026-08-24 19:10:36.789006,2026-08-24 19:50:47.388114,delivered,11.09,high,clear,D117,D117,2026-08-24 19:02:44.358647,,2026-08-24 19:20:00,2026-08-24 20:17:17.182992,completed,eta-v3.1,False,D117,2026-08-24 19:02:44.358647,2026-08-24 19:50:47.388114,2026-08-24 19:10:36.789006,4,FR-01,,True,True,-16.5,0.0,0.0,delivered_on_time,2026-08-24 19:50:47.388114,False,-16.5,0.74,7.87,40.18,48.79,65.29,18.0,47.29,-9.39,-7.11,10.0,2026-08-24,19,Monday,10-20 km
O00723,C0467,R028,D068,Bengaluru,2026-08-05 21:04:00,2026-08-05 22:19:36.000000,2026-08-05 21:15:24.433874,2026-08-05 22:04:30.928322,delivered,18.0,medium,clear,D068,D068,2026-08-05 21:05:21.209170,,2026-08-05 21:22:00,2026-08-05 22:23:45.768101,completed,eta-v3.1,False,D068,2026-08-05 21:05:21.209170,2026-08-05 22:04:30.928322,2026-08-05 21:15:24.433874,4,,,True,True,-15.08,0.0,0.0,delivered_on_time,2026-08-05 22:04:30.928322,False,-15.08,1.35,10.05,49.11,60.52,75.6,18.0,57.6,-6.59,-8.49,4.16,2026-08-05,21,Wednesday,10-20 km
O00724,C0188,R054,D026,Bengaluru,2026-08-10 19:08:00,2026-08-10 20:27:48.000000,2026-08-10 19:28:49.217409,2026-08-10 20:23:28.350600,delivered,18.0,high,clear,D026,D026,2026-08-10 19:15:16.697340,,2026-08-10 19:26:00,2026-08-10 20:37:48.000000,completed,eta-v3.2,False,D026,2026-08-10 19:15:16.697340,2026-08-10 20:23:28.350600,2026-08-10 19:28:49.217409,3,,,True,True,-4.33,0.0,0.0,delivered_on_time,2026-08-10 20:23:28.350600,False,-4.33,7.28,13.54,54.65,75.47,79.8,18.0,61.8,2.82,-7.15,10.0,2026-08-10,19,Monday,10-20 km
O00725,C0812,R041,D087,Bengaluru,2026-08-11 14:45:00,2026-08-11 16:00:36.000000,2026-08-11 15:12:02.616646,2026-08-11 16:06:04.781484,delivered,18.0,medium,clear,D087,D087,2026-08-11 14:47:57.386390,,2026-08-11 15:03:00,2026-08-11 16:04:36.000000,completed,eta-v3.1,False,D087,2026-08-11 14:47:57.386390,2026-08-11 16:06:04.781484,2026-08-11 15:12:02.616646,2,,,True,True,5.48,1.0,0.0,delivered_late,2026-08-11 16:06:04.781484,False,5.48,2.96,24.09,54.04,81.08,75.6,18.0,57.6,9.04,-3.56,4.0,2026-08-11,14,Tuesday,10-20 km
O00726,C0638,R004,D108,Bengaluru,2026-08-01 18:02:00,2026-08-01 19:13:15.838996,2026-08-01 18:43:08.770732,2026-08-01 19:36:09.046726,delivered,10.08,severe,rain,D108,D108,2026-08-01 18:03:10.011284,,2026-08-01 18:20:00,2026-08-01 19:36:15.838996,completed,eta-v3.1,False,D108,2026-08-01 18:03:10.011284,2026-08-01 19:36:09.046726,2026-08-01 18:43:08.770732,2,,,True,True,22.89,1.0,1.0,delivered_late,2026-08-01 19:36:09.046726,False,22.89,1.17,39.98,53.0,94.15,71.26,18.0,53.26,23.15,-0.26,23.0,2026-08-01,18,Saturday,10-20 km
O00727,C0435,R020,D097,Bengaluru,2026-08-28 21:36:00,2026-08-28 23:01:24.000000,2026-08-28 21:57:15.880817,2026-08-28 22:58:08.128808,delivered,18.0,severe,clear,D097,D097,2026-08-28 21:36:36.792624,,2026-08-28 21:54:00,2026-08-28 23:19:24.000000,completed,eta-v3.2,False,D097,2026-08-28 21:36:36.792624,2026-08-28 22:58:08.128808,2026-08-28 21:57:15.880817,3,,,True,True,-3.26,0.0,0.0,delivered_on_time,2026-08-28 22:58:08.128808,False,-3.26,0.61,20.65,60.87,82.14,85.4,18.0,67.4,3.26,-6.53,18.0,2026-08-28,21,Friday,10-20 km
O00728,C0557,R024,D063,Bengaluru,2026-08-11 18:49:00,2026-08-11 20:08:27.108654,2026-08-11 19:21:46.086787,,cancelled,16.64,high,rain,D063,D063,2026-08-11 18:50:58.161584,,2026-08-11 19:07:00,2026-08-11 20:24:21.869087,cancelled,eta-v3.1,False,D063,2026-08-11 18:50:58.161584,,,0,,,False,False,,,,cancelled,,False,,1.97,30.8,,,79.45,18.0,61.45,14.77,,15.91,2026-08-11,18,Tuesday,10-20 km
O00729,C0448,R031,D089,Bengaluru,2026-08-01 14:27:00,2026-08-01 15:37:36.925134,2026-08-01 14:46:39.635948,2026-08-01 15:35:20.137360,delivered,15.77,low,rain,D089,D089,2026-08-01 14:32:27.027877,,2026-08-01 14:45:00,2026-08-01 15:42:36.925134,completed,eta-v3.2,False,D089,2026-08-01 14:32:27.027877,2026-08-01 15:35:20.137360,2026-08-01 14:46:39.635948,3,,,True,True,-2.28,0.0,0.0,delivered_on_time,2026-08-01 15:35:20.137360,False,-2.28,5.45,14.21,48.68,68.34,70.62,18.0,52.62,1.66,-3.94,5.0,2026-08-01,14,Saturday,10-20 km
O00730,C0484,R036,D052,Bengaluru,2026-08-04 11:38:00,2026-08-04 13:03:24.000000,2026-08-04 12:27:16.743951,2026-08-04 13:30:31.284573,delivered,18.0,severe,clear,D052,D052,2026-08-04 11:53:53.851449,,2026-08-04 11:56:00,2026-08-04 13:26:43.394550,completed,eta-v3.1,False,D052,2026-08-04 11:53:53.851449,2026-08-04 13:30:31.284573,2026-08-04 12:27:16.743951,4,,,True,True,27.12,1.0,1.0,delivered_late,2026-08-04 13:30:31.284573,False,27.12,15.9,33.38,63.24,112.52,85.4,18.0,67.4,31.28,-4.16,23.32,2026-08-04,11,Tuesday,10-20 km
O00731,C0760,R045,D052,Bengaluru,2026-08-15 12:24:00,2026-08-15 13:39:18.000000,2026-08-15 12:58:15.545692,2026-08-15 13:48:49.162171,delivered,18.0,low,rain,D052,D052,2026-08-15 12:24:59.296139,,2026-08-15 12:42:00,2026-08-15 13:44:18.000000,completed,eta-v3.2,False,D052,2026-08-15 12:24:59.296139,2026-08-15 13:48:49.162171,2026-08-15 12:58:15.545692,2,,,True,True,9.52,1.0,0.0,delivered_late,2026-08-15 13:48:49.162171,False,9.52,0.99,33.27,50.56,84.82,75.3,18.0,57.3,16.26,-6.74,5.0,2026-08-15,12,Saturday,10-20 km
O00732,C0789,R011,D070,Bengaluru,2026-08-19 20:07:00,2026-08-19 21:19:48.000000,2026-08-19 20:26:56.295221,2026-08-19 21:13:17.315605,delivered,18.0,low,clear,D070,D070,2026-08-19 20:07:45.236089,,2026-08-19 20:25:00,2026-08-19 21:20:54.968349,completed,eta-v3.1,False,D070,2026-08-19 20:07:45.236089,2026-08-19 21:13:17.315605,2026-08-19 20:26:56.295221,4,,,True,True,-6.51,0.0,0.0,delivered_on_time,2026-08-19 21:13:17.315605,False,-6.51,0.75,19.18,46.35,66.29,72.8,18.0,54.8,1.94,-8.45,1.12,2026-08-19,20,Wednesday,10-20 km
O00733,C0189,R036,D045,Bengaluru,2026-08-13 20:25:00,2026-08-13 21:50:24.000000,2026-08-13 20:49:40.118744,2026-08-13 21:49:33.606687,delivered,18.0,severe,clear,D045,D045,2026-08-13 20:25:50.900264,,2026-08-13 20:43:00,2026-08-13 22:08:24.000000,completed,eta-v3.1,False,D045,2026-08-13 20:25:50.900264,2026-08-13 21:49:33.606687,2026-08-13 20:49:40.118744,2,,,True,True,-0.84,0.0,0.0,delivered_on_time,2026-08-13 21:49:33.606687,False,-0.84,0.85,23.82,59.89,84.56,85.4,18.0,67.4,6.67,-7.51,18.0,2026-08-13,20,Thursday,10-20 km
O00734,C0127,R013,D065,Bengaluru,2026-08-16 11:17:00,2026-08-16 12:39:18.000000,2026-08-16 12:05:43.924278,,cancelled,18.0,high,rain,D065,D065,2026-08-16 11:19:40.177069,,2026-08-16 11:35:00,2026-08-16 13:02:14.731376,cancelled,eta-v3.1,False,D065,2026-08-16 11:19:40.177069,,,0,,,False,False,,,,cancelled,,False,,2.67,46.06,,,82.3,18.0,64.3,30.73,,22.95,2026-08-16,11,Sunday,10-20 km
O00735,C0027,R041,D118,Bengaluru,2026-08-23 18:02:00,2026-08-23 19:17:18.000000,2026-08-23 18:19:21.490271,2026-08-23 19:15:59.094478,delivered,18.0,low,rain,D118,D118,2026-08-23 18:04:30.910482,,2026-08-23 18:20:00,2026-08-23 19:22:18.000000,completed,eta-v3.1,False,D118,2026-08-23 18:04:30.910482,2026-08-23 19:15:59.094478,2026-08-23 18:19:21.490271,3,FR-01,,True,True,-1.32,0.0,0.0,delivered_on_time,2026-08-23 19:15:59.094478,False,-1.32,2.52,14.84,56.63,73.98,75.3,18.0,57.3,-0.64,-0.67,5.0,2026-08-23,18,Sunday,10-20 km
O00736,C0657,R032,D055,Bengaluru,2026-08-04 20:01:00,2026-08-04 21:16:36.000000,2026-08-04 20:33:47.264567,2026-08-04 21:22:48.158388,delivered,18.0,medium,clear,D055,D055,2026-08-04 20:10:53.068280,,2026-08-04 20:19:00,2026-08-04 21:20:36.000000,completed,eta-v3.2,False,D055,2026-08-04 20:10:53.068280,2026-08-04 21:22:48.158388,2026-08-04 20:33:47.264567,5,,,True,True,6.2,1.0,0.0,delivered_late,2026-08-04 21:22:48.158388,False,6.2,9.88,22.9,49.01,81.8,75.6,18.0,57.6,14.79,-8.59,4.0,2026-08-04,20,Tuesday,10-20 km
O00737,C0824,R027,D048,Bengaluru,2026-08-20 20:10:00,2026-08-20 21:11:15.896462,2026-08-20 21:14:02.973657,2026-08-20 21:47:32.398594,delivered,12.51,low,clear,D048,D048,2026-08-20 20:10:38.735022,,2026-08-20 20:28:00,2026-08-20 21:11:52.264491,completed,eta-v3.2,False,D048,2026-08-20 20:10:38.735022,2026-08-20 21:47:32.398594,2026-08-20 21:14:02.973657,2,,,True,True,36.28,1.0,1.0,delivered_late,2026-08-20 21:47:32.398594,False,36.28,0.65,63.4,33.49,97.54,61.26,18.0,43.26,46.05,-9.77,0.61,2026-08-20,20,Thursday,10-20 km
O00738,C0299,R009,D067,Bengaluru,2026-08-09 13:42:00,2026-08-09 15:03:36.000000,2026-08-09 14:28:18.417236,2026-08-09 15:23:35.138833,delivered,18.0,medium,heavy_rain,D067,D067,2026-08-09 13:48:37.836186,,2026-08-09 14:00:00,2026-08-09 15:19:36.000000,completed,eta-v3.1,False,D067,2026-08-09 13:48:37.836186,2026-08-09 15:23:35.138833,2026-08-09 14:28:18.417236,3,,,True,True,19.99,1.0,1.0,delivered_late,2026-08-09 15:23:35.138833,False,19.99,6.63,39.68,55.28,101.59,81.6,18.0,63.6,28.31,-8.32,16.0,2026-08-09,13,Sunday,10-20 km
O00739,C0291,R025,D034,Bengaluru,2026-08-13 16:39:00,2026-08-13 17:40:02.990505,2026-08-13 17:20:24.270820,2026-08-13 17:53:45.742225,delivered,12.4,low,clear,D034,D034,2026-08-13 16:39:44.012426,,2026-08-13 16:57:00,2026-08-13 17:40:31.041445,completed,eta-v3.2,False,D034,2026-08-13 16:39:44.012426,2026-08-13 17:53:45.742225,2026-08-13 17:20:24.270820,3,,,True,True,13.71,1.0,1.0,delivered_late,2026-08-13 17:53:45.742225,False,13.71,0.73,40.67,33.36,74.76,61.05,18.0,43.05,23.4,-9.69,0.47,2026-08-13,16,Thursday,10-20 km
O00740,C0583,R011,D036,Bengaluru,2026-08-24 22:02:00,2026-08-24 23:24:18.000000,2026-08-24 22:21:21.986158,,delivered,18.0,high,rain,D036,D036,2026-08-24 22:05:14.623884,,2026-08-24 22:20:00,2026-08-24 23:39:18.000000,completed,eta-v3.1,False,D036,2026-08-24 22:05:14.623884,2026-08-24 23:22:56.765140,2026-08-24 22:21:21.986158,4,TS-04,TS-04,True,False,,,,unknown_missing_timestamp,2026-08-24 23:22:56.765140,True,-1.35,3.24,16.12,,,82.3,18.0,64.3,1.37,,15.0,2026-08-24,22,Monday,10-20 km
O00741,C0617,R043,D108,Bengaluru,2026-08-28 20:36:00,2026-08-28 21:57:36.000000,2026-08-28 21:02:14.607969,2026-08-28 22:04:34.315050,delivered,18.0,medium,heavy_rain,D108,D108,2026-08-28 20:37:58.407467,,2026-08-28 20:54:00,2026-08-28 22:16:32.083395,completed,eta-v3.2,False,D108,2026-08-28 20:37:58.407467,2026-08-28 22:04:34.315050,2026-08-28 21:02:14.607969,3,,,True,True,6.97,1.0,0.0,delivered_late,2026-08-28 22:04:34.315050,False,6.97,1.97,24.27,62.33,88.57,81.6,18.0,63.6,8.24,-1.27,18.93,2026-08-28,20,Friday,10-20 km
O00742,C0474,R024,D049,Bengaluru,2026-08-18 18:06:00,2026-08-18 19:25:48.000000,2026-08-18 18:32:29.352281,2026-08-18 19:27:27.003529,delivered,18.0,high,clear,D049,D049,2026-08-18 18:19:02.110383,,2026-08-18 18:24:00,2026-08-18 19:35:48.000000,completed,eta-v3.1,False,D049,2026-08-18 18:19:02.110383,2026-08-18 19:27:27.003529,2026-08-18 18:32:29.352281,2,,,True,True,1.65,1.0,0.0,delivered_late,2026-08-18 19:27:27.003529,False,1.65,13.04,13.45,54.96,81.45,79.8,18.0,61.8,8.49,-6.84,10.0,2026-08-18,18,Tuesday,10-20 km
O00743,C0733,R018,D110,Bengaluru,2026-08-05 21:19:00,2026-08-05 22:01:23.249920,2026-08-05 21:41:13.132804,2026-08-05 21:57:54.570280,delivered,2.18,medium,clear,D110,D110,2026-08-05 21:24:49.040156,,2026-08-05 21:37:00,2026-08-05 22:05:23.249920,completed,eta-v3.1,False,D110,2026-08-05 21:24:49.040156,2026-08-05 21:57:54.570280,2026-08-05 21:41:13.132804,3,,,True,True,-3.48,0.0,0.0,delivered_on_time,2026-08-05 21:57:54.570280,False,-3.48,5.82,16.4,16.69,38.91,42.39,18.0,24.39,4.22,-7.7,4.0,2026-08-05,21,Wednesday,0-3 km
O00744,C0623,R040,D036,Bengaluru,2026-08-17 19:09:00,2026-08-17 20:16:05.244459,2026-08-17 19:47:49.390972,2026-08-17 20:31:06.521654,delivered,13.95,medium,clear,D036,D036,2026-08-17 19:10:00.385719,,2026-08-17 19:27:00,2026-08-17 20:26:34.078631,completed,eta-v3.1,False,D036,2026-08-17 19:10:00.385719,2026-08-17 20:31:06.521654,2026-08-17 19:47:49.390972,3,,,True,True,15.02,1.0,1.0,delivered_late,2026-08-17 20:31:06.521654,False,15.02,1.01,37.82,43.29,82.11,67.09,18.0,49.09,20.82,-5.8,10.48,2026-08-17,19,Monday,10-20 km
O00745,C0373,R006,D093,Bengaluru,2026-08-25 19:34:00,2026-08-25 20:51:24.592917,2026-08-25 19:43:54.233320,2026-08-25 20:44:02.820432,delivered,14.2,severe,clear,D093,D093,2026-08-25 19:35:34.908654,,2026-08-25 19:52:00,2026-08-25 21:10:28.164437,completed,eta-v3.2,False,D093,2026-08-25 19:35:34.908654,2026-08-25 20:44:02.820432,2026-08-25 19:43:54.233320,5,CX-03,,True,True,-7.36,0.0,0.0,delivered_on_time,2026-08-25 20:44:02.820432,False,-7.36,1.58,8.32,60.14,70.05,77.41,18.0,59.41,-8.1,0.73,19.06,2026-08-25,19,Tuesday,10-20 km
O00746,C0834,R025,D120,Bengaluru,2026-08-22 16:59:00,2026-08-22 18:18:48.000000,2026-08-22 17:32:04.876510,2026-08-22 18:33:28.728529,delivered,18.0,high,clear,D120,D120,2026-08-22 17:01:04.285255,,2026-08-22 17:17:00,2026-08-22 18:37:22.952682,completed,eta-v3.1,False,D120,2026-08-22 17:01:04.285255,2026-08-22 18:33:28.728529,2026-08-22 17:32:04.876510,3,,,True,True,14.68,1.0,1.0,delivered_late,2026-08-22 18:33:28.728529,False,14.68,2.07,31.01,61.4,94.48,79.8,18.0,61.8,15.08,-0.4,18.58,2026-08-22,16,Saturday,10-20 km
O00747,C0764,R007,D106,Bengaluru,2026-08-27 17:14:00,2026-08-27 18:39:24.000000,2026-08-27 17:55:26.787252,2026-08-27 18:56:15.803340,delivered,18.0,severe,clear,D106,D106,2026-08-27 17:15:16.334891,,2026-08-27 17:32:00,2026-08-27 18:57:24.000000,completed,eta-v3.2,False,D106,2026-08-27 17:15:16.334891,2026-08-27 18:56:15.803340,2026-08-27 17:55:26.787252,4,RG-03,,True,True,16.86,1.0,1.0,delivered_late,2026-08-27 18:56:15.803340,False,16.86,1.27,40.17,60.82,102.26,85.4,18.0,67.4,23.45,-6.58,18.0,2026-08-27,17,Thursday,10-20 km
O00748,C0576,R017,D059,Bengaluru,2026-08-04 20:38:00,2026-08-04 21:53:36.000000,2026-08-04 20:53:00.296795,2026-08-04 21:47:31.311921,delivered,18.0,medium,clear,D059,D059,2026-08-04 20:39:52.868439,,2026-08-04 20:56:00,2026-08-04 21:57:36.000000,completed,eta-v3.2,False,D059,2026-08-04 20:39:52.868439,2026-08-04 21:47:31.311921,2026-08-04 20:53:00.296795,2,,,True,True,-6.08,0.0,0.0,delivered_on_time,2026-08-04 21:47:31.311921,False,-6.08,1.88,13.12,54.52,69.52,75.6,18.0,57.6,-3.0,-3.08,4.0,2026-08-04,20,Tuesday,10-20 km
O00749,C0597,R056,D077,Bengaluru,2026-08-04 19:27:00,2026-08-04 20:45:06.000000,2026-08-04 19:50:04.551110,2026-08-04 20:42:58.892445,delivered,18.0,medium,rain,D077,D077,2026-08-04 19:30:48.869306,,2026-08-04 19:45:00,2026-08-04 20:54:06.000000,completed,eta-v3.2,False,D077,2026-08-04 19:30:48.869306,2026-08-04 20:42:58.892445,2026-08-04 19:50:04.551110,5,,,True,True,-2.12,0.0,0.0,delivered_on_time,2026-08-04 20:42:58.892445,False,-2.12,3.81,19.26,52.91,75.98,78.1,18.0,60.1,5.08,-7.19,9.0,2026-08-04,19,Tuesday,10-20 km
O00750,C0792,R037,D054,Bengaluru,2026-08-09 21:46:00,2026-08-09 22:46:36.078780,2026-08-09 21:57:39.329555,2026-08-09 22:31:55.191315,delivered,10.86,medium,clear,D054,D054,2026-08-09 21:46:49.600621,,2026-08-09 22:04:00,2026-08-09 22:50:36.078780,completed,eta-v3.1,False,D054,2026-08-09 21:46:49.600621,2026-08-09 22:31:55.191315,2026-08-09 21:57:39.329555,5,,,True,True,-14.68,0.0,0.0,delivered_on_time,2026-08-09 22:31:55.191315,False,-14.68,0.83,10.83,34.26,45.92,60.6,18.0,42.6,-6.34,-8.34,4.0,2026-08-09,21,Sunday,10-20 km
O00751,C0153,R005,D005,Bengaluru,2026-08-25 20:31:00,2026-08-25 21:49:06.000000,2026-08-25 20:52:45.757355,2026-08-25 21:46:24.179864,delivered,18.0,medium,rain,D005,D005,2026-08-25 20:34:34.117217,,2026-08-25 20:49:00,2026-08-25 21:58:06.000000,completed,eta-v3.1,False,D005,2026-08-25 20:34:34.117217,2026-08-25 21:46:24.179864,2026-08-25 20:52:45.757355,2,,,True,True,-2.7,0.0,0.0,delivered_on_time,2026-08-25 21:46:24.179864,False,-2.7,3.57,18.19,53.64,75.4,78.1,18.0,60.1,3.76,-6.46,9.0,2026-08-25,20,Tuesday,10-20 km
O00752,C0879,R029,D075,Bengaluru,2026-08-19 19:57:00,2026-08-19 21:15:06.000000,2026-08-19 20:38:39.450503,2026-08-19 21:38:45.600934,delivered,18.0,medium,rain,D075,D075,2026-08-19 19:58:02.105968,,2026-08-19 20:15:00,2026-08-19 21:24:06.000000,completed,eta-v3.1,False,D075,2026-08-19 19:58:02.105968,2026-08-19 21:38:45.600934,2026-08-19 20:38:39.450503,5,,,True,True,23.66,1.0,1.0,delivered_late,2026-08-19 21:38:45.600934,False,23.66,1.04,40.62,60.1,101.76,78.1,18.0,60.1,23.66,0.0,9.0,2026-08-19,19,Wednesday,10-20 km
O00753,C0446,R013,D108,Bengaluru,2026-08-04 16:26:00,2026-08-04 17:20:59.336629,2026-08-04 16:40:45.052178,2026-08-04 17:15:55.030876,delivered,6.19,high,clear,D108,D108,2026-08-04 16:27:05.478437,,2026-08-04 16:44:00,2026-08-04 17:32:33.563785,completed,eta-v3.1,False,D108,2026-08-04 16:27:05.478437,2026-08-04 17:15:55.030876,2026-08-04 16:40:45.052178,2,,,True,True,-5.07,0.0,0.0,delivered_on_time,2026-08-04 17:15:55.030876,False,-5.07,1.09,13.66,35.17,49.92,54.99,18.0,36.99,-3.25,-1.82,11.57,2026-08-04,16,Tuesday,6-10 km
O00754,C0725,R040,D106,Bengaluru,2026-08-21 15:50:00,2026-08-21 17:02:48.000000,2026-08-21 16:02:36.138036,2026-08-21 16:46:57.316552,delivered,18.0,low,clear,D106,D106,2026-08-21 15:51:02.409599,,2026-08-21 16:08:00,2026-08-21 17:02:48.000000,completed,eta-v3.1,False,D106,2026-08-21 15:51:02.409599,2026-08-21 16:46:57.316552,2026-08-21 16:02:36.138036,2,,,True,True,-15.84,0.0,0.0,delivered_on_time,2026-08-21 16:46:57.316552,False,-15.84,1.04,11.56,44.35,56.96,72.8,18.0,54.8,-5.4,-10.45,0.0,2026-08-21,15,Friday,10-20 km
O00755,C0710,R004,D108,Bengaluru,2026-08-24 20:14:00,2026-08-24 21:17:15.438321,2026-08-24 20:50:46.000931,2026-08-24 21:30:22.228010,delivered,12.12,medium,clear,D108,D108,2026-08-24 20:15:38.178794,,2026-08-24 20:32:00,2026-08-24 21:23:01.102060,completed,eta-v3.1,False,D108,2026-08-24 20:15:38.178794,2026-08-24 21:30:22.228010,2026-08-24 20:50:46.000931,5,,,True,True,13.11,1.0,1.0,delivered_late,2026-08-24 21:30:22.228010,False,13.11,1.64,35.13,39.6,76.37,63.26,18.0,45.26,18.77,-5.66,5.76,2026-08-24,20,Monday,10-20 km
O00756,C0693,R037,D118,Bengaluru,2026-08-11 11:12:00,2026-08-11 12:19:11.380514,2026-08-11 11:44:34.061733,2026-08-11 12:33:10.430233,delivered,12.8,medium,rain,D118,D118,2026-08-11 11:13:25.402880,,2026-08-11 11:30:00,2026-08-11 12:28:14.984531,completed,eta-v3.1,False,D118,2026-08-11 11:13:25.402880,2026-08-11 12:33:10.430233,2026-08-11 11:44:34.061733,2,,,True,True,13.98,1.0,1.0,delivered_late,2026-08-11 12:33:10.430233,False,13.98,1.42,31.14,48.61,81.17,67.19,18.0,49.19,14.57,-0.58,9.06,2026-08-11,11,Tuesday,10-20 km
O00757,C0785,R020,D055,Bengaluru,2026-08-22 17:16:00,2026-08-22 18:23:30.486647,2026-08-22 17:35:33.242540,2026-08-22 18:08:29.719161,delivered,15.48,low,clear,D055,D055,2026-08-22 17:19:51.180896,,2026-08-22 17:34:00,2026-08-22 18:23:30.486647,completed,eta-v3.2,False,D055,2026-08-22 17:19:51.180896,2026-08-22 18:08:29.719161,2026-08-22 17:35:33.242540,2,,,True,True,-15.01,0.0,0.0,delivered_on_time,2026-08-22 18:08:29.719161,False,-15.01,3.85,15.7,32.94,52.5,67.51,18.0,49.51,1.55,-16.57,0.0,2026-08-22,17,Saturday,10-20 km
O00758,C0726,R014,D035,Bengaluru,2026-08-27 11:35:00,2026-08-27 12:49:57.848279,2026-08-27 12:11:01.285443,2026-08-27 13:01:41.495780,delivered,16.17,low,heavy_rain,D035,D035,2026-08-27 11:37:24.022123,,2026-08-27 11:53:00,2026-08-27 13:09:05.719097,completed,eta-v3.1,False,D035,2026-08-27 11:37:24.022123,2026-08-27 13:01:41.495780,2026-08-27 12:11:01.285443,4,,,True,True,11.73,1.0,1.0,delivered_late,2026-08-27 13:01:41.495780,False,11.73,2.4,33.62,50.67,86.69,74.96,18.0,56.96,18.02,-6.29,19.13,2026-08-27,11,Thursday,10-20 km
O00759,C0732,R022,D105,Bengaluru,2026-08-14 18:36:00,2026-08-14 19:33:16.109887,2026-08-14 19:01:18.936750,2026-08-14 19:31:19.440433,delivered,10.6,low,clear,D105,D105,2026-08-14 18:39:12.042093,,2026-08-14 18:54:00,2026-08-14 19:33:16.109887,completed,eta-v3.2,False,D105,2026-08-14 18:39:12.042093,2026-08-14 19:31:19.440433,2026-08-14 19:01:18.936750,4,,,True,True,-1.94,0.0,0.0,delivered_on_time,2026-08-14 19:31:19.440433,False,-1.94,3.2,22.11,30.01,55.32,57.27,18.0,39.27,7.32,-9.26,0.0,2026-08-14,18,Friday,10-20 km
O00760,C0020,R029,D019,Bengaluru,2026-08-08 16:22:00,2026-08-08 17:34:48.000000,2026-08-08 16:33:22.357902,2026-08-08 17:16:03.127967,delivered,18.0,low,clear,D019,D019,2026-08-08 16:24:56.981080,,2026-08-08 16:40:00,2026-08-08 17:35:50.005480,completed,eta-v3.1,False,D019,2026-08-08 16:24:56.981080,2026-08-08 17:16:03.127967,2026-08-08 16:33:22.357902,5,,,True,True,-18.75,0.0,0.0,delivered_on_time,2026-08-08 17:16:03.127967,False,-18.75,2.95,8.42,42.68,54.05,72.8,18.0,54.8,-6.63,-12.12,1.03,2026-08-08,16,Saturday,10-20 km
O00761,C0636,R029,D037,Bengaluru,2026-08-23 19:35:00,2026-08-23 20:39:37.101339,2026-08-23 20:01:58.706677,2026-08-23 20:43:04.841933,delivered,10.77,high,clear,D037,D037,2026-08-23 19:35:28.062932,,2026-08-23 19:53:00,2026-08-23 20:49:52.755708,completed,eta-v3.1,False,D037,2026-08-23 19:35:28.062932,2026-08-23 20:43:04.841933,2026-08-23 20:01:58.706677,3,,,True,True,3.46,1.0,0.0,delivered_late,2026-08-23 20:43:04.841933,False,3.46,0.47,26.51,41.1,68.08,64.62,18.0,46.62,8.98,-5.52,10.26,2026-08-23,19,Sunday,10-20 km
O00762,C0653,R055,D018,Bengaluru,2026-08-12 18:45:00,2026-08-12 19:57:48.000000,2026-08-12 19:27:33.570541,2026-08-12 20:15:10.932354,delivered,18.0,low,clear,D018,D018,2026-08-12 18:46:23.144023,,2026-08-12 19:03:00,2026-08-12 20:06:06.089291,completed,eta-v3.2,False,D018,2026-08-12 18:46:23.144023,2026-08-12 20:15:10.932354,2026-08-12 19:27:33.570541,3,,,True,True,17.38,1.0,1.0,delivered_late,2026-08-12 20:15:10.932354,False,17.38,1.39,41.17,47.62,90.18,72.8,18.0,54.8,24.56,-7.18,8.3,2026-08-12,18,Wednesday,10-20 km
O00763,C0790,R001,D008,Bengaluru,2026-08-18 19:19:00,2026-08-18 20:34:36.000000,2026-08-18 19:49:02.188572,2026-08-18 20:40:02.777993,delivered,18.0,medium,clear,D008,D008,2026-08-18 19:20:10.521052,,2026-08-18 19:37:00,2026-08-18 20:39:47.639860,completed,eta-v3.2,False,D008,2026-08-18 19:20:10.521052,2026-08-18 20:40:02.777993,2026-08-18 19:49:02.188572,2,,,True,True,5.45,1.0,0.0,delivered_late,2026-08-18 20:40:02.777993,False,5.45,1.18,28.86,51.01,81.05,75.6,18.0,57.6,12.04,-6.59,5.19,2026-08-18,19,Tuesday,10-20 km
O00764,C0097,R020,D097,Bengaluru,2026-08-04 20:04:00,2026-08-04 21:07:33.240327,2026-08-04 20:33:04.317338,2026-08-04 21:11:01.062942,delivered,10.26,high,clear,D097,D097,2026-08-04 20:06:28.015066,,2026-08-04 20:22:00,2026-08-04 21:20:13.890748,completed,eta-v3.1,False,D097,2026-08-04 20:06:28.015066,2026-08-04 21:11:01.062942,2026-08-04 20:33:04.317338,2,,,True,True,3.46,1.0,0.0,delivered_late,2026-08-04 21:11:01.062942,False,3.46,2.47,26.61,37.95,67.02,63.55,18.0,45.55,11.07,-7.6,12.68,2026-08-04,20,Tuesday,10-20 km
O00765,C0359,R002,D045,Bengaluru,2026-08-04 16:06:00,2026-08-04 17:31:24.000000,2026-08-04 16:45:50.239618,2026-08-04 17:44:53.730909,delivered,18.0,severe,clear,D045,D045,2026-08-04 16:09:04.880178,,2026-08-04 16:24:00,2026-08-04 17:52:44.447394,completed,eta-v3.2,False,D045,2026-08-04 16:09:04.880178,2026-08-04 17:44:53.730909,2026-08-04 16:45:50.239618,4,,,True,True,13.5,1.0,1.0,delivered_late,2026-08-04 17:44:53.730909,False,13.5,3.08,36.76,59.06,98.9,85.4,18.0,67.4,21.84,-8.34,21.34,2026-08-04,16,Tuesday,10-20 km
O00766,C0864,R060,D032,Bengaluru,2026-08-06 15:12:00,2026-08-06 16:25:27.791776,2026-08-06 15:27:54.319759,2026-08-06 16:20:57.640517,delivered,14.13,medium,heavy_rain,D079,D032,2026-08-06 15:12:26.671274,2026-08-06 15:14:52.249647,2026-08-06 15:30:00,2026-08-06 16:41:27.898331,completed,eta-v3.1,True,D079,2026-08-06 15:12:26.671274,2026-08-06 16:20:57.640517,2026-08-06 15:27:54.319759,2,CX-01;CX-03,,True,True,-4.5,0.0,0.0,delivered_on_time,2026-08-06 16:20:57.640517,False,-4.5,0.44,15.46,53.06,68.96,73.46,18.0,55.46,-2.09,-2.4,16.0,2026-08-06,15,Thursday,10-20 km
O00767,C0425,R005,D012,Bengaluru,2026-08-17 11:20:00,2026-08-17 12:35:36.000000,2026-08-17 11:40:57.438230,2026-08-17 12:33:15.486807,delivered,18.0,medium,clear,D012,D012,2026-08-17 11:25:26.778816,,2026-08-17 11:38:00,2026-08-17 12:39:36.000000,completed,eta-v3.2,False,D012,2026-08-17 11:25:26.778816,2026-08-17 12:33:15.486807,2026-08-17 11:40:57.438230,3,CX-03,,True,True,-2.34,0.0,0.0,delivered_on_time,2026-08-17 12:33:15.486807,False,-2.34,5.45,15.51,52.3,73.26,75.6,18.0,57.6,2.96,-5.3,4.0,2026-08-17,11,Monday,10-20 km
O00768,C0772,R050,D063,Bengaluru,2026-08-05 19:36:00,2026-08-05 20:31:51.738157,2026-08-05 19:51:12.154057,2026-08-05 20:18:47.085068,delivered,9.93,low,clear,D063,D063,2026-08-05 19:36:13.265817,,2026-08-05 19:54:00,2026-08-05 20:32:04.851507,completed,eta-v3.1,False,D063,2026-08-05 19:36:13.265817,2026-08-05 20:18:47.085068,2026-08-05 19:51:12.154057,2,,,True,True,-13.08,0.0,0.0,delivered_on_time,2026-08-05 20:18:47.085068,False,-13.08,0.22,14.98,27.58,42.78,55.86,18.0,37.86,-2.8,-10.28,0.22,2026-08-05,19,Wednesday,6-10 km
O00769,C0318,R036,D093,Bengaluru,2026-08-10 12:43:00,2026-08-10 13:48:01.621138,2026-08-10 13:02:04.868032,2026-08-10 13:42:32.216168,delivered,14.3,low,clear,D093,D093,2026-08-10 12:49:11.671392,,2026-08-10 13:01:00,2026-08-10 13:48:26.289052,completed,eta-v3.2,False,D093,2026-08-10 12:49:11.671392,2026-08-10 13:42:32.216168,2026-08-10 13:02:04.868032,5,CX-03,,True,True,-5.49,0.0,0.0,delivered_on_time,2026-08-10 13:42:32.216168,False,-5.49,6.19,12.89,40.46,59.54,65.03,18.0,47.03,1.08,-6.57,0.41,2026-08-10,12,Monday,10-20 km
O00770,C0003,R003,D007,Bengaluru,2026-08-05 15:52:00,2026-08-05 17:10:06.000000,2026-08-05 16:39:32.593766,2026-08-05 17:31:25.050399,delivered,18.0,medium,rain,D007,D007,2026-08-05 15:54:11.295598,,2026-08-05 16:10:00,2026-08-05 17:22:37.697726,completed,eta-v3.1,False,D007,2026-08-05 15:54:11.295598,2026-08-05 17:31:25.050399,2026-08-05 16:39:32.593766,2,,,True,True,21.32,1.0,1.0,delivered_late,2026-08-05 17:31:25.050399,False,21.32,2.19,45.35,51.87,99.42,78.1,18.0,60.1,29.54,-8.23,12.53,2026-08-05,15,Wednesday,10-20 km
O00771,C0474,R006,D018,Bengaluru,2026-08-17 18:44:00,2026-08-17 19:48:44.450797,2026-08-17 19:11:00.404681,2026-08-17 19:45:49.263517,delivered,12.83,medium,clear,D018,D018,2026-08-17 18:46:37.923103,,2026-08-17 19:02:00,2026-08-17 19:53:42.335351,completed,eta-v3.2,False,D018,2026-08-17 18:46:37.923103,2026-08-17 19:45:49.263517,2026-08-17 19:11:00.404681,5,,,True,True,-2.92,0.0,0.0,delivered_on_time,2026-08-17 19:45:49.263517,False,-2.92,2.63,24.37,34.81,61.82,64.74,18.0,46.74,9.01,-11.93,4.96,2026-08-17,18,Monday,10-20 km
O00772,C0833,R044,D030,Bengaluru,2026-08-10 18:50:00,2026-08-10 20:09:48.000000,2026-08-10 19:11:17.253555,,cancelled,18.0,high,clear,D030,D030,2026-08-10 18:54:27.785519,,2026-08-10 19:08:00,2026-08-10 20:21:21.668484,cancelled,eta-v3.2,False,D030,2026-08-10 18:54:27.785519,,,0,,,False,False,,,,cancelled,,False,,4.46,16.82,,,79.8,18.0,61.8,3.29,,11.56,2026-08-10,18,Monday,10-20 km
O00773,C0030,R014,D018,Bengaluru,2026-08-19 20:36:00,2026-08-19 21:51:22.697384,2026-08-19 20:59:40.931381,2026-08-19 21:42:47.957262,delivered,17.89,medium,clear,D018,D018,2026-08-19 20:36:33.660284,,2026-08-19 20:54:00,2026-08-19 21:55:50.820760,completed,eta-v3.1,False,D018,2026-08-19 20:36:33.660284,2026-08-19 21:42:47.957262,2026-08-19 20:59:40.931381,5,,,True,True,-8.58,0.0,0.0,delivered_on_time,2026-08-19 21:42:47.957262,False,-8.58,0.56,23.12,43.12,66.8,75.38,18.0,57.38,5.68,-14.26,4.47,2026-08-19,20,Wednesday,10-20 km
O00774,C0260,R028,D011,Bengaluru,2026-08-07 12:11:00,2026-08-07 13:30:48.000000,2026-08-07 12:51:26.356018,,delivered,18.0,high,clear,D011,D011,2026-08-07 12:15:16.717631,,2026-08-07 12:29:00,2026-08-07 13:45:08.412366,completed,eta-v3.1,False,D011,2026-08-07 12:15:16.717631,2026-08-07 13:47:56.328332,2026-08-07 12:51:26.356018,2,TS-04;RG-03,TS-04,True,False,,,,unknown_missing_timestamp,2026-08-07 13:47:56.328332,True,17.14,4.28,36.16,,,79.8,18.0,61.8,22.44,,14.34,2026-08-07,12,Friday,10-20 km
O00775,C0072,R049,D059,Bengaluru,2026-08-08 19:58:00,2026-08-08 21:23:48.000000,2026-08-08 20:37:50.918485,2026-08-08 21:46:49.642917,delivered,18.0,high,heavy_rain,D019,D059,2026-08-08 19:59:53.470836,2026-08-08 20:06:04.946523,2026-08-08 20:16:00,2026-08-08 21:46:03.886982,completed,eta-v3.2,True,D019,2026-08-08 19:59:53.470836,2026-08-08 21:46:49.642917,2026-08-08 20:37:50.918485,5,CX-01;CX-03,,True,True,23.03,1.0,1.0,delivered_late,2026-08-08 21:46:49.642917,False,23.03,1.89,37.96,68.98,108.83,85.8,18.0,67.8,21.85,1.18,22.26,2026-08-08,19,Saturday,10-20 km
O00776,C0554,R057,D085,Bengaluru,2026-08-21 20:17:00,2026-08-21 21:29:38.238547,2026-08-21 20:43:32.880478,2026-08-21 21:32:38.791439,delivered,16.59,medium,clear,D085,D085,2026-08-21 20:24:52.821448,,2026-08-21 20:35:00,2026-08-21 21:33:38.238547,completed,eta-v3.2,False,D085,2026-08-21 20:24:52.821448,2026-08-21 21:32:38.791439,2026-08-21 20:43:32.880478,5,,,True,True,3.01,1.0,0.0,delivered_late,2026-08-21 21:32:38.791439,False,3.01,7.88,18.67,49.1,75.65,72.64,18.0,54.64,8.55,-5.54,4.0,2026-08-21,20,Friday,10-20 km
O00777,C0525,R030,D009,Bengaluru,2026-08-04 12:57:00,2026-08-04 14:11:37.510782,2026-08-04 13:25:51.550886,2026-08-04 14:16:59.926145,delivered,15.54,high,clear,D009,D009,2026-08-04 12:58:21.045077,,2026-08-04 13:15:00,2026-08-04 14:21:37.510782,completed,eta-v3.2,False,D009,2026-08-04 12:58:21.045077,2026-08-04 14:16:59.926145,2026-08-04 13:25:51.550886,4,CX-03,,True,True,5.37,1.0,0.0,delivered_late,2026-08-04 14:16:59.926145,False,5.37,1.35,27.51,51.14,80.0,74.63,18.0,56.63,10.86,-5.49,10.0,2026-08-04,12,Tuesday,10-20 km
O00778,C0068,R059,D015,Bengaluru,2026-08-27 21:12:00,2026-08-27 22:37:24.000000,2026-08-27 21:23:21.947918,2026-08-27 22:30:35.745486,delivered,18.0,severe,clear,D015,D015,2026-08-27 21:12:49.823119,,2026-08-27 21:30:00,2026-08-27 22:55:24.000000,completed,eta-v3.1,False,D015,2026-08-27 21:12:49.823119,2026-08-27 22:30:35.745486,2026-08-27 21:23:21.947918,5,,,True,True,-6.8,0.0,0.0,delivered_on_time,2026-08-27 22:30:35.745486,False,-6.8,0.83,10.54,67.23,78.6,85.4,18.0,67.4,-6.63,-0.17,18.0,2026-08-27,21,Thursday,10-20 km
O00779,C0105,R048,D012,Bengaluru,2026-08-15 20:28:00,2026-08-15 21:43:36.000000,2026-08-15 20:47:04.194043,2026-08-15 21:39:22.881851,delivered,18.0,medium,clear,D012,D012,2026-08-15 20:28:59.095583,,2026-08-15 20:46:00,2026-08-15 21:47:36.000000,completed,eta-v3.1,False,D012,2026-08-15 20:28:59.095583,2026-08-15 21:39:22.881851,2026-08-15 20:47:04.194043,4,,,True,True,-4.22,0.0,0.0,delivered_on_time,2026-08-15 21:39:22.881851,False,-4.22,0.98,18.08,52.31,71.38,75.6,18.0,57.6,1.07,-5.29,4.0,2026-08-15,20,Saturday,10-20 km
O00780,C0580,R036,D027,Bengaluru,2026-08-21 12:24:00,2026-08-21 13:36:48.000000,2026-08-21 13:02:30.269415,2026-08-21 13:47:44.301327,delivered,18.0,low,clear,D027,D027,2026-08-21 12:26:55.223012,,2026-08-21 12:42:00,2026-08-21 13:41:47.795924,completed,eta-v3.1,False,D027,2026-08-21 12:26:55.223012,2026-08-21 13:47:44.301327,2026-08-21 13:02:30.269415,4,,,True,True,10.94,1.0,1.0,delivered_late,2026-08-21 13:47:44.301327,False,10.94,2.92,35.58,45.23,83.74,72.8,18.0,54.8,20.5,-9.57,5.0,2026-08-21,12,Friday,10-20 km
O00781,C0103,R019,D103,Bengaluru,2026-08-22 12:33:00,2026-08-22 13:48:36.000000,2026-08-22 13:11:17.309762,2026-08-22 14:01:40.289785,delivered,18.0,medium,clear,D103,D103,2026-08-22 12:40:42.931820,,2026-08-22 12:51:00,2026-08-22 13:54:02.886389,completed,eta-v3.1,False,D103,2026-08-22 12:40:42.931820,2026-08-22 14:01:40.289785,2026-08-22 13:11:17.309762,2,RG-03,,True,True,13.07,1.0,1.0,delivered_late,2026-08-22 14:01:40.289785,False,13.07,7.72,30.57,50.38,88.67,75.6,18.0,57.6,20.29,-7.22,5.45,2026-08-22,12,Saturday,10-20 km
O00782,C0559,R053,D092,Bengaluru,2026-08-25 18:54:00,2026-08-25 20:09:36.000000,2026-08-25 19:31:41.016480,2026-08-25 20:26:27.625735,delivered,18.0,medium,clear,D092,D092,2026-08-25 18:57:14.119525,,2026-08-25 19:12:00,2026-08-25 20:13:36.000000,completed,eta-v3.2,False,D092,2026-08-25 18:57:14.119525,2026-08-25 20:26:27.625735,2026-08-25 19:31:41.016480,5,CX-03,,True,True,16.86,1.0,1.0,delivered_late,2026-08-25 20:26:27.625735,False,16.86,3.24,34.45,54.78,92.46,75.6,18.0,57.6,19.68,-2.82,4.0,2026-08-25,18,Tuesday,10-20 km
O00783,C0572,R053,D103,Bengaluru,2026-08-21 18:58:00,2026-08-21 19:48:38.615429,2026-08-21 19:25:11.099307,2026-08-21 19:47:18.538610,delivered,4.12,high,clear,D103,D103,2026-08-21 18:58:12.176267,,2026-08-21 19:16:00,2026-08-21 19:58:38.615429,completed,eta-v3.2,False,D103,2026-08-21 18:58:12.176267,2026-08-21 19:47:18.538610,2026-08-21 19:25:11.099307,3,,,True,True,-1.33,0.0,0.0,delivered_on_time,2026-08-21 19:47:18.538610,False,-1.33,0.2,26.98,22.12,49.31,50.64,18.0,32.64,9.18,-10.52,10.0,2026-08-21,18,Friday,3-6 km
O00784,C0825,R027,D030,Bengaluru,2026-08-05 11:26:00,2026-08-05 12:45:48.000000,2026-08-05 11:43:07.308343,2026-08-05 12:33:12.348862,delivered,18.0,high,clear,D030,D030,2026-08-05 11:27:03.997781,,2026-08-05 11:44:00,2026-08-05 12:56:36.239971,completed,eta-v3.2,False,D030,2026-08-05 11:27:03.997781,2026-08-05 12:33:12.348862,2026-08-05 11:43:07.308343,5,,,True,True,-12.59,0.0,0.0,delivered_on_time,2026-08-05 12:33:12.348862,False,-12.59,1.07,16.06,50.08,67.21,79.8,18.0,61.8,-0.88,-11.72,10.8,2026-08-05,11,Wednesday,10-20 km
O00785,C0384,R015,D036,Bengaluru,2026-08-13 13:33:00,2026-08-13 14:44:41.801794,2026-08-13 13:46:53.944491,2026-08-13 14:31:48.226974,delivered,17.47,low,clear,D036,D036,2026-08-13 13:34:20.862364,,2026-08-13 13:51:00,2026-08-13 14:44:41.801794,completed,eta-v3.2,False,D036,2026-08-13 13:34:20.862364,2026-08-13 14:31:48.226974,2026-08-13 13:46:53.944491,5,,,True,True,-12.89,0.0,0.0,delivered_on_time,2026-08-13 14:31:48.226974,False,-12.89,1.35,12.55,44.9,58.8,71.7,18.0,53.7,-4.1,-8.8,0.0,2026-08-13,13,Thursday,10-20 km
O00786,C0058,R052,D090,Bengaluru,2026-08-15 16:53:00,2026-08-15 18:16:50.039491,2026-08-15 17:26:00.215629,2026-08-15 18:32:55.357258,delivered,16.06,severe,rain,D090,D090,2026-08-15 16:57:53.923282,,2026-08-15 17:11:00,2026-08-15 18:41:21.631661,completed,eta-v3.2,False,D090,2026-08-15 16:57:53.923282,2026-08-15 18:32:55.357258,2026-08-15 17:26:00.215629,5,,,True,True,16.09,1.0,1.0,delivered_late,2026-08-15 18:32:55.357258,False,16.09,4.9,28.1,66.92,99.92,83.83,18.0,65.83,15.0,1.09,24.53,2026-08-15,16,Saturday,10-20 km
O00787,C0418,R025,D105,Bengaluru,2026-08-22 18:09:00,2026-08-22 19:16:49.628537,2026-08-22 18:51:05.680015,2026-08-22 19:33:51.211983,delivered,12.3,high,clear,D105,D105,2026-08-22 18:09:08.214514,,2026-08-22 18:27:00,2026-08-22 19:28:54.027936,completed,eta-v3.2,False,D105,2026-08-22 18:09:08.214514,2026-08-22 19:33:51.211983,2026-08-22 18:51:05.680015,2,,,True,True,17.03,1.0,1.0,delivered_late,2026-08-22 19:33:51.211983,False,17.03,0.14,41.96,42.76,84.85,67.83,18.0,49.83,24.09,-7.07,12.07,2026-08-22,18,Saturday,10-20 km
O00788,C0500,R004,D001,Bengaluru,2026-08-03 11:58:00,2026-08-03 12:58:44.604010,2026-08-03 12:16:34.129996,2026-08-03 12:53:19.748456,delivered,8.93,high,clear,D001,D001,2026-08-03 11:59:08.236656,,2026-08-03 12:16:00,2026-08-03 13:10:56.813380,completed,eta-v3.1,False,D001,2026-08-03 11:59:08.236656,2026-08-03 12:53:19.748456,2026-08-03 12:16:34.129996,2,FR-01,,True,True,-5.41,0.0,0.0,delivered_on_time,2026-08-03 12:53:19.748456,False,-5.41,1.14,17.43,36.76,55.33,60.74,18.0,42.74,0.57,-5.98,12.2,2026-08-03,11,Monday,6-10 km
O00789,C0534,R037,D010,Bengaluru,2026-08-19 22:28:00,2026-08-19 23:25:47.500868,2026-08-19 22:52:17.016511,2026-08-19 23:26:50.309739,delivered,9.52,medium,clear,D010,D010,2026-08-19 22:33:08.424163,,2026-08-19 22:46:00,2026-08-19 23:31:23.106636,completed,eta-v3.2,False,D010,2026-08-19 22:33:08.424163,2026-08-19 23:26:50.309739,2026-08-19 22:52:17.016511,5,,,True,True,1.05,1.0,0.0,delivered_late,2026-08-19 23:26:50.309739,False,1.05,5.14,19.14,34.55,58.84,57.79,18.0,39.79,6.28,-5.24,5.59,2026-08-19,22,Wednesday,6-10 km
O00790,C0587,R013,D115,Bengaluru,2026-08-08 23:42:00,2026-08-09 00:44:42.126566,2026-08-09 00:25:30.735137,2026-08-09 01:17:28.350692,delivered,6.0,severe,rain,D115,D115,2026-08-08 23:45:01.116334,,2026-08-09 00:00:00,2026-08-09 01:11:12.093194,completed,eta-v3.2,False,D115,2026-08-08 23:45:01.116334,2026-08-09 01:17:28.350692,2026-08-09 00:25:30.735137,3,,,True,True,32.77,1.0,1.0,delivered_late,2026-08-09 01:17:28.350692,False,32.77,3.02,40.49,51.96,95.47,62.7,18.0,44.7,25.51,7.26,26.5,2026-08-08,23,Saturday,3-6 km
O00791,C0666,R052,D054,Bengaluru,2026-08-22 18:56:00,2026-08-22 19:50:15.468385,2026-08-22 19:21:19.971964,2026-08-22 19:56:57.274536,delivered,7.84,medium,clear,D054,D054,2026-08-22 18:56:20.650971,,2026-08-22 19:14:00,2026-08-22 19:55:28.588915,completed,eta-v3.1,False,D054,2026-08-22 18:56:20.650971,2026-08-22 19:56:57.274536,2026-08-22 19:21:19.971964,3,CX-03,,True,True,6.7,1.0,0.0,delivered_late,2026-08-22 19:56:57.274536,False,6.7,0.34,24.99,35.62,60.95,54.26,18.0,36.26,7.33,-0.64,5.22,2026-08-22,18,Saturday,6-10 km
O00792,C0871,R007,D071,Bengaluru,2026-08-26 12:38:00,2026-08-26 14:03:24.000000,2026-08-26 12:51:33.252962,2026-08-26 13:52:04.417150,delivered,18.0,severe,clear,D071,D071,2026-08-26 12:44:22.027861,,2026-08-26 12:56:00,2026-08-26 14:22:19.339329,completed,eta-v3.2,False,D071,2026-08-26 12:44:22.027861,2026-08-26 13:52:04.417150,2026-08-26 12:51:33.252962,2,RG-03,,True,True,-11.33,0.0,0.0,delivered_on_time,2026-08-26 13:52:04.417150,False,-11.33,6.37,7.19,60.52,74.07,85.4,18.0,67.4,-4.45,-6.88,18.92,2026-08-26,12,Wednesday,10-20 km
O00793,C0830,R060,D003,Bengaluru,2026-08-02 19:44:00,2026-08-02 20:59:36.000000,2026-08-02 20:28:01.009030,2026-08-02 21:19:10.505173,delivered,18.0,medium,clear,D003,D003,2026-08-02 19:45:52.385538,,2026-08-02 20:02:00,2026-08-02 21:03:36.000000,completed,eta-v3.1,False,D003,2026-08-02 19:45:52.385538,2026-08-02 21:19:10.505173,2026-08-02 20:28:01.009030,2,,,True,True,19.58,1.0,1.0,delivered_late,2026-08-02 21:19:10.505173,False,19.58,1.87,42.14,51.16,95.18,75.6,18.0,57.6,26.02,-6.44,4.0,2026-08-02,19,Sunday,10-20 km
O00794,C0613,R012,D066,Bengaluru,2026-08-13 14:30:00,2026-08-13 15:21:32.869605,2026-08-13 15:03:35.288797,2026-08-13 15:33:10.618217,delivered,6.55,medium,clear,D066,D066,2026-08-13 14:31:32.180366,,2026-08-13 14:48:00,2026-08-13 15:28:01.538977,completed,eta-v3.2,False,D066,2026-08-13 14:31:32.180366,2026-08-13 15:33:10.618217,2026-08-13 15:03:35.288797,4,,,True,True,11.63,1.0,1.0,delivered_late,2026-08-13 15:33:10.618217,False,11.63,1.54,32.05,29.59,63.18,51.55,18.0,33.55,15.59,-3.96,6.48,2026-08-13,14,Thursday,6-10 km
O00795,C0254,R021,D027,Bengaluru,2026-08-10 15:58:00,2026-08-10 17:06:26.846220,2026-08-10 16:25:21.368073,2026-08-10 17:08:24.326801,delivered,14.59,medium,clear,D017,D027,2026-08-10 15:58:07.139574,2026-08-10 16:05:45.754769,2026-08-10 16:16:00,2026-08-10 17:10:26.846220,completed,eta-v3.1,True,D017,2026-08-10 15:58:07.139574,2026-08-10 17:08:24.326801,2026-08-10 16:25:21.368073,3,CX-01;CX-03,,True,True,1.96,1.0,0.0,delivered_late,2026-08-10 17:08:24.326801,False,1.96,0.12,27.24,43.05,70.41,68.45,18.0,50.45,9.36,-7.4,4.0,2026-08-10,15,Monday,10-20 km
O00796,C0417,R031,D106,Bengaluru,2026-08-25 12:04:00,2026-08-25 13:16:48.000000,2026-08-25 12:22:20.492725,2026-08-25 13:07:51.497438,delivered,18.0,low,clear,D106,D106,2026-08-25 12:14:47.215749,,2026-08-25 12:22:00,2026-08-25 13:17:13.368457,completed,eta-v3.2,False,D106,2026-08-25 12:14:47.215749,2026-08-25 13:07:51.497438,2026-08-25 12:22:20.492725,4,CX-03,,True,True,-8.94,0.0,0.0,delivered_on_time,2026-08-25 13:07:51.497438,False,-8.94,10.79,7.55,45.52,63.86,72.8,18.0,54.8,0.34,-9.28,0.42,2026-08-25,12,Tuesday,10-20 km
O00797,C0011,R020,D075,Bengaluru,2026-08-07 22:59:00,2026-08-08 00:05:37.188606,2026-08-07 23:45:18.076888,2026-08-08 00:25:12.099724,delivered,15.06,low,clear,D075,D075,2026-08-07 22:59:01.126303,,2026-08-07 23:17:00,2026-08-08 00:06:15.439618,completed,eta-v3.2,False,D075,2026-08-07 22:59:01.126303,2026-08-08 00:25:12.099724,2026-08-07 23:45:18.076888,3,,,True,True,19.58,1.0,1.0,delivered_late,2026-08-08 00:25:12.099724,False,19.58,0.02,46.28,39.9,86.2,66.62,18.0,48.62,28.3,-8.72,0.64,2026-08-07,22,Friday,10-20 km
O00798,C0371,R027,D033,Bengaluru,2026-08-20 19:30:00,2026-08-20 20:45:36.000000,2026-08-20 20:06:42.086028,,cancelled,18.0,medium,clear,D033,D033,2026-08-20 19:32:44.163399,,2026-08-20 19:48:00,2026-08-20 20:49:36.000000,cancelled,eta-v3.1,False,D033,2026-08-20 19:32:44.163399,,,0,,,False,False,,,,cancelled,,False,,2.74,33.97,,,75.6,18.0,57.6,18.7,,4.0,2026-08-20,19,Thursday,10-20 km
O00799,C0009,R031,D077,Bengaluru,2026-08-09 13:34:00,2026-08-09 14:34:23.826486,2026-08-09 14:15:15.409140,2026-08-09 14:47:41.983965,delivered,10.76,medium,clear,D077,D077,2026-08-09 13:42:36.726393,,2026-08-09 13:52:00,2026-08-09 14:46:51.706339,completed,eta-v3.2,False,D077,2026-08-09 13:42:36.726393,2026-08-09 14:47:41.983965,2026-08-09 14:15:15.409140,4,,,True,True,13.3,1.0,1.0,delivered_late,2026-08-09 14:47:41.983965,False,13.3,8.61,32.64,32.44,73.7,60.4,18.0,42.4,23.26,-9.96,12.46,2026-08-09,13,Sunday,10-20 km
O00800,C0723,R008,D078,Bengaluru,2026-08-27 17:15:00,2026-08-27 18:10:18.736927,2026-08-27 17:41:16.151633,2026-08-27 18:08:35.250131,delivered,8.34,medium,clear,D045,D078,2026-08-27 17:15:37.599449,2026-08-27 17:23:56.730704,2026-08-27 17:33:00,2026-08-27 18:14:18.736927,completed,eta-v3.1,True,D045,2026-08-27 17:15:37.599449,2026-08-27 18:08:35.250131,2026-08-27 17:41:16.151633,5,CX-01;CX-03,,True,True,-1.72,0.0,0.0,delivered_on_time,2026-08-27 18:08:35.250131,False,-1.72,0.63,25.64,27.32,53.59,55.31,18.0,37.31,8.27,-9.99,4.0,2026-08-27,17,Thursday,6-10 km
O00801,C0331,R058,D079,Bengaluru,2026-08-03 16:49:00,2026-08-03 18:10:00.692513,2026-08-03 17:28:13.097305,2026-08-03 18:25:02.853593,delivered,15.91,severe,clear,D079,D079,2026-08-03 16:49:39.451647,,2026-08-03 17:07:00,2026-08-03 18:28:00.692513,completed,eta-v3.2,False,D079,2026-08-03 16:49:39.451647,2026-08-03 18:25:02.853593,2026-08-03 17:28:13.097305,5,,,True,True,15.04,1.0,1.0,delivered_late,2026-08-03 18:25:02.853593,False,15.04,0.66,38.56,56.83,96.05,81.01,18.0,63.01,21.22,-6.18,18.0,2026-08-03,16,Monday,10-20 km
O00802,C0888,R048,D082,Bengaluru,2026-08-08 19:02:00,2026-08-08 20:06:42.929344,2026-08-08 19:15:11.015379,2026-08-08 19:57:15.530533,delivered,10.82,high,clear,D082,D082,2026-08-08 19:06:04.677148,,2026-08-08 19:20:00,2026-08-08 20:16:42.929344,completed,eta-v3.2,False,D082,2026-08-08 19:06:04.677148,2026-08-08 19:57:15.530533,2026-08-08 19:15:11.015379,3,,,True,True,-9.46,0.0,0.0,delivered_on_time,2026-08-08 19:57:15.530533,False,-9.46,4.08,9.11,42.08,55.26,64.72,18.0,46.72,-4.82,-4.64,10.0,2026-08-08,19,Saturday,10-20 km
O00803,C0880,R046,D055,Bengaluru,2026-08-28 13:20:00,2026-08-28 14:34:17.043488,2026-08-28 13:58:12.321913,2026-08-28 14:46:40.708937,delivered,16.18,medium,rain,D055,D055,2026-08-28 13:21:03.810366,,2026-08-28 13:38:00,2026-08-28 14:49:16.299261,completed,eta-v3.1,False,D055,2026-08-28 13:21:03.810366,2026-08-28 14:46:40.708937,2026-08-28 13:58:12.321913,2,,,True,True,12.39,1.0,1.0,delivered_late,2026-08-28 14:46:40.708937,False,12.39,1.06,37.14,48.47,86.68,74.28,18.0,56.28,20.21,-7.81,14.99,2026-08-28,13,Friday,10-20 km
O00804,C0031,R057,D092,Bengaluru,2026-08-11 14:31:00,2026-08-11 15:39:42.615644,2026-08-11 15:00:57.746943,2026-08-11 15:41:33.345375,delivered,14.72,medium,clear,D092,D092,2026-08-11 14:35:22.372887,,2026-08-11 14:49:00,2026-08-11 15:45:35.109418,completed,eta-v3.2,False,D092,2026-08-11 14:35:22.372887,2026-08-11 15:41:33.345375,2026-08-11 15:00:57.746943,3,,,True,True,1.85,1.0,0.0,delivered_late,2026-08-11 15:41:33.345375,False,1.85,4.37,25.59,40.59,70.56,68.71,18.0,50.71,11.96,-10.12,5.87,2026-08-11,14,Tuesday,10-20 km
O00805,C0661,R057,D025,Bengaluru,2026-08-04 12:20:00,2026-08-04 13:16:57.835589,2026-08-04 12:57:56.674996,2026-08-04 13:26:32.600756,delivered,7.13,high,clear,D025,D025,2026-08-04 12:20:22.814270,,2026-08-04 12:38:00,2026-08-04 13:33:07.236262,completed,eta-v3.1,False,D025,2026-08-04 12:20:22.814270,2026-08-04 13:26:32.600756,2026-08-04 12:57:56.674996,4,,,True,True,9.58,1.0,0.0,delivered_late,2026-08-04 13:26:32.600756,False,9.58,0.38,37.56,28.6,66.54,56.96,18.0,38.96,19.94,-10.36,16.16,2026-08-04,12,Tuesday,6-10 km
O00806,C0885,R023,D024,Bengaluru,2026-08-10 17:23:00,2026-08-10 18:44:56.888901,2026-08-10 17:41:37.378173,2026-08-10 18:44:34.522024,delivered,17.83,high,rain,D024,D024,2026-08-10 17:24:22.364243,,2026-08-10 17:41:00,2026-08-10 19:01:41.519777,completed,eta-v3.1,False,D024,2026-08-10 17:24:22.364243,2026-08-10 18:44:34.522024,2026-08-10 17:41:37.378173,3,,,True,True,-0.37,0.0,0.0,delivered_on_time,2026-08-10 18:44:34.522024,False,-0.37,1.37,17.25,62.95,81.58,81.95,18.0,63.95,0.62,-1.0,16.74,2026-08-10,17,Monday,10-20 km
O00807,C0327,R056,D077,Bengaluru,2026-08-16 20:35:00,2026-08-16 21:53:06.000000,2026-08-16 20:56:49.509629,2026-08-16 21:54:29.554123,delivered,18.0,medium,rain,D077,D077,2026-08-16 20:37:07.656994,,2026-08-16 20:53:00,2026-08-16 22:02:06.000000,completed,eta-v3.1,False,D077,2026-08-16 20:37:07.656994,2026-08-16 21:54:29.554123,2026-08-16 20:56:49.509629,3,,,True,True,1.39,1.0,0.0,delivered_late,2026-08-16 21:54:29.554123,False,1.39,2.13,19.7,57.67,79.49,78.1,18.0,60.1,3.83,-2.43,9.0,2026-08-16,20,Sunday,10-20 km
O00808,C0392,R032,D071,Bengaluru,2026-08-01 16:56:00,2026-08-01 18:08:48.000000,2026-08-01 17:44:46.475284,2026-08-01 18:37:12.128398,delivered,18.0,low,clear,D071,D071,2026-08-01 16:56:51.993996,,2026-08-01 17:14:00,2026-08-01 18:11:49.650409,completed,eta-v3.2,False,D071,2026-08-01 16:56:51.993996,2026-08-01 18:37:12.128398,2026-08-01 17:44:46.475284,5,,,True,True,28.4,1.0,1.0,delivered_late,2026-08-01 18:37:12.128398,False,28.4,0.87,47.91,52.43,101.2,72.8,18.0,54.8,30.77,-2.37,3.03,2026-08-01,16,Saturday,10-20 km
O00809,C0864,R002,D008,Bengaluru,2026-08-02 18:14:00,2026-08-02 19:33:48.000000,2026-08-02 18:30:19.683728,2026-08-02 19:23:30.952729,delivered,18.0,high,clear,D008,D008,2026-08-02 18:14:08.096314,,2026-08-02 18:32:00,2026-08-02 19:43:48.000000,completed,eta-v3.2,False,D008,2026-08-02 18:14:08.096314,2026-08-02 19:23:30.952729,2026-08-02 18:30:19.683728,3,,,True,True,-10.28,0.0,0.0,delivered_on_time,2026-08-02 19:23:30.952729,False,-10.28,0.13,16.19,53.19,69.52,79.8,18.0,61.8,-1.67,-8.61,10.0,2026-08-02,18,Sunday,10-20 km
O00810,C0274,R013,D111,Bengaluru,2026-08-20 19:18:00,2026-08-20 20:17:16.391855,2026-08-20 19:39:08.541100,2026-08-20 20:12:43.050330,delivered,8.23,high,clear,D111,D111,2026-08-20 19:24:44.890757,,2026-08-20 19:36:00,2026-08-20 20:27:16.391855,completed,eta-v3.1,False,D111,2026-08-20 19:24:44.890757,2026-08-20 20:12:43.050330,2026-08-20 19:39:08.541100,3,,,True,True,-4.56,0.0,0.0,delivered_on_time,2026-08-20 20:12:43.050330,False,-4.56,6.75,14.39,33.58,54.72,59.27,18.0,41.27,3.14,-7.69,10.0,2026-08-20,19,Thursday,6-10 km
O00811,C0729,R018,D024,Bengaluru,2026-08-25 17:23:00,2026-08-25 18:34:34.384124,2026-08-25 18:04:59.204959,2026-08-25 18:48:33.957100,delivered,14.89,medium,rain,D024,D024,2026-08-25 17:24:01.393772,,2026-08-25 17:41:00,2026-08-25 18:50:16.683120,completed,eta-v3.2,False,D024,2026-08-25 17:24:01.393772,2026-08-25 18:48:33.957100,2026-08-25 18:04:59.204959,3,CX-03,,True,True,13.99,1.0,1.0,delivered_late,2026-08-25 18:48:33.957100,False,13.99,1.02,40.96,43.58,85.57,71.57,18.0,53.57,23.99,-9.99,15.7,2026-08-25,17,Tuesday,10-20 km
O00812,C0575,R023,D094,Bengaluru,2026-08-05 16:01:00,2026-08-05 17:09:02.949961,2026-08-05 16:19:11.638441,2026-08-05 16:57:25.524261,delivered,14.55,low,rain,D094,D094,2026-08-05 16:05:33.085638,,2026-08-05 16:19:00,2026-08-05 17:15:52.000954,completed,eta-v3.2,False,D094,2026-08-05 16:05:33.085638,2026-08-05 16:57:25.524261,2026-08-05 16:19:11.638441,5,,,True,True,-11.62,0.0,0.0,delivered_on_time,2026-08-05 16:57:25.524261,False,-11.62,4.55,13.64,38.23,56.43,68.05,18.0,50.05,0.19,-11.82,6.82,2026-08-05,16,Wednesday,10-20 km
O00813,C0304,R034,D087,Bengaluru,2026-08-25 18:56:00,2026-08-25 20:11:36.000000,2026-08-25 19:15:50.488199,2026-08-25 20:06:57.402485,delivered,18.0,medium,clear,D087,D087,2026-08-25 18:58:52.737635,,2026-08-25 19:14:00,2026-08-25 20:15:36.000000,completed,eta-v3.1,False,D087,2026-08-25 18:58:52.737635,2026-08-25 20:06:57.402485,2026-08-25 19:15:50.488199,3,,,True,True,-4.64,0.0,0.0,delivered_on_time,2026-08-25 20:06:57.402485,False,-4.64,2.88,16.96,51.12,70.96,75.6,18.0,57.6,1.84,-6.48,4.0,2026-08-25,18,Tuesday,10-20 km
O00814,C0765,R008,D011,Bengaluru,2026-08-03 17:48:00,2026-08-03 18:26:39.219860,2026-08-03 18:40:11.960955,2026-08-03 18:49:02.169069,delivered,1.74,low,clear,D011,D011,2026-08-03 17:52:07.214885,,2026-08-03 18:06:00,2026-08-03 18:33:43.673405,completed,eta-v3.1,False,D011,2026-08-03 17:52:07.214885,2026-08-03 18:49:02.169069,2026-08-03 18:40:11.960955,2,,,True,True,22.38,1.0,1.0,delivered_late,2026-08-03 18:49:02.169069,False,22.38,4.12,48.08,8.84,61.04,38.65,18.0,20.65,34.2,-11.81,7.07,2026-08-03,17,Monday,0-3 km
O00815,C0873,R032,D074,Bengaluru,2026-08-08 14:41:00,2026-08-08 16:00:48.000000,2026-08-08 14:57:27.174449,2026-08-08 15:59:06.699578,delivered,18.0,high,clear,D074,D074,2026-08-08 14:41:14.617685,,2026-08-08 14:59:00,2026-08-08 16:12:54.300659,completed,eta-v3.1,False,D074,2026-08-08 14:41:14.617685,2026-08-08 15:59:06.699578,2026-08-08 14:57:27.174449,3,,,True,True,-1.69,0.0,0.0,delivered_on_time,2026-08-08 15:59:06.699578,False,-1.69,0.24,16.21,61.66,78.11,79.8,18.0,61.8,-1.55,-0.14,12.11,2026-08-08,14,Saturday,10-20 km
O00816,C0306,R053,D102,Bengaluru,2026-08-22 17:32:00,2026-08-22 18:34:36.897195,2026-08-22 18:01:50.470523,2026-08-22 18:41:37.075833,delivered,9.82,high,clear,D102,D102,2026-08-22 17:34:23.060752,,2026-08-22 17:50:00,2026-08-22 18:46:20.865189,completed,eta-v3.1,False,D102,2026-08-22 17:34:23.060752,2026-08-22 18:41:37.075833,2026-08-22 18:01:50.470523,5,,,True,True,7.0,1.0,0.0,delivered_late,2026-08-22 18:41:37.075833,False,7.0,2.38,27.46,39.78,69.62,62.61,18.0,44.61,11.84,-4.83,11.73,2026-08-22,17,Saturday,6-10 km
O00817,C0727,R030,D035,Bengaluru,2026-08-06 17:09:00,2026-08-06 18:27:06.000000,2026-08-06 17:22:57.435562,2026-08-06 18:20:37.792251,delivered,18.0,medium,rain,D035,D035,2026-08-06 17:11:23.743442,,2026-08-06 17:27:00,2026-08-06 18:36:06.000000,completed,eta-v3.1,False,D035,2026-08-06 17:11:23.743442,2026-08-06 18:20:37.792251,2026-08-06 17:22:57.435562,4,,,True,True,-6.47,0.0,0.0,delivered_on_time,2026-08-06 18:20:37.792251,False,-6.47,2.4,11.56,57.67,71.63,78.1,18.0,60.1,-4.04,-2.43,9.0,2026-08-06,17,Thursday,10-20 km
O00818,C0790,R053,D089,Bengaluru,2026-08-10 18:28:00,2026-08-10 19:36:47.165486,2026-08-10 18:43:38.754949,2026-08-10 19:25:30.039218,delivered,14.76,medium,clear,D089,D089,2026-08-10 18:28:45.992686,,2026-08-10 18:46:00,2026-08-10 19:40:47.165486,completed,eta-v3.1,False,D089,2026-08-10 18:28:45.992686,2026-08-10 19:25:30.039218,2026-08-10 18:43:38.754949,4,,,True,True,-11.29,0.0,0.0,delivered_on_time,2026-08-10 19:25:30.039218,False,-11.29,0.77,14.88,41.85,57.5,68.79,18.0,50.79,-2.35,-8.94,4.0,2026-08-10,18,Monday,10-20 km
O00819,C0342,R054,D021,Bengaluru,2026-08-12 18:41:00,2026-08-12 20:00:48.000000,2026-08-12 19:19:26.076991,2026-08-12 20:20:50.220152,delivered,18.0,high,clear,D021,D021,2026-08-12 18:44:42.741722,,2026-08-12 18:59:00,2026-08-12 20:13:19.663653,completed,eta-v3.1,False,D021,2026-08-12 18:44:42.741722,2026-08-12 20:20:50.220152,2026-08-12 19:19:26.076991,3,CX-03,,True,True,20.04,1.0,1.0,delivered_late,2026-08-12 20:20:50.220152,False,20.04,3.71,34.72,61.4,99.84,79.8,18.0,61.8,20.43,-0.4,12.53,2026-08-12,18,Wednesday,10-20 km
O00820,C0783,R031,D056,Bengaluru,2026-08-15 23:38:00,2026-08-16 00:54:51.718652,2026-08-16 00:09:02.680034,2026-08-16 00:58:49.331485,delivered,15.41,high,rain,D056,D056,2026-08-15 23:45:39.402199,,2026-08-15 23:56:00,2026-08-16 01:09:51.718652,completed,eta-v3.1,False,D056,2026-08-15 23:45:39.402199,2026-08-16 00:58:49.331485,2026-08-16 00:09:02.680034,2,,,True,True,3.96,1.0,0.0,delivered_late,2026-08-16 00:58:49.331485,False,3.96,7.66,23.39,49.78,80.82,76.86,18.0,58.86,13.04,-9.08,15.0,2026-08-15,23,Saturday,10-20 km
O00821,C0642,R006,D095,Bengaluru,2026-08-28 11:17:00,2026-08-28 12:36:12.611291,2026-08-28 11:39:22.514193,2026-08-28 12:32:03.677063,delivered,15.05,severe,clear,D095,D095,2026-08-28 11:17:34.251428,,2026-08-28 11:35:00,2026-08-28 12:56:29.083245,completed,eta-v3.1,False,D095,2026-08-28 11:17:34.251428,2026-08-28 12:32:03.677063,2026-08-28 11:39:22.514193,4,CX-03,,True,True,-4.15,0.0,0.0,delivered_on_time,2026-08-28 12:32:03.677063,False,-4.15,0.57,21.8,52.69,75.06,79.21,18.0,61.21,4.38,-8.52,20.27,2026-08-28,11,Friday,10-20 km
O00822,C0095,R010,D017,Bengaluru,2026-08-04 16:16:00,2026-08-04 17:10:33.398140,2026-08-04 16:40:51.674399,2026-08-04 17:03:27.894153,delivered,6.79,medium,rain,D017,D017,2026-08-04 16:22:36.676866,,2026-08-04 16:34:00,2026-08-04 17:19:33.398140,completed,eta-v3.1,False,D017,2026-08-04 16:22:36.676866,2026-08-04 17:03:27.894153,2026-08-04 16:40:51.674399,5,,,True,True,-7.09,0.0,0.0,delivered_on_time,2026-08-04 17:03:27.894153,False,-7.09,6.61,18.25,22.6,47.46,54.56,18.0,36.56,6.86,-13.96,9.0,2026-08-04,16,Tuesday,6-10 km
O00823,C0301,R001,D107,Bengaluru,2026-08-23 18:17:00,2026-08-23 19:28:38.013519,2026-08-23 18:57:11.020615,2026-08-23 19:40:50.028972,delivered,17.44,low,clear,D056,D107,2026-08-23 18:20:00.690580,2026-08-23 18:27:49.480091,2026-08-23 18:35:00,2026-08-23 19:35:42.458829,completed,eta-v3.2,True,D056,2026-08-23 18:20:00.690580,2026-08-23 19:40:50.028972,2026-08-23 18:57:11.020615,2,CX-01;CX-03,,True,True,12.2,1.0,1.0,delivered_late,2026-08-23 19:40:50.028972,False,12.2,3.01,37.17,43.65,83.83,71.63,18.0,53.63,22.18,-9.98,7.07,2026-08-23,18,Sunday,10-20 km
O00824,C0399,R035,D023,Bengaluru,2026-08-03 23:56:00,2026-08-04 01:10:05.646384,2026-08-04 00:18:10.147447,,cancelled,17.28,medium,clear,D023,D023,2026-08-03 23:58:22.316891,,2026-08-04 00:14:00,2026-08-04 01:14:05.646384,cancelled,eta-v3.1,False,D023,2026-08-03 23:58:22.316891,,,0,,,False,False,,,,cancelled,,False,,2.37,19.8,,,74.09,18.0,56.09,4.17,,4.0,2026-08-03,23,Monday,10-20 km
O00825,C0023,R021,D026,Bengaluru,2026-08-08 19:51:00,2026-08-08 21:03:48.000000,2026-08-08 20:09:01.314180,2026-08-08 20:54:58.768926,delivered,18.0,low,clear,D026,D026,2026-08-08 19:51:00.493549,,2026-08-08 20:09:00,2026-08-08 21:05:03.998804,completed,eta-v3.1,False,D026,2026-08-08 19:51:00.493549,2026-08-08 20:54:58.768926,2026-08-08 20:09:01.314180,2,CX-03,,True,True,-8.82,0.0,0.0,delivered_on_time,2026-08-08 20:54:58.768926,False,-8.82,0.01,18.01,45.96,63.98,72.8,18.0,54.8,0.02,-8.84,1.27,2026-08-08,19,Saturday,10-20 km
O00826,C0625,R025,D010,Bengaluru,2026-08-12 18:30:00,2026-08-12 19:45:36.000000,2026-08-12 19:04:05.730714,2026-08-12 19:50:42.166666,delivered,18.0,medium,clear,D010,D010,2026-08-12 18:34:21.459409,,2026-08-12 18:48:00,2026-08-12 19:49:36.000000,completed,eta-v3.2,False,D010,2026-08-12 18:34:21.459409,2026-08-12 19:50:42.166666,2026-08-12 19:04:05.730714,5,,,True,True,5.1,1.0,0.0,delivered_late,2026-08-12 19:50:42.166666,False,5.1,4.36,29.74,46.61,80.7,75.6,18.0,57.6,16.1,-10.99,4.0,2026-08-12,18,Wednesday,10-20 km
O00827,C0332,R005,D081,Bengaluru,2026-08-16 19:26:00,2026-08-16 20:41:36.000000,2026-08-16 19:48:42.257515,2026-08-16 20:40:25.871737,delivered,18.0,medium,clear,D081,D081,2026-08-16 19:29:10.707633,,2026-08-16 19:44:00,2026-08-16 20:45:36.000000,completed,eta-v3.1,False,D081,2026-08-16 19:29:10.707633,2026-08-16 20:40:25.871737,2026-08-16 19:48:42.257515,4,,,True,True,-1.17,0.0,0.0,delivered_on_time,2026-08-16 20:40:25.871737,False,-1.17,3.18,19.53,51.73,74.43,75.6,18.0,57.6,4.7,-5.87,4.0,2026-08-16,19,Sunday,10-20 km
O00828,C0838,R038,D094,Bengaluru,2026-08-18 19:47:00,2026-08-18 21:02:18.000000,2026-08-18 20:24:35.468933,2026-08-18 21:12:13.348606,delivered,18.0,low,rain,D094,D094,2026-08-18 19:50:04.822170,,2026-08-18 20:05:00,2026-08-18 21:15:04.262762,completed,eta-v3.1,False,D094,2026-08-18 19:50:04.822170,2026-08-18 21:12:13.348606,2026-08-18 20:24:35.468933,2,,,True,True,9.92,1.0,0.0,delivered_late,2026-08-18 21:12:13.348606,False,9.92,3.08,34.51,47.63,85.22,75.3,18.0,57.3,19.59,-9.67,12.77,2026-08-18,19,Tuesday,10-20 km
O00829,C0155,R049,D067,Bengaluru,2026-08-09 22:42:00,2026-08-10 00:07:24.000000,2026-08-09 23:09:02.775964,2026-08-10 00:08:48.638223,delivered,18.0,severe,clear,D067,D067,2026-08-09 22:50:06.203996,,2026-08-09 23:00:00,2026-08-10 00:25:24.000000,completed,eta-v3.2,False,D067,2026-08-09 22:50:06.203996,2026-08-10 00:08:48.638223,2026-08-09 23:09:02.775964,5,,,True,True,1.41,1.0,0.0,delivered_late,2026-08-10 00:08:48.638223,False,1.41,8.1,18.94,59.76,86.81,85.4,18.0,67.4,9.05,-7.64,18.0,2026-08-09,22,Sunday,10-20 km
O00830,C0553,R020,D046,Bengaluru,2026-08-25 23:14:00,2026-08-26 00:25:15.186786,2026-08-25 23:38:59.284984,,delivered,13.93,high,clear,D046,D046,2026-08-25 23:18:34.083337,,2026-08-25 23:32:00,2026-08-26 00:35:15.186786,completed,eta-v3.1,False,D046,2026-08-25 23:18:34.083337,2026-08-26 00:23:16.560771,2026-08-25 23:38:59.284984,2,TS-04,TS-04,True,False,,,,unknown_missing_timestamp,2026-08-26 00:23:16.560771,True,-1.98,4.57,20.42,,,71.25,18.0,53.25,6.99,,10.0,2026-08-25,23,Tuesday,10-20 km
O00831,C0880,R019,D037,Bengaluru,2026-08-25 17:52:00,2026-08-25 19:04:48.000000,2026-08-25 18:19:36.740531,,cancelled,18.0,low,clear,D037,D037,2026-08-25 17:59:50.859511,,2026-08-25 18:10:00,2026-08-25 19:08:03.360874,cancelled,eta-v3.1,False,D037,2026-08-25 17:59:50.859511,,,0,,,False,False,,,,cancelled,,False,,7.85,19.76,,,72.8,18.0,54.8,9.61,,3.26,2026-08-25,17,Tuesday,10-20 km
O00832,C0643,R017,D045,Bengaluru,2026-08-06 20:43:00,2026-08-06 21:55:48.000000,2026-08-06 21:05:33.192800,2026-08-06 21:52:08.761503,delivered,18.0,low,clear,D045,D045,2026-08-06 20:43:08.264749,,2026-08-06 21:01:00,2026-08-06 21:55:48.000000,completed,eta-v3.2,False,D045,2026-08-06 20:43:08.264749,2026-08-06 21:52:08.761503,2026-08-06 21:05:33.192800,4,,,True,True,-3.65,0.0,0.0,delivered_on_time,2026-08-06 21:52:08.761503,False,-3.65,0.14,22.42,46.59,69.15,72.8,18.0,54.8,4.55,-8.21,0.0,2026-08-06,20,Thursday,10-20 km
O00833,C0343,R045,D094,Bengaluru,2026-08-20 19:43:00,2026-08-20 20:41:21.792437,2026-08-20 20:19:29.247161,2026-08-20 20:48:48.295012,delivered,9.79,medium,clear,D094,D094,2026-08-20 19:46:11.533621,,2026-08-20 20:01:00,2026-08-20 20:45:21.792437,completed,eta-v3.1,False,D094,2026-08-20 19:46:11.533621,2026-08-20 20:48:48.295012,2026-08-20 20:19:29.247161,4,,,True,True,7.44,1.0,0.0,delivered_late,2026-08-20 20:48:48.295012,False,7.44,3.19,33.3,29.32,65.8,58.36,18.0,40.36,18.49,-11.04,4.0,2026-08-20,19,Thursday,6-10 km
O00834,C0398,R016,D032,Bengaluru,2026-08-16 20:05:00,2026-08-16 21:20:36.000000,2026-08-16 20:39:04.339337,2026-08-16 21:30:08.134635,delivered,18.0,medium,clear,D032,D032,2026-08-16 20:13:16.200504,,2026-08-16 20:23:00,2026-08-16 21:31:51.357621,completed,eta-v3.1,False,D032,2026-08-16 20:13:16.200504,2026-08-16 21:30:08.134635,2026-08-16 20:39:04.339337,5,,,True,True,9.54,1.0,0.0,delivered_late,2026-08-16 21:30:08.134635,False,9.54,8.27,25.8,51.06,85.14,75.6,18.0,57.6,16.07,-6.54,11.26,2026-08-16,20,Sunday,10-20 km
O00835,C0803,R013,D014,Bengaluru,2026-08-14 12:43:00,2026-08-14 13:54:46.487263,2026-08-14 13:07:36.217118,2026-08-14 13:55:26.155154,delivered,16.32,low,rain,D014,D014,2026-08-14 12:47:36.290527,,2026-08-14 13:01:00,2026-08-14 13:59:46.487263,completed,eta-v3.2,False,D014,2026-08-14 12:47:36.290527,2026-08-14 13:55:26.155154,2026-08-14 13:07:36.217118,2,CX-03,,True,True,0.66,1.0,0.0,delivered_late,2026-08-14 13:55:26.155154,False,0.66,4.6,20.0,47.83,72.44,71.77,18.0,53.77,6.6,-5.94,5.0,2026-08-14,12,Friday,10-20 km
O00836,C0263,R029,D070,Bengaluru,2026-08-17 18:57:00,2026-08-17 20:15:06.000000,2026-08-17 19:44:15.440913,2026-08-17 20:35:59.649573,delivered,18.0,medium,rain,D070,D070,2026-08-17 18:57:52.102255,,2026-08-17 19:15:00,2026-08-17 20:32:59.063167,completed,eta-v3.2,False,D070,2026-08-17 18:57:52.102255,2026-08-17 20:35:59.649573,2026-08-17 19:44:15.440913,2,,,True,True,20.89,1.0,1.0,delivered_late,2026-08-17 20:35:59.649573,False,20.89,0.87,46.39,51.74,98.99,78.1,18.0,60.1,29.26,-8.36,17.88,2026-08-17,18,Monday,10-20 km
O00837,C0343,R033,D067,Bengaluru,2026-08-21 22:49:00,2026-08-22 00:04:36.000000,2026-08-21 23:14:19.230016,2026-08-22 00:08:31.250876,delivered,18.0,medium,clear,D067,D067,2026-08-21 22:54:29.937464,,2026-08-21 23:07:00,2026-08-22 00:09:19.341080,completed,eta-v3.1,False,D067,2026-08-21 22:54:29.937464,2026-08-22 00:08:31.250876,2026-08-21 23:14:19.230016,3,,,True,True,3.92,1.0,0.0,delivered_late,2026-08-22 00:08:31.250876,False,3.92,5.5,19.82,54.2,79.52,75.6,18.0,57.6,7.32,-3.4,4.72,2026-08-21,22,Friday,10-20 km
O00838,C0276,R030,D014,Bengaluru,2026-08-01 18:23:00,2026-08-01 19:16:13.742166,2026-08-01 18:38:43.156359,2026-08-01 19:05:13.824800,delivered,5.35,high,clear,D014,D014,2026-08-01 18:24:19.401961,,2026-08-01 18:41:00,2026-08-01 19:26:13.742166,completed,eta-v3.1,False,D014,2026-08-01 18:24:19.401961,2026-08-01 19:05:13.824800,2026-08-01 18:38:43.156359,5,,,True,True,-11.0,0.0,0.0,delivered_on_time,2026-08-01 19:05:13.824800,False,-11.0,1.32,14.4,26.51,42.23,53.23,18.0,35.23,-2.28,-8.72,10.0,2026-08-01,18,Saturday,3-6 km
O00839,C0526,R004,D037,Bengaluru,2026-08-17 22:58:00,2026-08-18 00:05:58.318565,2026-08-17 23:27:27.259821,2026-08-18 00:09:30.201692,delivered,9.7,severe,clear,D037,D037,2026-08-17 23:06:22.054141,,2026-08-17 23:16:00,2026-08-18 00:28:08.784458,completed,eta-v3.2,False,D037,2026-08-17 23:06:22.054141,2026-08-18 00:09:30.201692,2026-08-17 23:27:27.259821,3,,,True,True,3.53,1.0,0.0,delivered_late,2026-08-18 00:09:30.201692,False,3.53,8.37,21.09,42.05,71.5,67.97,18.0,49.97,11.45,-7.92,22.17,2026-08-17,22,Monday,6-10 km
O00840,C0016,R009,D011,Bengaluru,2026-08-07 13:08:00,2026-08-07 14:27:48.000000,2026-08-07 13:29:14.230851,,cancelled,18.0,high,clear,D011,D011,2026-08-07 13:16:57.266528,,2026-08-07 13:26:00,2026-08-07 14:37:48.000000,cancelled,eta-v3.2,False,D011,2026-08-07 13:16:57.266528,,,0,,,False,False,,,,cancelled,,False,,8.95,12.28,,,79.8,18.0,61.8,3.24,,10.0,2026-08-07,13,Friday,10-20 km
O00841,C0118,R031,D083,Bengaluru,2026-08-19 18:19:00,2026-08-19 19:38:48.000000,2026-08-19 18:42:04.381848,2026-08-19 19:40:26.637445,delivered,18.0,high,clear,D083,D083,2026-08-19 18:23:08.339620,,2026-08-19 18:37:00,2026-08-19 19:52:07.082754,completed,eta-v3.2,False,D083,2026-08-19 18:23:08.339620,2026-08-19 19:40:26.637445,2026-08-19 18:42:04.381848,3,,,True,True,1.64,1.0,0.0,delivered_late,2026-08-19 19:40:26.637445,False,1.64,4.14,18.93,58.37,81.44,79.8,18.0,61.8,5.07,-3.43,13.32,2026-08-19,18,Wednesday,10-20 km
O00842,C0660,R042,D116,Bengaluru,2026-08-26 12:42:00,2026-08-26 13:38:20.981075,2026-08-26 13:30:00.981231,2026-08-26 13:56:06.259045,delivered,10.17,low,clear,D116,D116,2026-08-26 12:47:10.687450,,2026-08-26 13:00:00,2026-08-26 13:42:04.152171,completed,eta-v3.2,False,D116,2026-08-26 12:47:10.687450,2026-08-26 13:56:06.259045,2026-08-26 13:30:00.981231,4,,,True,True,17.75,1.0,1.0,delivered_late,2026-08-26 13:56:06.259045,False,17.75,5.18,42.84,26.09,74.1,56.35,18.0,38.35,30.02,-12.26,3.72,2026-08-26,12,Wednesday,10-20 km
O00843,C0439,R036,D100,Bengaluru,2026-08-02 21:49:00,2026-08-02 22:46:34.120516,2026-08-02 22:19:43.603646,2026-08-02 22:51:10.627848,delivered,9.41,medium,clear,D100,D100,2026-08-02 21:51:24.667865,,2026-08-02 22:07:00,2026-08-02 22:51:12.803195,completed,eta-v3.1,False,D100,2026-08-02 21:51:24.667865,2026-08-02 22:51:10.627848,2026-08-02 22:19:43.603646,5,,,True,True,4.61,1.0,0.0,delivered_late,2026-08-02 22:51:10.627848,False,4.61,2.41,28.32,31.45,62.18,57.57,18.0,39.57,12.73,-8.12,4.64,2026-08-02,21,Sunday,6-10 km
O00844,C0588,R013,D099,Bengaluru,2026-08-25 12:38:00,2026-08-25 13:39:18.931456,2026-08-25 13:13:47.011384,2026-08-25 13:46:40.829338,delivered,12.53,low,clear,D099,D099,2026-08-25 12:39:49.412990,,2026-08-25 12:56:00,2026-08-25 13:47:30.526013,completed,eta-v3.2,False,D099,2026-08-25 12:39:49.412990,2026-08-25 13:46:40.829338,2026-08-25 13:13:47.011384,4,,,True,True,7.36,1.0,0.0,delivered_late,2026-08-25 13:46:40.829338,False,7.36,1.82,33.96,32.9,68.68,61.32,18.0,43.32,17.78,-10.42,8.19,2026-08-25,12,Tuesday,10-20 km
O00845,C0597,R006,D077,Bengaluru,2026-08-16 18:24:00,2026-08-16 19:11:32.755501,2026-08-16 18:56:30.208177,2026-08-16 19:22:52.966966,delivered,1.45,high,rain,D077,D077,2026-08-16 18:25:31.590920,,2026-08-16 18:42:00,2026-08-16 19:26:32.755501,completed,eta-v3.1,False,D077,2026-08-16 18:25:31.590920,2026-08-16 19:22:52.966966,2026-08-16 18:56:30.208177,2,,,True,True,11.34,1.0,1.0,delivered_late,2026-08-16 19:22:52.966966,False,11.34,1.53,30.98,26.38,58.88,47.55,18.0,29.55,14.5,-3.17,15.0,2026-08-16,18,Sunday,0-3 km
O00846,C0140,R042,D082,Bengaluru,2026-08-18 18:40:00,2026-08-18 19:48:16.754904,2026-08-18 19:04:29.753529,2026-08-18 19:45:04.036445,delivered,15.85,low,clear,D082,D082,2026-08-18 18:40:21.885192,,2026-08-18 18:58:00,2026-08-18 19:49:23.082356,completed,eta-v3.2,False,D082,2026-08-18 18:40:21.885192,2026-08-18 19:45:04.036445,2026-08-18 19:04:29.753529,3,,,True,True,-3.21,0.0,0.0,delivered_on_time,2026-08-18 19:45:04.036445,False,-3.21,0.36,24.13,40.57,65.07,68.28,18.0,50.28,6.5,-9.71,1.11,2026-08-18,18,Tuesday,10-20 km
O00847,C0481,R013,D035,Bengaluru,2026-08-17 19:17:00,2026-08-17 20:13:55.935743,2026-08-17 19:45:15.416585,2026-08-17 20:16:15.230207,delivered,9.11,medium,clear,D035,D035,2026-08-17 19:30:38.753711,,2026-08-17 19:35:00,2026-08-17 20:17:55.935743,completed,eta-v3.2,False,D035,2026-08-17 19:30:38.753711,2026-08-17 20:16:15.230207,2026-08-17 19:45:15.416585,4,,,True,True,2.32,1.0,0.0,delivered_late,2026-08-17 20:16:15.230207,False,2.32,13.65,14.61,31.0,59.25,56.93,18.0,38.93,10.26,-7.93,4.0,2026-08-17,19,Monday,6-10 km
O00848,C0682,R001,D043,Bengaluru,2026-08-17 13:46:00,2026-08-17 15:05:48.000000,2026-08-17 14:09:18.117199,2026-08-17 15:03:22.390052,delivered,18.0,high,clear,D043,D043,2026-08-17 13:46:06.650950,,2026-08-17 14:04:00,2026-08-17 15:15:48.000000,completed,eta-v3.2,False,D043,2026-08-17 13:46:06.650950,2026-08-17 15:03:22.390052,2026-08-17 14:09:18.117199,5,,,True,True,-2.43,0.0,0.0,delivered_on_time,2026-08-17 15:03:22.390052,False,-2.43,0.11,23.19,54.07,77.37,79.8,18.0,61.8,5.3,-7.73,10.0,2026-08-17,13,Monday,10-20 km
O00849,C0739,R024,D117,Bengaluru,2026-08-20 12:07:00,2026-08-20 13:34:54.000000,2026-08-20 12:36:21.256784,2026-08-20 13:45:22.878021,delivered,18.0,severe,rain,D117,D117,2026-08-20 12:12:39.427034,,2026-08-20 12:25:00,2026-08-20 13:57:54.000000,completed,eta-v3.2,False,D117,2026-08-20 12:12:39.427034,2026-08-20 13:45:22.878021,2026-08-20 12:36:21.256784,5,,,True,True,10.48,1.0,1.0,delivered_late,2026-08-20 13:45:22.878021,False,10.48,5.66,23.7,69.03,98.38,87.9,18.0,69.9,11.35,-0.87,23.0,2026-08-20,12,Thursday,10-20 km
O00850,C0412,R028,D002,Bengaluru,2026-08-16 18:20:00,2026-08-16 19:19:51.236850,2026-08-16 18:43:30.654506,2026-08-16 19:11:36.841928,delivered,11.84,low,clear,D002,D002,2026-08-16 18:22:48.541764,,2026-08-16 18:38:00,2026-08-16 19:19:51.236850,completed,eta-v3.2,False,D002,2026-08-16 18:22:48.541764,2026-08-16 19:11:36.841928,2026-08-16 18:43:30.654506,2,,,True,True,-8.24,0.0,0.0,delivered_on_time,2026-08-16 19:11:36.841928,False,-8.24,2.81,20.7,28.1,51.61,59.85,18.0,41.85,5.51,-13.75,0.0,2026-08-16,18,Sunday,10-20 km
O00851,C0584,R015,D083,Bengaluru,2026-08-07 11:42:00,2026-08-07 12:53:19.986771,2026-08-07 11:57:42.201732,2026-08-07 12:42:31.839199,delivered,15.97,medium,clear,D083,D083,2026-08-07 11:44:05.211340,,2026-08-07 12:00:00,2026-08-07 12:57:19.986771,completed,eta-v3.2,False,D083,2026-08-07 11:44:05.211340,2026-08-07 12:42:31.839199,2026-08-07 11:57:42.201732,4,,,True,True,-10.8,0.0,0.0,delivered_on_time,2026-08-07 12:42:31.839199,False,-10.8,2.09,13.62,44.83,60.53,71.33,18.0,53.33,-2.3,-8.5,4.0,2026-08-07,11,Friday,10-20 km
O00852,C0808,R043,D118,Bengaluru,2026-08-08 13:52:00,2026-08-08 15:07:36.000000,2026-08-08 14:35:44.206558,2026-08-08 15:23:48.566562,delivered,18.0,medium,clear,D118,D118,2026-08-08 13:56:03.173352,,2026-08-08 14:10:00,2026-08-08 15:15:41.892982,completed,eta-v3.1,False,D118,2026-08-08 13:56:03.173352,2026-08-08 15:23:48.566562,2026-08-08 14:35:44.206558,5,,,True,True,16.21,1.0,1.0,delivered_late,2026-08-08 15:23:48.566562,False,16.21,4.05,39.68,48.07,91.81,75.6,18.0,57.6,25.74,-9.53,8.1,2026-08-08,13,Saturday,10-20 km
O00853,C0335,R005,D036,Bengaluru,2026-08-04 11:42:00,2026-08-04 12:35:37.707596,2026-08-04 12:11:53.817080,2026-08-04 12:45:05.247031,delivered,7.54,medium,clear,D036,D036,2026-08-04 11:43:36.940068,,2026-08-04 12:00:00,2026-08-04 12:39:37.707596,completed,eta-v3.2,False,D036,2026-08-04 11:43:36.940068,2026-08-04 12:45:05.247031,2026-08-04 12:11:53.817080,5,CX-03,,True,True,9.46,1.0,0.0,delivered_late,2026-08-04 12:45:05.247031,False,9.46,1.62,28.28,33.19,63.09,53.63,18.0,35.63,11.9,-2.44,4.0,2026-08-04,11,Tuesday,6-10 km
O00854,C0575,R018,D094,Bengaluru,2026-08-22 18:50:00,2026-08-22 20:09:48.000000,2026-08-22 19:33:11.908823,2026-08-22 20:27:37.081650,delivered,18.0,high,clear,D094,D094,2026-08-22 18:50:23.416183,,2026-08-22 19:08:00,2026-08-22 20:27:37.953818,completed,eta-v3.1,False,D094,2026-08-22 18:50:23.416183,2026-08-22 20:27:37.081650,2026-08-22 19:33:11.908823,5,,,True,True,17.82,1.0,1.0,delivered_late,2026-08-22 20:27:37.081650,False,17.82,0.39,42.81,54.42,97.62,79.8,18.0,61.8,25.2,-7.38,17.83,2026-08-22,18,Saturday,10-20 km
O00855,C0377,R016,D059,Bengaluru,2026-08-23 16:14:00,2026-08-23 17:32:06.000000,2026-08-23 16:36:22.864159,2026-08-23 17:34:28.591437,delivered,18.0,medium,rain,D093,D059,2026-08-23 16:17:05.127298,2026-08-23 16:24:41.169567,2026-08-23 16:32:00,2026-08-23 17:41:08.809822,completed,eta-v3.2,True,D093,2026-08-23 16:17:05.127298,2026-08-23 17:34:28.591437,2026-08-23 16:36:22.864159,4,CX-01;CX-03,,True,True,2.38,1.0,0.0,delivered_late,2026-08-23 17:34:28.591437,False,2.38,3.09,19.3,58.1,80.48,78.1,18.0,60.1,4.38,-2.0,9.05,2026-08-23,16,Sunday,10-20 km
O00856,C0735,R048,D086,Bengaluru,2026-08-03 18:22:00,2026-08-03 19:29:18.716564,2026-08-03 18:42:04.921679,2026-08-03 19:19:34.964724,delivered,14.05,medium,clear,D086,D086,2026-08-03 18:25:04.567095,,2026-08-03 18:40:00,2026-08-03 19:33:18.716564,completed,eta-v3.1,False,D086,2026-08-03 18:25:04.567095,2026-08-03 19:19:34.964724,2026-08-03 18:42:04.921679,5,,,True,True,-9.73,0.0,0.0,delivered_on_time,2026-08-03 19:19:34.964724,False,-9.73,3.08,17.01,37.5,57.58,67.31,18.0,49.31,2.08,-11.81,4.0,2026-08-03,18,Monday,10-20 km
O00857,C0244,R053,D088,Bengaluru,2026-08-23 18:16:00,2026-08-23 19:29:08.492787,2026-08-23 18:47:20.041957,2026-08-23 19:39:46.767632,delivered,16.97,low,rain,D088,D088,2026-08-23 18:16:46.477994,,2026-08-23 18:34:00,2026-08-23 19:36:51.843130,completed,eta-v3.1,False,D088,2026-08-23 18:16:46.477994,2026-08-23 19:39:46.767632,2026-08-23 18:47:20.041957,3,,,True,True,10.64,1.0,1.0,delivered_late,2026-08-23 19:39:46.767632,False,10.64,0.77,30.56,52.45,83.78,73.14,18.0,55.14,13.33,-2.69,7.72,2026-08-23,18,Sunday,10-20 km
O00858,C0528,R046,D008,Bengaluru,2026-08-02 18:50:00,2026-08-02 20:07:03.233589,2026-08-02 19:09:59.566241,2026-08-02 20:13:45.040736,delivered,13.84,high,heavy_rain,D008,D008,2026-08-02 18:51:16.471953,,2026-08-02 19:08:00,2026-08-02 20:29:03.233589,completed,eta-v3.1,False,D008,2026-08-02 18:51:16.471953,2026-08-02 20:13:45.040736,2026-08-02 19:09:59.566241,3,,,True,True,6.7,1.0,0.0,delivered_late,2026-08-02 20:13:45.040736,False,6.7,1.27,18.72,63.76,83.75,77.05,18.0,59.05,1.99,4.71,22.0,2026-08-02,18,Sunday,10-20 km
O00859,C0841,R017,D059,Bengaluru,2026-08-09 20:11:00,2026-08-09 21:06:09.468610,2026-08-09 20:28:21.873701,2026-08-09 21:00:09.009957,delivered,8.27,medium,clear,D059,D059,2026-08-09 20:11:39.562306,,2026-08-09 20:29:00,2026-08-09 21:10:09.468610,completed,eta-v3.1,False,D059,2026-08-09 20:11:39.562306,2026-08-09 21:00:09.009957,2026-08-09 20:28:21.873701,3,,,True,True,-6.01,0.0,0.0,delivered_on_time,2026-08-09 21:00:09.009957,False,-6.01,0.66,16.71,31.79,49.15,55.16,18.0,37.16,-0.64,-5.37,4.0,2026-08-09,20,Sunday,6-10 km
O00860,C0518,R014,D113,Bengaluru,2026-08-17 21:25:00,2026-08-17 22:17:30.618676,2026-08-17 21:43:14.347813,2026-08-17 22:09:38.345727,delivered,8.34,low,clear,D113,D113,2026-08-17 21:28:43.448435,,2026-08-17 21:43:00,2026-08-17 22:17:30.618676,completed,eta-v3.2,False,D113,2026-08-17 21:28:43.448435,2026-08-17 22:09:38.345727,2026-08-17 21:43:14.347813,5,,,True,True,-7.87,0.0,0.0,delivered_on_time,2026-08-17 22:09:38.345727,False,-7.87,3.72,14.51,26.4,44.64,52.51,18.0,34.51,0.24,-8.11,0.0,2026-08-17,21,Monday,6-10 km
O00861,C0183,R022,D058,Bengaluru,2026-08-03 23:08:00,2026-08-04 00:13:17.526173,2026-08-03 23:35:57.627446,2026-08-04 00:18:15.808052,delivered,14.42,low,clear,D058,D058,2026-08-03 23:20:22.807595,,2026-08-03 23:26:00,2026-08-04 00:15:39.826924,completed,eta-v3.2,False,D058,2026-08-03 23:20:22.807595,2026-08-04 00:18:15.808052,2026-08-03 23:35:57.627446,4,,,True,True,4.97,1.0,0.0,delivered_late,2026-08-04 00:18:15.808052,False,4.97,12.38,15.58,42.3,70.26,65.29,18.0,47.29,9.96,-4.99,2.37,2026-08-03,23,Monday,10-20 km
O00862,C0067,R025,D096,Bengaluru,2026-08-09 18:26:00,2026-08-09 19:41:18.000000,2026-08-09 19:16:31.622000,2026-08-09 20:05:24.298945,delivered,18.0,low,rain,D096,D096,2026-08-09 18:37:37.028673,,2026-08-09 18:44:00,2026-08-09 19:49:42.236002,completed,eta-v3.2,False,D096,2026-08-09 18:37:37.028673,2026-08-09 20:05:24.298945,2026-08-09 19:16:31.622000,4,CX-03,,True,True,24.1,1.0,1.0,delivered_late,2026-08-09 20:05:24.298945,False,24.1,11.62,38.91,48.88,99.4,75.3,18.0,57.3,32.53,-8.42,8.4,2026-08-09,18,Sunday,10-20 km
O00863,C0657,R032,D103,Bengaluru,2026-08-25 19:09:00,2026-08-25 20:24:36.000000,2026-08-25 19:34:44.852623,2026-08-25 20:22:30.421397,delivered,18.0,medium,clear,D103,D103,2026-08-25 19:12:37.398733,,2026-08-25 19:27:00,2026-08-25 20:29:23.377539,completed,eta-v3.1,False,D103,2026-08-25 19:12:37.398733,2026-08-25 20:22:30.421397,2026-08-25 19:34:44.852623,4,,,True,True,-2.09,0.0,0.0,delivered_on_time,2026-08-25 20:22:30.421397,False,-2.09,3.62,22.12,47.76,73.51,75.6,18.0,57.6,7.75,-9.84,4.79,2026-08-25,19,Tuesday,10-20 km
O00864,C0237,R018,D076,Bengaluru,2026-08-15 13:03:00,2026-08-15 14:06:19.178423,2026-08-15 13:29:13.485953,2026-08-15 14:08:23.327115,delivered,12.15,medium,clear,D076,D076,2026-08-15 13:04:01.044978,,2026-08-15 13:21:00,2026-08-15 14:12:24.227101,completed,eta-v3.2,False,D076,2026-08-15 13:04:01.044978,2026-08-15 14:08:23.327115,2026-08-15 13:29:13.485953,4,,,True,True,2.07,1.0,0.0,delivered_late,2026-08-15 14:08:23.327115,False,2.07,1.02,25.21,39.16,65.39,63.32,18.0,45.32,8.22,-6.16,6.08,2026-08-15,13,Saturday,10-20 km
O00865,C0272,R010,D036,Bengaluru,2026-08-28 21:04:00,2026-08-28 22:19:36.000000,2026-08-28 21:18:41.788656,2026-08-28 22:10:01.532718,delivered,18.0,medium,clear,D036,D036,2026-08-28 21:08:21.412713,,2026-08-28 21:22:00,2026-08-28 22:23:36.000000,completed,eta-v3.2,False,D036,2026-08-28 21:08:21.412713,2026-08-28 22:10:01.532718,2026-08-28 21:18:41.788656,3,,,True,True,-9.57,0.0,0.0,delivered_on_time,2026-08-28 22:10:01.532718,False,-9.57,4.36,10.34,51.33,66.03,75.6,18.0,57.6,-3.3,-6.27,4.0,2026-08-28,21,Friday,10-20 km
O00866,C0342,R029,D119,Bengaluru,2026-08-11 20:29:00,2026-08-11 21:44:36.000000,2026-08-11 20:45:42.202426,2026-08-11 21:32:27.228041,delivered,18.0,medium,clear,D119,D119,2026-08-11 20:31:17.705168,,2026-08-11 20:47:00,2026-08-11 21:48:36.000000,completed,eta-v3.2,False,D119,2026-08-11 20:31:17.705168,2026-08-11 21:32:27.228041,2026-08-11 20:45:42.202426,2,,,True,True,-12.15,0.0,0.0,delivered_on_time,2026-08-11 21:32:27.228041,False,-12.15,2.3,14.41,46.75,63.45,75.6,18.0,57.6,-1.3,-10.85,4.0,2026-08-11,20,Tuesday,10-20 km
O00867,C0587,R047,D100,Bengaluru,2026-08-24 18:04:00,2026-08-24 19:04:51.843400,2026-08-24 18:27:22.899075,2026-08-24 19:05:40.020409,delivered,6.32,severe,clear,D100,D100,2026-08-24 18:06:00.347067,,2026-08-24 18:22:00,2026-08-24 19:23:41.507780,completed,eta-v3.1,False,D100,2026-08-24 18:06:00.347067,2026-08-24 19:05:40.020409,2026-08-24 18:27:22.899075,3,,,True,True,0.8,1.0,0.0,delivered_late,2026-08-24 19:05:40.020409,False,0.8,2.01,21.38,38.29,61.67,60.86,18.0,42.86,5.38,-4.57,18.83,2026-08-24,18,Monday,6-10 km
O00868,C0881,R021,D008,Bengaluru,2026-08-02 11:00:00,2026-08-02 12:25:24.000000,2026-08-02 11:24:19.405504,2026-08-02 12:32:22.041184,delivered,18.0,severe,clear,D008,D008,2026-08-02 11:01:14.437450,,2026-08-02 11:18:00,2026-08-02 12:43:24.000000,completed,eta-v3.2,False,D008,2026-08-02 11:01:14.437450,2026-08-02 12:32:22.041184,2026-08-02 11:24:19.405504,3,,,True,True,6.97,1.0,0.0,delivered_late,2026-08-02 12:32:22.041184,False,6.97,1.24,23.08,68.04,92.37,85.4,18.0,67.4,6.32,0.64,18.0,2026-08-02,11,Sunday,10-20 km
O00869,C0519,R033,D010,Bengaluru,2026-08-09 20:50:00,2026-08-09 22:02:48.000000,2026-08-09 21:14:55.116533,2026-08-09 21:58:01.471632,delivered,18.0,low,clear,D010,D010,2026-08-09 20:50:08.643777,,2026-08-09 21:08:00,2026-08-09 22:02:48.000000,completed,eta-v3.2,False,D010,2026-08-09 20:50:08.643777,2026-08-09 21:58:01.471632,2026-08-09 21:14:55.116533,4,,,True,True,-4.78,0.0,0.0,delivered_on_time,2026-08-09 21:58:01.471632,False,-4.78,0.14,24.77,43.11,68.02,72.8,18.0,54.8,6.92,-11.69,0.0,2026-08-09,20,Sunday,10-20 km
O00870,C0166,R044,D043,Bengaluru,2026-08-27 20:40:00,2026-08-27 21:57:42.489444,2026-08-27 21:05:06.874847,2026-08-27 22:01:01.794127,delivered,17.0,high,clear,D043,D043,2026-08-27 20:41:35.307210,,2026-08-27 20:58:00,2026-08-27 22:07:42.489444,completed,eta-v3.1,False,D043,2026-08-27 20:41:35.307210,2026-08-27 22:01:01.794127,2026-08-27 21:05:06.874847,2,,,True,True,3.32,1.0,0.0,delivered_late,2026-08-27 22:01:01.794127,False,3.32,1.59,23.53,55.92,81.03,77.71,18.0,59.71,7.11,-3.79,10.0,2026-08-27,20,Thursday,10-20 km
O00871,C0621,R024,D092,Bengaluru,2026-08-17 16:46:00,2026-08-17 18:11:24.000000,2026-08-17 17:02:26.061448,2026-08-17 18:04:22.619317,delivered,18.0,severe,clear,D092,D092,2026-08-17 16:47:39.642604,,2026-08-17 17:04:00,2026-08-17 18:31:13.522463,completed,eta-v3.1,False,D092,2026-08-17 16:47:39.642604,2026-08-17 18:04:22.619317,2026-08-17 17:02:26.061448,3,,,True,True,-7.02,0.0,0.0,delivered_on_time,2026-08-17 18:04:22.619317,False,-7.02,1.66,14.77,61.94,78.38,85.4,18.0,67.4,-1.57,-5.46,19.83,2026-08-17,16,Monday,10-20 km
O00872,C0139,R056,D114,Bengaluru,2026-08-18 18:26:00,2026-08-18 19:45:48.000000,2026-08-18 18:57:50.599690,2026-08-18 19:48:35.861226,delivered,18.0,high,clear,D114,D114,2026-08-18 18:26:14.314312,,2026-08-18 18:44:00,2026-08-18 19:55:48.000000,completed,eta-v3.2,False,D114,2026-08-18 18:26:14.314312,2026-08-18 19:48:35.861226,2026-08-18 18:57:50.599690,2,,,True,True,2.8,1.0,0.0,delivered_late,2026-08-18 19:48:35.861226,False,2.8,0.24,31.6,50.75,82.6,79.8,18.0,61.8,13.84,-11.05,10.0,2026-08-18,18,Tuesday,10-20 km
O00873,C0301,R060,D010,Bengaluru,2026-08-05 17:01:00,2026-08-05 18:00:16.242666,2026-08-05 17:20:52.733979,2026-08-05 17:56:08.815245,delivered,10.22,medium,clear,D010,D010,2026-08-05 17:04:49.081596,,2026-08-05 17:19:00,2026-08-05 18:04:16.242666,completed,eta-v3.1,False,D010,2026-08-05 17:04:49.081596,2026-08-05 17:56:08.815245,2026-08-05 17:20:52.733979,3,FR-01,,True,True,-4.12,0.0,0.0,delivered_on_time,2026-08-05 17:56:08.815245,False,-4.12,3.82,16.06,35.27,55.15,59.27,18.0,41.27,1.88,-6.0,4.0,2026-08-05,17,Wednesday,10-20 km
O00874,C0133,R018,D008,Bengaluru,2026-08-06 19:37:00,2026-08-06 20:51:29.097055,2026-08-06 20:31:50.915352,2026-08-06 21:19:29.735858,delivered,17.47,medium,clear,D008,D008,2026-08-06 19:37:36.030281,,2026-08-06 19:55:00,2026-08-06 21:03:59.563919,completed,eta-v3.1,False,D008,2026-08-06 19:37:36.030281,2026-08-06 21:19:29.735858,2026-08-06 20:31:50.915352,2,,,True,True,28.01,1.0,1.0,delivered_late,2026-08-06 21:19:29.735858,False,28.01,0.6,54.25,47.65,102.5,74.48,18.0,56.48,36.85,-8.83,12.51,2026-08-06,19,Thursday,10-20 km
O00875,C0356,R060,D069,Bengaluru,2026-08-10 23:23:00,2026-08-11 00:20:37.298015,2026-08-10 23:57:33.888524,2026-08-11 00:32:44.542189,delivered,6.25,high,rain,D069,D069,2026-08-10 23:24:40.205162,,2026-08-10 23:41:00,2026-08-11 00:40:11.967125,completed,eta-v3.1,False,D069,2026-08-10 23:24:40.205162,2026-08-11 00:32:44.542189,2026-08-10 23:57:33.888524,2,,,True,True,12.12,1.0,1.0,delivered_late,2026-08-11 00:32:44.542189,False,12.12,1.67,32.89,35.18,69.74,57.62,18.0,39.62,16.56,-4.44,19.58,2026-08-10,23,Monday,6-10 km
O00876,C0754,R007,D095,Bengaluru,2026-08-27 22:50:00,2026-08-28 00:02:48.000000,2026-08-27 23:06:04.179160,2026-08-27 23:48:45.962206,delivered,18.0,low,clear,D095,D095,2026-08-27 22:54:37.622690,,2026-08-27 23:08:00,2026-08-28 00:02:48.000000,completed,eta-v3.2,False,D095,2026-08-27 22:54:37.622690,2026-08-27 23:48:45.962206,2026-08-27 23:06:04.179160,5,RG-03,,True,True,-14.03,0.0,0.0,delivered_on_time,2026-08-27 23:48:45.962206,False,-14.03,4.63,11.44,42.7,58.77,72.8,18.0,54.8,-1.93,-12.1,0.0,2026-08-27,22,Thursday,10-20 km
O00877,C0612,R005,D073,Bengaluru,2026-08-20 14:18:00,2026-08-20 15:33:18.000000,2026-08-20 14:42:07.350378,2026-08-20 15:26:50.368469,delivered,18.0,low,rain,D073,D073,2026-08-20 14:19:33.570439,,2026-08-20 14:36:00,2026-08-20 15:38:40.825072,completed,eta-v3.2,False,D073,2026-08-20 14:19:33.570439,2026-08-20 15:26:50.368469,2026-08-20 14:42:07.350378,5,,,True,True,-6.46,0.0,0.0,delivered_on_time,2026-08-20 15:26:50.368469,False,-6.46,1.56,22.56,44.72,68.84,75.3,18.0,57.3,6.12,-12.58,5.38,2026-08-20,14,Thursday,10-20 km
O00878,C0815,R043,D030,Bengaluru,2026-08-07 15:09:00,2026-08-07 16:02:01.870260,2026-08-07 15:48:13.445935,2026-08-07 16:17:37.155106,delivered,5.25,high,clear,D030,D030,2026-08-07 15:11:06.260621,,2026-08-07 15:27:00,2026-08-07 16:20:46.535583,completed,eta-v3.2,False,D030,2026-08-07 15:11:06.260621,2026-08-07 16:17:37.155106,2026-08-07 15:48:13.445935,4,,,True,True,15.59,1.0,1.0,delivered_late,2026-08-07 16:17:37.155106,False,15.59,2.1,37.12,29.4,68.62,53.03,18.0,35.03,21.22,-5.63,18.74,2026-08-07,15,Friday,3-6 km
O00879,C0049,R049,D005,Bengaluru,2026-08-21 19:42:00,2026-08-21 20:56:48.715750,2026-08-21 20:10:28.445315,2026-08-21 20:56:45.964326,delivered,17.62,medium,clear,D005,D005,2026-08-21 19:46:14.759900,,2026-08-21 20:00:00,2026-08-21 21:01:40.498341,completed,eta-v3.1,False,D005,2026-08-21 19:46:14.759900,2026-08-21 20:56:45.964326,2026-08-21 20:10:28.445315,2,,,True,True,-0.05,0.0,0.0,delivered_on_time,2026-08-21 20:56:45.964326,False,-0.05,4.25,24.23,46.29,74.77,74.81,18.0,56.81,10.47,-10.52,4.86,2026-08-21,19,Friday,10-20 km
O00880,C0345,R060,D038,Bengaluru,2026-08-09 17:52:00,2026-08-09 18:58:22.514305,2026-08-09 18:15:45.666363,2026-08-09 18:53:59.606120,delivered,13.61,medium,clear,D038,D038,2026-08-09 17:55:57.543991,,2026-08-09 18:10:00,2026-08-09 19:02:22.514305,completed,eta-v3.2,False,D038,2026-08-09 17:55:57.543991,2026-08-09 18:53:59.606120,2026-08-09 18:15:45.666363,3,,,True,True,-4.38,0.0,0.0,delivered_on_time,2026-08-09 18:53:59.606120,False,-4.38,3.96,19.8,38.23,61.99,66.38,18.0,48.38,5.76,-10.15,4.0,2026-08-09,17,Sunday,10-20 km
O00881,C0641,R009,D009,Bengaluru,2026-08-14 12:56:00,2026-08-14 14:21:24.000000,2026-08-14 13:29:05.025079,2026-08-14 14:29:15.196188,delivered,18.0,severe,clear,D009,D009,2026-08-14 12:56:51.139096,,2026-08-14 13:14:00,2026-08-14 14:40:40.641413,completed,eta-v3.1,False,D009,2026-08-14 12:56:51.139096,2026-08-14 14:29:15.196188,2026-08-14 13:29:05.025079,2,,,True,True,7.85,1.0,0.0,delivered_late,2026-08-14 14:29:15.196188,False,7.85,0.85,32.23,60.17,93.25,85.4,18.0,67.4,15.08,-7.23,19.28,2026-08-14,12,Friday,10-20 km
O00882,C0155,R009,D104,Bengaluru,2026-08-26 19:21:00,2026-08-26 20:33:48.000000,2026-08-26 19:41:56.185161,2026-08-26 20:33:05.772625,delivered,18.0,low,clear,D104,D104,2026-08-26 19:27:52.665549,,2026-08-26 19:39:00,2026-08-26 20:35:49.783991,completed,eta-v3.2,False,D104,2026-08-26 19:27:52.665549,2026-08-26 20:33:05.772625,2026-08-26 19:41:56.185161,3,CX-03,,True,True,-0.7,0.0,0.0,delivered_on_time,2026-08-26 20:33:05.772625,False,-0.7,6.88,14.06,51.16,72.1,72.8,18.0,54.8,2.94,-3.64,2.03,2026-08-26,19,Wednesday,10-20 km
O00883,C0769,R046,D032,Bengaluru,2026-08-15 23:37:00,2026-08-16 00:26:30.988001,2026-08-16 00:07:31.753897,2026-08-16 00:35:31.174890,delivered,5.58,medium,clear,D032,D032,2026-08-15 23:40:18.544261,,2026-08-15 23:55:00,2026-08-16 00:30:30.988001,completed,eta-v3.2,False,D032,2026-08-15 23:40:18.544261,2026-08-16 00:35:31.174890,2026-08-16 00:07:31.753897,5,,,True,True,9.0,1.0,0.0,delivered_late,2026-08-16 00:35:31.174890,False,9.0,3.31,27.22,27.99,58.52,49.52,18.0,31.52,12.53,-3.53,4.0,2026-08-15,23,Saturday,3-6 km
O00884,C0177,R011,D011,Bengaluru,2026-08-19 14:16:00,2026-08-19 15:15:45.868172,2026-08-19 14:53:46.243018,2026-08-19 15:35:21.381588,delivered,10.46,medium,clear,D011,D011,2026-08-19 14:20:44.670772,,2026-08-19 14:34:00,2026-08-19 15:24:14.971075,completed,eta-v3.1,False,D011,2026-08-19 14:20:44.670772,2026-08-19 15:35:21.381588,2026-08-19 14:53:46.243018,5,RG-03;CX-03,,True,True,19.59,1.0,1.0,delivered_late,2026-08-19 15:35:21.381588,False,19.59,4.74,33.03,41.59,79.36,59.76,18.0,41.76,19.77,-0.17,8.49,2026-08-19,14,Wednesday,10-20 km
O00885,C0316,R044,D078,Bengaluru,2026-08-18 20:34:00,2026-08-18 21:47:48.885839,2026-08-18 20:53:29.589466,2026-08-18 21:45:28.988525,delivered,12.48,severe,clear,D078,D078,2026-08-18 20:35:25.849362,,2026-08-18 20:52:00,2026-08-18 22:07:14.856291,completed,eta-v3.1,False,D078,2026-08-18 20:35:25.849362,2026-08-18 21:45:28.988525,2026-08-18 20:53:29.589466,3,,,True,True,-2.33,0.0,0.0,delivered_on_time,2026-08-18 21:45:28.988525,False,-2.33,1.43,18.06,51.99,71.48,73.81,18.0,55.81,1.49,-3.82,19.43,2026-08-18,20,Tuesday,10-20 km
O00886,C0282,R002,D085,Bengaluru,2026-08-28 14:24:00,2026-08-28 15:39:36.000000,2026-08-28 14:42:29.214162,2026-08-28 15:35:47.311797,delivered,18.0,medium,clear,D085,D085,2026-08-28 14:24:03.805423,,2026-08-28 14:42:00,2026-08-28 15:43:37.881563,completed,eta-v3.2,False,D085,2026-08-28 14:24:03.805423,2026-08-28 15:35:47.311797,2026-08-28 14:42:29.214162,3,,,True,True,-3.81,0.0,0.0,delivered_on_time,2026-08-28 15:35:47.311797,False,-3.81,0.06,18.42,53.3,71.79,75.6,18.0,57.6,0.49,-4.3,4.03,2026-08-28,14,Friday,10-20 km
O00887,C0579,R048,D044,Bengaluru,2026-08-10 19:26:00,2026-08-10 20:38:48.000000,2026-08-10 19:51:40.676427,2026-08-10 20:38:51.484045,delivered,18.0,low,clear,D044,D044,2026-08-10 19:29:21.922450,,2026-08-10 19:44:00,2026-08-10 20:38:48.000000,completed,eta-v3.1,False,D044,2026-08-10 19:29:21.922450,2026-08-10 20:38:51.484045,2026-08-10 19:51:40.676427,3,RG-03,,True,True,0.06,1.0,0.0,delivered_late,2026-08-10 20:38:51.484045,False,0.06,3.37,22.31,47.18,72.86,72.8,18.0,54.8,7.68,-7.62,0.0,2026-08-10,19,Monday,10-20 km
O00888,C0774,R056,D086,Bengaluru,2026-08-08 12:49:00,2026-08-08 14:11:18.000000,2026-08-08 13:15:59.428158,2026-08-08 14:18:26.668317,delivered,18.0,high,rain,D086,D086,2026-08-08 12:50:02.958437,,2026-08-08 13:07:00,2026-08-08 14:26:18.000000,completed,eta-v3.2,False,D086,2026-08-08 12:50:02.958437,2026-08-08 14:18:26.668317,2026-08-08 13:15:59.428158,5,,,True,True,7.14,1.0,0.0,delivered_late,2026-08-08 14:18:26.668317,False,7.14,1.05,25.94,62.45,89.44,82.3,18.0,64.3,8.99,-1.85,15.0,2026-08-08,12,Saturday,10-20 km
O00889,C0035,R007,D050,Bengaluru,2026-08-13 20:34:00,2026-08-13 21:59:24.000000,2026-08-13 20:56:29.200377,2026-08-13 21:57:13.014797,delivered,18.0,severe,clear,D050,D050,2026-08-13 20:35:53.832067,,2026-08-13 20:52:00,2026-08-13 22:17:24.000000,completed,eta-v3.1,False,D050,2026-08-13 20:35:53.832067,2026-08-13 21:57:13.014797,2026-08-13 20:56:29.200377,3,RG-03;CX-03,,True,True,-2.18,0.0,0.0,delivered_on_time,2026-08-13 21:57:13.014797,False,-2.18,1.9,20.59,60.73,83.22,85.4,18.0,67.4,4.49,-6.67,18.0,2026-08-13,20,Thursday,10-20 km
O00890,C0883,R038,D021,Bengaluru,2026-08-25 19:01:00,2026-08-25 20:16:36.000000,2026-08-25 19:16:59.209476,2026-08-25 20:11:29.181119,delivered,18.0,medium,clear,D021,D021,2026-08-25 19:02:14.503763,,2026-08-25 19:19:00,2026-08-25 20:21:13.556095,completed,eta-v3.1,False,D021,2026-08-25 19:02:14.503763,2026-08-25 20:11:29.181119,2026-08-25 19:16:59.209476,5,,,True,True,-5.11,0.0,0.0,delivered_on_time,2026-08-25 20:11:29.181119,False,-5.11,1.24,14.75,54.5,70.49,75.6,18.0,57.6,-2.01,-3.1,4.63,2026-08-25,19,Tuesday,10-20 km
O00891,C0733,R049,D040,Bengaluru,2026-08-22 22:49:00,2026-08-22 23:55:15.184583,2026-08-22 23:12:51.902718,2026-08-22 23:56:47.317381,delivered,13.55,medium,clear,D040,D040,2026-08-22 22:49:29.469940,,2026-08-22 23:07:00,2026-08-22 23:59:15.184583,completed,eta-v3.1,False,D040,2026-08-22 22:49:29.469940,2026-08-22 23:56:47.317381,2026-08-22 23:12:51.902718,2,CX-03,,True,True,1.54,1.0,0.0,delivered_late,2026-08-22 23:56:47.317381,False,1.54,0.49,23.37,43.92,67.79,66.25,18.0,48.25,5.87,-4.33,4.0,2026-08-22,22,Saturday,10-20 km
O00892,C0385,R025,D054,Bengaluru,2026-08-21 17:47:00,2026-08-21 19:12:48.000000,2026-08-21 18:26:09.674686,2026-08-21 19:33:40.281369,delivered,18.0,high,heavy_rain,D054,D054,2026-08-21 17:53:06.393963,,2026-08-21 18:05:00,2026-08-21 19:34:48.000000,completed,eta-v3.1,False,D054,2026-08-21 17:53:06.393963,2026-08-21 19:33:40.281369,2026-08-21 18:26:09.674686,4,,,True,True,20.87,1.0,1.0,delivered_late,2026-08-21 19:33:40.281369,False,20.87,6.11,33.05,67.51,106.67,85.8,18.0,67.8,21.16,-0.29,22.0,2026-08-21,17,Friday,10-20 km
O00893,C0556,R051,D081,Bengaluru,2026-08-08 16:52:00,2026-08-08 17:54:57.666880,2026-08-08 17:43:55.003435,2026-08-08 18:25:17.031993,delivered,11.98,medium,clear,D081,D081,2026-08-08 16:57:41.236475,,2026-08-08 17:10:00,2026-08-08 18:09:41.353858,completed,eta-v3.1,False,D081,2026-08-08 16:57:41.236475,2026-08-08 18:25:17.031993,2026-08-08 17:43:55.003435,5,,,True,True,30.32,1.0,1.0,delivered_late,2026-08-08 18:25:17.031993,False,30.32,5.69,46.23,41.37,93.28,62.96,18.0,44.96,33.92,-3.59,14.73,2026-08-08,16,Saturday,10-20 km
O00894,C0875,R047,D020,Bengaluru,2026-08-14 11:18:00,2026-08-14 12:23:52.577265,2026-08-14 11:49:29.819041,2026-08-14 12:29:23.728062,delivered,13.37,medium,clear,D020,D020,2026-08-14 11:20:19.913804,,2026-08-14 11:36:00,2026-08-14 12:30:14.188052,completed,eta-v3.1,False,D020,2026-08-14 11:20:19.913804,2026-08-14 12:29:23.728062,2026-08-14 11:49:29.819041,4,,,True,True,5.52,1.0,0.0,delivered_late,2026-08-14 12:29:23.728062,False,5.52,2.33,29.17,39.9,71.4,65.88,18.0,47.88,13.5,-7.98,6.36,2026-08-14,11,Friday,10-20 km
O00895,C0346,R043,D068,Bengaluru,2026-08-03 14:17:00,2026-08-03 15:13:23.559219,2026-08-03 14:42:13.162687,2026-08-03 15:16:40.717322,delivered,8.85,medium,clear,D068,D068,2026-08-03 14:17:41.622924,,2026-08-03 14:35:00,2026-08-03 15:18:11.872201,completed,eta-v3.2,False,D068,2026-08-03 14:17:41.622924,2026-08-03 15:16:40.717322,2026-08-03 14:42:13.162687,4,,,True,True,3.29,1.0,0.0,delivered_late,2026-08-03 15:16:40.717322,False,3.29,0.69,24.53,34.46,59.68,56.39,18.0,38.39,7.22,-3.93,4.81,2026-08-03,14,Monday,6-10 km
O00896,C0653,R013,D001,Bengaluru,2026-08-14 12:21:00,2026-08-14 13:29:34.149923,2026-08-14 13:15:49.285212,2026-08-14 14:00:22.095090,delivered,14.65,medium,clear,D001,D001,2026-08-14 12:21:07.009032,,2026-08-14 12:39:00,2026-08-14 13:45:30.737166,completed,eta-v3.2,False,D001,2026-08-14 12:21:07.009032,2026-08-14 14:00:22.095090,2026-08-14 13:15:49.285212,2,CX-03,,True,True,30.8,1.0,1.0,delivered_late,2026-08-14 14:00:22.095090,False,30.8,0.12,54.7,44.55,99.37,68.57,18.0,50.57,36.82,-6.02,15.94,2026-08-14,12,Friday,10-20 km
O00897,C0149,R055,D070,Bengaluru,2026-08-18 21:15:00,2026-08-18 22:27:48.000000,2026-08-18 21:35:03.529951,2026-08-18 22:24:19.611152,delivered,18.0,low,clear,D028,D070,2026-08-18 21:15:46.156244,2026-08-18 21:22:52.230679,2026-08-18 21:33:00,2026-08-18 22:27:48.000000,completed,eta-v3.1,True,D028,2026-08-18 21:15:46.156244,2026-08-18 22:24:19.611152,2026-08-18 21:35:03.529951,3,RG-03;CX-01;CX-03,,True,True,-3.47,0.0,0.0,delivered_on_time,2026-08-18 22:24:19.611152,False,-3.47,0.77,19.29,49.27,69.33,72.8,18.0,54.8,2.06,-5.53,0.0,2026-08-18,21,Tuesday,10-20 km
O00898,C0680,R037,D046,Bengaluru,2026-08-09 18:46:00,2026-08-09 19:56:07.924199,2026-08-09 19:15:21.344760,2026-08-09 20:01:37.346141,delivered,13.4,high,clear,D046,D046,2026-08-09 18:46:36.248569,,2026-08-09 19:04:00,2026-08-09 20:06:07.924199,completed,eta-v3.2,False,D046,2026-08-09 18:46:36.248569,2026-08-09 20:01:37.346141,2026-08-09 19:15:21.344760,5,,,True,True,5.49,1.0,0.0,delivered_late,2026-08-09 20:01:37.346141,False,5.49,0.6,28.75,46.27,75.62,70.13,18.0,52.13,11.36,-5.86,10.0,2026-08-09,18,Sunday,10-20 km
O00899,C0577,R044,D093,Bengaluru,2026-08-14 15:38:00,2026-08-14 16:59:36.000000,2026-08-14 16:03:00.914580,2026-08-14 17:00:11.093410,delivered,18.0,medium,heavy_rain,D093,D093,2026-08-14 15:40:32.877678,,2026-08-14 15:56:00,2026-08-14 17:15:36.000000,completed,eta-v3.1,False,D093,2026-08-14 15:40:32.877678,2026-08-14 17:00:11.093410,2026-08-14 16:03:00.914580,3,,,True,True,0.58,1.0,0.0,delivered_late,2026-08-14 17:00:11.093410,False,0.58,2.55,22.47,57.17,82.18,81.6,18.0,63.6,7.02,-6.43,16.0,2026-08-14,15,Friday,10-20 km
O00900,C0106,R039,D066,Bengaluru,2026-08-24 11:04:00,2026-08-24 12:23:48.000000,2026-08-24 11:25:34.205756,2026-08-24 12:25:10.238259,delivered,18.0,high,clear,D066,D066,2026-08-24 11:04:25.204777,,2026-08-24 11:22:00,2026-08-24 12:33:48.000000,completed,eta-v3.1,False,D066,2026-08-24 11:04:25.204777,2026-08-24 12:25:10.238259,2026-08-24 11:25:34.205756,4,,,True,True,1.37,1.0,0.0,delivered_late,2026-08-24 12:25:10.238259,False,1.37,0.42,21.15,59.6,81.17,79.8,18.0,61.8,3.57,-2.2,10.0,2026-08-24,11,Monday,10-20 km
O00901,C0629,R015,D100,Bengaluru,2026-08-28 17:26:00,2026-08-28 18:41:36.000000,2026-08-28 17:55:39.325212,2026-08-28 18:43:35.316572,delivered,18.0,medium,clear,D100,D100,2026-08-28 17:29:02.544013,,2026-08-28 17:44:00,2026-08-28 18:45:36.000000,completed,eta-v3.1,False,D100,2026-08-28 17:29:02.544013,2026-08-28 18:43:35.316572,2026-08-28 17:55:39.325212,3,,,True,True,1.99,1.0,0.0,delivered_late,2026-08-28 18:43:35.316572,False,1.99,3.04,26.61,47.93,77.59,75.6,18.0,57.6,11.66,-9.67,4.0,2026-08-28,17,Friday,10-20 km
O00902,C0381,R012,D069,Bengaluru,2026-08-09 11:29:00,2026-08-09 12:26:28.417076,2026-08-09 11:53:35.047998,2026-08-09 12:22:12.015363,delivered,9.51,low,rain,D069,D069,2026-08-09 11:30:55.641497,,2026-08-09 11:47:00,2026-08-09 12:31:28.417076,completed,eta-v3.2,False,D069,2026-08-09 11:30:55.641497,2026-08-09 12:22:12.015363,2026-08-09 11:53:35.047998,4,,,True,True,-4.27,0.0,0.0,delivered_on_time,2026-08-09 12:22:12.015363,False,-4.27,1.93,22.66,28.62,53.2,57.47,18.0,39.47,6.58,-10.85,5.0,2026-08-09,11,Sunday,6-10 km
O00903,C0631,R044,D010,Bengaluru,2026-08-03 19:22:00,2026-08-03 20:33:11.065545,2026-08-03 19:51:14.447217,2026-08-03 20:37:53.421810,delivered,15.9,medium,clear,D010,D010,2026-08-03 19:23:02.648147,,2026-08-03 19:40:00,2026-08-03 20:37:54.001752,completed,eta-v3.2,False,D010,2026-08-03 19:23:02.648147,2026-08-03 20:37:53.421810,2026-08-03 19:51:14.447217,3,,,True,True,4.71,1.0,0.0,delivered_late,2026-08-03 20:37:53.421810,False,4.71,1.04,28.2,46.65,75.89,71.18,18.0,53.18,11.24,-6.53,4.72,2026-08-03,19,Monday,10-20 km
O00904,C0311,R057,D088,Bengaluru,2026-08-08 23:35:00,2026-08-09 00:48:05.486411,2026-08-09 00:21:31.303143,2026-08-09 01:06:12.757872,delivered,15.61,medium,rain,D088,D088,2026-08-08 23:35:19.850409,,2026-08-08 23:53:00,2026-08-09 01:04:19.823948,completed,eta-v3.2,False,D088,2026-08-08 23:35:19.850409,2026-08-09 01:06:12.757872,2026-08-09 00:21:31.303143,2,,,True,True,18.12,1.0,1.0,delivered_late,2026-08-09 01:06:12.757872,False,18.12,0.33,46.19,44.69,91.21,73.09,18.0,55.09,28.52,-10.4,16.24,2026-08-08,23,Saturday,10-20 km
O00905,C0664,R049,D023,Bengaluru,2026-08-04 15:18:00,2026-08-04 16:33:36.000000,2026-08-04 15:48:07.415195,2026-08-04 16:40:48.665714,delivered,18.0,medium,clear,D023,D023,2026-08-04 15:21:07.096864,,2026-08-04 15:36:00,2026-08-04 16:39:24.129363,completed,eta-v3.1,False,D023,2026-08-04 15:21:07.096864,2026-08-04 16:40:48.665714,2026-08-04 15:48:07.415195,2,,,True,True,7.21,1.0,0.0,delivered_late,2026-08-04 16:40:48.665714,False,7.21,3.12,27.01,52.69,82.81,75.6,18.0,57.6,12.12,-4.91,5.8,2026-08-04,15,Tuesday,10-20 km
O00906,C0203,R050,D080,Bengaluru,2026-08-25 19:35:00,2026-08-25 20:44:02.775957,2026-08-25 20:08:26.805752,2026-08-25 20:53:29.750617,delivered,14.88,medium,clear,D080,D080,2026-08-25 19:44:23.101000,,2026-08-25 19:53:00,2026-08-25 20:49:47.371469,completed,eta-v3.2,False,D080,2026-08-25 19:44:23.101000,2026-08-25 20:53:29.750617,2026-08-25 20:08:26.805752,5,,,True,True,9.45,1.0,0.0,delivered_late,2026-08-25 20:53:29.750617,False,9.45,9.39,24.06,45.05,78.5,69.05,18.0,51.05,15.45,-6.0,5.74,2026-08-25,19,Tuesday,10-20 km
O00907,C0631,R015,D046,Bengaluru,2026-08-20 13:15:00,2026-08-20 14:09:33.200463,2026-08-20 13:24:36.707624,2026-08-20 13:55:11.360812,delivered,6.79,medium,rain,D046,D046,2026-08-20 13:15:00.782585,,2026-08-20 13:33:00,2026-08-20 14:18:39.059207,completed,eta-v3.1,False,D046,2026-08-20 13:15:00.782585,2026-08-20 13:55:11.360812,2026-08-20 13:24:36.707624,2,,,True,True,-14.36,0.0,0.0,delivered_on_time,2026-08-20 13:55:11.360812,False,-14.36,0.01,9.6,30.58,40.19,54.55,18.0,36.55,-8.39,-5.97,9.1,2026-08-20,13,Thursday,6-10 km
O00908,C0459,R035,D044,Bengaluru,2026-08-14 21:13:00,2026-08-14 22:28:36.000000,2026-08-14 21:25:31.034393,2026-08-14 22:08:55.755524,delivered,18.0,medium,clear,D044,D044,2026-08-14 21:26:48.443879,,2026-08-14 21:31:00,2026-08-14 22:32:36.000000,completed,eta-v3.1,False,D044,2026-08-14 21:26:48.443879,2026-08-14 22:08:55.755524,2026-08-14 21:25:31.034393,3,TS-07,,True,True,-19.67,0.0,0.0,delivered_on_time,2026-08-14 22:08:55.755524,False,-19.67,13.81,-1.29,43.41,55.93,75.6,18.0,57.6,-5.48,-14.19,4.0,2026-08-14,21,Friday,10-20 km
O00909,C0697,R026,D048,Bengaluru,2026-08-19 17:17:00,2026-08-19 18:39:18.000000,2026-08-19 17:57:51.008216,2026-08-19 19:03:00.986423,delivered,18.0,high,rain,D048,D048,2026-08-19 17:22:00.312047,,2026-08-19 17:35:00,2026-08-19 18:54:40.354619,completed,eta-v3.1,False,D048,2026-08-19 17:22:00.312047,2026-08-19 19:03:00.986423,2026-08-19 17:57:51.008216,4,,,True,True,23.72,1.0,1.0,delivered_late,2026-08-19 19:03:00.986423,False,23.72,5.01,35.84,65.17,106.02,82.3,18.0,64.3,22.85,0.87,15.37,2026-08-19,17,Wednesday,10-20 km
O00910,C0464,R057,D106,Bengaluru,2026-08-27 18:13:00,2026-08-27 19:25:42.545080,2026-08-27 18:42:49.058441,,delivered,13.43,high,rain,D106,D106,2026-08-27 18:13:02.434520,,2026-08-27 18:31:00,2026-08-27 19:46:43.788433,completed,eta-v3.2,False,D106,2026-08-27 18:13:02.434520,2026-08-27 19:31:47.156537,2026-08-27 18:42:49.058441,3,TS-04,TS-04,True,False,,,,unknown_missing_timestamp,2026-08-27 19:31:47.156537,True,6.08,0.04,29.78,,,72.71,18.0,54.71,11.82,,21.02,2026-08-27,18,Thursday,10-20 km
O00911,C0396,R053,D055,Bengaluru,2026-08-01 19:12:00,2026-08-01 20:00:36.630456,2026-08-01 19:29:50.578659,2026-08-01 19:50:16.359030,delivered,6.48,low,clear,D055,D055,2026-08-01 19:12:46.619391,,2026-08-01 19:30:00,2026-08-01 20:00:36.630456,completed,eta-v3.2,False,D055,2026-08-01 19:12:46.619391,2026-08-01 19:50:16.359030,2026-08-01 19:29:50.578659,5,,,True,True,-10.34,0.0,0.0,delivered_on_time,2026-08-01 19:50:16.359030,False,-10.34,0.78,17.07,20.43,38.27,48.61,18.0,30.61,-0.16,-10.18,0.0,2026-08-01,19,Saturday,6-10 km
O00912,C0141,R004,D029,Bengaluru,2026-08-21 20:48:00,2026-08-21 21:30:16.837667,2026-08-21 21:32:19.043090,,delivered,2.13,medium,clear,D029,D029,2026-08-21 20:48:04.700450,,2026-08-21 21:06:00,2026-08-21 21:34:16.837667,completed,eta-v3.1,False,D029,2026-08-21 20:48:04.700450,2026-08-21 21:44:00.678653,2026-08-21 21:32:19.043090,5,TS-04,TS-04,True,False,,,,unknown_missing_timestamp,2026-08-21 21:44:00.678653,True,13.73,0.08,44.24,,,42.28,18.0,24.28,26.32,,4.0,2026-08-21,20,Friday,0-3 km
O00913,C0692,R035,D028,Bengaluru,2026-08-08 19:10:00,2026-08-08 20:25:36.000000,2026-08-08 19:25:54.262575,2026-08-08 20:13:41.763931,delivered,18.0,medium,clear,D028,D028,2026-08-08 19:13:42.890473,,2026-08-08 19:28:00,2026-08-08 20:29:36.000000,completed,eta-v3.2,False,D028,2026-08-08 19:13:42.890473,2026-08-08 20:13:41.763931,2026-08-08 19:25:54.262575,3,,,True,True,-11.9,0.0,0.0,delivered_on_time,2026-08-08 20:13:41.763931,False,-11.9,3.71,12.19,47.79,63.7,75.6,18.0,57.6,-2.1,-9.81,4.0,2026-08-08,19,Saturday,10-20 km
O00914,C0281,R019,D022,Bengaluru,2026-08-07 22:27:00,2026-08-07 23:42:18.000000,2026-08-07 22:52:43.990541,2026-08-07 23:48:57.849507,delivered,18.0,low,rain,D022,D022,2026-08-07 22:33:50.901170,,2026-08-07 22:45:00,2026-08-07 23:47:42.696328,completed,eta-v3.1,False,D022,2026-08-07 22:33:50.901170,2026-08-07 23:48:57.849507,2026-08-07 22:52:43.990541,4,RG-03;CX-03,,True,True,6.66,1.0,0.0,delivered_late,2026-08-07 23:48:57.849507,False,6.66,6.85,18.88,56.23,81.96,75.3,18.0,57.3,7.73,-1.07,5.41,2026-08-07,22,Friday,10-20 km
O00915,C0827,R049,D115,Bengaluru,2026-08-04 20:08:00,2026-08-04 21:27:48.000000,2026-08-04 20:27:51.211454,2026-08-04 21:24:40.009352,delivered,18.0,high,clear,D115,D115,2026-08-04 20:12:09.239740,,2026-08-04 20:26:00,2026-08-04 21:38:50.564263,completed,eta-v3.1,False,D115,2026-08-04 20:12:09.239740,2026-08-04 21:24:40.009352,2026-08-04 20:27:51.211454,3,,,True,True,-3.13,0.0,0.0,delivered_on_time,2026-08-04 21:24:40.009352,False,-3.13,4.15,15.7,56.81,76.67,79.8,18.0,61.8,1.85,-4.99,11.04,2026-08-04,20,Tuesday,10-20 km
O00916,C0082,R037,D088,Bengaluru,2026-08-02 18:38:00,2026-08-02 19:53:36.000000,2026-08-02 19:17:27.622241,2026-08-02 20:04:25.336872,delivered,18.0,medium,clear,D088,D088,2026-08-02 18:39:41.059252,,2026-08-02 18:56:00,2026-08-02 19:57:36.000000,completed,eta-v3.1,False,D088,2026-08-02 18:39:41.059252,2026-08-02 20:04:25.336872,2026-08-02 19:17:27.622241,5,,,True,True,10.82,1.0,1.0,delivered_late,2026-08-02 20:04:25.336872,False,10.82,1.68,37.78,46.96,86.42,75.6,18.0,57.6,21.46,-10.64,4.0,2026-08-02,18,Sunday,10-20 km
O00917,C0531,R044,D111,Bengaluru,2026-08-17 13:28:00,2026-08-17 14:40:48.000000,2026-08-17 13:50:59.936796,2026-08-17 14:34:54.491923,delivered,18.0,low,clear,D111,D111,2026-08-17 13:46:59.692291,,2026-08-17 13:46:00,2026-08-17 14:40:48.000000,completed,eta-v3.2,False,D111,2026-08-17 13:46:59.692291,2026-08-17 14:34:54.491923,2026-08-17 13:50:59.936796,2,,,True,True,-5.89,0.0,0.0,delivered_on_time,2026-08-17 14:34:54.491923,False,-5.89,18.99,4.0,43.91,66.91,72.8,18.0,54.8,5.0,-10.89,0.0,2026-08-17,13,Monday,10-20 km
O00918,C0694,R046,D005,Bengaluru,2026-08-23 11:51:00,2026-08-23 13:08:17.565553,2026-08-23 11:58:59.039467,2026-08-23 12:52:49.800003,delivered,16.81,high,clear,D005,D005,2026-08-23 11:51:03.230335,,2026-08-23 12:09:00,2026-08-23 13:18:17.565553,completed,eta-v3.2,False,D005,2026-08-23 11:51:03.230335,2026-08-23 12:52:49.800003,2026-08-23 11:58:59.039467,2,FR-01,,True,True,-15.46,0.0,0.0,delivered_on_time,2026-08-23 12:52:49.800003,False,-15.46,0.05,7.93,53.85,61.83,77.29,18.0,59.29,-10.02,-5.44,10.0,2026-08-23,11,Sunday,10-20 km
O00919,C0698,R039,D061,Bengaluru,2026-08-21 17:50:00,2026-08-21 18:49:12.592852,2026-08-21 18:15:18.974724,2026-08-21 18:55:52.875706,delivered,5.34,high,heavy_rain,D061,D061,2026-08-21 17:57:13.770332,,2026-08-21 18:08:00,2026-08-21 19:15:14.917337,completed,eta-v3.2,False,D061,2026-08-21 17:57:13.770332,2026-08-21 18:55:52.875706,2026-08-21 18:15:18.974724,4,,,True,True,6.67,1.0,0.0,delivered_late,2026-08-21 18:55:52.875706,False,6.67,7.23,18.09,40.57,65.88,59.21,18.0,41.21,7.32,-0.64,26.04,2026-08-21,17,Friday,3-6 km
O00920,C0520,R011,D075,Bengaluru,2026-08-18 18:31:00,2026-08-18 19:30:22.094585,2026-08-18 19:06:57.935930,2026-08-18 19:44:23.256844,delivered,10.27,medium,clear,D049,D075,2026-08-18 18:41:57.007049,2026-08-18 18:47:13.934292,2026-08-18 18:49:00,2026-08-18 19:35:51.955977,completed,eta-v3.2,True,D049,2026-08-18 18:41:57.007049,2026-08-18 19:44:23.256844,2026-08-18 19:06:57.935930,2,RG-03;CX-01;CX-03,,True,True,14.02,1.0,1.0,delivered_late,2026-08-18 19:44:23.256844,False,14.02,10.95,25.02,37.42,73.39,59.37,18.0,41.37,17.97,-3.95,5.5,2026-08-18,18,Tuesday,10-20 km
O00921,C0403,R046,D043,Bengaluru,2026-08-09 21:24:00,2026-08-09 22:25:38.137244,2026-08-09 21:46:37.235222,2026-08-09 22:19:45.866925,delivered,11.35,medium,clear,D043,D043,2026-08-09 21:24:55.318770,,2026-08-09 21:42:00,2026-08-09 22:30:23.911349,completed,eta-v3.1,False,D043,2026-08-09 21:24:55.318770,2026-08-09 22:19:45.866925,2026-08-09 21:46:37.235222,4,,,True,True,-5.87,0.0,0.0,delivered_on_time,2026-08-09 22:19:45.866925,False,-5.87,0.92,21.7,33.14,55.76,61.64,18.0,43.64,4.62,-10.5,4.76,2026-08-09,21,Sunday,10-20 km
O00922,C0316,R002,D041,Bengaluru,2026-08-10 20:50:00,2026-08-10 22:05:36.000000,2026-08-10 21:25:33.528774,2026-08-10 22:12:01.457805,delivered,18.0,medium,clear,D041,D041,2026-08-10 20:59:45.898132,,2026-08-10 21:08:00,2026-08-10 22:09:37.547980,completed,eta-v3.2,False,D041,2026-08-10 20:59:45.898132,2026-08-10 22:12:01.457805,2026-08-10 21:25:33.528774,2,,,True,True,6.42,1.0,0.0,delivered_late,2026-08-10 22:12:01.457805,False,6.42,9.76,25.79,46.47,82.02,75.6,18.0,57.6,17.56,-11.13,4.03,2026-08-10,20,Monday,10-20 km
O00923,C0426,R038,D097,Bengaluru,2026-08-28 22:11:00,2026-08-28 23:23:48.000000,2026-08-28 22:27:00.325850,2026-08-28 23:10:01.755244,delivered,18.0,low,clear,D097,D097,2026-08-28 22:12:56.025755,,2026-08-28 22:29:00,2026-08-28 23:23:48.000000,completed,eta-v3.1,False,D097,2026-08-28 22:12:56.025755,2026-08-28 23:10:01.755244,2026-08-28 22:27:00.325850,4,,,True,True,-13.77,0.0,0.0,delivered_on_time,2026-08-28 23:10:01.755244,False,-13.77,1.93,14.07,43.02,59.03,72.8,18.0,54.8,-1.99,-11.78,0.0,2026-08-28,22,Friday,10-20 km
O00924,C0674,R026,D114,Bengaluru,2026-08-08 18:24:00,2026-08-08 19:43:48.000000,2026-08-08 18:49:29.498545,2026-08-08 19:45:49.739067,delivered,18.0,high,clear,D114,D114,2026-08-08 18:25:11.312810,,2026-08-08 18:42:00,2026-08-08 19:54:37.986192,completed,eta-v3.2,False,D114,2026-08-08 18:25:11.312810,2026-08-08 19:45:49.739067,2026-08-08 18:49:29.498545,4,,,True,True,2.03,1.0,0.0,delivered_late,2026-08-08 19:45:49.739067,False,2.03,1.19,24.3,56.34,81.83,79.8,18.0,61.8,7.49,-5.46,10.83,2026-08-08,18,Saturday,10-20 km
O00925,C0896,R057,D048,Bengaluru,2026-08-10 17:10:00,2026-08-10 18:25:18.000000,2026-08-10 17:40:22.871461,2026-08-10 18:34:33.794477,delivered,18.0,low,rain,D048,D048,2026-08-10 17:11:20.778263,,2026-08-10 17:28:00,2026-08-10 18:30:18.000000,completed,eta-v3.1,False,D048,2026-08-10 17:11:20.778263,2026-08-10 18:34:33.794477,2026-08-10 17:40:22.871461,4,FR-01,,True,True,9.26,1.0,0.0,delivered_late,2026-08-10 18:34:33.794477,False,9.26,1.35,29.03,54.18,84.56,75.3,18.0,57.3,12.38,-3.12,5.0,2026-08-10,17,Monday,10-20 km
O00926,C0462,R054,D098,Bengaluru,2026-08-21 17:22:00,2026-08-21 18:47:24.000000,2026-08-21 17:39:31.861459,2026-08-21 18:46:53.310715,delivered,18.0,severe,clear,D098,D098,2026-08-21 17:23:55.987877,,2026-08-21 17:40:00,2026-08-21 19:05:24.000000,completed,eta-v3.2,False,D098,2026-08-21 17:23:55.987877,2026-08-21 18:46:53.310715,2026-08-21 17:39:31.861459,3,,,True,True,-0.51,0.0,0.0,delivered_on_time,2026-08-21 18:46:53.310715,False,-0.51,1.93,15.6,67.36,84.89,85.4,18.0,67.4,-0.47,-0.04,18.0,2026-08-21,17,Friday,10-20 km
O00927,C0705,R046,D106,Bengaluru,2026-08-01 19:30:00,2026-08-01 20:29:02.748572,2026-08-01 19:55:28.070556,2026-08-01 20:28:48.650446,delivered,10.12,medium,clear,D106,D106,2026-08-01 19:32:03.309953,,2026-08-01 19:48:00,2026-08-01 20:34:08.476050,completed,eta-v3.1,False,D106,2026-08-01 19:32:03.309953,2026-08-01 20:28:48.650446,2026-08-01 19:55:28.070556,2,,,True,True,-0.23,0.0,0.0,delivered_on_time,2026-08-01 20:28:48.650446,False,-0.23,2.06,23.41,33.34,58.81,59.05,18.0,41.05,7.47,-7.71,5.1,2026-08-01,19,Saturday,10-20 km
O00928,C0249,R019,D056,Bengaluru,2026-08-17 18:53:00,2026-08-17 20:18:24.000000,2026-08-17 19:25:58.392322,2026-08-17 20:30:29.772368,delivered,18.0,severe,clear,D056,D056,2026-08-17 18:53:03.821279,,2026-08-17 19:11:00,2026-08-17 20:38:41.693728,completed,eta-v3.1,False,D056,2026-08-17 18:53:03.821279,2026-08-17 20:30:29.772368,2026-08-17 19:25:58.392322,2,RG-03,,True,True,12.1,1.0,1.0,delivered_late,2026-08-17 20:30:29.772368,False,12.1,0.06,32.91,64.52,97.5,85.4,18.0,67.4,14.97,-2.88,20.29,2026-08-17,18,Monday,10-20 km
O00929,C0859,R051,D094,Bengaluru,2026-08-07 22:13:00,2026-08-07 23:19:24.176783,2026-08-07 22:26:13.383789,2026-08-07 23:14:54.509048,delivered,7.76,severe,rain,D094,D094,2026-08-07 22:13:30.759237,,2026-08-07 22:31:00,2026-08-07 23:42:24.176783,completed,eta-v3.1,False,D094,2026-08-07 22:13:30.759237,2026-08-07 23:14:54.509048,2026-08-07 22:26:13.383789,2,,,True,True,-4.49,0.0,0.0,delivered_on_time,2026-08-07 23:14:54.509048,False,-4.49,0.51,12.71,48.69,61.91,66.4,18.0,48.4,-4.78,0.29,23.0,2026-08-07,22,Friday,6-10 km
O00930,C0220,R022,D120,Bengaluru,2026-08-15 18:46:00,2026-08-15 19:50:13.234987,2026-08-15 19:36:31.818799,2026-08-15 20:19:42.080527,delivered,10.58,high,clear,D120,D120,2026-08-15 18:49:55.503951,,2026-08-15 19:04:00,2026-08-15 20:09:47.587559,completed,eta-v3.1,False,D120,2026-08-15 18:49:55.503951,2026-08-15 20:19:42.080527,2026-08-15 19:36:31.818799,4,,,True,True,29.48,1.0,1.0,delivered_late,2026-08-15 20:19:42.080527,False,29.48,3.93,46.61,43.17,93.7,64.22,18.0,46.22,32.53,-3.05,19.57,2026-08-15,18,Saturday,10-20 km
O00931,C0388,R030,D087,Bengaluru,2026-08-03 22:58:00,2026-08-04 00:17:48.000000,2026-08-03 23:18:00.013146,2026-08-04 00:06:19.307256,delivered,18.0,high,clear,D087,D087,2026-08-03 23:03:41.204360,,2026-08-03 23:16:00,2026-08-04 00:27:48.000000,completed,eta-v3.2,False,D087,2026-08-03 23:03:41.204360,2026-08-04 00:06:19.307256,2026-08-03 23:18:00.013146,2,,,True,True,-11.48,0.0,0.0,delivered_on_time,2026-08-04 00:06:19.307256,False,-11.48,5.69,14.31,48.32,68.32,79.8,18.0,61.8,2.0,-13.48,10.0,2026-08-03,22,Monday,10-20 km
O00932,C0454,R021,D071,Bengaluru,2026-08-27 11:51:00,2026-08-27 13:03:48.000000,2026-08-27 12:18:36.015414,2026-08-27 13:02:17.700334,delivered,18.0,low,clear,D071,D071,2026-08-27 11:52:51.942983,,2026-08-27 12:09:00,2026-08-27 13:06:29.423276,completed,eta-v3.1,False,D071,2026-08-27 11:52:51.942983,2026-08-27 13:02:17.700334,2026-08-27 12:18:36.015414,4,,,True,True,-1.5,0.0,0.0,delivered_on_time,2026-08-27 13:02:17.700334,False,-1.5,1.87,25.73,43.69,71.3,72.8,18.0,54.8,9.6,-11.11,2.69,2026-08-27,11,Thursday,10-20 km
O00933,C0645,R051,D010,Bengaluru,2026-08-20 12:46:00,2026-08-20 14:08:18.000000,2026-08-20 13:10:01.418201,2026-08-20 14:08:46.929272,delivered,18.0,high,rain,D010,D010,2026-08-20 12:51:10.495305,,2026-08-20 13:04:00,2026-08-20 14:23:18.000000,completed,eta-v3.1,False,D010,2026-08-20 12:51:10.495305,2026-08-20 14:08:46.929272,2026-08-20 13:10:01.418201,2,CX-03,,True,True,0.48,1.0,0.0,delivered_late,2026-08-20 14:08:46.929272,False,0.48,5.17,18.85,58.76,82.78,82.3,18.0,64.3,6.02,-5.54,15.0,2026-08-20,12,Thursday,10-20 km
O00934,C0761,R027,D117,Bengaluru,2026-08-21 20:18:00,2026-08-21 21:30:48.000000,2026-08-21 20:50:24.075543,2026-08-21 21:38:25.193680,delivered,18.0,low,clear,D117,D117,2026-08-21 20:25:28.526591,,2026-08-21 20:36:00,2026-08-21 21:35:29.798996,completed,eta-v3.2,False,D117,2026-08-21 20:25:28.526591,2026-08-21 21:38:25.193680,2026-08-21 20:50:24.075543,3,,,True,True,7.62,1.0,0.0,delivered_late,2026-08-21 21:38:25.193680,False,7.62,7.48,24.93,48.02,80.42,72.8,18.0,54.8,14.4,-6.78,4.7,2026-08-21,20,Friday,10-20 km
O00935,C0094,R060,D060,Bengaluru,2026-08-03 15:17:00,2026-08-03 16:12:21.140728,2026-08-03 15:47:25.208803,2026-08-03 16:15:47.593295,delivered,8.36,medium,clear,D060,D060,2026-08-03 15:18:44.896535,,2026-08-03 15:35:00,2026-08-03 16:24:46.890094,completed,eta-v3.2,False,D060,2026-08-03 15:18:44.896535,2026-08-03 16:15:47.593295,2026-08-03 15:47:25.208803,2,,,True,True,3.44,1.0,0.0,delivered_late,2026-08-03 16:15:47.593295,False,3.44,1.75,28.67,28.37,58.79,55.35,18.0,37.35,12.42,-8.98,12.43,2026-08-03,15,Monday,6-10 km
O00936,C0767,R055,D068,Bengaluru,2026-08-25 20:15:00,2026-08-25 21:30:16.538034,2026-08-25 20:42:30.754239,2026-08-25 21:30:43.188479,delivered,17.85,medium,clear,D068,D068,2026-08-25 20:15:15.208669,,2026-08-25 20:33:00,2026-08-25 21:34:16.538034,completed,eta-v3.1,False,D068,2026-08-25 20:15:15.208669,2026-08-25 21:30:43.188479,2026-08-25 20:42:30.754239,2,,,True,True,0.44,1.0,0.0,delivered_late,2026-08-25 21:30:43.188479,False,0.44,0.25,27.26,48.21,75.72,75.28,18.0,57.28,9.51,-9.07,4.0,2026-08-25,20,Tuesday,10-20 km
O00937,C0889,R050,D054,Bengaluru,2026-08-28 23:33:00,2026-08-29 00:42:47.493150,2026-08-28 23:54:28.597113,2026-08-29 00:39:43.777639,delivered,13.23,high,clear,D054,D054,2026-08-28 23:34:06.081673,,2026-08-28 23:51:00,2026-08-29 00:53:27.108992,completed,eta-v3.2,False,D054,2026-08-28 23:34:06.081673,2026-08-29 00:39:43.777639,2026-08-28 23:54:28.597113,3,,,True,True,-3.06,0.0,0.0,delivered_on_time,2026-08-29 00:39:43.777639,False,-3.06,1.1,20.38,45.25,66.73,69.79,18.0,51.79,3.48,-6.54,10.66,2026-08-28,23,Friday,10-20 km
O00938,C0321,R055,D119,Bengaluru,2026-08-11 17:52:00,2026-08-11 19:07:36.000000,2026-08-11 18:15:40.657672,2026-08-11 19:00:57.561680,delivered,18.0,medium,clear,D119,D119,2026-08-11 17:54:13.452873,,2026-08-11 18:10:00,2026-08-11 19:12:09.227264,completed,eta-v3.1,False,D119,2026-08-11 17:54:13.452873,2026-08-11 19:00:57.561680,2026-08-11 18:15:40.657672,4,,,True,True,-6.64,0.0,0.0,delivered_on_time,2026-08-11 19:00:57.561680,False,-6.64,2.22,21.45,45.28,68.96,75.6,18.0,57.6,5.68,-12.32,4.55,2026-08-11,17,Tuesday,10-20 km
O00939,C0415,R032,D081,Bengaluru,2026-08-18 11:33:00,2026-08-18 13:00:54.000000,2026-08-18 12:07:21.023050,2026-08-18 13:16:37.480128,delivered,18.0,severe,rain,D081,D081,2026-08-18 11:39:34.724540,,2026-08-18 11:51:00,2026-08-18 13:23:54.000000,completed,eta-v3.1,False,D081,2026-08-18 11:39:34.724540,2026-08-18 13:16:37.480128,2026-08-18 12:07:21.023050,3,,,True,True,15.72,1.0,1.0,delivered_late,2026-08-18 13:16:37.480128,False,15.72,6.58,27.77,69.27,103.62,87.9,18.0,69.9,16.35,-0.63,23.0,2026-08-18,11,Tuesday,10-20 km
O00940,C0404,R052,D050,Bengaluru,2026-08-02 12:23:00,2026-08-02 13:32:19.563918,2026-08-02 13:00:06.026978,2026-08-02 13:44:50.834107,delivered,15.01,medium,clear,D050,D050,2026-08-02 12:25:44.372218,,2026-08-02 12:41:00,2026-08-02 13:36:19.563918,completed,eta-v3.2,False,D050,2026-08-02 12:25:44.372218,2026-08-02 13:44:50.834107,2026-08-02 13:00:06.026978,2,CX-03,,True,True,12.52,1.0,1.0,delivered_late,2026-08-02 13:44:50.834107,False,12.52,2.74,34.36,44.75,81.85,69.33,18.0,51.33,19.1,-6.58,4.0,2026-08-02,12,Sunday,10-20 km
O00941,C0826,R060,D002,Bengaluru,2026-08-09 19:10:00,2026-08-09 20:12:41.162583,2026-08-09 19:48:57.976221,2026-08-09 20:26:41.904963,delivered,11.85,medium,clear,D002,D002,2026-08-09 19:11:53.800849,,2026-08-09 19:28:00,2026-08-09 20:17:50.153235,completed,eta-v3.2,False,D002,2026-08-09 19:11:53.800849,2026-08-09 20:26:41.904963,2026-08-09 19:48:57.976221,5,,,True,True,14.01,1.0,1.0,delivered_late,2026-08-09 20:26:41.904963,False,14.01,1.9,37.07,37.73,76.7,62.69,18.0,44.69,20.97,-6.96,5.15,2026-08-09,19,Sunday,10-20 km
O00942,C0834,R010,D025,Bengaluru,2026-08-21 22:15:00,2026-08-21 23:11:10.781504,2026-08-21 22:38:27.910246,2026-08-21 23:04:04.667779,delivered,10.09,low,clear,D025,D025,2026-08-21 22:16:50.099342,,2026-08-21 22:33:00,2026-08-21 23:11:10.781504,completed,eta-v3.1,False,D025,2026-08-21 22:16:50.099342,2026-08-21 23:04:04.667779,2026-08-21 22:38:27.910246,3,,,True,True,-7.1,0.0,0.0,delivered_on_time,2026-08-21 23:04:04.667779,False,-7.1,1.83,21.63,25.61,49.08,56.18,18.0,38.18,5.47,-12.57,0.0,2026-08-21,22,Friday,10-20 km
O00943,C0063,R050,D105,Bengaluru,2026-08-08 16:09:00,2026-08-08 17:28:48.000000,2026-08-08 16:35:07.654140,2026-08-08 17:31:53.980700,delivered,18.0,high,clear,D072,D105,2026-08-08 16:10:53.717304,2026-08-08 16:16:12.367875,2026-08-08 16:27:00,2026-08-08 17:38:48.000000,completed,eta-v3.2,True,D072,2026-08-08 16:10:53.717304,2026-08-08 17:31:53.980700,2026-08-08 16:35:07.654140,5,CX-01;CX-03,,True,True,3.1,1.0,0.0,delivered_late,2026-08-08 17:31:53.980700,False,3.1,1.9,24.23,56.77,82.9,79.8,18.0,61.8,8.13,-5.03,10.0,2026-08-08,16,Saturday,10-20 km
O00944,C0276,R030,D115,Bengaluru,2026-08-10 18:46:00,2026-08-10 19:35:01.742166,2026-08-10 19:07:29.909754,2026-08-10 19:26:43.171400,delivered,5.35,medium,clear,D115,D115,2026-08-10 18:52:36.191616,,2026-08-10 19:04:00,2026-08-10 19:39:07.297115,completed,eta-v3.1,False,D115,2026-08-10 18:52:36.191616,2026-08-10 19:26:43.171400,2026-08-10 19:07:29.909754,2,,,True,True,-8.31,0.0,0.0,delivered_on_time,2026-08-10 19:26:43.171400,False,-8.31,6.6,14.9,19.22,40.72,49.03,18.0,31.03,3.5,-11.81,4.09,2026-08-10,18,Monday,3-6 km
O00945,C0309,R019,D015,Bengaluru,2026-08-27 11:22:00,2026-08-27 12:49:54.000000,2026-08-27 12:06:10.185039,2026-08-27 13:13:42.369252,delivered,18.0,severe,rain,D015,D015,2026-08-27 11:23:09.997790,,2026-08-27 11:40:00,2026-08-27 13:18:41.210879,completed,eta-v3.1,False,D015,2026-08-27 11:23:09.997790,2026-08-27 13:13:42.369252,2026-08-27 12:06:10.185039,4,RG-03,,True,True,23.81,1.0,1.0,delivered_late,2026-08-27 13:13:42.369252,False,23.81,1.17,43.0,67.54,111.71,87.9,18.0,69.9,26.17,-2.36,28.79,2026-08-27,11,Thursday,10-20 km
O00946,C0815,R002,D092,Bengaluru,2026-08-18 17:24:00,2026-08-18 18:39:36.000000,2026-08-18 17:40:28.298049,2026-08-18 18:28:10.688777,delivered,18.0,medium,clear,D092,D092,2026-08-18 17:29:47.626726,,2026-08-18 17:42:00,2026-08-18 18:43:36.000000,completed,eta-v3.1,False,D092,2026-08-18 17:29:47.626726,2026-08-18 18:28:10.688777,2026-08-18 17:40:28.298049,4,,,True,True,-11.42,0.0,0.0,delivered_on_time,2026-08-18 18:28:10.688777,False,-11.42,5.79,10.68,47.71,64.18,75.6,18.0,57.6,-1.53,-9.89,4.0,2026-08-18,17,Tuesday,10-20 km
O00947,C0814,R001,D091,Bengaluru,2026-08-07 20:25:00,2026-08-07 21:40:36.000000,2026-08-07 20:54:35.484502,2026-08-07 21:49:06.516180,delivered,18.0,medium,clear,D004,D091,2026-08-07 20:31:08.629434,2026-08-07 20:38:58.292018,2026-08-07 20:43:00,2026-08-07 21:44:36.000000,completed,eta-v3.1,True,D004,2026-08-07 20:31:08.629434,2026-08-07 21:49:06.516180,2026-08-07 20:54:35.484502,3,RG-03;CX-01,,True,True,8.51,1.0,0.0,delivered_late,2026-08-07 21:49:06.516180,False,8.51,6.14,23.45,54.52,84.11,75.6,18.0,57.6,11.59,-3.08,4.0,2026-08-07,20,Friday,10-20 km
O00948,C0345,R043,D040,Bengaluru,2026-08-20 17:56:00,2026-08-20 18:55:33.558731,2026-08-20 18:40:54.640680,2026-08-20 19:15:33.413404,delivered,7.5,medium,heavy_rain,D040,D040,2026-08-20 17:58:05.220790,,2026-08-20 18:14:00,2026-08-20 19:20:14.721315,completed,eta-v3.2,False,D040,2026-08-20 17:58:05.220790,2026-08-20 19:15:33.413404,2026-08-20 18:40:54.640680,2,,,True,True,20.0,1.0,1.0,delivered_late,2026-08-20 19:15:33.413404,False,20.0,2.09,42.82,34.65,79.56,59.56,18.0,41.56,26.91,-6.91,24.69,2026-08-20,17,Thursday,6-10 km
O00949,C0265,R008,D093,Bengaluru,2026-08-17 11:41:00,2026-08-17 12:31:30.113802,2026-08-17 11:56:10.130664,2026-08-17 12:22:57.374211,delivered,6.05,medium,clear,D093,D093,2026-08-17 11:41:46.061992,,2026-08-17 11:59:00,2026-08-17 12:35:30.113802,completed,eta-v3.1,False,D093,2026-08-17 11:41:46.061992,2026-08-17 12:22:57.374211,2026-08-17 11:56:10.130664,5,,,True,True,-8.55,0.0,0.0,delivered_on_time,2026-08-17 12:22:57.374211,False,-8.55,0.77,14.4,26.79,41.96,50.5,18.0,32.5,-2.83,-5.71,4.0,2026-08-17,11,Monday,6-10 km
O00950,C0070,R004,D020,Bengaluru,2026-08-09 11:31:00,2026-08-09 12:46:36.000000,2026-08-09 12:01:55.702225,2026-08-09 12:55:17.477630,delivered,18.0,medium,clear,D020,D020,2026-08-09 11:33:05.130657,,2026-08-09 11:49:00,2026-08-09 12:50:36.000000,completed,eta-v3.2,False,D020,2026-08-09 11:33:05.130657,2026-08-09 12:55:17.477630,2026-08-09 12:01:55.702225,3,,,True,True,8.69,1.0,0.0,delivered_late,2026-08-09 12:55:17.477630,False,8.69,2.09,28.84,53.36,84.29,75.6,18.0,57.6,12.93,-4.24,4.0,2026-08-09,11,Sunday,10-20 km
O00951,C0077,R053,D022,Bengaluru,2026-08-28 18:40:00,2026-08-28 19:37:43.523827,2026-08-28 19:01:47.707494,2026-08-28 19:33:34.625091,delivered,6.3,high,rain,D022,D022,2026-08-28 18:40:07.614964,,2026-08-28 18:58:00,2026-08-28 19:57:29.513104,completed,eta-v3.2,False,D022,2026-08-28 18:40:07.614964,2026-08-28 19:33:34.625091,2026-08-28 19:01:47.707494,4,CX-03,,True,True,-4.15,0.0,0.0,delivered_on_time,2026-08-28 19:33:34.625091,False,-4.15,0.13,21.67,31.78,53.58,57.73,18.0,39.73,3.8,-7.95,19.77,2026-08-28,18,Friday,6-10 km
O00952,C0218,R058,D114,Bengaluru,2026-08-05 22:20:00,2026-08-05 23:38:06.000000,2026-08-05 22:53:48.127969,2026-08-05 23:50:06.485747,delivered,18.0,medium,rain,D114,D114,2026-08-05 22:20:41.030789,,2026-08-05 22:38:00,2026-08-05 23:48:17.931125,completed,eta-v3.2,False,D114,2026-08-05 22:20:41.030789,2026-08-05 23:50:06.485747,2026-08-05 22:53:48.127969,3,,,True,True,12.01,1.0,1.0,delivered_late,2026-08-05 23:50:06.485747,False,12.01,0.68,33.12,56.31,90.11,78.1,18.0,60.1,15.8,-3.79,10.2,2026-08-05,22,Wednesday,10-20 km
O00953,C0773,R022,D002,Bengaluru,2026-08-13 12:48:00,2026-08-13 13:35:53.136545,2026-08-13 12:59:45.454139,2026-08-13 13:24:18.376963,delivered,3.61,medium,rain,D002,D002,2026-08-13 12:48:13.010182,,2026-08-13 13:06:00,2026-08-13 13:44:53.136545,completed,eta-v3.2,False,D002,2026-08-13 12:48:13.010182,2026-08-13 13:24:18.376963,2026-08-13 12:59:45.454139,3,,,True,True,-11.58,0.0,0.0,delivered_on_time,2026-08-13 13:24:18.376963,False,-11.58,0.22,11.54,24.55,36.31,47.89,18.0,29.89,-6.24,-5.34,9.0,2026-08-13,12,Thursday,3-6 km
O00954,C0217,R016,D050,Bengaluru,2026-08-10 15:03:00,2026-08-10 16:10:13.957678,2026-08-10 15:43:08.608842,2026-08-10 16:31:51.246018,delivered,12.02,high,clear,D050,D050,2026-08-10 15:03:32.611225,,2026-08-10 15:21:00,2026-08-10 16:20:51.010807,completed,eta-v3.2,False,D050,2026-08-10 15:03:32.611225,2026-08-10 16:31:51.246018,2026-08-10 15:43:08.608842,2,CX-03,,True,True,21.62,1.0,1.0,delivered_late,2026-08-10 16:31:51.246018,False,21.62,0.54,39.6,48.71,88.85,67.23,18.0,49.23,22.14,-0.52,10.62,2026-08-10,15,Monday,10-20 km
O00955,C0703,R037,D078,Bengaluru,2026-08-09 21:25:00,2026-08-09 22:40:36.000000,2026-08-09 22:06:41.487359,2026-08-09 22:51:10.800754,delivered,18.0,medium,clear,D078,D078,2026-08-09 21:26:19.651130,,2026-08-09 21:43:00,2026-08-09 22:50:23.636908,completed,eta-v3.1,False,D078,2026-08-09 21:26:19.651130,2026-08-09 22:51:10.800754,2026-08-09 22:06:41.487359,2,,,True,True,10.58,1.0,1.0,delivered_late,2026-08-09 22:51:10.800754,False,10.58,1.33,40.36,44.49,86.18,75.6,18.0,57.6,23.69,-13.11,9.79,2026-08-09,21,Sunday,10-20 km
O00956,C0499,R037,D001,Bengaluru,2026-08-19 18:11:00,2026-08-19 19:23:48.000000,2026-08-19 18:42:16.480735,2026-08-19 19:24:10.255263,delivered,18.0,low,clear,D001,D001,2026-08-19 18:14:45.492679,,2026-08-19 18:29:00,2026-08-19 19:27:42.357285,completed,eta-v3.2,False,D001,2026-08-19 18:14:45.492679,2026-08-19 19:24:10.255263,2026-08-19 18:42:16.480735,5,,,True,True,0.37,1.0,0.0,delivered_late,2026-08-19 19:24:10.255263,False,0.37,3.76,27.52,41.9,73.17,72.8,18.0,54.8,13.27,-12.9,3.91,2026-08-19,18,Wednesday,10-20 km
O00957,C0167,R047,D018,Bengaluru,2026-08-04 21:11:00,2026-08-04 22:11:48.639080,2026-08-04 21:36:53.793723,2026-08-04 22:19:20.156067,delivered,8.1,medium,heavy_rain,D018,D018,2026-08-04 21:13:13.789551,,2026-08-04 21:29:00,2026-08-04 22:28:59.751692,completed,eta-v3.2,False,D018,2026-08-04 21:13:13.789551,2026-08-04 22:19:20.156067,2026-08-04 21:36:53.793723,5,,,True,True,7.53,1.0,0.0,delivered_late,2026-08-04 22:19:20.156067,False,7.53,2.23,23.67,42.44,68.34,60.81,18.0,42.81,7.9,-0.37,17.19,2026-08-04,21,Tuesday,6-10 km
O00958,C0295,R015,D031,Bengaluru,2026-08-28 22:15:00,2026-08-28 23:24:08.102596,2026-08-28 22:30:02.814286,,cancelled,12.92,high,clear,D031,D031,2026-08-28 22:15:56.874442,,2026-08-28 22:33:00,2026-08-28 23:34:11.188338,cancelled,eta-v3.2,False,D031,2026-08-28 22:15:56.874442,,,0,CX-03,,False,False,,,,cancelled,,False,,0.95,14.1,,,69.14,18.0,51.14,-2.95,,10.05,2026-08-28,22,Friday,10-20 km
O00959,C0640,R029,D064,Bengaluru,2026-08-18 13:42:00,2026-08-18 14:55:03.459602,2026-08-18 14:09:23.912701,2026-08-18 15:03:32.210787,delivered,14.79,high,clear,D064,D064,2026-08-18 13:42:14.742846,,2026-08-18 14:00:00,2026-08-18 15:06:25.077511,completed,eta-v3.2,False,D064,2026-08-18 13:42:14.742846,2026-08-18 15:03:32.210787,2026-08-18 14:09:23.912701,4,,,True,True,8.48,1.0,0.0,delivered_late,2026-08-18 15:03:32.210787,False,8.48,0.25,27.15,54.14,81.54,73.06,18.0,55.06,9.4,-0.92,11.36,2026-08-18,13,Tuesday,10-20 km
O00960,C0682,R025,D062,Bengaluru,2026-08-19 13:04:00,2026-08-19 14:19:36.000000,2026-08-19 13:40:20.955898,2026-08-19 14:26:24.035836,delivered,18.0,medium,clear,D062,D062,2026-08-19 13:05:56.793096,,2026-08-19 13:22:00,2026-08-19 14:26:41.602536,completed,eta-v3.1,False,D062,2026-08-19 13:05:56.793096,2026-08-19 14:26:24.035836,2026-08-19 13:40:20.955898,4,,,True,True,6.8,1.0,0.0,delivered_late,2026-08-19 14:26:24.035836,False,6.8,1.95,34.4,46.05,82.4,75.6,18.0,57.6,18.35,-11.55,7.09,2026-08-19,13,Wednesday,10-20 km
O00961,C0357,R056,D029,Bengaluru,2026-08-28 11:10:00,2026-08-28 12:25:18.000000,2026-08-28 11:34:03.842723,2026-08-28 12:27:57.361488,delivered,18.0,low,rain,D029,D029,2026-08-28 11:11:18.915067,,2026-08-28 11:28:00,2026-08-28 12:30:18.000000,completed,eta-v3.2,False,D029,2026-08-28 11:11:18.915067,2026-08-28 12:27:57.361488,2026-08-28 11:34:03.842723,4,,,True,True,2.66,1.0,0.0,delivered_late,2026-08-28 12:27:57.361488,False,2.66,1.32,22.75,53.89,77.96,75.3,18.0,57.3,6.06,-3.41,5.0,2026-08-28,11,Friday,10-20 km
O00962,C0484,R038,D072,Bengaluru,2026-08-11 21:39:00,2026-08-11 22:54:36.000000,2026-08-11 22:05:34.809144,2026-08-11 22:54:28.443560,delivered,18.0,medium,clear,D072,D072,2026-08-11 21:43:30.666019,,2026-08-11 21:57:00,2026-08-11 22:58:36.000000,completed,eta-v3.1,False,D072,2026-08-11 21:43:30.666019,2026-08-11 22:54:28.443560,2026-08-11 22:05:34.809144,5,CX-03,,True,True,-0.13,0.0,0.0,delivered_on_time,2026-08-11 22:54:28.443560,False,-0.13,4.51,22.07,48.89,75.47,75.6,18.0,57.6,8.58,-8.71,4.0,2026-08-11,21,Tuesday,10-20 km
O00963,C0255,R043,D100,Bengaluru,2026-08-16 13:49:00,2026-08-16 15:01:07.804303,2026-08-16 14:05:27.159039,2026-08-16 14:53:17.179377,delivered,11.68,severe,clear,D100,D100,2026-08-16 13:49:40.675554,,2026-08-16 14:07:00,2026-08-16 15:19:07.804303,completed,eta-v3.2,False,D100,2026-08-16 13:49:40.675554,2026-08-16 14:53:17.179377,2026-08-16 14:05:27.159039,5,,,True,True,-7.84,0.0,0.0,delivered_on_time,2026-08-16 14:53:17.179377,False,-7.84,0.68,15.77,47.83,64.29,72.13,18.0,54.13,-1.55,-6.3,18.0,2026-08-16,13,Sunday,10-20 km
O00964,C0092,R005,D080,Bengaluru,2026-08-23 21:53:00,2026-08-23 22:56:20.032107,2026-08-23 22:02:25.977426,2026-08-23 22:39:07.148659,delivered,10.16,high,clear,D080,D080,2026-08-23 22:07:04.555236,,2026-08-23 22:11:00,2026-08-23 23:06:20.032107,completed,eta-v3.1,False,D080,2026-08-23 22:07:04.555236,2026-08-23 22:39:07.148659,2026-08-23 22:02:25.977426,3,TS-07,,True,True,-17.21,0.0,0.0,delivered_on_time,2026-08-23 22:39:07.148659,False,-17.21,14.08,-4.64,36.69,46.12,63.33,18.0,45.33,-8.57,-8.64,10.0,2026-08-23,21,Sunday,10-20 km
O00965,C0396,R058,D026,Bengaluru,2026-08-23 15:01:00,2026-08-23 16:23:18.000000,2026-08-23 15:20:04.906157,2026-08-23 16:18:26.229890,delivered,18.0,high,rain,D026,D026,2026-08-23 15:04:12.087184,,2026-08-23 15:19:00,2026-08-23 16:38:18.000000,completed,eta-v3.1,False,D026,2026-08-23 15:04:12.087184,2026-08-23 16:18:26.229890,2026-08-23 15:20:04.906157,2,,,True,True,-4.86,0.0,0.0,delivered_on_time,2026-08-23 16:18:26.229890,False,-4.86,3.2,15.88,58.36,77.44,82.3,18.0,64.3,1.08,-5.94,15.0,2026-08-23,15,Sunday,10-20 km
O00966,C0784,R010,D112,Bengaluru,2026-08-06 20:21:00,2026-08-06 21:39:17.125658,2026-08-06 20:44:29.958553,2026-08-06 21:36:45.910869,delivered,17.28,high,clear,D112,D112,2026-08-06 20:23:27.560982,,2026-08-06 20:39:00,2026-08-06 21:49:17.125658,completed,eta-v3.2,False,D112,2026-08-06 20:23:27.560982,2026-08-06 21:36:45.910869,2026-08-06 20:44:29.958553,3,,,True,True,-2.52,0.0,0.0,delivered_on_time,2026-08-06 21:36:45.910869,False,-2.52,2.46,21.04,52.27,75.77,78.29,18.0,60.29,5.5,-8.02,10.0,2026-08-06,20,Thursday,10-20 km
O00967,C0317,R051,D024,Bengaluru,2026-08-19 21:50:00,2026-08-19 22:51:11.316526,2026-08-19 22:09:22.741115,2026-08-19 22:45:39.075386,delivered,9.95,medium,rain,D024,D024,2026-08-19 22:01:04.896121,,2026-08-19 22:08:00,2026-08-19 23:00:11.316526,completed,eta-v3.2,False,D024,2026-08-19 22:01:04.896121,2026-08-19 22:45:39.075386,2026-08-19 22:09:22.741115,4,,,True,True,-5.54,0.0,0.0,delivered_on_time,2026-08-19 22:45:39.075386,False,-5.54,11.08,8.3,36.27,55.65,61.19,18.0,43.19,1.38,-6.92,9.0,2026-08-19,21,Wednesday,6-10 km
O00968,C0799,R010,D101,Bengaluru,2026-08-11 20:59:00,2026-08-11 22:17:06.000000,2026-08-11 21:18:29.088234,2026-08-11 22:11:21.764935,delivered,18.0,medium,rain,D101,D101,2026-08-11 21:01:22.176234,,2026-08-11 21:17:00,2026-08-11 22:27:36.893526,completed,eta-v3.1,False,D101,2026-08-11 21:01:22.176234,2026-08-11 22:11:21.764935,2026-08-11 21:18:29.088234,4,,,True,True,-5.74,0.0,0.0,delivered_on_time,2026-08-11 22:11:21.764935,False,-5.74,2.37,17.12,52.88,72.36,78.1,18.0,60.1,1.48,-7.22,10.51,2026-08-11,20,Tuesday,10-20 km
O00969,C0326,R031,D096,Bengaluru,2026-08-23 17:23:00,2026-08-23 18:35:48.000000,2026-08-23 17:44:35.700747,2026-08-23 18:28:59.786797,delivered,18.0,low,clear,D042,D096,2026-08-23 17:28:29.706255,2026-08-23 17:35:47.221173,2026-08-23 17:41:00,2026-08-23 18:35:48.000000,completed,eta-v3.2,True,D042,2026-08-23 17:28:29.706255,2026-08-23 18:28:59.786797,2026-08-23 17:44:35.700747,3,CX-01;CX-03,,True,True,-6.8,0.0,0.0,delivered_on_time,2026-08-23 18:28:59.786797,False,-6.8,5.5,16.1,44.4,66.0,72.8,18.0,54.8,3.6,-10.4,0.0,2026-08-23,17,Sunday,10-20 km
O00970,C0200,R053,D119,Bengaluru,2026-08-22 21:52:00,2026-08-22 22:46:59.517811,2026-08-22 22:29:35.144310,2026-08-22 22:59:08.802273,delivered,7.0,medium,rain,D119,D119,2026-08-22 21:53:04.155308,,2026-08-22 22:10:00,2026-08-22 23:01:53.206839,completed,eta-v3.1,False,D119,2026-08-22 21:53:04.155308,2026-08-22 22:59:08.802273,2026-08-22 22:29:35.144310,2,,,True,True,12.15,1.0,1.0,delivered_late,2026-08-22 22:59:08.802273,False,12.15,1.07,36.52,29.56,67.15,54.99,18.0,36.99,19.59,-7.43,14.89,2026-08-22,21,Saturday,6-10 km
O00971,C0261,R028,D079,Bengaluru,2026-08-13 16:20:00,2026-08-13 17:35:36.000000,2026-08-13 16:40:17.988763,2026-08-13 17:33:35.396453,delivered,18.0,medium,clear,D079,D079,2026-08-13 16:20:32.426592,,2026-08-13 16:38:00,2026-08-13 17:39:36.000000,completed,eta-v3.1,False,D079,2026-08-13 16:20:32.426592,2026-08-13 17:33:35.396453,2026-08-13 16:40:17.988763,5,,,True,True,-2.01,0.0,0.0,delivered_on_time,2026-08-13 17:33:35.396453,False,-2.01,0.54,19.76,53.29,73.59,75.6,18.0,57.6,2.3,-4.31,4.0,2026-08-13,16,Thursday,10-20 km
O00972,C0506,R051,D022,Bengaluru,2026-08-11 11:39:00,2026-08-11 12:35:24.291242,2026-08-11 12:12:41.398634,2026-08-11 12:51:30.594031,delivered,7.67,medium,rain,D022,D022,2026-08-11 11:41:14.021489,,2026-08-11 11:57:00,2026-08-11 12:47:12.380132,completed,eta-v3.1,False,D022,2026-08-11 11:41:14.021489,2026-08-11 12:51:30.594031,2026-08-11 12:12:41.398634,3,,,True,True,16.11,1.0,1.0,delivered_late,2026-08-11 12:51:30.594031,False,16.11,2.23,31.46,38.82,72.51,56.4,18.0,38.4,15.69,0.42,11.8,2026-08-11,11,Tuesday,6-10 km
O00973,C0046,R057,D001,Bengaluru,2026-08-04 19:33:00,2026-08-04 20:26:49.020326,2026-08-04 20:01:41.203903,2026-08-04 20:27:48.671877,delivered,7.63,medium,clear,D001,D001,2026-08-04 19:40:54.927451,,2026-08-04 19:51:00,2026-08-04 20:30:49.020326,completed,eta-v3.2,False,D001,2026-08-04 19:40:54.927451,2026-08-04 20:27:48.671877,2026-08-04 20:01:41.203903,3,CX-03,,True,True,0.99,1.0,0.0,delivered_late,2026-08-04 20:27:48.671877,False,0.99,7.92,20.77,26.12,54.81,53.82,18.0,35.82,10.69,-9.7,4.0,2026-08-04,19,Tuesday,6-10 km
O00974,C0500,R052,D106,Bengaluru,2026-08-25 17:03:00,2026-08-25 18:30:54.000000,2026-08-25 17:15:34.416125,2026-08-25 18:23:32.980052,delivered,18.0,severe,rain,D106,D106,2026-08-25 17:05:28.423751,,2026-08-25 17:21:00,2026-08-25 18:53:54.000000,completed,eta-v3.1,False,D106,2026-08-25 17:05:28.423751,2026-08-25 18:23:32.980052,2026-08-25 17:15:34.416125,4,,,True,True,-7.35,0.0,0.0,delivered_on_time,2026-08-25 18:23:32.980052,False,-7.35,2.47,10.1,67.98,80.55,87.9,18.0,69.9,-5.43,-1.92,23.0,2026-08-25,17,Tuesday,10-20 km
O00975,C0446,R034,D072,Bengaluru,2026-08-21 17:37:00,2026-08-21 18:34:34.442619,2026-08-21 17:57:45.440257,2026-08-21 18:32:05.452631,delivered,9.42,medium,clear,D072,D072,2026-08-21 17:39:17.642289,,2026-08-21 17:55:00,2026-08-21 18:38:34.442619,completed,eta-v3.2,False,D072,2026-08-21 17:39:17.642289,2026-08-21 18:32:05.452631,2026-08-21 17:57:45.440257,2,,,True,True,-2.48,0.0,0.0,delivered_on_time,2026-08-21 18:32:05.452631,False,-2.48,2.29,18.46,34.33,55.09,57.57,18.0,39.57,2.76,-5.24,4.0,2026-08-21,17,Friday,6-10 km
O00976,C0858,R038,D034,Bengaluru,2026-08-14 23:01:00,2026-08-15 00:16:18.000000,2026-08-14 23:42:00.741035,2026-08-15 00:31:51.538796,delivered,18.0,low,rain,D034,D034,2026-08-14 23:02:47.957668,,2026-08-14 23:19:00,2026-08-15 00:21:18.000000,completed,eta-v3.1,False,D034,2026-08-14 23:02:47.957668,2026-08-15 00:31:51.538796,2026-08-14 23:42:00.741035,3,,,True,True,15.56,1.0,1.0,delivered_late,2026-08-15 00:31:51.538796,False,15.56,1.8,39.21,49.85,90.86,75.3,18.0,57.3,23.01,-7.45,5.0,2026-08-14,23,Friday,10-20 km
O00977,C0254,R051,D016,Bengaluru,2026-08-27 12:20:00,2026-08-27 13:33:32.251270,2026-08-27 13:13:02.367831,2026-08-27 14:05:27.474032,delivered,15.02,high,clear,D016,D016,2026-08-27 12:23:05.289273,,2026-08-27 12:38:00,2026-08-27 13:50:15.221935,completed,eta-v3.1,False,D016,2026-08-27 12:23:05.289273,2026-08-27 14:05:27.474032,2026-08-27 13:13:02.367831,4,,,True,True,31.92,1.0,1.0,delivered_late,2026-08-27 14:05:27.474032,False,31.92,3.09,49.95,52.42,105.46,73.54,18.0,55.54,35.04,-3.12,16.72,2026-08-27,12,Thursday,10-20 km
O00978,C0889,R027,D104,Bengaluru,2026-08-23 18:31:00,2026-08-23 19:48:04.050108,2026-08-23 18:51:16.666830,2026-08-23 19:46:01.165664,delivered,14.03,severe,clear,D104,D104,2026-08-23 18:48:16.187656,,2026-08-23 18:49:00,2026-08-23 20:06:04.050108,completed,eta-v3.2,False,D104,2026-08-23 18:48:16.187656,2026-08-23 19:46:01.165664,2026-08-23 18:51:16.666830,3,,,True,True,-2.05,0.0,0.0,delivered_on_time,2026-08-23 19:46:01.165664,False,-2.05,17.27,3.01,54.74,75.02,77.07,18.0,59.07,2.28,-4.33,18.0,2026-08-23,18,Sunday,10-20 km
O00979,C0450,R050,D038,Bengaluru,2026-08-24 19:58:00,2026-08-24 20:50:36.852790,2026-08-24 20:08:15.029397,2026-08-24 20:38:34.692361,delivered,7.05,medium,clear,D038,D038,2026-08-24 19:59:44.303476,,2026-08-24 20:16:00,2026-08-24 20:54:36.852790,completed,eta-v3.1,False,D038,2026-08-24 19:59:44.303476,2026-08-24 20:38:34.692361,2026-08-24 20:08:15.029397,3,,,True,True,-12.04,0.0,0.0,delivered_on_time,2026-08-24 20:38:34.692361,False,-12.04,1.74,8.51,30.33,40.58,52.61,18.0,34.61,-7.75,-4.28,4.0,2026-08-24,19,Monday,6-10 km
O00980,C0015,R028,D016,Bengaluru,2026-08-27 19:40:00,2026-08-27 20:55:36.000000,2026-08-27 20:31:37.484111,2026-08-27 21:19:28.956202,delivered,18.0,medium,clear,D016,D016,2026-08-27 19:42:30.462880,,2026-08-27 19:58:00,2026-08-27 21:03:52.022901,completed,eta-v3.2,False,D016,2026-08-27 19:42:30.462880,2026-08-27 21:19:28.956202,2026-08-27 20:31:37.484111,3,,,True,True,23.88,1.0,1.0,delivered_late,2026-08-27 21:19:28.956202,False,23.88,2.51,49.12,47.86,99.48,75.6,18.0,57.6,33.62,-9.74,8.27,2026-08-27,19,Thursday,10-20 km
O00981,C0208,R052,D094,Bengaluru,2026-08-22 18:50:00,2026-08-22 19:58:41.178621,2026-08-22 19:19:59.443622,2026-08-22 20:02:22.399277,delivered,16.04,low,clear,D094,D094,2026-08-22 18:50:58.165076,,2026-08-22 19:08:00,2026-08-22 19:59:03.263960,completed,eta-v3.1,False,D094,2026-08-22 18:50:58.165076,2026-08-22 20:02:22.399277,2026-08-22 19:19:59.443622,2,CX-03,,True,True,3.69,1.0,0.0,delivered_late,2026-08-22 20:02:22.399277,False,3.69,0.97,29.02,42.38,72.37,68.69,18.0,50.69,11.99,-8.31,0.37,2026-08-22,18,Saturday,10-20 km
O00982,C0798,R027,D067,Bengaluru,2026-08-17 20:54:00,2026-08-17 22:13:48.000000,2026-08-17 21:13:57.297300,2026-08-17 22:15:35.236687,delivered,18.0,high,clear,D067,D067,2026-08-17 20:54:09.643065,,2026-08-17 21:12:00,2026-08-17 22:23:48.000000,completed,eta-v3.1,False,D067,2026-08-17 20:54:09.643065,2026-08-17 22:15:35.236687,2026-08-17 21:13:57.297300,2,,,True,True,1.79,1.0,0.0,delivered_late,2026-08-17 22:15:35.236687,False,1.79,0.16,19.79,61.63,81.59,79.8,18.0,61.8,1.95,-0.17,10.0,2026-08-17,20,Monday,10-20 km
O00983,C0556,R008,D044,Bengaluru,2026-08-15 19:12:00,2026-08-15 20:16:55.406319,2026-08-15 19:25:59.785734,2026-08-15 20:04:57.914455,delivered,12.92,medium,clear,D044,D044,2026-08-15 19:12:50.640316,,2026-08-15 19:30:00,2026-08-15 20:21:06.764189,completed,eta-v3.1,False,D044,2026-08-15 19:12:50.640316,2026-08-15 20:04:57.914455,2026-08-15 19:25:59.785734,3,,,True,True,-11.96,0.0,0.0,delivered_on_time,2026-08-15 20:04:57.914455,False,-11.96,0.84,13.15,38.97,52.97,64.92,18.0,46.92,-4.0,-7.95,4.19,2026-08-15,19,Saturday,10-20 km
O00984,C0075,R014,D053,Bengaluru,2026-08-07 20:56:00,2026-08-07 22:08:48.000000,2026-08-07 21:22:57.617823,2026-08-07 22:15:52.506467,delivered,18.0,low,clear,D053,D053,2026-08-07 21:01:56.753751,,2026-08-07 21:14:00,2026-08-07 22:09:18.815766,completed,eta-v3.1,False,D053,2026-08-07 21:01:56.753751,2026-08-07 22:15:52.506467,2026-08-07 21:22:57.617823,3,,,True,True,7.08,1.0,0.0,delivered_late,2026-08-07 22:15:52.506467,False,7.08,5.95,21.01,52.91,79.88,72.8,18.0,54.8,8.96,-1.89,0.51,2026-08-07,20,Friday,10-20 km
O00985,C0579,R037,D071,Bengaluru,2026-08-26 19:57:00,2026-08-26 21:03:12.569936,2026-08-26 20:30:16.354201,2026-08-26 21:04:49.635612,delivered,13.53,medium,clear,D071,D071,2026-08-26 20:00:39.911731,,2026-08-26 20:15:00,2026-08-26 21:08:15.337925,completed,eta-v3.2,False,D071,2026-08-26 20:00:39.911731,2026-08-26 21:04:49.635612,2026-08-26 20:30:16.354201,5,CX-03,,True,True,1.62,1.0,0.0,delivered_late,2026-08-26 21:04:49.635612,False,1.62,3.67,29.61,34.55,67.83,66.21,18.0,48.21,15.27,-13.66,5.05,2026-08-26,19,Wednesday,10-20 km
O00986,C0713,R008,D056,Bengaluru,2026-08-26 22:31:00,2026-08-26 23:37:09.877250,2026-08-26 22:53:19.971787,2026-08-26 23:32:59.520668,delivered,11.51,high,clear,D056,D056,2026-08-26 22:31:00.917513,,2026-08-26 22:49:00,2026-08-26 23:47:09.877250,completed,eta-v3.1,False,D056,2026-08-26 22:31:00.917513,2026-08-26 23:32:59.520668,2026-08-26 22:53:19.971787,5,CX-03,,True,True,-4.17,0.0,0.0,delivered_on_time,2026-08-26 23:32:59.520668,False,-4.17,0.02,22.32,39.66,61.99,66.16,18.0,48.16,4.33,-8.5,10.0,2026-08-26,22,Wednesday,10-20 km
O00987,C0617,R050,D056,Bengaluru,2026-08-17 22:46:00,2026-08-17 23:58:48.000000,2026-08-17 23:00:17.480757,2026-08-17 23:44:25.577751,delivered,18.0,low,clear,D056,D056,2026-08-17 22:49:04.751692,,2026-08-17 23:04:00,2026-08-17 23:58:48.000000,completed,eta-v3.1,False,D056,2026-08-17 22:49:04.751692,2026-08-17 23:44:25.577751,2026-08-17 23:00:17.480757,2,,,True,True,-14.37,0.0,0.0,delivered_on_time,2026-08-17 23:44:25.577751,False,-14.37,3.08,11.21,44.13,58.43,72.8,18.0,54.8,-3.71,-10.67,0.0,2026-08-17,22,Monday,10-20 km
O00988,C0389,R023,D063,Bengaluru,2026-08-04 13:23:00,2026-08-04 14:31:34.596669,2026-08-04 13:57:58.569651,2026-08-04 14:41:31.086690,delivered,13.47,medium,rain,D063,D063,2026-08-04 13:27:05.746337,,2026-08-04 13:41:00,2026-08-04 14:42:05.401932,completed,eta-v3.2,False,D063,2026-08-04 13:27:05.746337,2026-08-04 14:41:31.086690,2026-08-04 13:57:58.569651,5,,,True,True,9.94,1.0,0.0,delivered_late,2026-08-04 14:41:31.086690,False,9.94,4.1,30.88,43.54,78.52,68.58,18.0,50.58,16.98,-7.04,10.51,2026-08-04,13,Tuesday,10-20 km
O00989,C0781,R023,D113,Bengaluru,2026-08-24 20:56:00,2026-08-24 21:44:55.817829,2026-08-24 21:14:12.264571,2026-08-24 21:36:26.466375,delivered,5.3,medium,clear,D113,D113,2026-08-24 20:57:06.800196,,2026-08-24 21:14:00,2026-08-24 21:48:55.817829,completed,eta-v3.1,False,D113,2026-08-24 20:57:06.800196,2026-08-24 21:36:26.466375,2026-08-24 21:14:12.264571,4,,,True,True,-8.49,0.0,0.0,delivered_on_time,2026-08-24 21:36:26.466375,False,-8.49,1.11,17.09,22.24,40.44,48.93,18.0,30.93,0.2,-8.69,4.0,2026-08-24,20,Monday,3-6 km
O00990,C0637,R011,D066,Bengaluru,2026-08-19 21:36:00,2026-08-19 22:35:13.158780,2026-08-19 21:57:40.052569,2026-08-19 22:28:34.066850,delivered,10.2,medium,clear,D066,D066,2026-08-19 21:39:01.468982,,2026-08-19 21:54:00,2026-08-19 22:40:21.774362,completed,eta-v3.1,False,D066,2026-08-19 21:39:01.468982,2026-08-19 22:28:34.066850,2026-08-19 21:57:40.052569,3,CX-03,,True,True,-6.65,0.0,0.0,delivered_on_time,2026-08-19 22:28:34.066850,False,-6.65,3.02,18.64,30.9,52.57,59.22,18.0,41.22,3.67,-10.32,5.14,2026-08-19,21,Wednesday,10-20 km
O00991,C0164,R033,D001,Bengaluru,2026-08-19 20:42:00,2026-08-19 21:54:48.000000,2026-08-19 21:18:06.123295,2026-08-19 22:06:13.971000,delivered,18.0,low,clear,D001,D001,2026-08-19 20:45:15.978801,,2026-08-19 21:00:00,2026-08-19 21:57:08.066145,completed,eta-v3.1,False,D001,2026-08-19 20:45:15.978801,2026-08-19 22:06:13.971000,2026-08-19 21:18:06.123295,5,,,True,True,11.43,1.0,1.0,delivered_late,2026-08-19 22:06:13.971000,False,11.43,3.27,32.84,48.13,84.23,72.8,18.0,54.8,18.1,-6.67,2.33,2026-08-19,20,Wednesday,10-20 km
O00992,C0568,R053,D022,Bengaluru,2026-08-04 13:03:00,2026-08-04 13:54:16.308634,2026-08-04 13:46:06.832195,2026-08-04 14:19:38.514741,delivered,4.42,high,clear,D022,D022,2026-08-04 13:18:02.730526,,2026-08-04 13:21:00,2026-08-04 14:09:44.987003,completed,eta-v3.1,False,D022,2026-08-04 13:18:02.730526,2026-08-04 14:19:38.514741,2026-08-04 13:46:06.832195,2,,,True,True,25.37,1.0,1.0,delivered_late,2026-08-04 14:19:38.514741,False,25.37,15.05,28.07,33.53,76.64,51.27,18.0,33.27,25.11,0.26,15.48,2026-08-04,13,Tuesday,3-6 km
O00993,C0283,R051,D081,Bengaluru,2026-08-04 13:11:00,2026-08-04 13:53:39.830237,2026-08-04 13:46:01.506150,2026-08-04 14:02:54.204601,delivered,3.65,low,clear,D081,D081,2026-08-04 13:11:18.380279,,2026-08-04 13:29:00,2026-08-04 14:01:12.938235,completed,eta-v3.1,False,D081,2026-08-04 13:11:18.380279,2026-08-04 14:02:54.204601,2026-08-04 13:46:01.506150,3,,,True,True,9.24,1.0,0.0,delivered_late,2026-08-04 14:02:54.204601,False,9.24,0.31,34.72,16.88,51.9,42.66,18.0,24.66,17.03,-7.78,7.55,2026-08-04,13,Tuesday,3-6 km
O00994,C0217,R060,D112,Bengaluru,2026-08-11 14:00:00,2026-08-11 15:08:57.638227,2026-08-11 14:20:48.872255,2026-08-11 15:09:31.959713,delivered,12.84,high,clear,D112,D112,2026-08-11 14:02:57.650722,,2026-08-11 14:18:00,2026-08-11 15:18:57.638227,completed,eta-v3.2,False,D112,2026-08-11 14:02:57.650722,2026-08-11 15:09:31.959713,2026-08-11 14:20:48.872255,2,,,True,True,0.57,1.0,0.0,delivered_late,2026-08-11 15:09:31.959713,False,0.57,2.96,17.85,48.72,69.53,68.96,18.0,50.96,2.81,-2.24,10.0,2026-08-11,14,Tuesday,10-20 km
O00995,C0746,R020,D040,Bengaluru,2026-08-22 17:33:00,2026-08-22 18:45:48.000000,2026-08-22 18:30:31.333726,2026-08-22 19:17:31.238213,delivered,18.0,low,clear,D040,D040,2026-08-22 17:33:35.990276,,2026-08-22 17:51:00,2026-08-22 18:55:19.092460,completed,eta-v3.1,False,D040,2026-08-22 17:33:35.990276,2026-08-22 19:17:31.238213,2026-08-22 18:30:31.333726,4,,,True,True,31.72,1.0,1.0,delivered_late,2026-08-22 19:17:31.238213,False,31.72,0.6,56.92,47.0,104.52,72.8,18.0,54.8,39.52,-7.8,9.52,2026-08-22,17,Saturday,10-20 km
O00996,C0563,R011,D050,Bengaluru,2026-08-26 20:41:00,2026-08-26 21:56:18.000000,2026-08-26 21:01:43.236508,2026-08-26 21:53:16.778036,delivered,18.0,low,rain,D050,D050,2026-08-26 20:41:54.184610,,2026-08-26 20:59:00,2026-08-26 22:02:06.088064,completed,eta-v3.1,False,D050,2026-08-26 20:41:54.184610,2026-08-26 21:53:16.778036,2026-08-26 21:01:43.236508,3,,,True,True,-3.02,0.0,0.0,delivered_on_time,2026-08-26 21:53:16.778036,False,-3.02,0.9,19.82,51.56,72.28,75.3,18.0,57.3,2.72,-5.74,5.8,2026-08-26,20,Wednesday,10-20 km
O00997,C0417,R036,D063,Bengaluru,2026-08-14 22:35:00,2026-08-14 23:25:27.484239,2026-08-14 23:09:13.425045,2026-08-14 23:37:33.217826,delivered,6.03,medium,clear,D063,D063,2026-08-14 22:35:19.345599,,2026-08-14 22:53:00,2026-08-14 23:29:27.484239,completed,eta-v3.1,False,D063,2026-08-14 22:35:19.345599,2026-08-14 23:37:33.217826,2026-08-14 23:09:13.425045,5,,,True,True,12.1,1.0,1.0,delivered_late,2026-08-14 23:37:33.217826,False,12.1,0.32,33.9,28.33,62.55,50.46,18.0,32.46,16.22,-4.13,4.0,2026-08-14,22,Friday,6-10 km
O00998,C0706,R030,D107,Bengaluru,2026-08-16 15:10:00,2026-08-16 16:09:02.489190,2026-08-16 15:31:29.566377,2026-08-16 15:58:57.293678,delivered,10.11,medium,clear,D030,D107,2026-08-16 15:11:43.824973,2026-08-16 15:14:38.419767,2026-08-16 15:28:00,2026-08-16 16:14:16.062484,completed,eta-v3.2,True,D030,2026-08-16 15:11:43.824973,2026-08-16 15:58:57.293678,2026-08-16 15:31:29.566377,2,CX-01;CX-03,,True,True,-10.09,0.0,0.0,delivered_on_time,2026-08-16 15:58:57.293678,False,-10.09,1.73,19.76,27.46,48.95,59.04,18.0,41.04,3.49,-13.58,5.23,2026-08-16,15,Sunday,10-20 km
O00999,C0845,R039,D032,Bengaluru,2026-08-28 13:56:00,2026-08-28 14:58:06.976178,2026-08-28 14:23:04.408734,2026-08-28 14:56:37.364735,delivered,9.58,high,clear,D032,D032,2026-08-28 13:57:07.400689,,2026-08-28 14:14:00,2026-08-28 15:08:06.976178,completed,eta-v3.2,False,D032,2026-08-28 13:57:07.400689,2026-08-28 14:56:37.364735,2026-08-28 14:23:04.408734,5,,,True,True,-1.49,0.0,0.0,delivered_on_time,2026-08-28 14:56:37.364735,False,-1.49,1.12,25.95,33.55,60.62,62.12,18.0,44.12,9.07,-10.57,10.0,2026-08-28,13,Friday,6-10 km
O01000,C0877,R044,D063,Bengaluru,2026-08-26 16:04:00,2026-08-26 17:19:36.000000,2026-08-26 16:37:53.067514,2026-08-26 17:23:34.733888,delivered,18.0,medium,clear,D063,D063,2026-08-26 16:10:40.483778,,2026-08-26 16:22:00,2026-08-26 17:25:16.804708,completed,eta-v3.2,False,D063,2026-08-26 16:10:40.483778,2026-08-26 17:23:34.733888,2026-08-26 16:37:53.067514,2,,,True,True,3.98,1.0,0.0,delivered_late,2026-08-26 17:23:34.733888,False,3.98,6.67,27.21,45.69,79.58,75.6,18.0,57.6,15.88,-11.91,5.68,2026-08-26,16,Wednesday,10-20 km
O01001,C0181,R001,D013,Bengaluru,2026-08-15 17:07:00,2026-08-15 18:19:48.000000,2026-08-15 17:48:10.490470,2026-08-15 18:28:47.808559,delivered,18.0,low,clear,D013,D013,2026-08-15 17:09:05.750731,,2026-08-15 17:25:00,2026-08-15 18:27:26.169252,completed,eta-v3.2,False,D013,2026-08-15 17:09:05.750731,2026-08-15 18:28:47.808559,2026-08-15 17:48:10.490470,2,CX-03,,True,True,9.0,1.0,0.0,delivered_late,2026-08-15 18:28:47.808559,False,9.0,2.1,39.08,40.62,81.8,72.8,18.0,54.8,23.17,-14.18,7.64,2026-08-15,17,Saturday,10-20 km
O01002,C0022,R051,D098,Bengaluru,2026-08-03 18:27:00,2026-08-03 19:24:54.020628,2026-08-03 18:55:15.337282,2026-08-03 19:32:32.630051,delivered,9.57,medium,clear,D098,D098,2026-08-03 18:31:39.902062,,2026-08-03 18:45:00,2026-08-03 19:28:54.020628,completed,eta-v3.1,False,D098,2026-08-03 18:31:39.902062,2026-08-03 19:32:32.630051,2026-08-03 18:55:15.337282,2,,,True,True,7.64,1.0,0.0,delivered_late,2026-08-03 19:32:32.630051,False,7.64,4.67,23.59,37.29,65.54,57.9,18.0,39.9,10.26,-2.61,4.0,2026-08-03,18,Monday,6-10 km
O01003,C0622,R048,D069,Bengaluru,2026-08-15 12:32:00,2026-08-15 13:22:35.274763,2026-08-15 12:53:03.161074,2026-08-15 13:13:49.387835,delivered,7.42,low,clear,D113,D069,2026-08-15 12:33:07.526534,2026-08-15 12:37:08.371161,2026-08-15 12:50:00,2026-08-15 13:22:35.274763,completed,eta-v3.2,True,D113,2026-08-15 12:33:07.526534,2026-08-15 13:13:49.387835,2026-08-15 12:53:03.161074,3,CX-01,,True,True,-8.76,0.0,0.0,delivered_on_time,2026-08-15 13:13:49.387835,False,-8.76,1.13,19.93,20.77,41.82,50.59,18.0,32.59,3.05,-11.82,0.0,2026-08-15,12,Saturday,6-10 km
O01004,C0502,R002,D028,Bengaluru,2026-08-01 11:27:00,2026-08-01 12:33:05.112659,2026-08-01 11:40:58.064267,2026-08-01 12:21:53.298595,delivered,14.8,low,clear,D028,D028,2026-08-01 11:31:27.648321,,2026-08-01 11:45:00,2026-08-01 12:33:05.112659,completed,eta-v3.1,False,D028,2026-08-01 11:31:27.648321,2026-08-01 12:21:53.298595,2026-08-01 11:40:58.064267,2,,,True,True,-11.2,0.0,0.0,delivered_on_time,2026-08-01 12:21:53.298595,False,-11.2,4.46,9.51,40.92,54.89,66.09,18.0,48.09,-4.03,-7.17,0.0,2026-08-01,11,Saturday,10-20 km
O01005,C0365,R027,D046,Bengaluru,2026-08-26 21:12:00,2026-08-26 22:27:36.000000,2026-08-26 21:38:28.600392,2026-08-26 22:32:02.413758,delivered,18.0,medium,clear,D046,D046,2026-08-26 21:15:33.061829,,2026-08-26 21:30:00,2026-08-26 22:31:36.000000,completed,eta-v3.2,False,D046,2026-08-26 21:15:33.061829,2026-08-26 22:32:02.413758,2026-08-26 21:38:28.600392,2,,,True,True,4.44,1.0,0.0,delivered_late,2026-08-26 22:32:02.413758,False,4.44,3.55,22.93,53.56,80.04,75.6,18.0,57.6,8.48,-4.04,4.0,2026-08-26,21,Wednesday,10-20 km
O01006,C0582,R041,D093,Bengaluru,2026-08-08 20:44:00,2026-08-08 22:03:48.000000,2026-08-08 21:17:13.274938,2026-08-08 22:17:27.834470,delivered,18.0,high,clear,D093,D093,2026-08-08 20:54:00.154833,,2026-08-08 21:02:00,2026-08-08 22:19:02.298404,completed,eta-v3.1,False,D093,2026-08-08 20:54:00.154833,2026-08-08 22:17:27.834470,2026-08-08 21:17:13.274938,2,,,True,True,13.66,1.0,1.0,delivered_late,2026-08-08 22:17:27.834470,False,13.66,10.0,23.22,60.24,93.46,79.8,18.0,61.8,15.22,-1.56,15.24,2026-08-08,20,Saturday,10-20 km
O01007,C0633,R035,D049,Bengaluru,2026-08-22 18:58:00,2026-08-22 20:12:21.690845,2026-08-22 19:14:40.651780,2026-08-22 20:01:17.002680,delivered,17.41,medium,clear,D049,D049,2026-08-22 18:59:27.380727,,2026-08-22 19:16:00,2026-08-22 20:16:21.690845,completed,eta-v3.2,False,D049,2026-08-22 18:59:27.380727,2026-08-22 20:01:17.002680,2026-08-22 19:14:40.651780,4,,,True,True,-11.08,0.0,0.0,delivered_on_time,2026-08-22 20:01:17.002680,False,-11.08,1.46,15.22,46.61,63.28,74.36,18.0,56.36,-1.32,-9.75,4.0,2026-08-22,18,Saturday,10-20 km
O01008,C0027,R019,D058,Bengaluru,2026-08-02 15:38:00,2026-08-02 16:56:06.000000,2026-08-02 15:55:13.235750,2026-08-02 16:50:11.391252,delivered,18.0,medium,rain,D058,D058,2026-08-02 15:51:18.786100,,2026-08-02 15:56:00,2026-08-02 17:05:11.093694,completed,eta-v3.2,False,D058,2026-08-02 15:51:18.786100,2026-08-02 16:50:11.391252,2026-08-02 15:55:13.235750,2,RG-03;CX-03,,True,True,-5.91,0.0,0.0,delivered_on_time,2026-08-02 16:50:11.391252,False,-5.91,13.31,3.91,54.97,72.19,78.1,18.0,60.1,-0.78,-5.13,9.08,2026-08-02,15,Sunday,10-20 km
O01009,C0148,R047,D097,Bengaluru,2026-08-22 12:26:00,2026-08-22 13:25:43.343933,2026-08-22 12:42:03.461668,2026-08-22 13:21:00.686457,delivered,10.44,medium,clear,D097,D097,2026-08-22 12:29:28.812603,,2026-08-22 12:44:00,2026-08-22 13:29:43.343933,completed,eta-v3.2,False,D097,2026-08-22 12:29:28.812603,2026-08-22 13:21:00.686457,2026-08-22 12:42:03.461668,5,,,True,True,-4.71,0.0,0.0,delivered_on_time,2026-08-22 13:21:00.686457,False,-4.71,3.48,12.58,38.95,55.01,59.72,18.0,41.72,-1.94,-2.77,4.0,2026-08-22,12,Saturday,10-20 km
O01010,C0200,R025,D116,Bengaluru,2026-08-06 14:44:00,2026-08-06 16:02:26.635087,2026-08-06 15:01:36.563806,2026-08-06 16:06:37.329657,delivered,14.69,severe,clear,D116,D116,2026-08-06 14:47:01.943432,,2026-08-06 15:02:00,2026-08-06 16:20:26.635087,completed,eta-v3.1,False,D116,2026-08-06 14:47:01.943432,2026-08-06 16:06:37.329657,2026-08-06 15:01:36.563806,4,,,True,True,4.18,1.0,0.0,delivered_late,2026-08-06 16:06:37.329657,False,4.18,3.03,14.58,65.01,82.62,78.44,18.0,60.44,-0.39,4.57,18.0,2026-08-06,14,Thursday,10-20 km
O01011,C0654,R004,D007,Bengaluru,2026-08-01 14:03:00,2026-08-01 14:57:40.149024,2026-08-01 14:26:19.038408,2026-08-01 14:57:18.254195,delivered,6.84,medium,rain,D007,D007,2026-08-01 14:03:23.008326,,2026-08-01 14:21:00,2026-08-01 15:06:40.149024,completed,eta-v3.1,False,D007,2026-08-01 14:03:23.008326,2026-08-01 14:57:18.254195,2026-08-01 14:26:19.038408,4,,,True,True,-0.36,0.0,0.0,delivered_on_time,2026-08-01 14:57:18.254195,False,-0.36,0.38,22.93,30.99,54.3,54.67,18.0,36.67,5.32,-5.68,9.0,2026-08-01,14,Saturday,6-10 km
O01012,C0895,R022,D062,Bengaluru,2026-08-26 12:23:00,2026-08-26 13:37:56.898491,2026-08-26 12:45:47.865666,2026-08-26 13:40:00.505796,delivered,15.69,high,clear,D062,D062,2026-08-26 12:24:16.581375,,2026-08-26 12:41:00,2026-08-26 13:47:56.898491,completed,eta-v3.1,False,D062,2026-08-26 12:24:16.581375,2026-08-26 13:40:00.505796,2026-08-26 12:45:47.865666,2,CX-03,,True,True,2.06,1.0,0.0,delivered_late,2026-08-26 13:40:00.505796,False,2.06,1.28,21.52,54.21,77.01,74.95,18.0,56.95,4.8,-2.74,10.0,2026-08-26,12,Wednesday,10-20 km
O01013,C0590,R033,D019,Bengaluru,2026-08-24 21:32:00,2026-08-24 22:57:48.000000,2026-08-24 21:45:22.355435,2026-08-24 22:53:39.760299,delivered,18.0,high,heavy_rain,D019,D019,2026-08-24 21:52:19.256275,,2026-08-24 21:50:00,2026-08-24 23:19:48.000000,completed,eta-v3.2,False,D019,2026-08-24 21:52:19.256275,2026-08-24 22:53:39.760299,2026-08-24 21:45:22.355435,4,TS-07,,True,True,-4.14,0.0,0.0,delivered_on_time,2026-08-24 22:53:39.760299,False,-4.14,20.32,-6.95,68.29,81.66,85.8,18.0,67.8,-4.63,0.49,22.0,2026-08-24,21,Monday,10-20 km
O01014,C0799,R009,D095,Bengaluru,2026-08-12 18:47:00,2026-08-12 20:12:24.000000,2026-08-12 19:09:29.651287,,delivered,18.0,severe,clear,D095,D095,2026-08-12 18:53:16.195126,,2026-08-12 19:05:00,2026-08-12 20:33:12.306701,completed,eta-v3.1,False,D095,2026-08-12 18:53:16.195126,2026-08-12 20:17:28.935133,2026-08-12 19:09:29.651287,2,TS-04,TS-04,True,False,,,,unknown_missing_timestamp,2026-08-12 20:17:28.935133,True,5.08,6.27,16.22,,,85.4,18.0,67.4,4.49,,20.81,2026-08-12,18,Wednesday,10-20 km
O01015,C0280,R013,D105,Bengaluru,2026-08-22 12:53:00,2026-08-22 13:48:21.031547,2026-08-22 13:05:57.422525,2026-08-22 13:36:22.156994,delivered,9.69,low,clear,D105,D105,2026-08-22 12:53:32.967560,,2026-08-22 13:11:00,2026-08-22 13:48:21.031547,completed,eta-v3.1,False,D105,2026-08-22 12:53:32.967560,2026-08-22 13:36:22.156994,2026-08-22 13:05:57.422525,5,,,True,True,-11.98,0.0,0.0,delivered_on_time,2026-08-22 13:36:22.156994,False,-11.98,0.55,12.41,30.41,43.37,55.35,18.0,37.35,-5.04,-6.94,0.0,2026-08-22,12,Saturday,6-10 km
O01016,C0080,R035,D024,Bengaluru,2026-08-17 13:46:00,2026-08-17 14:52:13.766304,2026-08-17 14:09:27.817334,2026-08-17 14:50:32.520472,delivered,11.54,high,clear,D024,D024,2026-08-17 13:48:57.879365,,2026-08-17 14:04:00,2026-08-17 15:02:15.982047,completed,eta-v3.2,False,D024,2026-08-17 13:48:57.879365,2026-08-17 14:50:32.520472,2026-08-17 14:09:27.817334,2,FR-01,,True,True,-1.69,0.0,0.0,delivered_on_time,2026-08-17 14:50:32.520472,False,-1.69,2.96,20.5,41.08,64.54,66.23,18.0,48.23,5.46,-7.15,10.04,2026-08-17,13,Monday,10-20 km
O01017,C0693,R045,D109,Bengaluru,2026-08-26 19:07:00,2026-08-26 20:13:06.840348,2026-08-26 19:29:03.441625,2026-08-26 20:13:18.057704,delivered,13.48,medium,clear,D109,D109,2026-08-26 19:07:08.744411,,2026-08-26 19:25:00,2026-08-26 20:18:16.360403,completed,eta-v3.1,False,D109,2026-08-26 19:07:08.744411,2026-08-26 20:13:18.057704,2026-08-26 19:29:03.441625,5,,,True,True,0.19,1.0,0.0,delivered_late,2026-08-26 20:13:18.057704,False,0.19,0.15,21.91,44.24,66.3,66.11,18.0,48.11,4.06,-3.87,5.16,2026-08-26,19,Wednesday,10-20 km
O01018,C0845,R027,D009,Bengaluru,2026-08-22 19:11:00,2026-08-22 20:26:36.000000,2026-08-22 19:32:46.062982,2026-08-22 20:20:29.111170,delivered,18.0,medium,clear,D009,D009,2026-08-22 19:11:47.168276,,2026-08-22 19:29:00,2026-08-22 20:30:36.000000,completed,eta-v3.1,False,D009,2026-08-22 19:11:47.168276,2026-08-22 20:20:29.111170,2026-08-22 19:32:46.062982,5,,,True,True,-6.11,0.0,0.0,delivered_on_time,2026-08-22 20:20:29.111170,False,-6.11,0.79,20.98,47.72,69.49,75.6,18.0,57.6,3.77,-9.88,4.0,2026-08-22,19,Saturday,10-20 km
O01019,C0815,R009,D001,Bengaluru,2026-08-18 16:24:00,2026-08-18 17:42:48.000000,2026-08-18 16:34:00.966668,2026-08-18 17:33:00.174458,delivered,18.0,low,heavy_rain,D001,D001,2026-08-18 16:25:01.366867,,2026-08-18 16:42:00,2026-08-18 17:54:48.000000,completed,eta-v3.1,False,D001,2026-08-18 16:25:01.366867,2026-08-18 17:33:00.174458,2026-08-18 16:34:00.966668,3,,,True,True,-9.8,0.0,0.0,delivered_on_time,2026-08-18 17:33:00.174458,False,-9.8,1.02,8.99,58.99,69.0,78.8,18.0,60.8,-7.98,-1.81,12.0,2026-08-18,16,Tuesday,10-20 km
O01020,C0816,R028,D017,Bengaluru,2026-08-08 19:56:00,2026-08-08 20:54:51.628658,2026-08-08 20:18:26.157514,2026-08-08 21:02:05.481816,delivered,7.17,medium,heavy_rain,D017,D017,2026-08-08 19:58:32.890496,,2026-08-08 20:14:00,2026-08-08 21:13:02.802042,completed,eta-v3.1,False,D017,2026-08-08 19:58:32.890496,2026-08-08 21:02:05.481816,2026-08-08 20:18:26.157514,2,,,True,True,7.23,1.0,0.0,delivered_late,2026-08-08 21:02:05.481816,False,7.23,2.55,19.89,43.66,66.09,58.86,18.0,40.86,4.44,2.8,18.19,2026-08-08,19,Saturday,6-10 km
O01021,C0290,R048,D035,Bengaluru,2026-08-27 12:57:00,2026-08-27 14:16:48.000000,2026-08-27 13:19:48.897313,2026-08-27 14:17:50.290594,delivered,18.0,high,clear,D035,D035,2026-08-27 13:01:29.290778,,2026-08-27 13:15:00,2026-08-27 14:26:48.000000,completed,eta-v3.1,False,D035,2026-08-27 13:01:29.290778,2026-08-27 14:17:50.290594,2026-08-27 13:19:48.897313,2,,,True,True,1.04,1.0,0.0,delivered_late,2026-08-27 14:17:50.290594,False,1.04,4.49,18.33,58.02,80.84,79.8,18.0,61.8,4.81,-3.78,10.0,2026-08-27,12,Thursday,10-20 km
O01022,C0831,R052,D050,Bengaluru,2026-08-14 21:21:00,2026-08-14 22:07:55.736861,2026-08-14 21:29:47.448144,2026-08-14 21:48:37.916495,delivered,5.68,low,clear,D050,D050,2026-08-14 21:25:55.313134,,2026-08-14 21:39:00,2026-08-14 22:07:55.736861,completed,eta-v3.1,False,D050,2026-08-14 21:25:55.313134,2026-08-14 21:48:37.916495,2026-08-14 21:29:47.448144,4,,,True,True,-19.3,0.0,0.0,delivered_on_time,2026-08-14 21:48:37.916495,False,-19.3,4.92,3.87,18.84,27.63,46.93,18.0,28.93,-9.21,-10.09,0.0,2026-08-14,21,Friday,3-6 km
O01023,C0116,R039,D084,Bengaluru,2026-08-04 19:27:00,2026-08-04 20:14:40.347282,2026-08-04 19:56:35.992831,,cancelled,4.7,medium,clear,D084,D084,2026-08-04 19:27:53.766343,,2026-08-04 19:45:00,2026-08-04 20:18:40.347282,cancelled,eta-v3.2,False,D084,2026-08-04 19:27:53.766343,,,0,,,False,False,,,,cancelled,,False,,0.9,28.7,,,47.67,18.0,29.67,11.6,,4.0,2026-08-04,19,Tuesday,3-6 km
O01024,C0232,R041,D090,Bengaluru,2026-08-28 12:48:00,2026-08-28 14:10:18.000000,2026-08-28 13:28:30.808995,2026-08-28 14:26:58.138192,delivered,18.0,high,rain,D090,D090,2026-08-28 12:52:14.354810,,2026-08-28 13:06:00,2026-08-28 14:27:02.181337,completed,eta-v3.1,False,D090,2026-08-28 12:52:14.354810,2026-08-28 14:26:58.138192,2026-08-28 13:28:30.808995,2,,,True,True,16.67,1.0,1.0,delivered_late,2026-08-28 14:26:58.138192,False,16.67,4.24,36.27,58.46,98.97,82.3,18.0,64.3,22.51,-5.84,16.74,2026-08-28,12,Friday,10-20 km
O01025,C0392,R019,D015,Bengaluru,2026-08-18 13:17:00,2026-08-18 14:29:48.000000,2026-08-18 13:36:50.633539,2026-08-18 14:21:54.223143,delivered,18.0,low,clear,D015,D015,2026-08-18 13:26:39.127324,,2026-08-18 13:35:00,2026-08-18 14:31:41.900260,completed,eta-v3.2,False,D015,2026-08-18 13:26:39.127324,2026-08-18 14:21:54.223143,2026-08-18 13:36:50.633539,4,RG-03,,True,True,-7.9,0.0,0.0,delivered_on_time,2026-08-18 14:21:54.223143,False,-7.9,9.65,10.19,45.06,64.9,72.8,18.0,54.8,1.84,-9.74,1.9,2026-08-18,13,Tuesday,10-20 km
O01026,C0786,R014,D115,Bengaluru,2026-08-08 19:37:00,2026-08-08 20:52:36.000000,2026-08-08 19:52:59.797073,2026-08-08 20:45:58.792666,delivered,18.0,medium,clear,D115,D115,2026-08-08 19:41:24.465719,,2026-08-08 19:55:00,2026-08-08 20:56:36.000000,completed,eta-v3.1,False,D115,2026-08-08 19:41:24.465719,2026-08-08 20:45:58.792666,2026-08-08 19:52:59.797073,4,,,True,True,-6.62,0.0,0.0,delivered_on_time,2026-08-08 20:45:58.792666,False,-6.62,4.41,11.59,52.98,68.98,75.6,18.0,57.6,-2.0,-4.62,4.0,2026-08-08,19,Saturday,10-20 km
O01027,C0285,R020,D034,Bengaluru,2026-08-05 20:43:00,2026-08-05 21:58:18.000000,2026-08-05 21:07:59.373980,2026-08-05 21:57:42.761471,delivered,18.0,low,rain,D034,D034,2026-08-05 20:43:52.891355,,2026-08-05 21:01:00,2026-08-05 22:03:37.351691,completed,eta-v3.1,False,D034,2026-08-05 20:43:52.891355,2026-08-05 21:57:42.761471,2026-08-05 21:07:59.373980,2,,,True,True,-0.59,0.0,0.0,delivered_on_time,2026-08-05 21:57:42.761471,False,-0.59,0.88,24.11,49.72,74.71,75.3,18.0,57.3,6.99,-7.58,5.32,2026-08-05,20,Wednesday,10-20 km
O01028,C0080,R004,D033,Bengaluru,2026-08-24 12:53:00,2026-08-24 14:02:33.830992,2026-08-24 13:26:02.698286,2026-08-24 14:15:01.674812,delivered,15.13,medium,clear,D033,D033,2026-08-24 12:55:09.801418,,2026-08-24 13:11:00,2026-08-24 14:06:33.830992,completed,eta-v3.1,False,D033,2026-08-24 12:55:09.801418,2026-08-24 14:15:01.674812,2026-08-24 13:26:02.698286,4,,,True,True,12.46,1.0,1.0,delivered_late,2026-08-24 14:15:01.674812,False,12.46,2.16,30.88,48.98,82.03,69.56,18.0,51.56,15.04,-2.58,4.0,2026-08-24,12,Monday,10-20 km
O01029,C0605,R044,D101,Bengaluru,2026-08-01 19:41:00,2026-08-01 20:48:50.671196,2026-08-01 20:11:01.234013,2026-08-01 20:55:39.925033,delivered,13.12,medium,rain,D101,D101,2026-08-01 19:50:43.134438,,2026-08-01 19:59:00,2026-08-01 21:01:11.094811,completed,eta-v3.2,False,D101,2026-08-01 19:50:43.134438,2026-08-01 20:55:39.925033,2026-08-01 20:11:01.234013,4,,,True,True,6.82,1.0,0.0,delivered_late,2026-08-01 20:55:39.925033,False,6.82,9.72,20.3,44.64,74.67,67.84,18.0,49.84,12.02,-5.2,12.34,2026-08-01,19,Saturday,10-20 km
O01030,C0408,R047,D072,Bengaluru,2026-08-16 17:20:00,2026-08-16 18:39:48.000000,2026-08-16 18:02:45.901175,2026-08-16 19:01:09.344020,delivered,18.0,high,clear,D072,D072,2026-08-16 17:31:25.426981,,2026-08-16 17:38:00,2026-08-16 19:00:16.056120,completed,eta-v3.2,False,D072,2026-08-16 17:31:25.426981,2026-08-16 19:01:09.344020,2026-08-16 18:02:45.901175,2,,,True,True,21.36,1.0,1.0,delivered_late,2026-08-16 19:01:09.344020,False,21.36,11.42,31.34,58.39,101.16,79.8,18.0,61.8,24.77,-3.41,20.47,2026-08-16,17,Sunday,10-20 km
O01031,C0526,R054,D010,Bengaluru,2026-08-10 20:14:00,2026-08-10 21:26:48.000000,2026-08-10 20:42:25.477146,2026-08-10 21:28:25.181580,delivered,18.0,low,clear,D010,D010,2026-08-10 20:14:58.911177,,2026-08-10 20:32:00,2026-08-10 21:27:01.587085,completed,eta-v3.2,False,D010,2026-08-10 20:14:58.911177,2026-08-10 21:28:25.181580,2026-08-10 20:42:25.477146,3,,,True,True,1.62,1.0,0.0,delivered_late,2026-08-10 21:28:25.181580,False,1.62,0.98,27.44,46.0,74.42,72.8,18.0,54.8,10.42,-8.8,0.23,2026-08-10,20,Monday,10-20 km
O01032,C0605,R057,D053,Bengaluru,2026-08-23 16:06:00,2026-08-23 17:21:36.000000,2026-08-23 16:36:43.452369,2026-08-23 17:24:19.414600,delivered,18.0,medium,clear,D053,D053,2026-08-23 16:08:48.726249,,2026-08-23 16:24:00,2026-08-23 17:25:36.000000,completed,eta-v3.1,False,D053,2026-08-23 16:08:48.726249,2026-08-23 17:24:19.414600,2026-08-23 16:36:43.452369,2,,,True,True,2.72,1.0,0.0,delivered_late,2026-08-23 17:24:19.414600,False,2.72,2.81,27.91,47.6,78.32,75.6,18.0,57.6,12.72,-10.0,4.0,2026-08-23,16,Sunday,10-20 km
O01033,C0069,R017,D076,Bengaluru,2026-08-25 20:27:00,2026-08-25 21:52:24.000000,2026-08-25 21:10:25.139964,2026-08-25 22:13:05.142284,delivered,18.0,severe,clear,D076,D076,2026-08-25 20:28:48.999238,,2026-08-25 20:45:00,2026-08-25 22:13:11.007864,completed,eta-v3.1,False,D076,2026-08-25 20:28:48.999238,2026-08-25 22:13:05.142284,2026-08-25 21:10:25.139964,3,,,True,True,20.69,1.0,1.0,delivered_late,2026-08-25 22:13:05.142284,False,20.69,1.82,41.6,62.67,106.09,85.4,18.0,67.4,25.42,-4.73,20.78,2026-08-25,20,Tuesday,10-20 km
O01034,C0261,R040,D076,Bengaluru,2026-08-28 18:16:00,2026-08-28 19:26:18.874295,2026-08-28 18:44:55.877517,,delivered,15.48,medium,clear,D076,D076,2026-08-28 18:17:49.795976,,2026-08-28 18:34:00,2026-08-28 19:32:05.118496,completed,eta-v3.2,False,D076,2026-08-28 18:17:49.795976,2026-08-28 19:26:11.096267,2026-08-28 18:44:55.877517,5,TS-04,TS-04,True,False,,,,unknown_missing_timestamp,2026-08-28 19:26:11.096267,True,-0.13,1.83,27.1,,,70.31,18.0,52.31,10.93,,5.77,2026-08-28,18,Friday,10-20 km
O01035,C0316,R049,D102,Bengaluru,2026-08-12 18:50:00,2026-08-12 20:04:38.608651,2026-08-12 19:10:43.770435,2026-08-12 20:13:13.561689,delivered,14.35,high,rain,D102,D102,2026-08-12 18:50:30.403413,,2026-08-12 19:08:00,2026-08-12 20:19:38.608651,completed,eta-v3.2,False,D102,2026-08-12 18:50:30.403413,2026-08-12 20:13:13.561689,2026-08-12 19:10:43.770435,2,,,True,True,8.58,1.0,0.0,delivered_late,2026-08-12 20:13:13.561689,False,8.58,0.51,20.22,62.5,83.23,74.64,18.0,56.64,2.73,5.86,15.0,2026-08-12,18,Wednesday,10-20 km
O01036,C0276,R018,D099,Bengaluru,2026-08-17 15:47:00,2026-08-17 16:50:13.343397,2026-08-17 16:21:59.799755,2026-08-17 17:04:27.312581,delivered,10.11,high,clear,D099,D099,2026-08-17 15:48:47.902106,,2026-08-17 16:05:00,2026-08-17 17:00:36.874368,completed,eta-v3.1,False,D099,2026-08-17 15:48:47.902106,2026-08-17 17:04:27.312581,2026-08-17 16:21:59.799755,4,,,True,True,14.23,1.0,1.0,delivered_late,2026-08-17 17:04:27.312581,False,14.23,1.8,33.2,42.46,77.46,63.22,18.0,45.22,17.0,-2.76,10.39,2026-08-17,15,Monday,10-20 km
O01037,C0676,R059,D052,Bengaluru,2026-08-17 13:08:00,2026-08-17 14:05:39.545908,2026-08-17 13:28:22.161006,2026-08-17 14:02:53.255699,delivered,10.79,low,clear,D052,D052,2026-08-17 13:19:16.026307,,2026-08-17 13:26:00,2026-08-17 14:06:10.109710,completed,eta-v3.2,False,D052,2026-08-17 13:19:16.026307,2026-08-17 14:02:53.255699,2026-08-17 13:28:22.161006,5,,,True,True,-2.77,0.0,0.0,delivered_on_time,2026-08-17 14:02:53.255699,False,-2.77,11.27,9.1,34.52,54.89,57.66,18.0,39.66,2.37,-5.14,0.51,2026-08-17,13,Monday,10-20 km
O01038,C0760,R006,D052,Bengaluru,2026-08-28 13:56:00,2026-08-28 15:07:23.966076,2026-08-28 14:16:10.404652,2026-08-28 14:58:14.885752,delivered,17.33,low,clear,D052,D052,2026-08-28 13:57:10.633392,,2026-08-28 14:14:00,2026-08-28 15:08:30.033785,completed,eta-v3.2,False,D052,2026-08-28 13:57:10.633392,2026-08-28 14:58:14.885752,2026-08-28 14:16:10.404652,2,,,True,True,-9.15,0.0,0.0,delivered_on_time,2026-08-28 14:58:14.885752,False,-9.15,1.18,19.0,42.07,62.25,71.4,18.0,53.4,2.17,-11.33,1.1,2026-08-28,13,Friday,10-20 km
O01039,C0186,R009,D067,Bengaluru,2026-08-13 20:15:00,2026-08-13 21:34:48.000000,2026-08-13 20:37:10.644235,2026-08-13 21:31:02.871233,delivered,18.0,high,clear,D067,D067,2026-08-13 20:15:55.394381,,2026-08-13 20:33:00,2026-08-13 21:45:16.020483,completed,eta-v3.2,False,D067,2026-08-13 20:15:55.394381,2026-08-13 21:31:02.871233,2026-08-13 20:37:10.644235,2,,,True,True,-3.75,0.0,0.0,delivered_on_time,2026-08-13 21:31:02.871233,False,-3.75,0.92,21.25,53.87,76.05,79.8,18.0,61.8,4.18,-7.93,10.47,2026-08-13,20,Thursday,10-20 km
O01040,C0601,R003,D006,Bengaluru,2026-08-01 19:03:00,2026-08-01 20:22:48.000000,2026-08-01 19:24:04.111763,2026-08-01 20:19:38.372219,delivered,18.0,high,clear,D006,D006,2026-08-01 19:04:50.051399,,2026-08-01 19:21:00,2026-08-01 20:33:20.282677,completed,eta-v3.1,False,D006,2026-08-01 19:04:50.051399,2026-08-01 20:19:38.372219,2026-08-01 19:24:04.111763,3,,,True,True,-3.16,0.0,0.0,delivered_on_time,2026-08-01 20:19:38.372219,False,-3.16,1.83,19.23,55.57,76.64,79.8,18.0,61.8,3.07,-6.23,10.54,2026-08-01,19,Saturday,10-20 km
O01041,C0209,R013,D022,Bengaluru,2026-08-09 19:14:00,2026-08-09 20:21:25.701997,2026-08-09 20:04:20.453502,2026-08-09 20:48:52.180778,delivered,14.11,medium,clear,D022,D022,2026-08-09 19:18:33.774087,,2026-08-09 19:32:00,2026-08-09 20:26:07.628322,completed,eta-v3.1,False,D022,2026-08-09 19:18:33.774087,2026-08-09 20:48:52.180778,2026-08-09 20:04:20.453502,5,,,True,True,27.44,1.0,1.0,delivered_late,2026-08-09 20:48:52.180778,False,27.44,4.56,45.78,44.53,94.87,67.43,18.0,49.43,32.34,-4.9,4.7,2026-08-09,19,Sunday,10-20 km
O01042,C0275,R017,D021,Bengaluru,2026-08-06 15:16:00,2026-08-06 16:35:16.018297,2026-08-06 15:47:48.269519,2026-08-06 16:50:13.248466,delivered,12.22,severe,heavy_rain,D021,D021,2026-08-06 15:27:15.526999,,2026-08-06 15:34:00,2026-08-06 17:06:25.058489,completed,eta-v3.2,False,D021,2026-08-06 15:27:15.526999,2026-08-06 16:50:13.248466,2026-08-06 15:47:48.269519,5,,,True,True,14.95,1.0,1.0,delivered_late,2026-08-06 16:50:13.248466,False,14.95,11.26,20.55,62.42,94.22,79.27,18.0,61.27,13.8,1.15,31.15,2026-08-06,15,Thursday,10-20 km
O01043,C0101,R008,D021,Bengaluru,2026-08-22 19:58:00,2026-08-22 21:17:02.677029,2026-08-22 20:22:23.738143,2026-08-22 21:19:23.213919,delivered,17.64,high,clear,D021,D021,2026-08-22 20:01:12.050503,,2026-08-22 20:16:00,2026-08-22 21:28:15.106696,completed,eta-v3.2,False,D021,2026-08-22 20:01:12.050503,2026-08-22 21:19:23.213919,2026-08-22 20:22:23.738143,5,,,True,True,2.34,1.0,0.0,delivered_late,2026-08-22 21:19:23.213919,False,2.34,3.2,21.19,56.99,81.39,79.04,18.0,61.04,6.4,-4.05,11.21,2026-08-22,19,Saturday,10-20 km
O01044,C0249,R018,D016,Bengaluru,2026-08-05 21:48:00,2026-08-05 22:44:32.734576,2026-08-05 22:15:38.226925,2026-08-05 22:45:44.697860,delivered,6.93,high,clear,D016,D016,2026-08-05 21:52:03.894033,,2026-08-05 22:06:00,2026-08-05 22:55:09.846854,completed,eta-v3.2,False,D016,2026-08-05 21:52:03.894033,2026-08-05 22:45:44.697860,2026-08-05 22:15:38.226925,3,,,True,True,1.2,1.0,0.0,delivered_late,2026-08-05 22:45:44.697860,False,1.2,4.06,23.57,30.11,57.74,56.55,18.0,38.55,9.64,-8.44,10.62,2026-08-05,21,Wednesday,6-10 km
O01045,C0608,R024,D070,Bengaluru,2026-08-28 20:38:00,2026-08-28 21:59:36.000000,2026-08-28 20:56:51.061534,2026-08-28 21:56:40.869201,delivered,18.0,medium,heavy_rain,D070,D070,2026-08-28 20:38:04.985099,,2026-08-28 20:56:00,2026-08-28 22:16:17.612702,completed,eta-v3.1,False,D070,2026-08-28 20:38:04.985099,2026-08-28 21:56:40.869201,2026-08-28 20:56:51.061534,3,,,True,True,-2.92,0.0,0.0,delivered_on_time,2026-08-28 21:56:40.869201,False,-2.92,0.08,18.77,59.83,78.68,81.6,18.0,63.6,0.85,-3.77,16.69,2026-08-28,20,Friday,10-20 km
O01046,C0850,R027,D090,Bengaluru,2026-08-05 23:41:00,2026-08-06 01:00:48.000000,2026-08-06 00:11:10.801507,2026-08-06 01:14:15.516214,delivered,18.0,high,clear,D090,D090,2026-08-05 23:42:05.049785,,2026-08-05 23:59:00,2026-08-06 01:12:14.876356,completed,eta-v3.1,False,D090,2026-08-05 23:42:05.049785,2026-08-06 01:14:15.516214,2026-08-06 00:11:10.801507,3,,,True,True,13.46,1.0,1.0,delivered_late,2026-08-06 01:14:15.516214,False,13.46,1.08,29.1,63.08,93.26,79.8,18.0,61.8,12.18,1.28,11.45,2026-08-05,23,Wednesday,10-20 km
O01047,C0518,R030,D021,Bengaluru,2026-08-01 13:11:00,2026-08-01 14:24:40.458655,2026-08-01 13:47:22.467159,2026-08-01 14:34:56.220875,delivered,15.08,high,clear,D021,D021,2026-08-01 13:13:15.692199,,2026-08-01 13:29:00,2026-08-01 14:37:22.371884,completed,eta-v3.2,False,D021,2026-08-01 13:13:15.692199,2026-08-01 14:34:56.220875,2026-08-01 13:47:22.467159,2,,,True,True,10.26,1.0,1.0,delivered_late,2026-08-01 14:34:56.220875,False,10.26,2.26,34.11,47.56,83.94,73.67,18.0,55.67,18.37,-8.11,12.7,2026-08-01,13,Saturday,10-20 km
O01048,C0848,R012,D051,Bengaluru,2026-08-10 13:24:00,2026-08-10 14:43:48.000000,2026-08-10 13:53:15.845565,2026-08-10 14:48:59.819170,delivered,18.0,high,clear,D051,D051,2026-08-10 13:24:22.249495,,2026-08-10 13:42:00,2026-08-10 14:56:56.824028,completed,eta-v3.1,False,D051,2026-08-10 13:24:22.249495,2026-08-10 14:48:59.819170,2026-08-10 13:53:15.845565,2,,,True,True,5.2,1.0,0.0,delivered_late,2026-08-10 14:48:59.819170,False,5.2,0.37,28.89,55.73,85.0,79.8,18.0,61.8,11.26,-6.07,13.15,2026-08-10,13,Monday,10-20 km
O01049,C0090,R002,D082,Bengaluru,2026-08-26 20:54:00,2026-08-26 22:09:36.000000,2026-08-26 21:29:10.457870,2026-08-26 22:15:48.288397,delivered,18.0,medium,clear,D082,D082,2026-08-26 20:58:11.881367,,2026-08-26 21:12:00,2026-08-26 22:13:36.000000,completed,eta-v3.1,False,D082,2026-08-26 20:58:11.881367,2026-08-26 22:15:48.288397,2026-08-26 21:29:10.457870,3,,,True,True,6.2,1.0,0.0,delivered_late,2026-08-26 22:15:48.288397,False,6.2,4.2,30.98,46.63,81.8,75.6,18.0,57.6,17.17,-10.97,4.0,2026-08-26,20,Wednesday,10-20 km
O01050,C0649,R058,D110,Bengaluru,2026-08-25 17:11:00,2026-08-25 18:26:18.000000,2026-08-25 17:29:55.825280,2026-08-25 18:23:19.142991,delivered,18.0,low,rain,D110,D110,2026-08-25 17:13:05.647050,,2026-08-25 17:29:00,2026-08-25 18:31:18.000000,completed,eta-v3.2,False,D110,2026-08-25 17:13:05.647050,2026-08-25 18:23:19.142991,2026-08-25 17:29:55.825280,2,,,True,True,-2.98,0.0,0.0,delivered_on_time,2026-08-25 18:23:19.142991,False,-2.98,2.09,16.84,53.39,72.32,75.3,18.0,57.3,0.93,-3.91,5.0,2026-08-25,17,Tuesday,10-20 km
O01051,C0571,R028,D042,Bengaluru,2026-08-22 17:17:00,2026-08-22 18:29:48.000000,2026-08-22 17:41:36.979266,2026-08-22 18:26:09.565846,delivered,18.0,low,clear,D042,D042,2026-08-22 17:18:00.003643,,2026-08-22 17:35:00,2026-08-22 18:31:26.746590,completed,eta-v3.1,False,D042,2026-08-22 17:18:00.003643,2026-08-22 18:26:09.565846,2026-08-22 17:41:36.979266,2,,,True,True,-3.64,0.0,0.0,delivered_on_time,2026-08-22 18:26:09.565846,False,-3.64,1.0,23.62,44.54,69.16,72.8,18.0,54.8,6.62,-10.26,1.65,2026-08-22,17,Saturday,10-20 km
O01052,C0704,R002,D066,Bengaluru,2026-08-04 17:52:00,2026-08-04 19:17:24.000000,2026-08-04 18:08:07.975887,,delivered,18.0,severe,clear,D066,D066,2026-08-04 17:52:38.890946,,2026-08-04 18:10:00,2026-08-04 19:35:24.000000,completed,eta-v3.1,False,D066,2026-08-04 17:52:38.890946,2026-08-04 19:09:37.566395,2026-08-04 18:08:07.975887,3,TS-04,TS-04,True,False,,,,unknown_missing_timestamp,2026-08-04 19:09:37.566395,True,-7.77,0.65,15.48,,,85.4,18.0,67.4,-1.87,,18.0,2026-08-04,17,Tuesday,10-20 km
O01053,C0821,R049,D064,Bengaluru,2026-08-19 18:25:00,2026-08-19 19:12:43.812647,2026-08-19 18:55:48.952065,2026-08-19 19:07:24.726535,delivered,6.06,low,clear,D064,D064,2026-08-19 18:29:04.187704,,2026-08-19 18:43:00,2026-08-19 19:14:34.185319,completed,eta-v3.1,False,D064,2026-08-19 18:29:04.187704,2026-08-19 19:07:24.726535,2026-08-19 18:55:48.952065,5,,,True,True,-5.32,0.0,0.0,delivered_on_time,2026-08-19 19:07:24.726535,False,-5.32,4.07,26.75,11.6,42.41,47.73,18.0,29.73,12.82,-18.13,1.84,2026-08-19,18,Wednesday,6-10 km
O01054,C0482,R051,D087,Bengaluru,2026-08-12 18:04:00,2026-08-12 19:11:09.987654,2026-08-12 18:39:48.391798,2026-08-12 19:23:23.520233,delivered,12.79,medium,rain,D087,D087,2026-08-12 18:05:09.024976,,2026-08-12 18:22:00,2026-08-12 19:26:41.807391,completed,eta-v3.2,False,D087,2026-08-12 18:05:09.024976,2026-08-12 19:23:23.520233,2026-08-12 18:39:48.391798,3,,,True,True,12.23,1.0,1.0,delivered_late,2026-08-12 19:23:23.520233,False,12.23,1.15,34.66,43.59,79.39,67.17,18.0,49.17,17.81,-5.58,15.53,2026-08-12,18,Wednesday,10-20 km
O01055,C0076,R013,D108,Bengaluru,2026-08-28 11:57:00,2026-08-28 12:41:17.145484,2026-08-28 12:23:49.454606,2026-08-28 12:38:58.225538,delivered,1.9,medium,rain,D108,D108,2026-08-28 12:00:48.850645,,2026-08-28 12:15:00,2026-08-28 12:52:37.854339,completed,eta-v3.1,False,D108,2026-08-28 12:00:48.850645,2026-08-28 12:38:58.225538,2026-08-28 12:23:49.454606,5,,,True,True,-2.32,0.0,0.0,delivered_on_time,2026-08-28 12:38:58.225538,False,-2.32,3.81,23.01,15.15,41.97,44.29,18.0,26.29,8.82,-11.14,11.35,2026-08-28,11,Friday,0-3 km
O01056,C0898,R052,D005,Bengaluru,2026-08-06 20:06:00,2026-08-06 21:21:45.813685,2026-08-06 20:22:40.721599,2026-08-06 21:12:12.535206,delivered,16.89,medium,rain,D005,D005,2026-08-06 20:08:43.614121,,2026-08-06 20:24:00,2026-08-06 21:31:46.805288,completed,eta-v3.1,False,D005,2026-08-06 20:08:43.614121,2026-08-06 21:12:12.535206,2026-08-06 20:22:40.721599,3,,,True,True,-9.55,0.0,0.0,delivered_on_time,2026-08-06 21:12:12.535206,False,-9.55,2.73,13.95,49.53,66.21,75.76,18.0,57.76,-1.32,-8.23,10.02,2026-08-06,20,Thursday,10-20 km
O01057,C0278,R023,D089,Bengaluru,2026-08-17 19:28:00,2026-08-17 20:20:29.467762,2026-08-17 19:54:29.256017,2026-08-17 20:20:42.816056,delivered,8.33,low,clear,D089,D089,2026-08-17 19:34:33.302664,,2026-08-17 19:46:00,2026-08-17 20:21:36.886299,completed,eta-v3.1,False,D089,2026-08-17 19:34:33.302664,2026-08-17 20:20:42.816056,2026-08-17 19:54:29.256017,4,,,True,True,0.22,1.0,0.0,delivered_late,2026-08-17 20:20:42.816056,False,0.22,6.56,19.93,26.23,52.71,52.49,18.0,34.49,8.49,-8.26,1.12,2026-08-17,19,Monday,6-10 km
O01058,C0356,R013,D034,Bengaluru,2026-08-14 20:08:00,2026-08-14 20:56:08.930801,2026-08-14 21:01:56.238771,,cancelled,6.26,low,clear,D034,D034,2026-08-14 20:08:52.581404,,2026-08-14 20:26:00,2026-08-14 21:08:55.663659,cancelled,eta-v3.1,False,D034,2026-08-14 20:08:52.581404,,,0,,,False,False,,,,cancelled,,False,,0.88,53.06,,,48.15,18.0,30.15,35.94,,12.78,2026-08-14,20,Friday,6-10 km
O01059,C0505,R042,D105,Bengaluru,2026-08-03 19:14:00,2026-08-03 20:41:54.000000,2026-08-03 19:48:49.432794,2026-08-03 21:01:48.610929,delivered,18.0,severe,rain,D105,D105,2026-08-03 19:24:23.733685,,2026-08-03 19:32:00,2026-08-03 21:04:54.000000,completed,eta-v3.2,False,D105,2026-08-03 19:24:23.733685,2026-08-03 21:01:48.610929,2026-08-03 19:48:49.432794,3,,,True,True,19.91,1.0,1.0,delivered_late,2026-08-03 21:01:48.610929,False,19.91,10.4,24.43,72.99,107.81,87.9,18.0,69.9,16.82,3.09,23.0,2026-08-03,19,Monday,10-20 km
O01060,C0057,R011,D046,Bengaluru,2026-08-26 15:03:00,2026-08-26 16:15:48.000000,2026-08-26 15:33:30.003991,2026-08-26 16:19:14.894808,delivered,18.0,low,clear,D046,D046,2026-08-26 15:05:27.741792,,2026-08-26 15:21:00,2026-08-26 16:15:48.000000,completed,eta-v3.1,False,D046,2026-08-26 15:05:27.741792,2026-08-26 16:19:14.894808,2026-08-26 15:33:30.003991,5,CX-03,,True,True,3.45,1.0,0.0,delivered_late,2026-08-26 16:19:14.894808,False,3.45,2.46,28.04,45.75,76.25,72.8,18.0,54.8,12.5,-9.05,0.0,2026-08-26,15,Wednesday,10-20 km
O01061,C0683,R012,D075,Bengaluru,2026-08-01 18:03:00,2026-08-01 19:20:56.275754,2026-08-01 18:27:39.272030,2026-08-01 19:21:21.805305,delivered,15.92,high,rain,D075,D075,2026-08-01 18:03:37.801061,,2026-08-01 18:21:00,2026-08-01 19:35:56.275754,completed,eta-v3.1,False,D075,2026-08-01 18:03:37.801061,2026-08-01 19:21:21.805305,2026-08-01 18:27:39.272030,5,,,True,True,0.43,1.0,0.0,delivered_late,2026-08-01 19:21:21.805305,False,0.43,0.63,24.02,53.71,78.36,77.94,18.0,59.94,6.65,-6.23,15.0,2026-08-01,18,Saturday,10-20 km
O01062,C0424,R042,D117,Bengaluru,2026-08-03 20:02:00,2026-08-03 21:21:48.000000,2026-08-03 20:32:19.576405,2026-08-03 21:25:15.757529,delivered,18.0,high,clear,D117,D117,2026-08-03 20:03:36.311064,,2026-08-03 20:20:00,2026-08-03 21:31:48.000000,completed,eta-v3.1,False,D117,2026-08-03 20:03:36.311064,2026-08-03 21:25:15.757529,2026-08-03 20:32:19.576405,5,RG-03,,True,True,3.46,1.0,0.0,delivered_late,2026-08-03 21:25:15.757529,False,3.46,1.61,28.72,52.94,83.26,79.8,18.0,61.8,12.33,-8.86,10.0,2026-08-03,20,Monday,10-20 km
O01063,C0171,R017,D055,Bengaluru,2026-08-27 23:05:00,2026-08-28 00:24:48.000000,2026-08-27 23:26:01.428913,2026-08-28 00:25:21.624782,delivered,18.0,high,clear,D055,D055,2026-08-27 23:08:39.584978,,2026-08-27 23:23:00,2026-08-28 00:34:48.000000,completed,eta-v3.2,False,D055,2026-08-27 23:08:39.584978,2026-08-28 00:25:21.624782,2026-08-27 23:26:01.428913,3,,,True,True,0.56,1.0,0.0,delivered_late,2026-08-28 00:25:21.624782,False,0.56,3.66,17.36,59.34,80.36,79.8,18.0,61.8,3.02,-2.46,10.0,2026-08-27,23,Thursday,10-20 km
O01064,C0533,R052,D097,Bengaluru,2026-08-09 15:30:00,2026-08-09 16:49:48.000000,2026-08-09 15:55:36.803271,2026-08-09 16:54:05.901009,delivered,18.0,high,clear,D097,D097,2026-08-09 15:31:57.575813,,2026-08-09 15:48:00,2026-08-09 16:59:48.000000,completed,eta-v3.2,False,D097,2026-08-09 15:31:57.575813,2026-08-09 16:54:05.901009,2026-08-09 15:55:36.803271,4,,,True,True,4.3,1.0,0.0,delivered_late,2026-08-09 16:54:05.901009,False,4.3,1.96,23.65,58.48,84.1,79.8,18.0,61.8,7.61,-3.32,10.0,2026-08-09,15,Sunday,10-20 km
O01065,C0689,R022,D040,Bengaluru,2026-08-03 11:21:00,2026-08-03 12:15:28.159866,2026-08-03 11:53:55.531640,2026-08-03 12:19:43.741016,delivered,9.27,low,clear,D040,D040,2026-08-03 11:25:09.830242,,2026-08-03 11:39:00,2026-08-03 12:15:28.159866,completed,eta-v3.2,False,D040,2026-08-03 11:25:09.830242,2026-08-03 12:19:43.741016,2026-08-03 11:53:55.531640,4,,,True,True,4.26,1.0,0.0,delivered_late,2026-08-03 12:19:43.741016,False,4.26,4.16,28.76,25.8,58.73,54.47,18.0,36.47,14.93,-10.67,0.0,2026-08-03,11,Monday,6-10 km
O01066,C0025,R027,D101,Bengaluru,2026-08-28 22:26:00,2026-08-28 23:41:36.000000,2026-08-28 22:44:17.751062,,cancelled,18.0,medium,clear,D101,D101,2026-08-28 22:26:49.837671,,2026-08-28 22:44:00,2026-08-28 23:45:56.049940,cancelled,eta-v3.1,False,D101,2026-08-28 22:26:49.837671,,,0,,,False,False,,,,cancelled,,False,,0.83,17.47,,,75.6,18.0,57.6,0.3,,4.33,2026-08-28,22,Friday,10-20 km
O01067,C0788,R031,D070,Bengaluru,2026-08-19 18:45:00,2026-08-19 20:00:01.121441,2026-08-19 19:09:53.807457,2026-08-19 20:00:05.273355,delivered,11.87,severe,rain,D070,D070,2026-08-19 18:48:55.381042,,2026-08-19 19:03:00,2026-08-19 20:24:56.812744,completed,eta-v3.1,False,D070,2026-08-19 18:48:55.381042,2026-08-19 20:00:05.273355,2026-08-19 19:09:53.807457,4,,,True,True,0.07,1.0,0.0,delivered_late,2026-08-19 20:00:05.273355,False,0.07,3.92,20.97,50.19,75.09,75.02,18.0,57.02,6.9,-6.83,24.93,2026-08-19,18,Wednesday,10-20 km
O01068,C0244,R014,D079,Bengaluru,2026-08-15 20:59:00,2026-08-15 22:14:36.000000,2026-08-15 21:20:51.520837,2026-08-15 22:13:21.738057,delivered,18.0,medium,clear,D079,D079,2026-08-15 21:05:47.384040,,2026-08-15 21:17:00,2026-08-15 22:18:36.000000,completed,eta-v3.1,False,D079,2026-08-15 21:05:47.384040,2026-08-15 22:13:21.738057,2026-08-15 21:20:51.520837,2,,,True,True,-1.24,0.0,0.0,delivered_on_time,2026-08-15 22:13:21.738057,False,-1.24,6.79,15.07,52.5,74.36,75.6,18.0,57.6,3.86,-5.1,4.0,2026-08-15,20,Saturday,10-20 km
O01069,C0789,R034,D044,Bengaluru,2026-08-11 22:20:00,2026-08-11 23:32:48.000000,2026-08-11 22:44:00.157200,2026-08-11 23:30:44.700509,delivered,18.0,low,clear,D044,D044,2026-08-11 22:20:17.109261,,2026-08-11 22:38:00,2026-08-11 23:33:39.039897,completed,eta-v3.1,False,D044,2026-08-11 22:20:17.109261,2026-08-11 23:30:44.700509,2026-08-11 22:44:00.157200,2,,,True,True,-2.05,0.0,0.0,delivered_on_time,2026-08-11 23:30:44.700509,False,-2.05,0.29,23.72,46.74,70.75,72.8,18.0,54.8,6.0,-8.06,0.85,2026-08-11,22,Tuesday,10-20 km
O01070,C0436,R020,D026,Bengaluru,2026-08-13 12:43:00,2026-08-13 13:29:51.400076,2026-08-13 13:11:38.794160,2026-08-13 13:30:53.597260,delivered,5.65,low,clear,D026,D026,2026-08-13 12:47:03.770204,,2026-08-13 13:01:00,2026-08-13 13:31:54.548393,completed,eta-v3.1,False,D026,2026-08-13 12:47:03.770204,2026-08-13 13:30:53.597260,2026-08-13 13:11:38.794160,5,,,True,True,1.04,1.0,0.0,delivered_late,2026-08-13 13:30:53.597260,False,1.04,4.06,24.58,19.25,47.89,46.86,18.0,28.86,10.65,-9.61,2.05,2026-08-13,12,Thursday,3-6 km
O01071,C0379,R041,D031,Bengaluru,2026-08-23 22:43:00,2026-08-23 23:55:48.000000,2026-08-23 23:21:46.336494,2026-08-24 00:06:32.217757,delivered,18.0,low,clear,D031,D031,2026-08-23 22:44:10.406009,,2026-08-23 23:01:00,2026-08-24 00:04:59.972681,completed,eta-v3.1,False,D031,2026-08-23 22:44:10.406009,2026-08-24 00:06:32.217757,2026-08-23 23:21:46.336494,5,,,True,True,10.74,1.0,1.0,delivered_late,2026-08-24 00:06:32.217757,False,10.74,1.17,37.6,44.76,83.54,72.8,18.0,54.8,20.77,-10.04,9.2,2026-08-23,22,Sunday,10-20 km
O01072,C0689,R046,D084,Bengaluru,2026-08-28 20:11:00,2026-08-28 21:28:14.681007,2026-08-28 20:38:07.632394,2026-08-28 21:33:09.454400,delivered,16.78,high,clear,D084,D084,2026-08-28 20:14:02.859512,,2026-08-28 20:29:00,2026-08-28 21:38:14.681007,completed,eta-v3.2,False,D084,2026-08-28 20:14:02.859512,2026-08-28 21:33:09.454400,2026-08-28 20:38:07.632394,4,,,True,True,4.91,1.0,0.0,delivered_late,2026-08-28 21:33:09.454400,False,4.91,3.05,24.08,55.03,82.16,77.24,18.0,59.24,9.13,-4.21,10.0,2026-08-28,20,Friday,10-20 km
O01073,C0011,R023,D074,Bengaluru,2026-08-07 21:29:00,2026-08-07 22:40:53.074960,2026-08-07 21:53:33.973664,2026-08-07 22:39:05.912988,delivered,16.23,medium,clear,D074,D074,2026-08-07 21:33:09.582855,,2026-08-07 21:47:00,2026-08-07 22:46:27.531620,completed,eta-v3.1,False,D074,2026-08-07 21:33:09.582855,2026-08-07 22:39:05.912988,2026-08-07 21:53:33.973664,5,,,True,True,-1.79,0.0,0.0,delivered_on_time,2026-08-07 22:39:05.912988,False,-1.79,4.16,20.41,45.53,70.1,71.88,18.0,53.88,6.57,-8.35,5.57,2026-08-07,21,Friday,10-20 km
O01074,C0305,R018,D067,Bengaluru,2026-08-07 19:37:00,2026-08-07 20:43:14.977310,2026-08-07 20:15:58.299600,2026-08-07 20:50:04.555319,delivered,14.88,low,clear,D067,D067,2026-08-07 19:38:39.016293,,2026-08-07 19:55:00,2026-08-07 20:48:18.550976,completed,eta-v3.2,False,D067,2026-08-07 19:38:39.016293,2026-08-07 20:50:04.555319,2026-08-07 20:15:58.299600,4,,,True,True,6.83,1.0,0.0,delivered_late,2026-08-07 20:50:04.555319,False,6.83,1.65,37.32,34.1,73.08,66.25,18.0,48.25,20.97,-14.15,5.06,2026-08-07,19,Friday,10-20 km
O01075,C0491,R025,D089,Bengaluru,2026-08-11 21:39:00,2026-08-11 22:35:08.186269,2026-08-11 22:02:22.698105,2026-08-11 22:41:42.884375,delivered,3.87,high,heavy_rain,D089,D089,2026-08-11 21:41:10.233150,,2026-08-11 21:57:00,2026-08-11 22:58:08.957795,completed,eta-v3.1,False,D089,2026-08-11 21:41:10.233150,2026-08-11 22:41:42.884375,2026-08-11 22:02:22.698105,5,,,True,True,6.58,1.0,0.0,delivered_late,2026-08-11 22:41:42.884375,False,6.58,2.17,21.21,39.34,62.71,56.14,18.0,38.14,5.38,1.2,23.01,2026-08-11,21,Tuesday,3-6 km
O01076,C0274,R045,D075,Bengaluru,2026-08-21 11:36:00,2026-08-21 12:40:40.333343,2026-08-21 12:07:11.547543,2026-08-21 12:52:52.074335,delivered,11.61,medium,rain,D091,D075,2026-08-21 11:36:01.709662,2026-08-21 11:44:17.793883,2026-08-21 11:54:00,2026-08-21 12:49:40.333343,completed,eta-v3.2,True,D091,2026-08-21 11:36:01.709662,2026-08-21 12:52:52.074335,2026-08-21 12:07:11.547543,3,CX-01;CX-03,,True,True,12.2,1.0,1.0,delivered_late,2026-08-21 12:52:52.074335,False,12.2,0.03,31.16,45.68,76.87,64.67,18.0,46.67,13.19,-0.99,9.0,2026-08-21,11,Friday,10-20 km
O01077,C0463,R006,D115,Bengaluru,2026-08-19 21:19:00,2026-08-19 22:40:36.000000,2026-08-19 21:36:29.077835,,cancelled,18.0,medium,heavy_rain,D115,D115,2026-08-19 21:23:03.877246,,2026-08-19 21:37:00,2026-08-19 22:57:25.308963,cancelled,eta-v3.2,False,D115,2026-08-19 21:23:03.877246,,,0,,,False,False,,,,cancelled,,False,,4.06,13.42,,,81.6,18.0,63.6,-0.52,,16.82,2026-08-19,21,Wednesday,10-20 km
O01078,C0563,R029,D018,Bengaluru,2026-08-25 21:10:00,2026-08-25 22:05:33.725893,2026-08-25 21:23:37.168537,,cancelled,8.46,medium,clear,D018,D018,2026-08-25 21:11:49.799320,,2026-08-25 21:28:00,2026-08-25 22:09:53.154697,cancelled,eta-v3.2,False,D018,2026-08-25 21:11:49.799320,,,0,CX-03,,False,False,,,,cancelled,,False,,1.83,11.79,,,55.56,18.0,37.56,-4.38,,4.32,2026-08-25,21,Tuesday,6-10 km
O01079,C0686,R018,D067,Bengaluru,2026-08-11 15:57:00,2026-08-11 17:04:04.690433,2026-08-11 16:26:14.005923,2026-08-11 17:03:14.578512,delivered,13.94,medium,clear,D067,D067,2026-08-11 15:57:35.959861,,2026-08-11 16:15:00,2026-08-11 17:09:56.243173,completed,eta-v3.1,False,D067,2026-08-11 15:57:35.959861,2026-08-11 17:03:14.578512,2026-08-11 16:26:14.005923,3,,,True,True,-0.84,0.0,0.0,delivered_on_time,2026-08-11 17:03:14.578512,False,-0.84,0.6,28.63,37.01,66.24,67.08,18.0,49.08,11.23,-12.07,5.86,2026-08-11,15,Tuesday,10-20 km
O01080,C0625,R054,D009,Bengaluru,2026-08-24 20:36:00,2026-08-24 21:51:18.000000,2026-08-24 20:59:24.141759,,delivered,18.0,low,rain,D009,D009,2026-08-24 20:36:15.436773,,2026-08-24 20:54:00,2026-08-24 21:56:18.000000,completed,eta-v3.2,False,D009,2026-08-24 20:36:15.436773,2026-08-24 21:47:14.169042,2026-08-24 20:59:24.141759,3,TS-04,TS-04,True,False,,,,unknown_missing_timestamp,2026-08-24 21:47:14.169042,True,-4.06,0.26,23.15,,,75.3,18.0,57.3,5.4,,5.0,2026-08-24,20,Monday,10-20 km
O01081,C0554,R048,D082,Bengaluru,2026-08-13 17:14:00,2026-08-13 18:15:46.613098,2026-08-13 18:19:53.467196,2026-08-13 19:06:02.677891,delivered,9.42,high,clear,D082,D082,2026-08-13 17:23:02.156011,,2026-08-13 17:32:00,2026-08-13 18:37:31.815963,completed,eta-v3.2,False,D082,2026-08-13 17:23:02.156011,2026-08-13 19:06:02.677891,2026-08-13 18:19:53.467196,3,,,True,True,50.27,1.0,1.0,delivered_late,2026-08-13 19:06:02.677891,False,50.27,9.04,56.86,46.15,112.04,61.78,18.0,43.78,47.89,2.37,21.75,2026-08-13,17,Thursday,6-10 km
O01082,C0677,R029,D033,Bengaluru,2026-08-14 16:25:00,2026-08-14 17:38:29.634636,2026-08-14 16:52:03.014118,2026-08-14 17:44:10.330019,delivered,15.47,low,heavy_rain,D033,D033,2026-08-14 16:30:15.297681,,2026-08-14 16:43:00,2026-08-14 17:51:44.152572,completed,eta-v3.1,False,D033,2026-08-14 16:30:15.297681,2026-08-14 17:44:10.330019,2026-08-14 16:52:03.014118,4,,,True,True,5.68,1.0,0.0,delivered_late,2026-08-14 17:44:10.330019,False,5.68,5.25,21.8,52.12,79.17,73.49,18.0,55.49,9.05,-3.37,13.24,2026-08-14,16,Friday,10-20 km
O01083,C0281,R011,D117,Bengaluru,2026-08-01 19:08:00,2026-08-01 20:20:48.000000,2026-08-01 19:49:51.710400,2026-08-01 20:34:53.904706,delivered,18.0,low,clear,D117,D117,2026-08-01 19:14:03.504406,,2026-08-01 19:26:00,2026-08-01 20:26:52.743264,completed,eta-v3.2,False,D117,2026-08-01 19:14:03.504406,2026-08-01 20:34:53.904706,2026-08-01 19:49:51.710400,3,,,True,True,14.1,1.0,1.0,delivered_late,2026-08-01 20:34:53.904706,False,14.1,6.06,35.8,45.04,86.9,72.8,18.0,54.8,23.86,-9.76,6.08,2026-08-01,19,Saturday,10-20 km
O01084,C0823,R046,D108,Bengaluru,2026-08-06 12:58:00,2026-08-06 14:25:14.337155,2026-08-06 13:16:08.740959,2026-08-06 14:21:06.870413,delivered,17.69,severe,rain,D108,D108,2026-08-06 12:59:13.809009,,2026-08-06 13:16:00,2026-08-06 14:48:14.337155,completed,eta-v3.2,False,D108,2026-08-06 12:59:13.809009,2026-08-06 14:21:06.870413,2026-08-06 13:16:08.740959,2,,,True,True,-4.12,0.0,0.0,delivered_on_time,2026-08-06 14:21:06.870413,False,-4.12,1.23,16.92,64.97,83.11,87.24,18.0,69.24,0.15,-4.27,23.0,2026-08-06,12,Thursday,10-20 km
O01085,C0846,R026,D074,Bengaluru,2026-08-12 16:35:00,2026-08-12 17:47:48.000000,2026-08-12 16:56:50.642234,2026-08-12 17:38:36.002993,delivered,18.0,low,clear,D074,D074,2026-08-12 16:37:15.677818,,2026-08-12 16:53:00,2026-08-12 17:47:48.000000,completed,eta-v3.1,False,D074,2026-08-12 16:37:15.677818,2026-08-12 17:38:36.002993,2026-08-12 16:56:50.642234,2,,,True,True,-9.2,0.0,0.0,delivered_on_time,2026-08-12 17:38:36.002993,False,-9.2,2.26,19.58,41.76,63.6,72.8,18.0,54.8,3.84,-13.04,0.0,2026-08-12,16,Wednesday,10-20 km
O01086,C0273,R046,D049,Bengaluru,2026-08-25 17:15:00,2026-08-25 18:30:36.000000,2026-08-25 17:32:39.714023,2026-08-25 18:16:45.625876,delivered,18.0,medium,clear,D049,D049,2026-08-25 17:18:26.672403,,2026-08-25 17:33:00,2026-08-25 18:34:36.000000,completed,eta-v3.1,False,D049,2026-08-25 17:18:26.672403,2026-08-25 18:16:45.625876,2026-08-25 17:32:39.714023,5,,,True,True,-13.84,0.0,0.0,delivered_on_time,2026-08-25 18:16:45.625876,False,-13.84,3.44,14.22,44.1,61.76,75.6,18.0,57.6,-0.34,-13.5,4.0,2026-08-25,17,Tuesday,10-20 km
O01087,C0714,R017,D120,Bengaluru,2026-08-02 19:32:00,2026-08-02 20:42:53.850119,2026-08-02 20:05:35.387861,2026-08-02 20:51:21.080393,delivered,17.09,low,clear,D120,D120,2026-08-02 19:33:40.453576,,2026-08-02 19:50:00,2026-08-02 20:43:29.195882,completed,eta-v3.1,False,D120,2026-08-02 19:33:40.453576,2026-08-02 20:51:21.080393,2026-08-02 20:05:35.387861,3,,,True,True,8.45,1.0,0.0,delivered_late,2026-08-02 20:51:21.080393,False,8.45,1.67,31.92,45.76,79.35,70.9,18.0,52.9,15.59,-7.14,0.59,2026-08-02,19,Sunday,10-20 km
O01088,C0488,R023,D105,Bengaluru,2026-08-09 19:46:00,2026-08-09 20:40:12.409675,2026-08-09 20:20:55.454727,2026-08-09 20:44:47.958677,delivered,9.15,low,clear,D105,D105,2026-08-09 19:46:04.174697,,2026-08-09 20:04:00,2026-08-09 20:40:12.409675,completed,eta-v3.1,False,D105,2026-08-09 19:46:04.174697,2026-08-09 20:44:47.958677,2026-08-09 20:20:55.454727,3,,,True,True,4.59,1.0,0.0,delivered_late,2026-08-09 20:44:47.958677,False,4.59,0.07,34.85,23.88,58.8,54.21,18.0,36.21,16.92,-12.33,0.0,2026-08-09,19,Sunday,6-10 km
O01089,C0424,R013,D112,Bengaluru,2026-08-21 14:03:00,2026-08-21 15:18:36.000000,2026-08-21 14:36:47.904764,2026-08-21 15:27:11.077344,delivered,18.0,medium,clear,D112,D112,2026-08-21 14:05:11.366458,,2026-08-21 14:21:00,2026-08-21 15:31:42.064812,completed,eta-v3.1,False,D112,2026-08-21 14:05:11.366458,2026-08-21 15:27:11.077344,2026-08-21 14:36:47.904764,3,,,True,True,8.58,1.0,0.0,delivered_late,2026-08-21 15:27:11.077344,False,8.58,2.19,31.61,50.39,84.18,75.6,18.0,57.6,15.8,-7.21,13.1,2026-08-21,14,Friday,10-20 km
O01090,C0338,R016,D112,Bengaluru,2026-08-03 17:56:00,2026-08-03 19:08:48.000000,2026-08-03 18:13:57.364603,2026-08-03 19:01:37.420245,delivered,18.0,low,clear,D112,D112,2026-08-03 17:56:23.520040,,2026-08-03 18:14:00,2026-08-03 19:08:48.000000,completed,eta-v3.1,False,D112,2026-08-03 17:56:23.520040,2026-08-03 19:01:37.420245,2026-08-03 18:13:57.364603,5,,,True,True,-7.18,0.0,0.0,delivered_on_time,2026-08-03 19:01:37.420245,False,-7.18,0.39,17.56,47.67,65.62,72.8,18.0,54.8,-0.04,-7.13,0.0,2026-08-03,17,Monday,10-20 km
O01091,C0609,R021,D059,Bengaluru,2026-08-05 20:43:00,2026-08-05 21:55:48.000000,2026-08-05 21:08:27.791472,2026-08-05 21:55:38.785518,delivered,18.0,low,clear,D059,D059,2026-08-05 20:51:01.974386,,2026-08-05 21:01:00,2026-08-05 21:55:50.161246,completed,eta-v3.2,False,D059,2026-08-05 20:51:01.974386,2026-08-05 21:55:38.785518,2026-08-05 21:08:27.791472,2,,,True,True,-0.15,0.0,0.0,delivered_on_time,2026-08-05 21:55:38.785518,False,-0.15,8.03,17.43,47.18,72.65,72.8,18.0,54.8,7.46,-7.62,0.04,2026-08-05,20,Wednesday,10-20 km
O01092,C0858,R042,D116,Bengaluru,2026-08-24 22:13:00,2026-08-24 23:14:14.650810,2026-08-24 22:40:37.890573,2026-08-24 23:16:15.447779,delivered,11.31,low,rain,D116,D116,2026-08-24 22:13:41.464719,,2026-08-24 22:31:00,2026-08-24 23:19:14.650810,completed,eta-v3.2,False,D116,2026-08-24 22:13:41.464719,2026-08-24 23:16:15.447779,2026-08-24 22:40:37.890573,3,,,True,True,2.01,1.0,0.0,delivered_late,2026-08-24 23:16:15.447779,False,2.01,0.69,26.94,35.63,63.26,61.24,18.0,43.24,9.63,-7.61,5.0,2026-08-24,22,Monday,10-20 km
O01093,C0064,R042,D029,Bengaluru,2026-08-04 17:00:00,2026-08-04 17:48:32.477386,2026-08-04 17:06:20.937945,2026-08-04 17:28:33.083782,delivered,5.11,medium,clear,D029,D029,2026-08-04 17:10:56.042879,,2026-08-04 17:18:00,2026-08-04 17:52:40.852564,completed,eta-v3.2,False,D029,2026-08-04 17:10:56.042879,2026-08-04 17:28:33.083782,2026-08-04 17:06:20.937945,2,TS-07,,True,True,-19.99,0.0,0.0,delivered_on_time,2026-08-04 17:28:33.083782,False,-19.99,10.93,-4.59,22.2,28.55,48.54,18.0,30.54,-11.65,-8.34,4.14,2026-08-04,17,Tuesday,3-6 km
O01094,C0216,R010,D119,Bengaluru,2026-08-05 12:32:00,2026-08-05 13:40:30.215231,2026-08-05 13:08:31.521741,2026-08-05 13:57:59.231919,delivered,12.62,high,clear,D056,D119,2026-08-05 12:41:15.527618,2026-08-05 12:45:59.964441,2026-08-05 12:50:00,2026-08-05 13:56:57.502974,completed,eta-v3.1,True,D056,2026-08-05 12:41:15.527618,2026-08-05 13:57:59.231919,2026-08-05 13:08:31.521741,3,CX-01;CX-03,,True,True,17.48,1.0,1.0,delivered_late,2026-08-05 13:57:59.231919,False,17.48,9.26,27.27,49.46,85.99,68.5,18.0,50.5,18.53,-1.04,16.45,2026-08-05,12,Wednesday,10-20 km
O01095,C0894,R003,D115,Bengaluru,2026-08-10 19:24:00,2026-08-10 20:36:48.000000,2026-08-10 19:44:12.854236,2026-08-10 20:27:41.245047,delivered,18.0,low,clear,D115,D115,2026-08-10 19:25:11.394775,,2026-08-10 19:42:00,2026-08-10 20:37:03.344695,completed,eta-v3.1,False,D115,2026-08-10 19:25:11.394775,2026-08-10 20:27:41.245047,2026-08-10 19:44:12.854236,5,,,True,True,-9.11,0.0,0.0,delivered_on_time,2026-08-10 20:27:41.245047,False,-9.11,1.19,19.02,43.47,63.69,72.8,18.0,54.8,2.21,-11.33,0.26,2026-08-10,19,Monday,10-20 km
O01096,C0456,R046,D060,Bengaluru,2026-08-11 15:09:00,2026-08-11 16:04:42.595917,2026-08-11 15:27:35.666845,,cancelled,9.86,low,clear,D060,D060,2026-08-11 15:13:11.588807,,2026-08-11 15:27:00,2026-08-11 16:04:42.595917,cancelled,eta-v3.1,False,D060,2026-08-11 15:13:11.588807,,,0,,,False,False,,,,cancelled,,False,,4.19,14.4,,,55.71,18.0,37.71,0.59,,0.0,2026-08-11,15,Tuesday,6-10 km
O01097,C0551,R039,D008,Bengaluru,2026-08-24 19:26:00,2026-08-24 20:38:48.000000,2026-08-24 19:55:50.018799,2026-08-24 20:40:53.497529,delivered,18.0,low,clear,D008,D008,2026-08-24 19:28:38.302778,,2026-08-24 19:44:00,2026-08-24 20:38:48.000000,completed,eta-v3.2,False,D008,2026-08-24 19:28:38.302778,2026-08-24 20:40:53.497529,2026-08-24 19:55:50.018799,4,,,True,True,2.09,1.0,0.0,delivered_late,2026-08-24 20:40:53.497529,False,2.09,2.64,27.2,45.06,74.89,72.8,18.0,54.8,11.83,-9.74,0.0,2026-08-24,19,Monday,10-20 km
O01098,C0023,R057,D041,Bengaluru,2026-08-10 22:11:00,2026-08-10 23:30:48.000000,2026-08-10 22:34:17.608398,2026-08-10 23:30:33.256242,delivered,18.0,high,clear,D041,D041,2026-08-10 22:14:53.932450,,2026-08-10 22:29:00,2026-08-10 23:40:48.000000,completed,eta-v3.1,False,D041,2026-08-10 22:14:53.932450,2026-08-10 23:30:33.256242,2026-08-10 22:34:17.608398,3,,,True,True,-0.25,0.0,0.0,delivered_on_time,2026-08-10 23:30:33.256242,False,-0.25,3.9,19.39,56.26,79.55,79.8,18.0,61.8,5.29,-5.54,10.0,2026-08-10,22,Monday,10-20 km
O01099,C0016,R045,D111,Bengaluru,2026-08-22 18:25:00,2026-08-22 19:43:48.000000,2026-08-22 18:58:31.425369,2026-08-22 19:55:06.817015,delivered,18.0,low,heavy_rain,D111,D111,2026-08-22 18:26:53.808178,,2026-08-22 18:43:00,2026-08-22 19:59:02.567009,completed,eta-v3.2,False,D111,2026-08-22 18:26:53.808178,2026-08-22 19:55:06.817015,2026-08-22 18:58:31.425369,5,,,True,True,11.31,1.0,1.0,delivered_late,2026-08-22 19:55:06.817015,False,11.31,1.9,31.63,56.59,90.11,78.8,18.0,60.8,15.52,-4.21,15.24,2026-08-22,18,Saturday,10-20 km
O01100,C0496,R012,D058,Bengaluru,2026-08-21 16:12:00,2026-08-21 17:18:05.834259,2026-08-21 16:22:29.990808,2026-08-21 17:03:54.734530,delivered,13.47,medium,clear,D058,D058,2026-08-21 16:13:29.159856,,2026-08-21 16:30:00,2026-08-21 17:22:05.834259,completed,eta-v3.2,False,D058,2026-08-21 16:13:29.159856,2026-08-21 17:03:54.734530,2026-08-21 16:22:29.990808,2,,,True,True,-14.18,0.0,0.0,delivered_on_time,2026-08-21 17:03:54.734530,False,-14.18,1.49,9.01,41.41,51.91,66.1,18.0,48.1,-7.5,-6.69,4.0,2026-08-21,16,Friday,10-20 km
O01101,C0164,R054,D055,Bengaluru,2026-08-05 12:21:00,2026-08-05 13:36:36.000000,2026-08-05 12:49:00.960850,2026-08-05 13:37:52.992097,delivered,18.0,medium,clear,D055,D055,2026-08-05 12:21:33.051784,,2026-08-05 12:39:00,2026-08-05 13:40:36.000000,completed,eta-v3.1,False,D055,2026-08-05 12:21:33.051784,2026-08-05 13:37:52.992097,2026-08-05 12:49:00.960850,3,,,True,True,1.28,1.0,0.0,delivered_late,2026-08-05 13:37:52.992097,False,1.28,0.55,27.47,48.87,76.88,75.6,18.0,57.6,10.02,-8.73,4.0,2026-08-05,12,Wednesday,10-20 km
O01102,C0634,R021,D010,Bengaluru,2026-08-12 18:25:00,2026-08-12 19:31:12.651822,2026-08-12 19:31:48.324377,2026-08-12 20:16:09.835907,delivered,13.53,medium,clear,D010,D010,2026-08-12 18:31:08.107033,,2026-08-12 18:43:00,2026-08-12 19:43:35.796995,completed,eta-v3.1,False,D010,2026-08-12 18:31:08.107033,2026-08-12 20:16:09.835907,2026-08-12 19:31:48.324377,5,,,True,True,44.95,1.0,1.0,delivered_late,2026-08-12 20:16:09.835907,False,44.95,6.14,60.67,44.36,111.16,66.21,18.0,48.21,48.81,-3.85,12.39,2026-08-12,18,Wednesday,10-20 km
O01103,C0642,R014,D086,Bengaluru,2026-08-18 19:15:00,2026-08-18 20:34:48.000000,2026-08-18 19:40:52.262120,2026-08-18 20:41:42.616649,delivered,18.0,high,clear,D086,D086,2026-08-18 19:21:15.572277,,2026-08-18 19:33:00,2026-08-18 20:45:08.004702,completed,eta-v3.1,False,D086,2026-08-18 19:21:15.572277,2026-08-18 20:41:42.616649,2026-08-18 19:40:52.262120,5,,,True,True,6.91,1.0,0.0,delivered_late,2026-08-18 20:41:42.616649,False,6.91,6.26,19.61,60.84,86.71,79.8,18.0,61.8,7.87,-0.96,10.33,2026-08-18,19,Tuesday,10-20 km
O01104,C0642,R015,D105,Bengaluru,2026-08-01 11:41:00,2026-08-01 12:49:10.089214,2026-08-01 11:55:12.820600,2026-08-01 12:41:17.622276,delivered,12.46,high,clear,D105,D105,2026-08-01 11:42:27.345756,,2026-08-01 11:59:00,2026-08-01 13:00:32.188559,completed,eta-v3.2,False,D105,2026-08-01 11:42:27.345756,2026-08-01 12:41:17.622276,2026-08-01 11:55:12.820600,5,,,True,True,-7.87,0.0,0.0,delivered_on_time,2026-08-01 12:41:17.622276,False,-7.87,1.46,12.76,46.08,60.29,68.17,18.0,50.17,-3.79,-4.09,11.37,2026-08-01,11,Saturday,10-20 km
O01105,C0526,R016,D005,Bengaluru,2026-08-22 15:57:00,2026-08-22 17:05:34.746750,2026-08-22 16:25:18.433048,2026-08-22 17:09:20.394902,delivered,14.8,low,rain,D005,D005,2026-08-22 15:58:48.029474,,2026-08-22 16:15:00,2026-08-22 17:10:34.746750,completed,eta-v3.2,False,D005,2026-08-22 15:58:48.029474,2026-08-22 17:09:20.394902,2026-08-22 16:25:18.433048,5,,,True,True,3.76,1.0,0.0,delivered_late,2026-08-22 17:09:20.394902,False,3.76,1.8,26.51,44.03,72.34,68.58,18.0,50.58,10.31,-6.55,5.0,2026-08-22,15,Saturday,10-20 km
O01106,C0268,R006,D071,Bengaluru,2026-08-23 18:50:00,2026-08-23 19:30:53.750429,2026-08-23 19:37:37.371643,2026-08-23 19:49:55.046399,delivered,1.47,medium,clear,D071,D071,2026-08-23 18:54:45.176827,,2026-08-23 19:08:00,2026-08-23 19:43:44.657771,completed,eta-v3.2,False,D071,2026-08-23 18:54:45.176827,2026-08-23 19:49:55.046399,2026-08-23 19:37:37.371643,5,RG-03,,True,True,19.02,1.0,1.0,delivered_late,2026-08-23 19:49:55.046399,False,19.02,4.75,42.87,12.29,59.92,40.9,18.0,22.9,29.62,-10.61,12.85,2026-08-23,18,Sunday,0-3 km
O01107,C0660,R040,D038,Bengaluru,2026-08-21 19:52:00,2026-08-21 21:00:50.307899,2026-08-21 20:35:41.852841,2026-08-21 21:13:51.660760,delivered,16.11,low,clear,D038,D038,2026-08-21 19:53:32.288651,,2026-08-21 20:10:00,2026-08-21 21:00:55.259492,completed,eta-v3.1,False,D038,2026-08-21 19:53:32.288651,2026-08-21 21:13:51.660760,2026-08-21 20:35:41.852841,3,,,True,True,13.02,1.0,1.0,delivered_late,2026-08-21 21:13:51.660760,False,13.02,1.54,42.16,38.16,81.86,68.84,18.0,50.84,25.7,-12.68,0.08,2026-08-21,19,Friday,10-20 km
O01108,C0010,R035,D098,Bengaluru,2026-08-03 16:20:00,2026-08-03 17:21:20.173057,2026-08-03 16:40:16.260774,2026-08-03 17:16:32.343524,delivered,10.02,medium,rain,D098,D098,2026-08-03 16:21:46.186988,,2026-08-03 16:38:00,2026-08-03 17:30:20.173057,completed,eta-v3.1,False,D098,2026-08-03 16:21:46.186988,2026-08-03 17:16:32.343524,2026-08-03 16:40:16.260774,3,,,True,True,-4.8,0.0,0.0,delivered_on_time,2026-08-03 17:16:32.343524,False,-4.8,1.77,18.5,36.27,56.54,61.34,18.0,43.34,2.27,-7.07,9.0,2026-08-03,16,Monday,10-20 km
O01109,C0299,R046,D106,Bengaluru,2026-08-03 18:10:00,2026-08-03 19:20:22.866721,2026-08-03 18:19:50.219434,2026-08-03 19:06:07.544585,delivered,13.51,high,clear,D106,D106,2026-08-03 18:10:58.158994,,2026-08-03 18:28:00,2026-08-03 19:30:22.866721,completed,eta-v3.1,False,D106,2026-08-03 18:10:58.158994,2026-08-03 19:06:07.544585,2026-08-03 18:19:50.219434,2,,,True,True,-14.26,0.0,0.0,delivered_on_time,2026-08-03 19:06:07.544585,False,-14.26,0.97,8.87,46.29,56.13,70.38,18.0,52.38,-8.16,-6.09,10.0,2026-08-03,18,Monday,10-20 km
O01110,C0155,R024,D064,Bengaluru,2026-08-24 19:31:00,2026-08-24 20:39:55.091639,2026-08-24 19:56:05.606077,2026-08-24 20:42:31.754889,delivered,12.82,high,clear,D064,D064,2026-08-24 19:31:09.428495,,2026-08-24 19:49:00,2026-08-24 20:51:49.257379,completed,eta-v3.1,False,D064,2026-08-24 19:31:09.428495,2026-08-24 20:42:31.754889,2026-08-24 19:56:05.606077,3,,,True,True,2.61,1.0,0.0,delivered_late,2026-08-24 20:42:31.754889,False,2.61,0.16,24.94,46.44,71.53,68.92,18.0,50.92,7.09,-4.48,11.9,2026-08-24,19,Monday,10-20 km
O01111,C0072,R017,D019,Bengaluru,2026-08-15 14:39:00,2026-08-15 15:51:48.000000,2026-08-15 15:19:55.637375,2026-08-15 16:09:49.216099,delivered,18.0,low,clear,D019,D019,2026-08-15 14:39:48.274043,,2026-08-15 14:57:00,2026-08-15 15:53:13.465011,completed,eta-v3.1,False,D019,2026-08-15 14:39:48.274043,2026-08-15 16:09:49.216099,2026-08-15 15:19:55.637375,3,,,True,True,18.02,1.0,1.0,delivered_late,2026-08-15 16:09:49.216099,False,18.02,0.8,40.12,49.89,90.82,72.8,18.0,54.8,22.93,-4.91,1.42,2026-08-15,14,Saturday,10-20 km
O01112,C0215,R026,D030,Bengaluru,2026-08-12 23:30:00,2026-08-13 00:48:06.000000,2026-08-12 23:56:19.209832,2026-08-13 00:50:25.217891,delivered,18.0,medium,rain,D030,D030,2026-08-12 23:30:23.148200,,2026-08-12 23:48:00,2026-08-13 00:57:44.051228,completed,eta-v3.1,False,D030,2026-08-12 23:30:23.148200,2026-08-13 00:50:25.217891,2026-08-12 23:56:19.209832,3,,,True,True,2.32,1.0,0.0,delivered_late,2026-08-13 00:50:25.217891,False,2.32,0.39,25.93,54.1,80.42,78.1,18.0,60.1,8.32,-6.0,9.63,2026-08-12,23,Wednesday,10-20 km
O01113,C0411,R018,D028,Bengaluru,2026-08-01 18:09:00,2026-08-01 19:07:45.538427,2026-08-01 18:23:53.380281,2026-08-01 18:58:40.349270,delivered,9.98,medium,clear,D028,D028,2026-08-01 18:11:02.571996,,2026-08-01 18:27:00,2026-08-01 19:11:45.538427,completed,eta-v3.1,False,D028,2026-08-01 18:11:02.571996,2026-08-01 18:58:40.349270,2026-08-01 18:23:53.380281,5,,,True,True,-9.09,0.0,0.0,delivered_on_time,2026-08-01 18:58:40.349270,False,-9.09,2.04,12.85,34.78,49.67,58.76,18.0,40.76,-3.11,-5.98,4.0,2026-08-01,18,Saturday,6-10 km
O01114,C0352,R014,D015,Bengaluru,2026-08-28 15:25:00,2026-08-28 16:40:36.000000,2026-08-28 15:47:41.871627,2026-08-28 16:41:47.961835,delivered,18.0,medium,clear,D015,D015,2026-08-28 15:26:24.192513,,2026-08-28 15:43:00,2026-08-28 16:46:11.452687,completed,eta-v3.1,False,D015,2026-08-28 15:26:24.192513,2026-08-28 16:41:47.961835,2026-08-28 15:47:41.871627,3,,,True,True,1.2,1.0,0.0,delivered_late,2026-08-28 16:41:47.961835,False,1.2,1.4,21.29,54.1,76.8,75.6,18.0,57.6,4.7,-3.5,5.59,2026-08-28,15,Friday,10-20 km
O01115,C0813,R053,D117,Bengaluru,2026-08-25 19:16:00,2026-08-25 20:41:24.000000,2026-08-25 19:38:10.739433,2026-08-25 20:40:27.102548,delivered,18.0,severe,clear,D117,D117,2026-08-25 19:16:36.174857,,2026-08-25 19:34:00,2026-08-25 20:59:24.000000,completed,eta-v3.1,False,D117,2026-08-25 19:16:36.174857,2026-08-25 20:40:27.102548,2026-08-25 19:38:10.739433,4,CX-03,,True,True,-0.95,0.0,0.0,delivered_on_time,2026-08-25 20:40:27.102548,False,-0.95,0.6,21.58,62.27,84.45,85.4,18.0,67.4,4.18,-5.13,18.0,2026-08-25,19,Tuesday,10-20 km
O01116,C0324,R052,D090,Bengaluru,2026-08-11 14:41:00,2026-08-11 15:53:48.000000,2026-08-11 14:55:23.520002,2026-08-11 15:44:04.055755,delivered,18.0,low,clear,D090,D090,2026-08-11 14:41:46.576002,,2026-08-11 14:59:00,2026-08-11 15:53:48.000000,completed,eta-v3.1,False,D090,2026-08-11 14:41:46.576002,2026-08-11 15:44:04.055755,2026-08-11 14:55:23.520002,4,,,True,True,-9.73,0.0,0.0,delivered_on_time,2026-08-11 15:44:04.055755,False,-9.73,0.78,13.62,48.68,63.07,72.8,18.0,54.8,-3.61,-6.12,0.0,2026-08-11,14,Tuesday,10-20 km
O01117,C0810,R052,D084,Bengaluru,2026-08-01 18:20:00,2026-08-01 19:35:36.000000,2026-08-01 18:40:32.961824,2026-08-01 19:19:17.056072,delivered,18.0,medium,clear,D084,D084,2026-08-01 18:21:21.503160,,2026-08-01 18:38:00,2026-08-01 19:39:36.000000,completed,eta-v3.1,False,D084,2026-08-01 18:21:21.503160,2026-08-01 19:19:17.056072,2026-08-01 18:40:32.961824,5,,,True,True,-16.32,0.0,0.0,delivered_on_time,2026-08-01 19:19:17.056072,False,-16.32,1.36,19.19,38.73,59.28,75.6,18.0,57.6,2.55,-18.87,4.0,2026-08-01,18,Saturday,10-20 km
O01118,C0210,R024,D034,Bengaluru,2026-08-19 20:30:00,2026-08-19 21:36:16.813041,2026-08-19 20:59:45.990280,2026-08-19 21:44:03.302164,delivered,11.56,high,clear,D034,D034,2026-08-19 20:32:38.890386,,2026-08-19 20:48:00,2026-08-19 21:46:16.813041,completed,eta-v3.1,False,D034,2026-08-19 20:32:38.890386,2026-08-19 21:44:03.302164,2026-08-19 20:59:45.990280,2,,,True,True,7.77,1.0,0.0,delivered_late,2026-08-19 21:44:03.302164,False,7.77,2.65,27.12,44.29,74.06,66.28,18.0,48.28,11.77,-3.99,10.0,2026-08-19,20,Wednesday,10-20 km
O01119,C0365,R028,D028,Bengaluru,2026-08-24 15:04:00,2026-08-24 16:20:51.229003,2026-08-24 15:17:37.290147,,cancelled,17.41,medium,rain,D028,D028,2026-08-24 15:05:00.216026,,2026-08-24 15:22:00,2026-08-24 16:30:01.672206,cancelled,eta-v3.1,False,D028,2026-08-24 15:05:00.216026,,,0,,,False,False,,,,cancelled,,False,,1.0,12.62,,,76.85,18.0,58.85,-4.38,,9.17,2026-08-24,15,Monday,10-20 km
O01120,C0295,R031,D010,Bengaluru,2026-08-19 20:37:00,2026-08-19 22:02:24.000000,2026-08-19 21:08:45.999078,2026-08-19 22:12:50.414424,delivered,18.0,severe,clear,D010,D010,2026-08-19 20:37:45.700648,,2026-08-19 20:55:00,2026-08-19 22:22:09.766835,completed,eta-v3.1,False,D010,2026-08-19 20:37:45.700648,2026-08-19 22:12:50.414424,2026-08-19 21:08:45.999078,3,,,True,True,10.44,1.0,1.0,delivered_late,2026-08-19 22:12:50.414424,False,10.44,0.76,31.0,64.07,95.84,85.4,18.0,67.4,13.77,-3.33,19.76,2026-08-19,20,Wednesday,10-20 km
O01121,C0201,R015,D009,Bengaluru,2026-08-20 21:31:00,2026-08-20 22:39:37.817747,2026-08-20 21:55:36.472198,2026-08-20 22:38:25.382380,delivered,16.01,low,clear,D009,D009,2026-08-20 21:32:03.957033,,2026-08-20 21:49:00,2026-08-20 22:45:41.479279,completed,eta-v3.2,False,D009,2026-08-20 21:32:03.957033,2026-08-20 22:38:25.382380,2026-08-20 21:55:36.472198,5,,,True,True,-1.21,0.0,0.0,delivered_on_time,2026-08-20 22:38:25.382380,False,-1.21,1.07,23.54,42.82,67.42,68.63,18.0,50.63,6.61,-7.81,6.06,2026-08-20,21,Thursday,10-20 km
O01122,C0680,R052,D058,Bengaluru,2026-08-16 21:14:00,2026-08-16 22:26:48.000000,2026-08-16 21:33:30.924706,2026-08-16 22:23:44.556588,delivered,18.0,low,clear,D044,D058,2026-08-16 21:18:11.490634,2026-08-16 21:25:03.580841,2026-08-16 21:32:00,2026-08-16 22:26:48.000000,completed,eta-v3.2,True,D044,2026-08-16 21:18:11.490634,2026-08-16 22:23:44.556588,2026-08-16 21:33:30.924706,5,CX-01;CX-03,,True,True,-3.06,0.0,0.0,delivered_on_time,2026-08-16 22:23:44.556588,False,-3.06,4.19,15.32,50.23,69.74,72.8,18.0,54.8,1.52,-4.57,0.0,2026-08-16,21,Sunday,10-20 km
O01123,C0098,R014,D063,Bengaluru,2026-08-23 19:12:00,2026-08-23 20:24:48.000000,2026-08-23 19:40:21.599533,2026-08-23 20:20:40.486474,delivered,18.0,low,clear,D063,D063,2026-08-23 19:22:21.082715,,2026-08-23 19:30:00,2026-08-23 20:24:49.265305,completed,eta-v3.2,False,D063,2026-08-23 19:22:21.082715,2026-08-23 20:20:40.486474,2026-08-23 19:40:21.599533,2,,,True,True,-4.13,0.0,0.0,delivered_on_time,2026-08-23 20:20:40.486474,False,-4.13,10.35,18.01,40.31,68.67,72.8,18.0,54.8,10.36,-14.49,0.02,2026-08-23,19,Sunday,10-20 km
O01124,C0176,R008,D100,Bengaluru,2026-08-19 12:53:00,2026-08-19 14:05:48.000000,2026-08-19 13:17:43.575405,2026-08-19 13:57:19.401905,delivered,18.0,low,clear,D100,D100,2026-08-19 12:53:05.096183,,2026-08-19 13:11:00,2026-08-19 14:07:18.749930,completed,eta-v3.2,False,D100,2026-08-19 12:53:05.096183,2026-08-19 13:57:19.401905,2026-08-19 13:17:43.575405,2,RG-03,,True,True,-8.48,0.0,0.0,delivered_on_time,2026-08-19 13:57:19.401905,False,-8.48,0.08,24.64,39.6,64.32,72.8,18.0,54.8,6.73,-15.2,1.51,2026-08-19,12,Wednesday,10-20 km
O01125,C0249,R043,D025,Bengaluru,2026-08-18 18:19:00,2026-08-18 19:20:37.717040,2026-08-18 18:25:45.717901,2026-08-18 19:07:43.441621,delivered,11.35,medium,clear,D025,D025,2026-08-18 18:20:10.603548,,2026-08-18 18:37:00,2026-08-18 19:24:37.717040,completed,eta-v3.1,False,D025,2026-08-18 18:20:10.603548,2026-08-18 19:07:43.441621,2026-08-18 18:25:45.717901,3,,,True,True,-12.9,0.0,0.0,delivered_on_time,2026-08-18 19:07:43.441621,False,-12.9,1.18,5.59,41.96,48.72,61.63,18.0,43.63,-11.24,-1.67,4.0,2026-08-18,18,Tuesday,10-20 km
O01126,C0674,R055,D082,Bengaluru,2026-08-02 15:21:00,2026-08-02 16:24:27.826044,2026-08-02 15:33:04.788481,2026-08-02 16:06:00.064060,delivered,13.55,low,clear,D082,D082,2026-08-02 15:27:33.620966,,2026-08-02 15:39:00,2026-08-02 16:26:53.741437,completed,eta-v3.2,False,D082,2026-08-02 15:27:33.620966,2026-08-02 16:06:00.064060,2026-08-02 15:33:04.788481,3,,,True,True,-18.46,0.0,0.0,delivered_on_time,2026-08-02 16:06:00.064060,False,-18.46,6.56,5.52,32.92,45.0,63.46,18.0,45.46,-5.92,-12.54,2.43,2026-08-02,15,Sunday,10-20 km
O01127,C0610,R050,D107,Bengaluru,2026-08-21 18:22:00,2026-08-21 19:34:48.000000,2026-08-21 18:52:43.718866,2026-08-21 19:36:00.603906,delivered,18.0,low,clear,D107,D107,2026-08-21 18:24:39.445025,,2026-08-21 18:40:00,2026-08-21 19:35:42.819021,completed,eta-v3.1,False,D107,2026-08-21 18:24:39.445025,2026-08-21 19:36:00.603906,2026-08-21 18:52:43.718866,2,,,True,True,1.21,1.0,0.0,delivered_late,2026-08-21 19:36:00.603906,False,1.21,2.66,28.07,43.28,74.01,72.8,18.0,54.8,12.73,-11.52,0.91,2026-08-21,18,Friday,10-20 km
O01128,C0512,R018,D030,Bengaluru,2026-08-14 19:27:00,2026-08-14 20:48:36.000000,2026-08-14 19:51:44.625062,2026-08-14 20:50:46.263299,delivered,18.0,medium,heavy_rain,D030,D030,2026-08-14 19:32:38.039098,,2026-08-14 19:45:00,2026-08-14 21:04:36.000000,completed,eta-v3.2,False,D030,2026-08-14 19:32:38.039098,2026-08-14 20:50:46.263299,2026-08-14 19:51:44.625062,4,,,True,True,2.17,1.0,0.0,delivered_late,2026-08-14 20:50:46.263299,False,2.17,5.63,19.11,59.03,83.77,81.6,18.0,63.6,6.74,-4.57,16.0,2026-08-14,19,Friday,10-20 km
O01129,C0866,R012,D092,Bengaluru,2026-08-11 20:55:00,2026-08-11 21:48:34.970002,2026-08-11 21:17:40.697706,2026-08-11 21:49:38.240971,delivered,4.33,high,rain,D092,D092,2026-08-11 20:56:31.251846,,2026-08-11 21:13:00,2026-08-11 22:03:34.970002,completed,eta-v3.1,False,D092,2026-08-11 20:56:31.251846,2026-08-11 21:49:38.240971,2026-08-11 21:17:40.697706,3,,,True,True,1.05,1.0,0.0,delivered_late,2026-08-11 21:49:38.240971,False,1.05,1.52,21.16,31.96,54.64,53.58,18.0,35.58,4.68,-3.62,15.0,2026-08-11,20,Tuesday,3-6 km
O01130,C0866,R015,D099,Bengaluru,2026-08-28 15:37:00,2026-08-28 16:22:54.310518,2026-08-28 15:52:28.220909,2026-08-28 16:14:27.206113,delivered,3.86,medium,clear,D099,D099,2026-08-28 15:37:53.915107,,2026-08-28 15:55:00,2026-08-28 16:26:54.310518,completed,eta-v3.1,False,D099,2026-08-28 15:37:53.915107,2026-08-28 16:14:27.206113,2026-08-28 15:52:28.220909,2,,,True,True,-8.45,0.0,0.0,delivered_on_time,2026-08-28 16:14:27.206113,False,-8.45,0.9,14.57,21.98,37.45,45.91,18.0,27.91,-2.53,-5.93,4.0,2026-08-28,15,Friday,3-6 km
O01131,C0532,R006,D099,Bengaluru,2026-08-05 19:30:00,2026-08-05 20:49:48.000000,2026-08-05 19:53:49.381338,2026-08-05 20:46:59.734670,delivered,18.0,high,clear,D099,D099,2026-08-05 19:30:39.054647,,2026-08-05 19:48:00,2026-08-05 21:01:18.087880,completed,eta-v3.2,False,D099,2026-08-05 19:30:39.054647,2026-08-05 20:46:59.734670,2026-08-05 19:53:49.381338,3,,,True,True,-2.8,0.0,0.0,delivered_on_time,2026-08-05 20:46:59.734670,False,-2.8,0.65,23.17,53.17,77.0,79.8,18.0,61.8,5.82,-8.63,11.5,2026-08-05,19,Wednesday,10-20 km
O01132,C0367,R010,D104,Bengaluru,2026-08-19 18:03:00,2026-08-19 19:02:38.098935,2026-08-19 18:49:20.242900,2026-08-19 19:24:01.401437,delivered,8.4,high,clear,D104,D104,2026-08-19 18:07:39.627910,,2026-08-19 18:21:00,2026-08-19 19:12:38.098935,completed,eta-v3.2,False,D104,2026-08-19 18:07:39.627910,2026-08-19 19:24:01.401437,2026-08-19 18:49:20.242900,5,,,True,True,21.39,1.0,1.0,delivered_late,2026-08-19 19:24:01.401437,False,21.39,4.66,41.68,34.69,81.02,59.63,18.0,41.63,28.34,-6.94,10.0,2026-08-19,18,Wednesday,6-10 km
O01133,C0890,R029,D018,Bengaluru,2026-08-10 15:27:00,2026-08-10 16:46:48.000000,2026-08-10 16:10:41.060583,2026-08-10 17:05:53.763805,delivered,18.0,high,clear,D018,D018,2026-08-10 15:27:31.277247,,2026-08-10 15:45:00,2026-08-10 17:04:03.107592,completed,eta-v3.2,False,D018,2026-08-10 15:27:31.277247,2026-08-10 17:05:53.763805,2026-08-10 16:10:41.060583,2,,,True,True,19.1,1.0,1.0,delivered_late,2026-08-10 17:05:53.763805,False,19.1,0.52,43.16,55.21,98.9,79.8,18.0,61.8,25.68,-6.59,17.25,2026-08-10,15,Monday,10-20 km
O01134,C0795,R038,D025,Bengaluru,2026-08-11 21:55:00,2026-08-11 23:10:36.000000,2026-08-11 22:21:21.024596,2026-08-11 23:13:34.612268,delivered,18.0,medium,clear,D025,D025,2026-08-11 21:58:14.856800,,2026-08-11 22:13:00,2026-08-11 23:16:15.038762,completed,eta-v3.1,False,D025,2026-08-11 21:58:14.856800,2026-08-11 23:13:34.612268,2026-08-11 22:21:21.024596,5,,,True,True,2.98,1.0,0.0,delivered_late,2026-08-11 23:13:34.612268,False,2.98,3.25,23.1,52.23,78.58,75.6,18.0,57.6,8.35,-5.37,5.65,2026-08-11,21,Tuesday,10-20 km
O01135,C0721,R015,D076,Bengaluru,2026-08-23 17:19:00,2026-08-23 18:23:10.732267,2026-08-23 17:49:40.919361,2026-08-23 18:29:24.781119,delivered,13.89,low,clear,D076,D076,2026-08-23 17:20:04.761468,,2026-08-23 17:37:00,2026-08-23 18:24:48.100733,completed,eta-v3.1,False,D076,2026-08-23 17:20:04.761468,2026-08-23 18:29:24.781119,2026-08-23 17:49:40.919361,4,,,True,True,6.23,1.0,0.0,delivered_late,2026-08-23 18:29:24.781119,False,6.23,1.08,29.6,39.73,70.41,64.18,18.0,46.18,12.68,-6.45,1.62,2026-08-23,17,Sunday,10-20 km
O01136,C0681,R021,D077,Bengaluru,2026-08-24 13:54:00,2026-08-24 15:09:36.000000,2026-08-24 14:20:59.247255,2026-08-24 15:12:25.586962,delivered,18.0,medium,clear,D077,D077,2026-08-24 13:54:23.643592,,2026-08-24 14:12:00,2026-08-24 15:16:07.284078,completed,eta-v3.2,False,D077,2026-08-24 13:54:23.643592,2026-08-24 15:12:25.586962,2026-08-24 14:20:59.247255,5,,,True,True,2.83,1.0,0.0,delivered_late,2026-08-24 15:12:25.586962,False,2.83,0.39,26.59,51.44,78.43,75.6,18.0,57.6,8.99,-6.16,6.52,2026-08-24,13,Monday,10-20 km
O01137,C0119,R060,D027,Bengaluru,2026-08-27 11:35:00,2026-08-27 13:00:48.000000,2026-08-27 11:56:03.255612,2026-08-27 13:01:13.284488,delivered,18.0,high,heavy_rain,D027,D027,2026-08-27 11:35:58.383274,,2026-08-27 11:53:00,2026-08-27 13:24:00.324908,completed,eta-v3.1,False,D027,2026-08-27 11:35:58.383274,2026-08-27 13:01:13.284488,2026-08-27 11:56:03.255612,2,,,True,True,0.42,1.0,0.0,delivered_late,2026-08-27 13:01:13.284488,False,0.42,0.97,20.08,65.17,86.22,85.8,18.0,67.8,3.05,-2.63,23.21,2026-08-27,11,Thursday,10-20 km
O01138,C0373,R009,D024,Bengaluru,2026-08-15 21:04:00,2026-08-15 22:19:36.000000,2026-08-15 21:43:54.490103,2026-08-15 22:30:01.266874,delivered,18.0,medium,clear,D024,D024,2026-08-15 21:09:00.475926,,2026-08-15 21:22:00,2026-08-15 22:27:57.834013,completed,eta-v3.2,False,D024,2026-08-15 21:09:00.475926,2026-08-15 22:30:01.266874,2026-08-15 21:43:54.490103,3,,,True,True,10.42,1.0,1.0,delivered_late,2026-08-15 22:30:01.266874,False,10.42,5.01,34.9,46.11,86.02,75.6,18.0,57.6,21.91,-11.49,8.36,2026-08-15,21,Saturday,10-20 km
O01139,C0294,R039,D058,Bengaluru,2026-08-14 17:11:00,2026-08-14 18:02:08.617430,2026-08-14 17:36:00.508357,2026-08-14 17:57:38.699243,delivered,6.35,medium,clear,D058,D058,2026-08-14 17:16:31.607406,,2026-08-14 17:29:00,2026-08-14 18:09:39.950938,completed,eta-v3.1,False,D058,2026-08-14 17:16:31.607406,2026-08-14 17:57:38.699243,2026-08-14 17:36:00.508357,3,,,True,True,-4.5,0.0,0.0,delivered_on_time,2026-08-14 17:57:38.699243,False,-4.5,5.53,19.48,21.64,46.64,51.14,18.0,33.14,7.01,-11.5,7.52,2026-08-14,17,Friday,6-10 km
O01140,C0555,R035,D059,Bengaluru,2026-08-19 23:13:00,2026-08-20 00:25:48.000000,2026-08-19 23:38:28.449869,2026-08-20 00:28:14.803212,delivered,18.0,low,clear,D059,D059,2026-08-19 23:14:44.763417,,2026-08-19 23:31:00,2026-08-20 00:30:42.056463,completed,eta-v3.2,False,D059,2026-08-19 23:14:44.763417,2026-08-20 00:28:14.803212,2026-08-19 23:38:28.449869,4,,,True,True,2.45,1.0,0.0,delivered_late,2026-08-20 00:28:14.803212,False,2.45,1.75,23.73,49.77,75.25,72.8,18.0,54.8,7.47,-5.03,4.9,2026-08-19,23,Wednesday,10-20 km
O01141,C0520,R014,D068,Bengaluru,2026-08-16 19:22:00,2026-08-16 20:38:55.522372,2026-08-16 20:00:38.164704,2026-08-16 20:54:17.512590,delivered,16.63,high,clear,D068,D068,2026-08-16 19:22:19.622221,,2026-08-16 19:40:00,2026-08-16 20:48:56.571941,completed,eta-v3.1,False,D068,2026-08-16 19:22:19.622221,2026-08-16 20:54:17.512590,2026-08-16 20:00:38.164704,4,CX-03,,True,True,15.37,1.0,1.0,delivered_late,2026-08-16 20:54:17.512590,False,15.37,0.33,38.31,53.66,92.29,76.93,18.0,58.93,20.64,-5.27,10.02,2026-08-16,19,Sunday,10-20 km
O01142,C0528,R041,D028,Bengaluru,2026-08-26 13:08:00,2026-08-26 14:23:36.000000,2026-08-26 13:40:19.978315,2026-08-26 14:30:10.204032,delivered,18.0,medium,clear,D028,D028,2026-08-26 13:09:04.526211,,2026-08-26 13:26:00,2026-08-26 14:31:56.191838,completed,eta-v3.1,False,D028,2026-08-26 13:09:04.526211,2026-08-26 14:30:10.204032,2026-08-26 13:40:19.978315,3,,,True,True,6.57,1.0,0.0,delivered_late,2026-08-26 14:30:10.204032,False,6.57,1.08,31.26,49.84,82.17,75.6,18.0,57.6,14.33,-7.76,8.34,2026-08-26,13,Wednesday,10-20 km
O01143,C0053,R056,D017,Bengaluru,2026-08-02 21:03:00,2026-08-02 22:21:06.000000,2026-08-02 21:25:24.906462,2026-08-02 22:22:03.635979,delivered,18.0,medium,rain,D017,D017,2026-08-02 21:04:52.495302,,2026-08-02 21:21:00,2026-08-02 22:30:06.000000,completed,eta-v3.1,False,D017,2026-08-02 21:04:52.495302,2026-08-02 22:22:03.635979,2026-08-02 21:25:24.906462,5,,,True,True,0.96,1.0,0.0,delivered_late,2026-08-02 22:22:03.635979,False,0.96,1.87,20.54,56.65,79.06,78.1,18.0,60.1,4.42,-3.45,9.0,2026-08-02,21,Sunday,10-20 km
O01144,C0788,R055,D017,Bengaluru,2026-08-26 21:59:00,2026-08-26 23:21:18.000000,2026-08-26 22:44:58.916772,2026-08-26 23:51:26.036977,delivered,18.0,high,rain,D017,D017,2026-08-26 22:04:27.409894,,2026-08-26 22:17:00,2026-08-26 23:42:40.942274,completed,eta-v3.2,False,D017,2026-08-26 22:04:27.409894,2026-08-26 23:51:26.036977,2026-08-26 22:44:58.916772,4,,,True,True,30.13,1.0,1.0,delivered_late,2026-08-26 23:51:26.036977,False,30.13,5.46,40.53,66.45,112.43,82.3,18.0,64.3,27.98,2.15,21.38,2026-08-26,21,Wednesday,10-20 km
O01145,C0448,R035,D047,Bengaluru,2026-08-02 20:37:00,2026-08-02 21:56:48.000000,2026-08-02 21:01:14.623348,2026-08-02 21:57:59.674709,delivered,18.0,high,clear,D047,D047,2026-08-02 20:37:25.206202,,2026-08-02 20:55:00,2026-08-02 22:06:48.000000,completed,eta-v3.1,False,D047,2026-08-02 20:37:25.206202,2026-08-02 21:57:59.674709,2026-08-02 21:01:14.623348,5,,,True,True,1.19,1.0,0.0,delivered_late,2026-08-02 21:57:59.674709,False,1.19,0.42,23.82,56.75,80.99,79.8,18.0,61.8,6.24,-5.05,10.0,2026-08-02,20,Sunday,10-20 km
O01146,C0364,R024,D068,Bengaluru,2026-08-04 13:05:00,2026-08-04 14:30:24.000000,2026-08-04 13:27:53.248984,2026-08-04 14:36:35.230297,delivered,18.0,severe,clear,D068,D068,2026-08-04 13:07:09.549322,,2026-08-04 13:23:00,2026-08-04 14:48:24.000000,completed,eta-v3.2,False,D068,2026-08-04 13:07:09.549322,2026-08-04 14:36:35.230297,2026-08-04 13:27:53.248984,2,,,True,True,6.19,1.0,0.0,delivered_late,2026-08-04 14:36:35.230297,False,6.19,2.16,20.73,68.7,91.59,85.4,18.0,67.4,4.89,1.3,18.0,2026-08-04,13,Tuesday,10-20 km
O01147,C0457,R004,D060,Bengaluru,2026-08-03 18:03:00,2026-08-03 19:05:19.801748,2026-08-03 18:28:53.121567,2026-08-03 19:09:21.311240,delivered,9.68,high,clear,D060,D060,2026-08-03 18:06:58.310274,,2026-08-03 18:21:00,2026-08-03 19:15:19.801748,completed,eta-v3.2,False,D060,2026-08-03 18:06:58.310274,2026-08-03 19:09:21.311240,2026-08-03 18:28:53.121567,3,CX-03,,True,True,4.03,1.0,0.0,delivered_late,2026-08-03 19:09:21.311240,False,4.03,3.97,21.91,40.47,66.36,62.33,18.0,44.33,7.89,-3.86,10.0,2026-08-03,18,Monday,6-10 km
O01148,C0406,R036,D107,Bengaluru,2026-08-04 18:11:00,2026-08-04 19:12:44.476995,2026-08-04 18:38:32.745645,2026-08-04 19:20:09.785281,delivered,11.54,low,rain,D107,D107,2026-08-04 18:13:41.535130,,2026-08-04 18:29:00,2026-08-04 19:18:51.084047,completed,eta-v3.1,False,D107,2026-08-04 18:13:41.535130,2026-08-04 19:20:09.785281,2026-08-04 18:38:32.745645,4,,,True,True,7.42,1.0,0.0,delivered_late,2026-08-04 19:20:09.785281,False,7.42,2.69,24.85,41.62,69.16,61.74,18.0,43.74,9.55,-2.12,6.11,2026-08-04,18,Tuesday,10-20 km
O01149,C0475,R020,D041,Bengaluru,2026-08-22 20:37:00,2026-08-22 21:29:20.362496,2026-08-22 21:04:53.833501,,delivered,4.92,high,clear,D041,D041,2026-08-22 20:37:37.256961,,2026-08-22 20:55:00,2026-08-22 21:40:39.171092,completed,eta-v3.1,False,D041,2026-08-22 20:37:37.256961,2026-08-22 21:32:37.411966,2026-08-22 21:04:53.833501,4,TS-04,TS-04,True,False,,,,unknown_missing_timestamp,2026-08-22 21:32:37.411966,True,3.28,0.62,27.28,,,52.34,18.0,34.34,9.9,,11.31,2026-08-22,20,Saturday,3-6 km
O01150,C0052,R014,D085,Bengaluru,2026-08-17 21:31:00,2026-08-17 22:46:36.000000,2026-08-17 21:56:09.524131,,cancelled,18.0,medium,clear,D085,D085,2026-08-17 21:47:43.555891,,2026-08-17 21:49:00,2026-08-17 22:52:15.845558,cancelled,eta-v3.2,False,D085,2026-08-17 21:47:43.555891,,,0,,,False,False,,,,cancelled,,False,,16.73,8.43,,,75.6,18.0,57.6,7.16,,5.66,2026-08-17,21,Monday,10-20 km
O01151,C0424,R007,D114,Bengaluru,2026-08-20 19:49:00,2026-08-20 21:04:36.000000,2026-08-20 20:10:27.987029,2026-08-20 20:57:26.784161,delivered,18.0,medium,clear,D114,D114,2026-08-20 19:55:35.574595,,2026-08-20 20:07:00,2026-08-20 21:10:31.993833,completed,eta-v3.1,False,D114,2026-08-20 19:55:35.574595,2026-08-20 20:57:26.784161,2026-08-20 20:10:27.987029,3,RG-03,,True,True,-7.15,0.0,0.0,delivered_on_time,2026-08-20 20:57:26.784161,False,-7.15,6.59,14.87,46.98,68.45,75.6,18.0,57.6,3.47,-10.62,5.93,2026-08-20,19,Thursday,10-20 km
O01152,C0018,R026,D075,Bengaluru,2026-08-14 14:11:00,2026-08-14 15:26:36.000000,2026-08-14 14:44:49.254453,2026-08-14 15:34:47.577682,delivered,18.0,medium,clear,D011,D075,2026-08-14 14:23:37.683053,2026-08-14 14:31:49.728400,2026-08-14 14:29:00,2026-08-14 15:30:46.193560,completed,eta-v3.2,True,D011,2026-08-14 14:23:37.683053,2026-08-14 15:34:47.577682,2026-08-14 14:44:49.254453,3,CX-01;CX-03,,True,True,8.19,1.0,0.0,delivered_late,2026-08-14 15:34:47.577682,False,8.19,12.63,21.19,49.97,83.79,75.6,18.0,57.6,15.82,-7.63,4.17,2026-08-14,14,Friday,10-20 km
O01153,C0581,R024,D054,Bengaluru,2026-08-19 20:10:00,2026-08-19 21:22:48.000000,2026-08-19 20:54:39.299331,2026-08-19 21:43:50.301176,delivered,18.0,low,clear,D054,D054,2026-08-19 20:10:17.174221,,2026-08-19 20:28:00,2026-08-19 21:31:10.484346,completed,eta-v3.2,False,D054,2026-08-19 20:10:17.174221,2026-08-19 21:43:50.301176,2026-08-19 20:54:39.299331,5,,,True,True,21.04,1.0,1.0,delivered_late,2026-08-19 21:43:50.301176,False,21.04,0.29,44.37,49.18,93.84,72.8,18.0,54.8,26.65,-5.62,8.37,2026-08-19,20,Wednesday,10-20 km
O01154,C0561,R031,D016,Bengaluru,2026-08-06 20:46:00,2026-08-06 21:50:46.600808,2026-08-06 21:08:12.186518,2026-08-06 21:46:36.307038,delivered,12.85,medium,clear,D016,D016,2026-08-06 20:48:34.834482,,2026-08-06 21:04:00,2026-08-06 21:54:46.600808,completed,eta-v3.1,False,D016,2026-08-06 20:48:34.834482,2026-08-06 21:46:36.307038,2026-08-06 21:08:12.186518,4,,,True,True,-4.17,0.0,0.0,delivered_on_time,2026-08-06 21:46:36.307038,False,-4.17,2.58,19.62,38.4,60.61,64.78,18.0,46.78,4.2,-8.38,4.0,2026-08-06,20,Thursday,10-20 km
O01155,C0681,R025,D092,Bengaluru,2026-08-25 21:02:00,2026-08-25 22:04:35.468783,2026-08-25 21:22:42.204184,2026-08-25 21:53:59.605929,delivered,11.81,medium,clear,D092,D092,2026-08-25 21:03:04.188786,,2026-08-25 21:20:00,2026-08-25 22:09:18.870123,completed,eta-v3.1,False,D092,2026-08-25 21:03:04.188786,2026-08-25 21:53:59.605929,2026-08-25 21:22:42.204184,3,,,True,True,-10.6,0.0,0.0,delivered_on_time,2026-08-25 21:53:59.605929,False,-10.6,1.07,19.63,31.29,51.99,62.59,18.0,44.59,2.7,-13.3,4.72,2026-08-25,21,Tuesday,10-20 km
O01156,C0353,R048,D075,Bengaluru,2026-08-22 22:07:00,2026-08-22 23:26:35.139254,2026-08-22 22:40:04.758309,2026-08-22 23:33:11.877178,delivered,17.9,high,clear,D075,D075,2026-08-22 22:09:49.941836,,2026-08-22 22:25:00,2026-08-22 23:39:12.507880,completed,eta-v3.1,False,D075,2026-08-22 22:09:49.941836,2026-08-22 23:33:11.877178,2026-08-22 22:40:04.758309,2,,,True,True,6.61,1.0,0.0,delivered_late,2026-08-22 23:33:11.877178,False,6.61,2.83,30.25,53.12,86.2,79.59,18.0,61.59,15.08,-8.47,12.62,2026-08-22,22,Saturday,10-20 km
O01157,C0175,R025,D106,Bengaluru,2026-08-18 12:19:00,2026-08-18 13:44:24.000000,2026-08-18 12:48:18.334409,,cancelled,18.0,severe,clear,D106,D106,2026-08-18 12:19:11.858640,,2026-08-18 12:37:00,2026-08-18 14:03:33.227474,cancelled,eta-v3.2,False,D106,2026-08-18 12:19:11.858640,,,0,CX-03,,False,False,,,,cancelled,,False,,0.2,29.11,,,85.4,18.0,67.4,11.31,,19.15,2026-08-18,12,Tuesday,10-20 km
O01158,C0367,R023,D077,Bengaluru,2026-08-15 19:30:00,2026-08-15 20:18:38.431831,2026-08-15 19:49:33.967686,2026-08-15 20:13:54.903030,delivered,5.16,medium,clear,D077,D077,2026-08-15 19:31:13.683185,,2026-08-15 19:48:00,2026-08-15 20:22:38.431831,completed,eta-v3.2,False,D077,2026-08-15 19:31:13.683185,2026-08-15 20:13:54.903030,2026-08-15 19:49:33.967686,2,,,True,True,-4.73,0.0,0.0,delivered_on_time,2026-08-15 20:13:54.903030,False,-4.73,1.23,18.34,24.35,43.92,48.64,18.0,30.64,1.57,-6.29,4.0,2026-08-15,19,Saturday,3-6 km
O01159,C0549,R003,D090,Bengaluru,2026-08-07 16:11:00,2026-08-07 17:23:48.000000,2026-08-07 16:36:09.135467,2026-08-07 17:24:30.738283,delivered,18.0,low,clear,D089,D090,2026-08-07 16:15:34.654280,2026-08-07 16:18:01.519095,2026-08-07 16:29:00,2026-08-07 17:24:16.132905,completed,eta-v3.2,True,D089,2026-08-07 16:15:34.654280,2026-08-07 17:24:30.738283,2026-08-07 16:36:09.135467,4,CX-01;CX-03,,True,True,0.71,1.0,0.0,delivered_late,2026-08-07 17:24:30.738283,False,0.71,4.58,20.57,48.36,73.51,72.8,18.0,54.8,7.15,-6.44,0.47,2026-08-07,16,Friday,10-20 km
O01160,C0498,R003,D042,Bengaluru,2026-08-17 22:36:00,2026-08-17 23:55:48.000000,2026-08-17 23:17:32.686871,2026-08-18 00:14:52.183203,delivered,18.0,high,clear,D042,D042,2026-08-17 22:36:08.922025,,2026-08-17 22:54:00,2026-08-18 00:11:38.275972,completed,eta-v3.2,False,D042,2026-08-17 22:36:08.922025,2026-08-18 00:14:52.183203,2026-08-17 23:17:32.686871,2,,,True,True,19.07,1.0,1.0,delivered_late,2026-08-18 00:14:52.183203,False,19.07,0.15,41.4,57.32,98.87,79.8,18.0,61.8,23.54,-4.48,15.84,2026-08-17,22,Monday,10-20 km
O01161,C0551,R034,D061,Bengaluru,2026-08-07 12:35:00,2026-08-07 13:47:48.000000,2026-08-07 13:01:27.944214,2026-08-07 13:43:48.996869,delivered,18.0,low,clear,D061,D061,2026-08-07 12:43:43.556704,,2026-08-07 12:53:00,2026-08-07 13:49:32.254358,completed,eta-v3.1,False,D061,2026-08-07 12:43:43.556704,2026-08-07 13:43:48.996869,2026-08-07 13:01:27.944214,3,CX-03,,True,True,-3.98,0.0,0.0,delivered_on_time,2026-08-07 13:43:48.996869,False,-3.98,8.73,17.74,42.35,68.82,72.8,18.0,54.8,8.47,-12.45,1.74,2026-08-07,12,Friday,10-20 km
O01162,C0637,R026,D016,Bengaluru,2026-08-13 13:06:00,2026-08-13 14:18:48.000000,2026-08-13 13:20:54.927404,2026-08-13 14:13:17.775875,delivered,18.0,low,clear,D016,D016,2026-08-13 13:15:45.522287,,2026-08-13 13:24:00,2026-08-13 14:18:48.000000,completed,eta-v3.1,False,D016,2026-08-13 13:15:45.522287,2026-08-13 14:13:17.775875,2026-08-13 13:20:54.927404,3,,,True,True,-5.5,0.0,0.0,delivered_on_time,2026-08-13 14:13:17.775875,False,-5.5,9.76,5.16,52.38,67.3,72.8,18.0,54.8,-3.08,-2.42,0.0,2026-08-13,13,Thursday,10-20 km
O01163,C0799,R023,D014,Bengaluru,2026-08-22 20:49:00,2026-08-22 22:08:48.000000,2026-08-22 21:14:41.992829,2026-08-22 22:09:09.374853,delivered,18.0,high,clear,D014,D014,2026-08-22 20:50:08.354732,,2026-08-22 21:07:00,2026-08-22 22:19:14.855808,completed,eta-v3.1,False,D014,2026-08-22 20:50:08.354732,2026-08-22 22:09:09.374853,2026-08-22 21:14:41.992829,3,,,True,True,0.36,1.0,0.0,delivered_late,2026-08-22 22:09:09.374853,False,0.36,1.14,24.56,54.46,80.16,79.8,18.0,61.8,7.7,-7.34,10.45,2026-08-22,20,Saturday,10-20 km
O01164,C0273,R017,D039,Bengaluru,2026-08-28 18:57:00,2026-08-28 20:15:06.000000,2026-08-28 19:21:53.925211,2026-08-28 20:23:37.951832,delivered,18.0,medium,rain,D039,D039,2026-08-28 18:57:20.232678,,2026-08-28 19:15:00,2026-08-28 20:24:06.000000,completed,eta-v3.2,False,D039,2026-08-28 18:57:20.232678,2026-08-28 20:23:37.951832,2026-08-28 19:21:53.925211,5,,,True,True,8.53,1.0,0.0,delivered_late,2026-08-28 20:23:37.951832,False,8.53,0.34,24.56,61.73,86.63,78.1,18.0,60.1,6.9,1.63,9.0,2026-08-28,18,Friday,10-20 km
O01165,C0857,R041,D025,Bengaluru,2026-08-04 11:04:00,2026-08-04 12:16:48.000000,2026-08-04 11:40:55.118402,2026-08-04 12:25:47.755547,delivered,18.0,low,clear,D025,D025,2026-08-04 11:11:15.853260,,2026-08-04 11:22:00,2026-08-04 12:16:48.000000,completed,eta-v3.1,False,D025,2026-08-04 11:11:15.853260,2026-08-04 12:25:47.755547,2026-08-04 11:40:55.118402,3,,,True,True,9.0,1.0,0.0,delivered_late,2026-08-04 12:25:47.755547,False,9.0,7.26,29.65,44.88,81.8,72.8,18.0,54.8,18.92,-9.92,0.0,2026-08-04,11,Tuesday,10-20 km
O01166,C0390,R028,D085,Bengaluru,2026-08-17 18:45:00,2026-08-17 20:10:24.000000,2026-08-17 19:03:45.891479,2026-08-17 20:04:00.984689,delivered,18.0,severe,clear,D085,D085,2026-08-17 18:46:06.030596,,2026-08-17 19:03:00,2026-08-17 20:28:24.000000,completed,eta-v3.1,False,D085,2026-08-17 18:46:06.030596,2026-08-17 20:04:00.984689,2026-08-17 19:03:45.891479,4,,,True,True,-6.38,0.0,0.0,delivered_on_time,2026-08-17 20:04:00.984689,False,-6.38,1.1,17.66,60.25,79.02,85.4,18.0,67.4,0.76,-7.15,18.0,2026-08-17,18,Monday,10-20 km
O01167,C0446,R050,D086,Bengaluru,2026-08-17 12:41:00,2026-08-17 13:41:20.030887,2026-08-17 13:23:34.470399,2026-08-17 14:00:21.109019,delivered,8.73,high,clear,D086,D086,2026-08-17 12:42:42.816686,,2026-08-17 12:59:00,2026-08-17 13:55:14.849268,completed,eta-v3.1,False,D086,2026-08-17 12:42:42.816686,2026-08-17 14:00:21.109019,2026-08-17 13:23:34.470399,5,,,True,True,19.02,1.0,1.0,delivered_late,2026-08-17 14:00:21.109019,False,19.02,1.71,40.86,36.78,79.35,60.33,18.0,42.33,24.57,-5.55,13.91,2026-08-17,12,Monday,6-10 km
O01168,C0055,R023,D114,Bengaluru,2026-08-16 13:43:00,2026-08-16 14:42:20.134412,2026-08-16 14:14:49.034007,2026-08-16 14:44:46.452970,delivered,11.59,low,clear,D114,D114,2026-08-16 13:47:56.830844,,2026-08-16 14:01:00,2026-08-16 14:42:20.134412,completed,eta-v3.2,False,D114,2026-08-16 13:47:56.830844,2026-08-16 14:44:46.452970,2026-08-16 14:14:49.034007,4,FR-01,,True,True,2.44,1.0,0.0,delivered_late,2026-08-16 14:44:46.452970,False,2.44,4.95,26.87,29.96,61.77,59.34,18.0,41.34,13.82,-11.38,0.0,2026-08-16,13,Sunday,10-20 km
O01169,C0097,R058,D103,Bengaluru,2026-08-20 18:36:00,2026-08-20 19:55:48.000000,2026-08-20 19:16:07.191846,2026-08-20 20:17:37.652323,delivered,18.0,high,clear,D057,D103,2026-08-20 18:38:19.054552,2026-08-20 18:45:29.087679,2026-08-20 18:54:00,2026-08-20 20:05:48.000000,completed,eta-v3.1,True,D057,2026-08-20 18:38:19.054552,2026-08-20 20:17:37.652323,2026-08-20 19:16:07.191846,2,CX-01;CX-03,,True,True,21.83,1.0,1.0,delivered_late,2026-08-20 20:17:37.652323,False,21.83,2.32,37.8,61.51,101.63,79.8,18.0,61.8,22.12,-0.29,10.0,2026-08-20,18,Thursday,10-20 km
O01170,C0125,R008,D048,Bengaluru,2026-08-05 20:26:00,2026-08-05 21:47:36.000000,2026-08-05 20:59:27.055004,2026-08-05 22:02:48.487521,delivered,18.0,medium,heavy_rain,D001,D048,2026-08-05 20:26:24.384390,2026-08-05 20:32:16.747624,2026-08-05 20:44:00,2026-08-05 22:03:36.000000,completed,eta-v3.2,True,D001,2026-08-05 20:26:24.384390,2026-08-05 22:02:48.487521,2026-08-05 20:59:27.055004,5,CX-01;CX-03,,True,True,15.21,1.0,1.0,delivered_late,2026-08-05 22:02:48.487521,False,15.21,0.41,33.04,63.36,96.81,81.6,18.0,63.6,15.45,-0.24,16.0,2026-08-05,20,Wednesday,10-20 km
O01171,C0018,R011,D057,Bengaluru,2026-08-03 22:12:00,2026-08-03 23:30:52.443966,2026-08-03 22:29:58.955032,2026-08-03 23:26:38.423530,delivered,16.37,high,rain,D057,D057,2026-08-03 22:14:19.494244,,2026-08-03 22:30:00,2026-08-03 23:45:52.443966,completed,eta-v3.2,False,D057,2026-08-03 22:14:19.494244,2026-08-03 23:26:38.423530,2026-08-03 22:29:58.955032,2,,,True,True,-4.23,0.0,0.0,delivered_on_time,2026-08-03 23:26:38.423530,False,-4.23,2.32,15.66,56.66,74.64,78.87,18.0,60.87,-0.02,-4.21,15.0,2026-08-03,22,Monday,10-20 km
O01172,C0806,R001,D116,Bengaluru,2026-08-19 18:16:00,2026-08-19 19:31:36.000000,2026-08-19 18:32:10.352620,2026-08-19 19:24:37.857488,delivered,18.0,medium,clear,D022,D116,2026-08-19 18:24:25.257476,2026-08-19 18:27:14.929856,2026-08-19 18:34:00,2026-08-19 19:35:51.997238,completed,eta-v3.1,True,D022,2026-08-19 18:24:25.257476,2026-08-19 19:24:37.857488,2026-08-19 18:32:10.352620,3,CX-01;CX-03,,True,True,-6.97,0.0,0.0,delivered_on_time,2026-08-19 19:24:37.857488,False,-6.97,8.42,7.75,52.46,68.63,75.6,18.0,57.6,-1.83,-5.14,4.27,2026-08-19,18,Wednesday,10-20 km
O01173,C0345,R023,D043,Bengaluru,2026-08-18 19:03:00,2026-08-18 20:14:49.386253,2026-08-18 19:21:47.929722,2026-08-18 20:03:35.039975,delivered,17.53,low,clear,D043,D043,2026-08-18 19:03:07.137719,,2026-08-18 19:21:00,2026-08-18 20:14:49.386253,completed,eta-v3.1,False,D043,2026-08-18 19:03:07.137719,2026-08-18 20:03:35.039975,2026-08-18 19:21:47.929722,2,,,True,True,-11.24,0.0,0.0,delivered_on_time,2026-08-18 20:03:35.039975,False,-11.24,0.12,18.68,41.79,60.58,71.82,18.0,53.82,0.8,-12.03,0.0,2026-08-18,19,Tuesday,10-20 km
O01174,C0627,R051,D101,Bengaluru,2026-08-27 18:15:00,2026-08-27 19:34:48.000000,2026-08-27 18:33:33.059821,2026-08-27 19:23:19.342611,delivered,18.0,high,clear,D101,D101,2026-08-27 18:20:58.640463,,2026-08-27 18:33:00,2026-08-27 19:44:48.000000,completed,eta-v3.1,False,D101,2026-08-27 18:20:58.640463,2026-08-27 19:23:19.342611,2026-08-27 18:33:33.059821,5,,,True,True,-11.48,0.0,0.0,delivered_on_time,2026-08-27 19:23:19.342611,False,-11.48,5.98,12.57,49.77,68.32,79.8,18.0,61.8,0.55,-12.03,10.0,2026-08-27,18,Thursday,10-20 km
O01175,C0001,R019,D115,Bengaluru,2026-08-24 17:43:00,2026-08-24 18:58:36.000000,2026-08-24 18:03:17.471811,,delivered,18.0,medium,clear,D115,D115,2026-08-24 17:43:40.692026,,2026-08-24 18:01:00,2026-08-24 19:02:36.000000,completed,eta-v3.2,False,D115,2026-08-24 17:43:40.692026,2026-08-24 18:49:42.938313,2026-08-24 18:03:17.471811,2,TS-04;RG-03,TS-04,True,False,,,,unknown_missing_timestamp,2026-08-24 18:49:42.938313,True,-8.88,0.68,19.61,,,75.6,18.0,57.6,2.29,,4.0,2026-08-24,17,Monday,10-20 km
O01176,C0761,R007,D110,Bengaluru,2026-08-07 20:34:00,2026-08-07 21:56:18.000000,2026-08-07 21:06:33.913033,2026-08-07 22:09:25.520690,delivered,18.0,high,rain,D110,D110,2026-08-07 20:38:59.245663,,2026-08-07 20:52:00,2026-08-07 22:11:50.165218,completed,eta-v3.1,False,D110,2026-08-07 20:38:59.245663,2026-08-07 22:09:25.520690,2026-08-07 21:06:33.913033,5,RG-03,,True,True,13.13,1.0,1.0,delivered_late,2026-08-07 22:09:25.520690,False,13.13,4.99,27.58,62.86,95.43,82.3,18.0,64.3,14.57,-1.44,15.54,2026-08-07,20,Friday,10-20 km
O01177,C0167,R022,D095,Bengaluru,2026-08-07 17:56:00,2026-08-07 19:00:36.526318,2026-08-07 18:16:00.393574,2026-08-07 18:58:14.516433,delivered,10.77,high,clear,D095,D095,2026-08-07 17:58:26.913208,,2026-08-07 18:14:00,2026-08-07 19:10:36.526318,completed,eta-v3.1,False,D095,2026-08-07 17:58:26.913208,2026-08-07 18:58:14.516433,2026-08-07 18:16:00.393574,4,,,True,True,-2.37,0.0,0.0,delivered_on_time,2026-08-07 18:58:14.516433,False,-2.37,2.45,17.56,42.24,62.24,64.61,18.0,46.61,2.01,-4.37,10.0,2026-08-07,17,Friday,10-20 km
O01178,C0581,R057,D057,Bengaluru,2026-08-27 22:10:00,2026-08-27 23:25:36.000000,2026-08-27 22:47:48.173662,2026-08-27 23:35:56.076213,delivered,18.0,medium,clear,D057,D057,2026-08-27 22:10:06.076271,,2026-08-27 22:28:00,2026-08-27 23:37:09.447903,completed,eta-v3.2,False,D057,2026-08-27 22:10:06.076271,2026-08-27 23:35:56.076213,2026-08-27 22:47:48.173662,5,,,True,True,10.33,1.0,1.0,delivered_late,2026-08-27 23:35:56.076213,False,10.33,0.1,37.7,48.13,85.93,75.6,18.0,57.6,19.8,-9.47,11.56,2026-08-27,22,Thursday,10-20 km
O01179,C0092,R012,D054,Bengaluru,2026-08-08 14:40:00,2026-08-08 15:53:21.843019,2026-08-08 15:13:17.274842,2026-08-08 16:06:09.916216,delivered,14.94,high,clear,D054,D054,2026-08-08 14:40:01.124224,,2026-08-08 14:58:00,2026-08-08 16:03:50.569719,completed,eta-v3.2,False,D054,2026-08-08 14:40:01.124224,2026-08-08 16:06:09.916216,2026-08-08 15:13:17.274842,4,,,True,True,12.8,1.0,1.0,delivered_late,2026-08-08 16:06:09.916216,False,12.8,0.02,33.27,52.88,86.17,73.36,18.0,55.36,15.29,-2.48,10.48,2026-08-08,14,Saturday,10-20 km
O01180,C0111,R004,D087,Bengaluru,2026-08-28 20:14:00,2026-08-28 21:29:36.000000,2026-08-28 20:50:37.964792,2026-08-28 21:39:32.017785,delivered,18.0,medium,clear,D087,D087,2026-08-28 20:15:12.372114,,2026-08-28 20:32:00,2026-08-28 21:33:36.000000,completed,eta-v3.1,False,D087,2026-08-28 20:15:12.372114,2026-08-28 21:39:32.017785,2026-08-28 20:50:37.964792,3,,,True,True,9.93,1.0,0.0,delivered_late,2026-08-28 21:39:32.017785,False,9.93,1.21,35.43,48.9,85.53,75.6,18.0,57.6,18.63,-8.7,4.0,2026-08-28,20,Friday,10-20 km
O01181,C0194,R045,D041,Bengaluru,2026-08-28 12:45:00,2026-08-28 14:04:48.000000,2026-08-28 13:10:39.965431,2026-08-28 14:02:00.736568,delivered,18.0,high,clear,D041,D041,2026-08-28 12:50:03.306700,,2026-08-28 13:03:00,2026-08-28 14:14:48.000000,completed,eta-v3.2,False,D041,2026-08-28 12:50:03.306700,2026-08-28 14:02:00.736568,2026-08-28 13:10:39.965431,3,,,True,True,-2.79,0.0,0.0,delivered_on_time,2026-08-28 14:02:00.736568,False,-2.79,5.06,20.61,51.35,77.01,79.8,18.0,61.8,7.67,-10.45,10.0,2026-08-28,12,Friday,10-20 km
O01182,C0423,R005,D011,Bengaluru,2026-08-11 18:10:00,2026-08-11 19:22:48.000000,2026-08-11 18:44:42.902005,2026-08-11 19:30:14.762499,delivered,18.0,low,clear,D011,D011,2026-08-11 18:11:50.748665,,2026-08-11 18:28:00,2026-08-11 19:22:48.000000,completed,eta-v3.1,False,D011,2026-08-11 18:11:50.748665,2026-08-11 19:30:14.762499,2026-08-11 18:44:42.902005,4,,,True,True,7.45,1.0,0.0,delivered_late,2026-08-11 19:30:14.762499,False,7.45,1.85,32.87,45.53,80.25,72.8,18.0,54.8,16.72,-9.27,0.0,2026-08-11,18,Tuesday,10-20 km
O01183,C0761,R004,D113,Bengaluru,2026-08-02 18:40:00,2026-08-02 19:33:55.161577,2026-08-02 19:22:41.221994,2026-08-02 19:48:45.150980,delivered,9.01,low,clear,D113,D113,2026-08-02 18:42:37.116003,,2026-08-02 18:58:00,2026-08-02 19:39:37.769161,completed,eta-v3.2,False,D113,2026-08-02 18:42:37.116003,2026-08-02 19:48:45.150980,2026-08-02 19:22:41.221994,4,,,True,True,14.83,1.0,1.0,delivered_late,2026-08-02 19:48:45.150980,False,14.83,2.62,40.07,26.07,68.75,53.92,18.0,35.92,24.69,-9.85,5.71,2026-08-02,18,Sunday,6-10 km
O01184,C0860,R008,D045,Bengaluru,2026-08-04 21:54:00,2026-08-04 22:57:13.083976,2026-08-04 22:15:21.221503,2026-08-04 22:51:17.688095,delivered,12.1,medium,clear,D045,D045,2026-08-04 21:54:54.876078,,2026-08-04 22:12:00,2026-08-04 23:01:52.594285,completed,eta-v3.1,False,D045,2026-08-04 21:54:54.876078,2026-08-04 22:51:17.688095,2026-08-04 22:15:21.221503,3,CX-03,,True,True,-5.92,0.0,0.0,delivered_on_time,2026-08-04 22:51:17.688095,False,-5.92,0.91,20.44,35.94,57.29,63.22,18.0,45.22,3.35,-9.28,4.66,2026-08-04,21,Tuesday,10-20 km
O01185,C0881,R049,D077,Bengaluru,2026-08-04 18:26:00,2026-08-04 19:41:18.000000,2026-08-04 19:00:13.415878,2026-08-04 19:53:26.419325,delivered,18.0,low,rain,D077,D077,2026-08-04 18:28:27.068604,,2026-08-04 18:44:00,2026-08-04 19:47:06.866722,completed,eta-v3.2,False,D077,2026-08-04 18:28:27.068604,2026-08-04 19:53:26.419325,2026-08-04 19:00:13.415878,5,,,True,True,12.14,1.0,1.0,delivered_late,2026-08-04 19:53:26.419325,False,12.14,2.45,31.77,53.22,87.44,75.3,18.0,57.3,16.22,-4.08,5.81,2026-08-04,18,Tuesday,10-20 km
O01186,C0872,R059,D020,Bengaluru,2026-08-06 18:30:00,2026-08-06 19:42:48.000000,2026-08-06 18:58:32.586035,2026-08-06 19:42:22.924165,delivered,18.0,low,clear,D020,D020,2026-08-06 18:32:02.571234,,2026-08-06 18:48:00,2026-08-06 19:44:57.795779,completed,eta-v3.2,False,D020,2026-08-06 18:32:02.571234,2026-08-06 19:42:22.924165,2026-08-06 18:58:32.586035,3,,,True,True,-0.42,0.0,0.0,delivered_on_time,2026-08-06 19:42:22.924165,False,-0.42,2.04,26.5,43.84,72.38,72.8,18.0,54.8,10.54,-10.96,2.16,2026-08-06,18,Thursday,10-20 km
O01187,C0450,R042,D015,Bengaluru,2026-08-26 20:03:00,2026-08-26 21:15:48.000000,2026-08-26 20:47:03.954027,2026-08-26 21:39:20.595835,delivered,18.0,low,clear,D015,D015,2026-08-26 20:03:06.843650,,2026-08-26 20:21:00,2026-08-26 21:23:47.225993,completed,eta-v3.2,False,D015,2026-08-26 20:03:06.843650,2026-08-26 21:39:20.595835,2026-08-26 20:47:03.954027,5,,,True,True,23.54,1.0,1.0,delivered_late,2026-08-26 21:39:20.595835,False,23.54,0.11,43.95,52.28,96.34,72.8,18.0,54.8,26.07,-2.52,7.99,2026-08-26,20,Wednesday,10-20 km
O01188,C0137,R020,D110,Bengaluru,2026-08-08 14:25:00,2026-08-08 15:25:50.711877,2026-08-08 14:54:34.186362,2026-08-08 15:26:58.015251,delivered,12.31,low,clear,D110,D110,2026-08-08 14:25:54.070361,,2026-08-08 14:43:00,2026-08-08 15:25:50.711877,completed,eta-v3.1,False,D110,2026-08-08 14:25:54.070361,2026-08-08 15:26:58.015251,2026-08-08 14:54:34.186362,2,,,True,True,1.12,1.0,0.0,delivered_late,2026-08-08 15:26:58.015251,False,1.12,0.9,28.67,32.4,61.97,60.85,18.0,42.85,11.57,-10.45,0.0,2026-08-08,14,Saturday,10-20 km
O01189,C0129,R004,D063,Bengaluru,2026-08-18 19:21:00,2026-08-18 20:32:50.493778,2026-08-18 19:50:32.196603,2026-08-18 20:35:26.283749,delivered,16.21,medium,clear,D063,D063,2026-08-18 19:27:09.547430,,2026-08-18 19:39:00,2026-08-18 20:38:59.016463,completed,eta-v3.1,False,D063,2026-08-18 19:27:09.547430,2026-08-18 20:35:26.283749,2026-08-18 19:50:32.196603,5,CX-03,,True,True,2.6,1.0,0.0,delivered_late,2026-08-18 20:35:26.283749,False,2.6,6.16,23.38,44.9,74.44,71.84,18.0,53.84,11.54,-8.94,6.14,2026-08-18,19,Tuesday,10-20 km
O01190,C0240,R016,D029,Bengaluru,2026-08-24 22:49:00,2026-08-25 00:04:36.000000,2026-08-24 23:06:37.061154,2026-08-24 23:58:50.065639,delivered,18.0,medium,clear,D029,D029,2026-08-24 22:49:38.659410,,2026-08-24 23:07:00,2026-08-25 00:08:43.671865,completed,eta-v3.1,False,D029,2026-08-24 22:49:38.659410,2026-08-24 23:58:50.065639,2026-08-24 23:06:37.061154,4,,,True,True,-5.77,0.0,0.0,delivered_on_time,2026-08-24 23:58:50.065639,False,-5.77,0.64,16.97,52.22,69.83,75.6,18.0,57.6,-0.38,-5.38,4.13,2026-08-24,22,Monday,10-20 km
O01191,C0596,R029,D054,Bengaluru,2026-08-12 20:08:00,2026-08-12 21:33:24.000000,2026-08-12 20:34:11.566069,2026-08-12 21:40:09.712898,delivered,18.0,severe,clear,D054,D054,2026-08-12 20:09:03.572935,,2026-08-12 20:26:00,2026-08-12 21:51:24.000000,completed,eta-v3.1,False,D054,2026-08-12 20:09:03.572935,2026-08-12 21:40:09.712898,2026-08-12 20:34:11.566069,4,,,True,True,6.76,1.0,0.0,delivered_late,2026-08-12 21:40:09.712898,False,6.76,1.06,25.13,65.97,92.16,85.4,18.0,67.4,8.19,-1.43,18.0,2026-08-12,20,Wednesday,10-20 km
O01192,C0020,R031,D010,Bengaluru,2026-08-03 18:59:00,2026-08-03 20:06:13.071312,2026-08-03 19:23:31.843252,2026-08-03 20:02:44.992419,delivered,14.01,medium,clear,D010,D010,2026-08-03 18:59:07.644634,,2026-08-03 19:17:00,2026-08-03 20:10:13.071312,completed,eta-v3.1,False,D010,2026-08-03 18:59:07.644634,2026-08-03 20:02:44.992419,2026-08-03 19:23:31.843252,3,,,True,True,-3.47,0.0,0.0,delivered_on_time,2026-08-03 20:02:44.992419,False,-3.47,0.13,24.4,39.22,63.75,67.22,18.0,49.22,6.53,-10.0,4.0,2026-08-03,18,Monday,10-20 km
O01193,C0316,R037,D063,Bengaluru,2026-08-03 13:13:00,2026-08-03 14:25:26.586571,2026-08-03 13:37:22.920935,2026-08-03 14:23:18.168566,delivered,14.5,high,clear,D063,D063,2026-08-03 13:13:20.779120,,2026-08-03 13:31:00,2026-08-03 14:36:10.667867,completed,eta-v3.1,False,D063,2026-08-03 13:13:20.779120,2026-08-03 14:23:18.168566,2026-08-03 13:37:22.920935,5,,,True,True,-2.14,0.0,0.0,delivered_on_time,2026-08-03 14:23:18.168566,False,-2.14,0.35,24.04,45.92,70.3,72.44,18.0,54.44,6.38,-8.52,10.73,2026-08-03,13,Monday,10-20 km
O01194,C0775,R060,D060,Bengaluru,2026-08-27 11:50:00,2026-08-27 13:12:18.000000,2026-08-27 12:14:35.355436,2026-08-27 13:15:56.743816,delivered,18.0,high,rain,D060,D060,2026-08-27 11:56:01.425585,,2026-08-27 12:08:00,2026-08-27 13:29:14.086142,completed,eta-v3.2,False,D060,2026-08-27 11:56:01.425585,2026-08-27 13:15:56.743816,2026-08-27 12:14:35.355436,4,,,True,True,3.65,1.0,0.0,delivered_late,2026-08-27 13:15:56.743816,False,3.65,6.02,18.57,61.36,85.95,82.3,18.0,64.3,6.59,-2.94,16.93,2026-08-27,11,Thursday,10-20 km
O01195,C0106,R028,D037,Bengaluru,2026-08-07 14:50:00,2026-08-07 16:05:36.000000,2026-08-07 15:20:19.233165,,delivered,18.0,medium,clear,D037,D037,2026-08-07 15:07:37.600570,,2026-08-07 15:08:00,2026-08-07 16:10:34.609056,completed,eta-v3.1,False,D037,2026-08-07 15:07:37.600570,2026-08-07 16:12:50.677244,2026-08-07 15:20:19.233165,4,TS-04,TS-04,True,False,,,,unknown_missing_timestamp,2026-08-07 16:12:50.677244,True,7.24,17.63,12.69,,,75.6,18.0,57.6,12.32,,4.98,2026-08-07,14,Friday,10-20 km
O01196,C0227,R019,D109,Bengaluru,2026-08-04 18:50:00,2026-08-04 20:05:36.000000,2026-08-04 19:07:27.180917,2026-08-04 19:57:06.523381,delivered,18.0,medium,clear,D109,D109,2026-08-04 18:50:03.061036,,2026-08-04 19:08:00,2026-08-04 20:10:07.391473,completed,eta-v3.2,False,D109,2026-08-04 18:50:03.061036,2026-08-04 19:57:06.523381,2026-08-04 19:07:27.180917,3,RG-03,,True,True,-8.49,0.0,0.0,delivered_on_time,2026-08-04 19:57:06.523381,False,-8.49,0.05,17.4,49.66,67.11,75.6,18.0,57.6,-0.55,-7.94,4.52,2026-08-04,18,Tuesday,10-20 km
O01197,C0032,R034,D118,Bengaluru,2026-08-17 16:34:00,2026-08-17 17:56:18.000000,2026-08-17 17:20:52.591452,2026-08-17 18:27:54.591417,delivered,18.0,high,rain,D118,D118,2026-08-17 16:34:06.798798,,2026-08-17 16:52:00,2026-08-17 18:12:34.791483,completed,eta-v3.1,False,D118,2026-08-17 16:34:06.798798,2026-08-17 18:27:54.591417,2026-08-17 17:20:52.591452,4,,,True,True,31.61,1.0,1.0,delivered_late,2026-08-17 18:27:54.591417,False,31.61,0.11,46.76,67.03,113.91,82.3,18.0,64.3,28.88,2.73,16.28,2026-08-17,16,Monday,10-20 km
O01198,C0093,R042,D101,Bengaluru,2026-08-25 17:58:00,2026-08-25 19:13:36.000000,2026-08-25 18:34:45.930529,2026-08-25 19:20:31.328873,delivered,18.0,medium,clear,D101,D101,2026-08-25 18:03:17.793813,,2026-08-25 18:16:00,2026-08-25 19:17:45.765428,completed,eta-v3.1,False,D101,2026-08-25 18:03:17.793813,2026-08-25 19:20:31.328873,2026-08-25 18:34:45.930529,4,,,True,True,6.92,1.0,0.0,delivered_late,2026-08-25 19:20:31.328873,False,6.92,5.3,31.47,45.76,82.52,75.6,18.0,57.6,18.77,-11.84,4.16,2026-08-25,17,Tuesday,10-20 km
O01199,C0556,R060,D036,Bengaluru,2026-08-14 12:40:00,2026-08-14 13:44:02.338765,2026-08-14 12:57:16.882328,2026-08-14 13:42:48.786574,delivered,7.83,severe,clear,D036,D036,2026-08-14 12:47:41.047662,,2026-08-14 12:58:00,2026-08-14 14:02:02.338765,completed,eta-v3.2,False,D036,2026-08-14 12:47:41.047662,2026-08-14 13:42:48.786574,2026-08-14 12:57:16.882328,4,,,True,True,-1.23,0.0,0.0,delivered_on_time,2026-08-14 13:42:48.786574,False,-1.23,7.68,9.6,45.53,62.81,64.04,18.0,46.04,-0.72,-0.51,18.0,2026-08-14,12,Friday,6-10 km
O01200,C0756,R049,D001,Bengaluru,2026-08-13 22:39:00,2026-08-13 23:51:48.000000,2026-08-13 23:03:46.146230,2026-08-13 23:48:14.701648,delivered,18.0,low,clear,D001,D001,2026-08-13 22:39:55.375426,,2026-08-13 22:57:00,2026-08-13 23:55:11.615382,completed,eta-v3.2,False,D001,2026-08-13 22:39:55.375426,2026-08-13 23:48:14.701648,2026-08-13 23:03:46.146230,5,CX-03,,True,True,-3.55,0.0,0.0,delivered_on_time,2026-08-13 23:48:14.701648,False,-3.55,0.92,23.85,44.48,69.25,72.8,18.0,54.8,6.77,-10.32,3.39,2026-08-13,22,Thursday,10-20 km
O01201,C0824,R026,D020,Bengaluru,2026-08-26 15:04:00,2026-08-26 16:12:59.611045,2026-08-26 15:31:28.909739,2026-08-26 16:14:46.774211,delivered,12.85,high,clear,D020,D020,2026-08-26 15:12:38.853339,,2026-08-26 15:22:00,2026-08-26 16:31:11.760297,completed,eta-v3.1,False,D020,2026-08-26 15:12:38.853339,2026-08-26 16:14:46.774211,2026-08-26 15:31:28.909739,4,,,True,True,1.79,1.0,0.0,delivered_late,2026-08-26 16:14:46.774211,False,1.79,8.65,18.83,43.3,70.78,68.99,18.0,50.99,9.48,-7.69,18.2,2026-08-26,15,Wednesday,10-20 km
O01202,C0390,R010,D076,Bengaluru,2026-08-02 13:35:00,2026-08-02 14:50:36.000000,2026-08-02 14:06:44.275983,2026-08-02 14:50:03.188679,delivered,18.0,medium,clear,D076,D076,2026-08-02 13:37:08.480165,,2026-08-02 13:53:00,2026-08-02 14:54:36.000000,completed,eta-v3.1,False,D076,2026-08-02 13:37:08.480165,2026-08-02 14:50:03.188679,2026-08-02 14:06:44.275983,4,,,True,True,-0.55,0.0,0.0,delivered_on_time,2026-08-02 14:50:03.188679,False,-0.55,2.14,29.6,43.32,75.05,75.6,18.0,57.6,13.74,-14.28,4.0,2026-08-02,13,Sunday,10-20 km
O01203,C0585,R048,D022,Bengaluru,2026-08-19 16:13:00,2026-08-19 17:31:31.768982,2026-08-19 16:43:35.135408,2026-08-19 17:40:45.828523,delivered,14.73,severe,clear,D022,D022,2026-08-19 16:13:42.786885,,2026-08-19 16:31:00,2026-08-19 17:52:36.629090,completed,eta-v3.1,False,D022,2026-08-19 16:13:42.786885,2026-08-19 17:40:45.828523,2026-08-19 16:43:35.135408,3,,,True,True,9.23,1.0,0.0,delivered_late,2026-08-19 17:40:45.828523,False,9.23,0.71,29.87,57.18,87.76,78.53,18.0,60.53,12.59,-3.35,21.08,2026-08-19,16,Wednesday,10-20 km
O01204,C0534,R054,D004,Bengaluru,2026-08-20 18:48:00,2026-08-20 20:03:36.000000,2026-08-20 19:11:29.133436,2026-08-20 20:04:46.005765,delivered,18.0,medium,clear,D004,D004,2026-08-20 18:50:13.522929,,2026-08-20 19:06:00,2026-08-20 20:07:36.000000,completed,eta-v3.2,False,D004,2026-08-20 18:50:13.522929,2026-08-20 20:04:46.005765,2026-08-20 19:11:29.133436,5,,,True,True,1.17,1.0,0.0,delivered_late,2026-08-20 20:04:46.005765,False,1.17,2.23,21.26,53.28,76.77,75.6,18.0,57.6,5.49,-4.32,4.0,2026-08-20,18,Thursday,10-20 km
O01205,C0100,R010,D040,Bengaluru,2026-08-18 23:07:00,2026-08-18 23:55:36.053510,2026-08-18 23:28:42.346574,2026-08-19 00:00:04.126944,delivered,3.14,high,clear,D041,D040,2026-08-18 23:13:37.183844,2026-08-18 23:22:14.970475,2026-08-18 23:25:00,2026-08-19 00:05:36.053510,completed,eta-v3.1,True,D041,2026-08-18 23:13:37.183844,2026-08-19 00:00:04.126944,2026-08-18 23:28:42.346574,3,CX-01,,True,True,4.47,1.0,0.0,delivered_late,2026-08-19 00:00:04.126944,False,4.47,6.62,15.09,31.36,53.07,48.6,18.0,30.6,3.71,0.76,10.0,2026-08-18,23,Tuesday,3-6 km
O01206,C0239,R020,D047,Bengaluru,2026-08-17 14:14:00,2026-08-17 15:06:29.450363,2026-08-17 14:55:14.891298,,delivered,8.33,low,clear,D118,D047,2026-08-17 14:15:15.269785,2026-08-17 14:18:02.610960,2026-08-17 14:32:00,2026-08-17 15:08:00.955283,completed,eta-v3.2,True,D118,2026-08-17 14:15:15.269785,2026-08-17 15:17:52.326788,2026-08-17 14:55:14.891298,5,TS-04;CX-01;CX-03,TS-04,True,False,,,,unknown_missing_timestamp,2026-08-17 15:17:52.326788,True,11.38,1.25,39.99,,,52.49,18.0,34.49,23.25,,1.53,2026-08-17,14,Monday,6-10 km
O01207,C0467,R045,D007,Bengaluru,2026-08-06 23:59:00,2026-08-07 01:14:36.000000,2026-08-07 00:14:32.289744,2026-08-07 01:02:13.082526,delivered,18.0,medium,clear,D007,D007,2026-08-07 00:01:34.688903,,2026-08-07 00:17:00,2026-08-07 01:18:36.000000,completed,eta-v3.2,False,D007,2026-08-07 00:01:34.688903,2026-08-07 01:02:13.082526,2026-08-07 00:14:32.289744,3,,,True,True,-12.38,0.0,0.0,delivered_on_time,2026-08-07 01:02:13.082526,False,-12.38,2.58,12.96,47.68,63.22,75.6,18.0,57.6,-2.46,-9.92,4.0,2026-08-06,23,Thursday,10-20 km
O01208,C0472,R019,D024,Bengaluru,2026-08-02 19:31:00,2026-08-02 20:53:18.000000,2026-08-02 19:48:56.943914,2026-08-02 20:48:19.177491,delivered,18.0,high,rain,D024,D024,2026-08-02 19:31:48.225066,,2026-08-02 19:49:00,2026-08-02 21:08:18.000000,completed,eta-v3.1,False,D024,2026-08-02 19:31:48.225066,2026-08-02 20:48:19.177491,2026-08-02 19:48:56.943914,5,RG-03,,True,True,-4.98,0.0,0.0,delivered_on_time,2026-08-02 20:48:19.177491,False,-4.98,0.8,17.15,59.37,77.32,82.3,18.0,64.3,-0.05,-4.93,15.0,2026-08-02,19,Sunday,10-20 km
O01209,C0865,R059,D037,Bengaluru,2026-08-09 18:29:00,2026-08-09 19:41:48.000000,2026-08-09 18:50:26.390485,2026-08-09 19:35:22.522400,delivered,18.0,low,clear,D037,D037,2026-08-09 18:42:03.089651,,2026-08-09 18:47:00,2026-08-09 19:41:48.000000,completed,eta-v3.2,False,D037,2026-08-09 18:42:03.089651,2026-08-09 19:35:22.522400,2026-08-09 18:50:26.390485,3,,,True,True,-6.42,0.0,0.0,delivered_on_time,2026-08-09 19:35:22.522400,False,-6.42,13.05,8.39,44.94,66.38,72.8,18.0,54.8,3.44,-9.86,0.0,2026-08-09,18,Sunday,10-20 km
O01210,C0338,R037,D043,Bengaluru,2026-08-26 13:18:00,2026-08-26 14:33:18.000000,2026-08-26 13:48:10.570596,2026-08-26 14:39:25.535731,delivered,18.0,low,rain,D043,D043,2026-08-26 13:23:21.880215,,2026-08-26 13:36:00,2026-08-26 14:38:18.000000,completed,eta-v3.1,False,D043,2026-08-26 13:23:21.880215,2026-08-26 14:39:25.535731,2026-08-26 13:48:10.570596,4,,,True,True,6.13,1.0,0.0,delivered_late,2026-08-26 14:39:25.535731,False,6.13,5.36,24.81,51.25,81.43,75.3,18.0,57.3,12.18,-6.05,5.0,2026-08-26,13,Wednesday,10-20 km
O01211,C0076,R032,D034,Bengaluru,2026-08-16 11:34:00,2026-08-16 12:49:36.000000,2026-08-16 11:59:09.024986,2026-08-16 12:49:13.280750,delivered,18.0,medium,clear,D034,D034,2026-08-16 11:37:58.590272,,2026-08-16 11:52:00,2026-08-16 12:56:29.789051,completed,eta-v3.1,False,D034,2026-08-16 11:37:58.590272,2026-08-16 12:49:13.280750,2026-08-16 11:59:09.024986,5,,,True,True,-0.38,0.0,0.0,delivered_on_time,2026-08-16 12:49:13.280750,False,-0.38,3.98,21.17,50.07,75.22,75.6,18.0,57.6,7.15,-7.53,6.9,2026-08-16,11,Sunday,10-20 km
O01212,C0807,R058,D078,Bengaluru,2026-08-01 11:29:00,2026-08-01 12:44:36.000000,2026-08-01 12:02:48.391517,2026-08-01 12:54:18.363664,delivered,18.0,medium,clear,D104,D078,2026-08-01 11:30:03.730095,2026-08-01 11:35:17.515941,2026-08-01 11:47:00,2026-08-01 12:54:34.297429,completed,eta-v3.2,True,D104,2026-08-01 11:30:03.730095,2026-08-01 12:54:18.363664,2026-08-01 12:02:48.391517,2,CX-01;CX-03,,True,True,9.71,1.0,0.0,delivered_late,2026-08-01 12:54:18.363664,False,9.71,1.06,32.74,51.5,85.31,75.6,18.0,57.6,15.81,-6.1,9.97,2026-08-01,11,Saturday,10-20 km
O01213,C0183,R038,D026,Bengaluru,2026-08-03 12:34:00,2026-08-03 13:53:48.000000,2026-08-03 13:02:32.140915,2026-08-03 14:01:44.655362,delivered,18.0,high,clear,D026,D026,2026-08-03 12:39:37.540003,,2026-08-03 12:52:00,2026-08-03 14:06:06.172174,completed,eta-v3.1,False,D026,2026-08-03 12:39:37.540003,2026-08-03 14:01:44.655362,2026-08-03 13:02:32.140915,4,CX-03,,True,True,7.94,1.0,0.0,delivered_late,2026-08-03 14:01:44.655362,False,7.94,5.63,22.91,59.21,87.74,79.8,18.0,61.8,10.54,-2.59,12.3,2026-08-03,12,Monday,10-20 km
O01214,C0701,R049,D060,Bengaluru,2026-08-26 12:31:00,2026-08-26 13:38:50.395098,2026-08-26 12:59:33.008767,,delivered,15.64,low,clear,D060,D060,2026-08-26 12:32:07.408717,,2026-08-26 12:49:00,2026-08-26 13:38:50.395098,completed,eta-v3.1,False,D060,2026-08-26 12:32:07.408717,2026-08-26 13:38:54.876357,2026-08-26 12:59:33.008767,3,TS-04,TS-04,True,False,,,,unknown_missing_timestamp,2026-08-26 13:38:54.876357,True,0.07,1.12,27.43,,,67.84,18.0,49.84,10.55,,0.0,2026-08-26,12,Wednesday,10-20 km
O01215,C0281,R004,D057,Bengaluru,2026-08-26 22:08:00,2026-08-26 23:13:43.353082,2026-08-26 22:32:23.959819,2026-08-26 23:10:19.228154,delivered,14.63,low,clear,D057,D057,2026-08-26 22:09:05.143063,,2026-08-26 22:26:00,2026-08-26 23:14:46.753492,completed,eta-v3.1,False,D057,2026-08-26 22:09:05.143063,2026-08-26 23:10:19.228154,2026-08-26 22:32:23.959819,2,,,True,True,-3.4,0.0,0.0,delivered_on_time,2026-08-26 23:10:19.228154,False,-3.4,1.09,23.31,37.92,62.32,65.72,18.0,47.72,6.4,-9.8,1.06,2026-08-26,22,Wednesday,10-20 km
O01216,C0574,R007,D102,Bengaluru,2026-08-27 18:53:00,2026-08-27 20:08:36.000000,2026-08-27 19:23:17.417668,2026-08-27 20:12:33.991878,delivered,18.0,medium,clear,D102,D102,2026-08-27 18:55:26.148250,,2026-08-27 19:11:00,2026-08-27 20:14:26.736274,completed,eta-v3.1,False,D102,2026-08-27 18:55:26.148250,2026-08-27 20:12:33.991878,2026-08-27 19:23:17.417668,3,RG-03,,True,True,3.97,1.0,0.0,delivered_late,2026-08-27 20:12:33.991878,False,3.97,2.44,27.85,49.28,79.57,75.6,18.0,57.6,12.29,-8.32,5.85,2026-08-27,18,Thursday,10-20 km
O01217,C0400,R028,D066,Bengaluru,2026-08-27 16:35:00,2026-08-27 17:46:12.262483,2026-08-27 17:19:07.959192,2026-08-27 18:09:50.189024,delivered,14.38,low,heavy_rain,D066,D066,2026-08-27 16:41:03.741038,,2026-08-27 16:53:00,2026-08-27 18:06:42.796732,completed,eta-v3.1,False,D066,2026-08-27 16:41:03.741038,2026-08-27 18:09:50.189024,2026-08-27 17:19:07.959192,2,,,True,True,23.63,1.0,1.0,delivered_late,2026-08-27 18:09:50.189024,False,23.63,6.06,38.07,50.7,94.84,71.2,18.0,53.2,26.13,-2.5,20.51,2026-08-27,16,Thursday,10-20 km
O01218,C0121,R053,D073,Bengaluru,2026-08-18 19:53:00,2026-08-18 20:50:01.427644,2026-08-18 20:01:18.248520,2026-08-18 20:31:13.328807,delivered,9.3,low,rain,D073,D073,2026-08-18 19:55:06.056777,,2026-08-18 20:11:00,2026-08-18 20:55:01.427644,completed,eta-v3.2,False,D073,2026-08-18 19:55:06.056777,2026-08-18 20:31:13.328807,2026-08-18 20:01:18.248520,5,,,True,True,-18.8,0.0,0.0,delivered_on_time,2026-08-18 20:31:13.328807,False,-18.8,2.1,6.2,29.92,38.22,57.02,18.0,39.02,-9.7,-9.1,5.0,2026-08-18,19,Tuesday,6-10 km
O01219,C0670,R052,D092,Bengaluru,2026-08-13 23:58:00,2026-08-14 01:10:48.000000,2026-08-14 00:22:57.501947,2026-08-14 01:11:12.879822,delivered,18.0,low,clear,D092,D092,2026-08-14 00:01:25.270979,,2026-08-14 00:16:00,2026-08-14 01:10:48.000000,completed,eta-v3.1,False,D092,2026-08-14 00:01:25.270979,2026-08-14 01:11:12.879822,2026-08-14 00:22:57.501947,2,,,True,True,0.41,1.0,0.0,delivered_late,2026-08-14 01:11:12.879822,False,0.41,3.42,21.54,48.26,73.21,72.8,18.0,54.8,6.96,-6.54,0.0,2026-08-13,23,Thursday,10-20 km
O01220,C0582,R053,D116,Bengaluru,2026-08-20 21:08:00,2026-08-20 22:20:48.000000,2026-08-20 21:33:57.423914,2026-08-20 22:15:18.705814,delivered,18.0,low,clear,D116,D116,2026-08-20 21:09:38.610405,,2026-08-20 21:26:00,2026-08-20 22:27:11.950283,completed,eta-v3.1,False,D116,2026-08-20 21:09:38.610405,2026-08-20 22:15:18.705814,2026-08-20 21:33:57.423914,3,,,True,True,-5.49,0.0,0.0,delivered_on_time,2026-08-20 22:15:18.705814,False,-5.49,1.64,24.31,41.35,67.31,72.8,18.0,54.8,7.96,-13.45,6.4,2026-08-20,21,Thursday,10-20 km
O01221,C0840,R020,D076,Bengaluru,2026-08-09 18:32:00,2026-08-09 19:31:55.972592,2026-08-09 18:53:59.377291,2026-08-09 19:29:08.365544,delivered,10.54,medium,clear,D076,D076,2026-08-09 18:34:35.174405,,2026-08-09 18:50:00,2026-08-09 19:35:55.972592,completed,eta-v3.2,False,D076,2026-08-09 18:34:35.174405,2026-08-09 19:29:08.365544,2026-08-09 18:53:59.377291,3,CX-03,,True,True,-2.79,0.0,0.0,delivered_on_time,2026-08-09 19:29:08.365544,False,-2.79,2.59,19.4,35.15,57.14,59.93,18.0,41.93,3.99,-6.78,4.0,2026-08-09,18,Sunday,10-20 km
O01222,C0463,R023,D016,Bengaluru,2026-08-06 14:46:00,2026-08-06 15:48:13.646451,2026-08-06 15:14:19.835816,,cancelled,10.44,medium,rain,D016,D016,2026-08-06 14:52:32.359589,,2026-08-06 15:04:00,2026-08-06 16:01:54.918869,cancelled,eta-v3.1,False,D016,2026-08-06 14:52:32.359589,,,0,,,False,False,,,,cancelled,,False,,6.54,21.79,,,62.23,18.0,44.23,10.33,,13.69,2026-08-06,14,Thursday,10-20 km
O01223,C0380,R030,D052,Bengaluru,2026-08-01 12:01:00,2026-08-01 13:05:22.557592,2026-08-01 12:21:39.979746,2026-08-01 13:01:05.155441,delivered,12.66,medium,clear,D052,D052,2026-08-01 12:09:21.644017,,2026-08-01 12:19:00,2026-08-01 13:09:32.185405,completed,eta-v3.1,False,D052,2026-08-01 12:09:21.644017,2026-08-01 13:01:05.155441,2026-08-01 12:21:39.979746,2,,,True,True,-4.29,0.0,0.0,delivered_on_time,2026-08-01 13:01:05.155441,False,-4.29,8.36,12.31,39.42,60.09,64.38,18.0,46.38,2.67,-6.96,4.16,2026-08-01,12,Saturday,10-20 km
O01224,C0800,R037,D114,Bengaluru,2026-08-26 11:37:00,2026-08-26 13:02:55.922904,2026-08-26 11:49:56.290208,2026-08-26 13:04:39.723814,delivered,17.06,severe,rain,D114,D114,2026-08-26 11:37:53.119776,,2026-08-26 11:55:00,2026-08-26 13:25:55.922904,completed,eta-v3.2,False,D114,2026-08-26 11:37:53.119776,2026-08-26 13:04:39.723814,2026-08-26 11:49:56.290208,5,,,True,True,1.73,1.0,0.0,delivered_late,2026-08-26 13:04:39.723814,False,1.73,0.89,12.05,74.72,87.66,85.93,18.0,67.93,-5.06,6.79,23.0,2026-08-26,11,Wednesday,10-20 km
O01225,C0316,R017,D047,Bengaluru,2026-08-24 19:02:00,2026-08-24 20:17:36.000000,2026-08-24 19:10:17.818120,2026-08-24 20:01:08.154408,delivered,18.0,medium,clear,D047,D047,2026-08-24 19:12:54.149465,,2026-08-24 19:20:00,2026-08-24 20:21:36.000000,completed,eta-v3.2,False,D047,2026-08-24 19:12:54.149465,2026-08-24 20:01:08.154408,2026-08-24 19:10:17.818120,4,TS-07;CX-03,,True,True,-16.46,0.0,0.0,delivered_on_time,2026-08-24 20:01:08.154408,False,-16.46,10.9,-2.61,50.84,59.14,75.6,18.0,57.6,-9.7,-6.76,4.0,2026-08-24,19,Monday,10-20 km
O01226,C0637,R039,D051,Bengaluru,2026-08-27 23:32:00,2026-08-28 00:18:40.702327,2026-08-28 00:01:11.852284,2026-08-28 00:17:19.910671,delivered,4.23,medium,clear,D051,D051,2026-08-27 23:39:12.467394,,2026-08-27 23:50:00,2026-08-28 00:23:40.959647,completed,eta-v3.1,False,D051,2026-08-27 23:39:12.467394,2026-08-28 00:17:19.910671,2026-08-28 00:01:11.852284,2,,,True,True,-1.35,0.0,0.0,delivered_on_time,2026-08-28 00:17:19.910671,False,-1.35,7.21,21.99,16.13,45.33,46.68,18.0,28.68,11.2,-12.55,5.0,2026-08-27,23,Thursday,3-6 km
O01227,C0407,R050,D069,Bengaluru,2026-08-18 19:44:00,2026-08-18 20:41:44.451058,2026-08-18 20:09:56.966633,2026-08-18 20:40:12.833768,delivered,9.5,medium,clear,D069,D069,2026-08-18 19:44:38.223936,,2026-08-18 20:02:00,2026-08-18 20:45:44.451058,completed,eta-v3.2,False,D069,2026-08-18 19:44:38.223936,2026-08-18 20:40:12.833768,2026-08-18 20:09:56.966633,2,,,True,True,-1.53,0.0,0.0,delivered_on_time,2026-08-18 20:40:12.833768,False,-1.53,0.64,25.31,30.26,56.21,57.74,18.0,39.74,7.95,-9.48,4.0,2026-08-18,19,Tuesday,6-10 km
O01228,C0349,R036,D037,Bengaluru,2026-08-25 14:26:00,2026-08-25 15:41:36.000000,2026-08-25 14:34:45.057377,2026-08-25 15:21:32.161712,delivered,18.0,medium,clear,D037,D037,2026-08-25 14:32:51.112066,,2026-08-25 14:44:00,2026-08-25 15:45:53.481432,completed,eta-v3.2,False,D037,2026-08-25 14:32:51.112066,2026-08-25 15:21:32.161712,2026-08-25 14:34:45.057377,5,,,True,True,-20.06,0.0,0.0,delivered_on_time,2026-08-25 15:21:32.161712,False,-20.06,6.85,1.9,46.79,55.54,75.6,18.0,57.6,-9.25,-10.81,4.29,2026-08-25,14,Tuesday,10-20 km
O01229,C0232,R059,D117,Bengaluru,2026-08-21 20:51:00,2026-08-21 21:46:45.520091,2026-08-21 21:11:36.941147,2026-08-21 21:38:05.311815,delivered,9.89,low,clear,D117,D117,2026-08-21 20:59:14.487236,,2026-08-21 21:09:00,2026-08-21 21:46:45.520091,completed,eta-v3.2,False,D117,2026-08-21 20:59:14.487236,2026-08-21 21:38:05.311815,2026-08-21 21:11:36.941147,4,,,True,True,-8.67,0.0,0.0,delivered_on_time,2026-08-21 21:38:05.311815,False,-8.67,8.24,12.37,26.47,47.09,55.76,18.0,37.76,2.62,-11.29,0.0,2026-08-21,20,Friday,6-10 km
O01230,C0292,R023,D030,Bengaluru,2026-08-17 17:56:00,2026-08-17 19:08:48.000000,2026-08-17 18:27:23.020447,2026-08-17 19:15:32.869282,delivered,18.0,low,clear,D030,D030,2026-08-17 17:58:20.415799,,2026-08-17 18:14:00,2026-08-17 19:11:35.602461,completed,eta-v3.1,False,D030,2026-08-17 17:58:20.415799,2026-08-17 19:15:32.869282,2026-08-17 18:27:23.020447,3,,,True,True,6.75,1.0,0.0,delivered_late,2026-08-17 19:15:32.869282,False,6.75,2.34,29.04,48.16,79.55,72.8,18.0,54.8,13.38,-6.64,2.79,2026-08-17,17,Monday,10-20 km
O01231,C0689,R056,D091,Bengaluru,2026-08-01 11:05:00,2026-08-01 12:17:48.000000,2026-08-01 11:21:44.054049,2026-08-01 12:07:11.607460,delivered,18.0,low,clear,D091,D091,2026-08-01 11:10:23.952977,,2026-08-01 11:23:00,2026-08-01 12:17:48.000000,completed,eta-v3.2,False,D091,2026-08-01 11:10:23.952977,2026-08-01 12:07:11.607460,2026-08-01 11:21:44.054049,3,,,True,True,-10.61,0.0,0.0,delivered_on_time,2026-08-01 12:07:11.607460,False,-10.61,5.4,11.34,45.46,62.19,72.8,18.0,54.8,-1.27,-9.34,0.0,2026-08-01,11,Saturday,10-20 km
O01232,C0671,R023,D056,Bengaluru,2026-08-01 16:55:00,2026-08-01 18:02:55.770521,2026-08-01 17:40:07.555116,2026-08-01 18:24:58.831214,delivered,12.35,high,clear,D011,D056,2026-08-01 17:02:39.282184,2026-08-01 17:05:32.952651,2026-08-01 17:13:00,2026-08-01 18:18:43.892338,completed,eta-v3.1,True,D011,2026-08-01 17:02:39.282184,2026-08-01 18:24:58.831214,2026-08-01 17:40:07.555116,5,CX-01;CX-03,,True,True,22.05,1.0,1.0,delivered_late,2026-08-01 18:24:58.831214,False,22.05,7.65,37.47,44.85,89.98,67.93,18.0,49.93,27.13,-5.08,15.8,2026-08-01,16,Saturday,10-20 km
O01233,C0426,R012,D062,Bengaluru,2026-08-05 18:59:00,2026-08-05 19:49:47.230763,2026-08-05 19:41:48.212636,2026-08-05 20:13:10.543080,delivered,4.18,high,clear,D096,D062,2026-08-05 19:00:35.375727,2026-08-05 19:05:35.716680,2026-08-05 19:17:00,2026-08-05 20:03:09.802985,completed,eta-v3.2,True,D096,2026-08-05 19:00:35.375727,2026-08-05 20:13:10.543080,2026-08-05 19:41:48.212636,4,CX-01;CX-03,,True,True,23.39,1.0,1.0,delivered_late,2026-08-05 20:13:10.543080,False,23.39,1.59,41.21,31.37,74.18,50.79,18.0,32.79,24.8,-1.42,13.38,2026-08-05,18,Wednesday,3-6 km
O01234,C0205,R002,D083,Bengaluru,2026-08-06 21:28:00,2026-08-06 22:43:36.000000,2026-08-06 21:46:50.017719,2026-08-06 22:36:36.750355,delivered,18.0,medium,clear,D083,D083,2026-08-06 21:30:22.848652,,2026-08-06 21:46:00,2026-08-06 22:47:41.174145,completed,eta-v3.1,False,D083,2026-08-06 21:30:22.848652,2026-08-06 22:36:36.750355,2026-08-06 21:46:50.017719,5,,,True,True,-6.99,0.0,0.0,delivered_on_time,2026-08-06 22:36:36.750355,False,-6.99,2.38,16.45,49.78,68.61,75.6,18.0,57.6,0.83,-7.82,4.09,2026-08-06,21,Thursday,10-20 km
O01235,C0772,R032,D098,Bengaluru,2026-08-28 13:15:00,2026-08-28 14:36:17.661077,2026-08-28 14:04:54.255957,2026-08-28 15:08:17.715971,delivered,17.85,medium,heavy_rain,D098,D098,2026-08-28 13:20:26.322560,,2026-08-28 13:33:00,2026-08-28 15:01:05.383244,completed,eta-v3.1,False,D098,2026-08-28 13:20:26.322560,2026-08-28 15:08:17.715971,2026-08-28 14:04:54.255957,3,,,True,True,32.0,1.0,1.0,delivered_late,2026-08-28 15:08:17.715971,False,32.0,5.44,44.47,63.39,113.3,81.29,18.0,63.29,31.9,0.1,24.8,2026-08-28,13,Friday,10-20 km
O01236,C0215,R047,D120,Bengaluru,2026-08-28 17:51:00,2026-08-28 19:06:36.000000,2026-08-28 18:14:32.584706,2026-08-28 19:03:33.847273,delivered,18.0,medium,clear,D120,D120,2026-08-28 18:03:59.808918,,2026-08-28 18:09:00,2026-08-28 19:10:46.339147,completed,eta-v3.2,False,D120,2026-08-28 18:03:59.808918,2026-08-28 19:03:33.847273,2026-08-28 18:14:32.584706,5,,,True,True,-3.04,0.0,0.0,delivered_on_time,2026-08-28 19:03:33.847273,False,-3.04,13.0,10.55,49.02,72.56,75.6,18.0,57.6,5.54,-8.58,4.17,2026-08-28,17,Friday,10-20 km
O01237,C0329,R033,D009,Bengaluru,2026-08-16 18:05:00,2026-08-16 19:24:48.000000,2026-08-16 18:36:04.006301,,cancelled,18.0,high,clear,D009,D009,2026-08-16 18:05:11.038428,,2026-08-16 18:23:00,2026-08-16 19:34:51.515513,cancelled,eta-v3.1,False,D009,2026-08-16 18:05:11.038428,,,0,,,False,False,,,,cancelled,,False,,0.18,30.88,,,79.8,18.0,61.8,13.07,,10.06,2026-08-16,18,Sunday,10-20 km
O01238,C0265,R030,D014,Bengaluru,2026-08-26 18:32:00,2026-08-26 19:41:22.563132,2026-08-26 18:51:49.938703,2026-08-26 19:48:01.941593,delivered,12.18,medium,heavy_rain,D014,D014,2026-08-26 18:34:22.149522,,2026-08-26 18:50:00,2026-08-26 19:57:22.563132,completed,eta-v3.1,False,D014,2026-08-26 18:34:22.149522,2026-08-26 19:48:01.941593,2026-08-26 18:51:49.938703,5,CX-03,,True,True,6.66,1.0,0.0,delivered_late,2026-08-26 19:48:01.941593,False,6.66,2.37,17.46,56.2,76.03,69.38,18.0,51.38,1.83,4.82,16.0,2026-08-26,18,Wednesday,10-20 km
O01239,C0628,R040,D032,Bengaluru,2026-08-11 20:27:00,2026-08-11 21:46:48.000000,2026-08-11 20:44:28.524499,2026-08-11 21:38:56.128751,delivered,18.0,high,clear,D053,D032,2026-08-11 20:39:38.327010,2026-08-11 20:46:15.495430,2026-08-11 20:45:00,2026-08-11 21:56:48.000000,completed,eta-v3.2,True,D053,2026-08-11 20:39:38.327010,2026-08-11 21:38:56.128751,2026-08-11 20:44:28.524499,2,CX-01;CX-03,,True,True,-7.86,0.0,0.0,delivered_on_time,2026-08-11 21:38:56.128751,False,-7.86,12.64,4.84,54.46,71.94,79.8,18.0,61.8,-0.52,-7.34,10.0,2026-08-11,20,Tuesday,10-20 km
O01240,C0326,R059,D081,Bengaluru,2026-08-23 19:49:00,2026-08-23 21:01:48.000000,2026-08-23 20:25:47.845913,,cancelled,18.0,low,clear,D081,D081,2026-08-23 19:49:35.113121,,2026-08-23 20:07:00,2026-08-23 21:02:47.802627,cancelled,eta-v3.1,False,D081,2026-08-23 19:49:35.113121,,,0,,,False,False,,,,cancelled,,False,,0.59,36.21,,,72.8,18.0,54.8,18.8,,1.0,2026-08-23,19,Sunday,10-20 km
O01241,C0181,R049,D019,Bengaluru,2026-08-10 14:43:00,2026-08-10 15:40:00.741876,2026-08-10 15:05:06.945959,2026-08-10 15:33:23.600018,delivered,9.15,medium,clear,D019,D019,2026-08-10 14:52:43.889291,,2026-08-10 15:01:00,2026-08-10 15:44:52.696405,completed,eta-v3.2,False,D019,2026-08-10 14:52:43.889291,2026-08-10 15:33:23.600018,2026-08-10 15:05:06.945959,5,,,True,True,-6.62,0.0,0.0,delivered_on_time,2026-08-10 15:33:23.600018,False,-6.62,9.73,12.38,28.28,50.39,57.01,18.0,39.01,4.12,-10.73,4.87,2026-08-10,14,Monday,6-10 km
O01242,C0435,R041,D093,Bengaluru,2026-08-02 13:10:00,2026-08-02 14:02:35.490228,2026-08-02 13:27:04.663470,2026-08-02 13:53:18.435034,delivered,5.04,high,clear,D093,D093,2026-08-02 13:12:52.072983,,2026-08-02 13:28:00,2026-08-02 14:12:35.490228,completed,eta-v3.1,False,D093,2026-08-02 13:12:52.072983,2026-08-02 13:53:18.435034,2026-08-02 13:27:04.663470,5,,,True,True,-9.28,0.0,0.0,delivered_on_time,2026-08-02 13:53:18.435034,False,-9.28,2.87,14.21,26.23,43.31,52.59,18.0,34.59,-0.92,-8.36,10.0,2026-08-02,13,Sunday,3-6 km
O01243,C0226,R024,D065,Bengaluru,2026-08-08 18:06:00,2026-08-08 19:25:48.000000,2026-08-08 18:29:31.965861,2026-08-08 19:28:14.018057,delivered,18.0,high,clear,D065,D065,2026-08-08 18:11:18.870639,,2026-08-08 18:24:00,2026-08-08 19:35:48.000000,completed,eta-v3.2,False,D065,2026-08-08 18:11:18.870639,2026-08-08 19:28:14.018057,2026-08-08 18:29:31.965861,2,,,True,True,2.43,1.0,0.0,delivered_late,2026-08-08 19:28:14.018057,False,2.43,5.31,18.22,58.7,82.23,79.8,18.0,61.8,5.53,-3.1,10.0,2026-08-08,18,Saturday,10-20 km
O01244,C0026,R014,D001,Bengaluru,2026-08-02 22:13:00,2026-08-02 23:31:06.000000,2026-08-02 22:40:01.538575,2026-08-02 23:35:34.225338,delivered,18.0,medium,rain,D001,D001,2026-08-02 22:13:18.179357,,2026-08-02 22:31:00,2026-08-02 23:40:06.000000,completed,eta-v3.2,False,D001,2026-08-02 22:13:18.179357,2026-08-02 23:35:34.225338,2026-08-02 22:40:01.538575,5,,,True,True,4.47,1.0,0.0,delivered_late,2026-08-02 23:35:34.225338,False,4.47,0.3,26.72,55.54,82.57,78.1,18.0,60.1,9.03,-4.56,9.0,2026-08-02,22,Sunday,10-20 km
O01245,C0637,R045,D103,Bengaluru,2026-08-05 20:22:00,2026-08-05 21:16:39.602028,2026-08-05 20:56:45.868244,2026-08-05 21:29:37.794053,delivered,6.03,high,clear,D103,D103,2026-08-05 20:23:11.082361,,2026-08-05 20:40:00,2026-08-05 21:26:39.602028,completed,eta-v3.2,False,D103,2026-08-05 20:23:11.082361,2026-08-05 21:29:37.794053,2026-08-05 20:56:45.868244,4,,,True,True,12.97,1.0,1.0,delivered_late,2026-08-05 21:29:37.794053,False,12.97,1.18,33.58,32.87,67.63,54.66,18.0,36.66,16.76,-3.79,10.0,2026-08-05,20,Wednesday,6-10 km
O01246,C0436,R013,D023,Bengaluru,2026-08-15 17:21:00,2026-08-15 18:27:46.477214,2026-08-15 18:12:26.178276,2026-08-15 18:50:16.168521,delivered,13.8,medium,clear,D023,D023,2026-08-15 17:25:59.311389,,2026-08-15 17:39:00,2026-08-15 18:41:36.230278,completed,eta-v3.1,False,D023,2026-08-15 17:25:59.311389,2026-08-15 18:50:16.168521,2026-08-15 18:12:26.178276,5,,,True,True,22.49,1.0,1.0,delivered_late,2026-08-15 18:50:16.168521,False,22.49,4.99,46.45,37.83,89.27,66.77,18.0,48.77,33.44,-10.94,13.83,2026-08-15,17,Saturday,10-20 km
O01247,C0540,R055,D056,Bengaluru,2026-08-14 11:44:00,2026-08-14 12:59:36.000000,2026-08-14 12:14:53.269697,2026-08-14 13:01:47.588903,delivered,18.0,medium,clear,D056,D056,2026-08-14 11:46:15.708017,,2026-08-14 12:02:00,2026-08-14 13:03:36.000000,completed,eta-v3.2,False,D056,2026-08-14 11:46:15.708017,2026-08-14 13:01:47.588903,2026-08-14 12:14:53.269697,5,CX-03,,True,True,2.19,1.0,0.0,delivered_late,2026-08-14 13:01:47.588903,False,2.19,2.26,28.63,46.91,77.79,75.6,18.0,57.6,12.89,-10.69,4.0,2026-08-14,11,Friday,10-20 km
O01248,C0482,R040,D095,Bengaluru,2026-08-14 18:06:00,2026-08-14 19:25:48.000000,2026-08-14 18:42:38.252518,2026-08-14 19:38:18.942174,delivered,18.0,high,clear,D095,D095,2026-08-14 18:08:35.887845,,2026-08-14 18:24:00,2026-08-14 19:41:12.228760,completed,eta-v3.2,False,D095,2026-08-14 18:08:35.887845,2026-08-14 19:38:18.942174,2026-08-14 18:42:38.252518,2,CX-03,,True,True,12.52,1.0,1.0,delivered_late,2026-08-14 19:38:18.942174,False,12.52,2.6,34.04,55.68,92.32,79.8,18.0,61.8,18.64,-6.12,15.4,2026-08-14,18,Friday,10-20 km
O01249,C0826,R016,D060,Bengaluru,2026-08-22 21:12:00,2026-08-22 21:59:45.359126,2026-08-22 21:34:35.078844,2026-08-22 21:55:10.337888,delivered,2.74,high,clear,D060,D060,2026-08-22 21:13:55.830024,,2026-08-22 21:30:00,2026-08-22 22:11:37.704166,completed,eta-v3.1,False,D060,2026-08-22 21:13:55.830024,2026-08-22 21:55:10.337888,2026-08-22 21:34:35.078844,5,,,True,True,-4.58,0.0,0.0,delivered_on_time,2026-08-22 21:55:10.337888,False,-4.58,1.93,20.65,20.59,43.17,47.76,18.0,29.76,4.58,-9.17,11.87,2026-08-22,21,Saturday,0-3 km
O01250,C0222,R002,D043,Bengaluru,2026-08-22 18:24:00,2026-08-22 19:43:48.000000,2026-08-22 19:02:25.883231,2026-08-22 20:00:50.161322,delivered,18.0,high,clear,D043,D043,2026-08-22 18:30:42.657136,,2026-08-22 18:42:00,2026-08-22 19:53:48.000000,completed,eta-v3.2,False,D043,2026-08-22 18:30:42.657136,2026-08-22 20:00:50.161322,2026-08-22 19:02:25.883231,3,,,True,True,17.04,1.0,1.0,delivered_late,2026-08-22 20:00:50.161322,False,17.04,6.71,31.72,58.4,96.84,79.8,18.0,61.8,20.43,-3.4,10.0,2026-08-22,18,Saturday,10-20 km
O01251,C0181,R009,D096,Bengaluru,2026-08-14 21:52:00,2026-08-14 23:04:48.000000,2026-08-14 22:19:18.973168,2026-08-14 23:10:16.278687,delivered,18.0,low,clear,D096,D096,2026-08-14 21:53:13.302514,,2026-08-14 22:10:00,2026-08-14 23:04:48.000000,completed,eta-v3.2,False,D096,2026-08-14 21:53:13.302514,2026-08-14 23:10:16.278687,2026-08-14 22:19:18.973168,3,CX-03,,True,True,5.47,1.0,0.0,delivered_late,2026-08-14 23:10:16.278687,False,5.47,1.22,26.09,50.96,78.27,72.8,18.0,54.8,9.32,-3.84,0.0,2026-08-14,21,Friday,10-20 km
O01252,C0039,R033,D022,Bengaluru,2026-08-04 19:55:00,2026-08-04 21:10:36.000000,2026-08-04 20:11:39.697905,,delivered,18.0,medium,clear,D022,D022,2026-08-04 19:59:09.137235,,2026-08-04 20:13:00,2026-08-04 21:14:36.000000,completed,eta-v3.1,False,D022,2026-08-04 19:59:09.137235,2026-08-04 20:59:13.020048,2026-08-04 20:11:39.697905,2,TS-04,TS-04,True,False,,,,unknown_missing_timestamp,2026-08-04 20:59:13.020048,True,-11.38,4.15,12.51,,,75.6,18.0,57.6,-1.34,,4.0,2026-08-04,19,Tuesday,10-20 km
O01253,C0217,R017,D004,Bengaluru,2026-08-08 11:06:00,2026-08-08 12:14:29.392287,2026-08-08 11:17:22.235428,2026-08-08 12:03:14.031896,delivered,14.61,medium,clear,D004,D004,2026-08-08 11:06:59.429358,,2026-08-08 11:24:00,2026-08-08 12:18:59.249734,completed,eta-v3.2,False,D004,2026-08-08 11:06:59.429358,2026-08-08 12:03:14.031896,2026-08-08 11:17:22.235428,3,,,True,True,-11.26,0.0,0.0,delivered_on_time,2026-08-08 12:03:14.031896,False,-11.26,0.99,10.38,45.86,57.23,68.49,18.0,50.49,-6.63,-4.63,4.5,2026-08-08,11,Saturday,10-20 km
O01254,C0302,R039,D120,Bengaluru,2026-08-11 14:35:00,2026-08-11 15:47:48.000000,2026-08-11 15:10:42.967972,2026-08-11 15:52:43.713545,delivered,18.0,low,clear,D120,D120,2026-08-11 14:38:07.295244,,2026-08-11 14:53:00,2026-08-11 15:51:39.813159,completed,eta-v3.1,False,D120,2026-08-11 14:38:07.295244,2026-08-11 15:52:43.713545,2026-08-11 15:10:42.967972,5,,,True,True,4.93,1.0,0.0,delivered_late,2026-08-11 15:52:43.713545,False,4.93,3.12,32.59,42.01,77.73,72.8,18.0,54.8,17.72,-12.79,3.86,2026-08-11,14,Tuesday,10-20 km
O01255,C0679,R049,D041,Bengaluru,2026-08-25 22:07:00,2026-08-25 23:14:23.334558,2026-08-25 22:34:48.125753,2026-08-25 23:19:18.867608,delivered,15.42,low,clear,D041,D041,2026-08-25 22:09:06.693631,,2026-08-25 22:25:00,2026-08-25 23:17:20.166572,completed,eta-v3.2,False,D041,2026-08-25 22:09:06.693631,2026-08-25 23:19:18.867608,2026-08-25 22:34:48.125753,5,,,True,True,4.93,1.0,0.0,delivered_late,2026-08-25 23:19:18.867608,False,4.93,2.11,25.69,44.51,72.31,67.39,18.0,49.39,9.8,-4.88,2.95,2026-08-25,22,Tuesday,10-20 km
O01256,C0721,R008,D033,Bengaluru,2026-08-02 20:51:00,2026-08-02 22:06:36.000000,2026-08-02 21:16:53.980191,2026-08-02 22:05:36.476110,delivered,18.0,medium,clear,D033,D033,2026-08-02 20:53:50.532570,,2026-08-02 21:09:00,2026-08-02 22:10:36.000000,completed,eta-v3.2,False,D033,2026-08-02 20:53:50.532570,2026-08-02 22:05:36.476110,2026-08-02 21:16:53.980191,5,,,True,True,-0.99,0.0,0.0,delivered_on_time,2026-08-02 22:05:36.476110,False,-0.99,2.84,23.06,48.71,74.61,75.6,18.0,57.6,7.9,-8.89,4.0,2026-08-02,20,Sunday,10-20 km
O01257,C0572,R056,D001,Bengaluru,2026-08-15 14:52:00,2026-08-15 16:07:36.000000,2026-08-15 15:21:03.506155,2026-08-15 16:17:29.430306,delivered,18.0,medium,clear,D001,D001,2026-08-15 14:55:23.346785,,2026-08-15 15:10:00,2026-08-15 16:14:16.008300,completed,eta-v3.1,False,D001,2026-08-15 14:55:23.346785,2026-08-15 16:17:29.430306,2026-08-15 15:21:03.506155,2,,,True,True,9.89,1.0,0.0,delivered_late,2026-08-15 16:17:29.430306,False,9.89,3.39,25.67,56.43,85.49,75.6,18.0,57.6,11.06,-1.17,6.67,2026-08-15,14,Saturday,10-20 km
O01258,C0464,R030,D120,Bengaluru,2026-08-10 23:33:00,2026-08-11 00:27:03.651550,2026-08-10 23:59:56.085581,2026-08-11 00:32:31.643764,delivered,9.08,low,clear,D120,D120,2026-08-10 23:36:58.562538,,2026-08-10 23:51:00,2026-08-11 00:27:03.651550,completed,eta-v3.2,False,D120,2026-08-10 23:36:58.562538,2026-08-11 00:32:31.643764,2026-08-10 23:59:56.085581,5,,,True,True,5.47,1.0,0.0,delivered_late,2026-08-11 00:32:31.643764,False,5.47,3.98,22.96,32.59,59.53,54.06,18.0,36.06,8.93,-3.47,0.0,2026-08-10,23,Monday,6-10 km
O01259,C0267,R033,D068,Bengaluru,2026-08-17 17:09:00,2026-08-17 18:28:48.000000,2026-08-17 17:38:27.775907,2026-08-17 18:32:49.382271,delivered,18.0,high,clear,D068,D068,2026-08-17 17:12:03.455936,,2026-08-17 17:27:00,2026-08-17 18:39:00.331302,completed,eta-v3.1,False,D068,2026-08-17 17:12:03.455936,2026-08-17 18:32:49.382271,2026-08-17 17:38:27.775907,5,CX-03,,True,True,4.02,1.0,0.0,delivered_late,2026-08-17 18:32:49.382271,False,4.02,3.06,26.41,54.36,83.82,79.8,18.0,61.8,11.46,-7.44,10.21,2026-08-17,17,Monday,10-20 km
O01260,C0654,R040,D055,Bengaluru,2026-08-11 14:35:00,2026-08-11 16:00:24.000000,2026-08-11 14:54:03.597850,2026-08-11 15:55:30.552540,delivered,18.0,severe,clear,D055,D055,2026-08-11 14:35:19.878769,,2026-08-11 14:53:00,2026-08-11 16:18:24.000000,completed,eta-v3.2,False,D055,2026-08-11 14:35:19.878769,2026-08-11 15:55:30.552540,2026-08-11 14:54:03.597850,5,,,True,True,-4.89,0.0,0.0,delivered_on_time,2026-08-11 15:55:30.552540,False,-4.89,0.33,18.73,61.45,80.51,85.4,18.0,67.4,1.06,-5.95,18.0,2026-08-11,14,Tuesday,10-20 km
O01261,C0821,R042,D054,Bengaluru,2026-08-13 19:14:00,2026-08-13 20:26:48.000000,2026-08-13 19:39:09.682218,2026-08-13 20:22:24.506703,delivered,18.0,low,clear,D069,D054,2026-08-13 19:18:41.238691,2026-08-13 19:27:17.546594,2026-08-13 19:32:00,2026-08-13 20:27:15.443691,completed,eta-v3.1,True,D069,2026-08-13 19:18:41.238691,2026-08-13 20:22:24.506703,2026-08-13 19:39:09.682218,5,CX-01;CX-03,,True,True,-4.39,0.0,0.0,delivered_on_time,2026-08-13 20:22:24.506703,False,-4.39,4.69,20.47,43.25,68.41,72.8,18.0,54.8,7.16,-11.55,0.46,2026-08-13,19,Thursday,10-20 km
O01262,C0200,R032,D051,Bengaluru,2026-08-09 20:20:00,2026-08-09 21:32:48.000000,2026-08-09 20:43:49.698323,2026-08-09 21:29:17.874639,delivered,18.0,low,clear,D051,D051,2026-08-09 20:27:01.189933,,2026-08-09 20:38:00,2026-08-09 21:32:48.000000,completed,eta-v3.2,False,D051,2026-08-09 20:27:01.189933,2026-08-09 21:29:17.874639,2026-08-09 20:43:49.698323,4,,,True,True,-3.5,0.0,0.0,delivered_on_time,2026-08-09 21:29:17.874639,False,-3.5,7.02,16.81,45.47,69.3,72.8,18.0,54.8,5.83,-9.33,0.0,2026-08-09,20,Sunday,10-20 km
O01263,C0691,R033,D029,Bengaluru,2026-08-01 15:50:00,2026-08-01 17:04:29.048168,2026-08-01 16:07:35.559422,2026-08-01 16:52:18.296394,delivered,17.47,medium,clear,D029,D029,2026-08-01 15:53:00.045606,,2026-08-01 16:08:00,2026-08-01 17:10:54.807159,completed,eta-v3.1,False,D029,2026-08-01 15:53:00.045606,2026-08-01 16:52:18.296394,2026-08-01 16:07:35.559422,3,,,True,True,-12.18,0.0,0.0,delivered_on_time,2026-08-01 16:52:18.296394,False,-12.18,3.0,14.59,44.71,62.3,74.48,18.0,56.48,-0.41,-11.77,6.43,2026-08-01,15,Saturday,10-20 km
O01264,C0259,R041,D001,Bengaluru,2026-08-04 20:53:00,2026-08-04 22:08:36.000000,2026-08-04 21:08:27.291882,2026-08-04 21:58:19.657702,delivered,18.0,medium,clear,D001,D001,2026-08-04 20:59:50.336217,,2026-08-04 21:11:00,2026-08-04 22:12:36.000000,completed,eta-v3.1,False,D001,2026-08-04 20:59:50.336217,2026-08-04 21:58:19.657702,2026-08-04 21:08:27.291882,3,,,True,True,-10.27,0.0,0.0,delivered_on_time,2026-08-04 21:58:19.657702,False,-10.27,6.84,8.62,49.87,65.33,75.6,18.0,57.6,-2.55,-7.73,4.0,2026-08-04,20,Tuesday,10-20 km
O01265,C0272,R047,D035,Bengaluru,2026-08-09 21:25:00,2026-08-09 22:40:36.000000,2026-08-09 21:49:58.805936,2026-08-09 22:39:24.320049,delivered,18.0,medium,clear,D076,D035,2026-08-09 21:31:38.813845,2026-08-09 21:39:38.534560,2026-08-09 21:43:00,2026-08-09 22:45:47.652776,completed,eta-v3.1,True,D076,2026-08-09 21:31:38.813845,2026-08-09 22:39:24.320049,2026-08-09 21:49:58.805936,3,CX-01;CX-03,,True,True,-1.19,0.0,0.0,delivered_on_time,2026-08-09 22:39:24.320049,False,-1.19,6.65,18.33,49.43,74.41,75.6,18.0,57.6,6.98,-8.17,5.19,2026-08-09,21,Sunday,10-20 km
O01266,C0426,R002,D117,Bengaluru,2026-08-26 18:06:00,2026-08-26 19:22:57.946885,2026-08-26 18:34:34.203034,2026-08-26 19:36:06.399158,delivered,12.79,severe,rain,D117,D117,2026-08-26 18:12:32.078054,,2026-08-26 18:24:00,2026-08-26 19:45:57.946885,completed,eta-v3.1,False,D117,2026-08-26 18:12:32.078054,2026-08-26 19:36:06.399158,2026-08-26 18:34:34.203034,5,,,True,True,13.14,1.0,1.0,delivered_late,2026-08-26 19:36:06.399158,False,13.14,6.53,22.04,61.54,90.11,76.97,18.0,58.97,10.57,2.57,23.0,2026-08-26,18,Wednesday,10-20 km
O01267,C0802,R030,D059,Bengaluru,2026-08-13 22:28:00,2026-08-13 23:41:15.937529,2026-08-13 23:00:04.078623,2026-08-13 23:48:49.190017,delivered,14.89,high,clear,D059,D059,2026-08-13 22:29:50.745393,,2026-08-13 22:46:00,2026-08-13 23:51:15.937529,completed,eta-v3.2,False,D059,2026-08-13 22:29:50.745393,2026-08-13 23:48:49.190017,2026-08-13 23:00:04.078623,4,,,True,True,7.55,1.0,0.0,delivered_late,2026-08-13 23:48:49.190017,False,7.55,1.85,30.22,48.75,80.82,73.27,18.0,55.27,14.07,-6.52,10.0,2026-08-13,22,Thursday,10-20 km
O01268,C0881,R045,D010,Bengaluru,2026-08-06 18:50:00,2026-08-06 20:11:36.000000,2026-08-06 19:32:01.340209,2026-08-06 20:41:25.341229,delivered,18.0,medium,heavy_rain,D010,D010,2026-08-06 18:51:21.526243,,2026-08-06 19:08:00,2026-08-06 20:27:36.000000,completed,eta-v3.2,False,D010,2026-08-06 18:51:21.526243,2026-08-06 20:41:25.341229,2026-08-06 19:32:01.340209,3,,,True,True,29.82,1.0,1.0,delivered_late,2026-08-06 20:41:25.341229,False,29.82,1.36,40.66,69.4,111.42,81.6,18.0,63.6,24.02,5.8,16.0,2026-08-06,18,Thursday,10-20 km
O01269,C0626,R016,D029,Bengaluru,2026-08-18 16:44:00,2026-08-18 17:37:43.391067,2026-08-18 17:10:41.761256,2026-08-18 17:42:28.291168,delivered,7.58,medium,clear,D029,D029,2026-08-18 16:45:50.498343,,2026-08-18 17:02:00,2026-08-18 17:42:42.150987,completed,eta-v3.1,False,D029,2026-08-18 16:45:50.498343,2026-08-18 17:42:28.291168,2026-08-18 17:10:41.761256,2,,,True,True,4.75,1.0,0.0,delivered_late,2026-08-18 17:42:28.291168,False,4.75,1.84,24.85,31.78,58.47,53.72,18.0,35.72,8.7,-3.94,4.98,2026-08-18,16,Tuesday,6-10 km
O01270,C0035,R056,D021,Bengaluru,2026-08-21 11:49:00,2026-08-21 13:04:36.000000,2026-08-21 12:24:58.657798,2026-08-21 13:20:16.588893,delivered,18.0,medium,clear,D021,D021,2026-08-21 11:52:17.505594,,2026-08-21 12:07:00,2026-08-21 13:14:12.630220,completed,eta-v3.1,False,D021,2026-08-21 11:52:17.505594,2026-08-21 13:20:16.588893,2026-08-21 12:24:58.657798,4,,,True,True,15.68,1.0,1.0,delivered_late,2026-08-21 13:20:16.588893,False,15.68,3.29,32.69,55.3,91.28,75.6,18.0,57.6,17.98,-2.3,9.61,2026-08-21,11,Friday,10-20 km
O01271,C0288,R030,D015,Bengaluru,2026-08-21 19:01:00,2026-08-21 20:16:36.000000,2026-08-21 19:22:00.842567,2026-08-21 20:10:02.156059,delivered,18.0,medium,clear,D015,D015,2026-08-21 19:04:47.356966,,2026-08-21 19:19:00,2026-08-21 20:20:36.000000,completed,eta-v3.2,False,D015,2026-08-21 19:04:47.356966,2026-08-21 20:10:02.156059,2026-08-21 19:22:00.842567,2,,,True,True,-6.56,0.0,0.0,delivered_on_time,2026-08-21 20:10:02.156059,False,-6.56,3.79,17.22,48.02,69.04,75.6,18.0,57.6,3.01,-9.58,4.0,2026-08-21,19,Friday,10-20 km
O01272,C0807,R057,D045,Bengaluru,2026-08-22 19:06:00,2026-08-22 20:00:44.751184,2026-08-22 19:45:11.555618,2026-08-22 20:13:09.933100,delivered,6.88,medium,rain,D045,D045,2026-08-22 19:13:10.372719,,2026-08-22 19:24:00,2026-08-22 20:10:39.341067,completed,eta-v3.2,False,D045,2026-08-22 19:13:10.372719,2026-08-22 20:13:09.933100,2026-08-22 19:45:11.555618,3,CX-03,,True,True,12.42,1.0,1.0,delivered_late,2026-08-22 20:13:09.933100,False,12.42,7.17,32.02,27.97,67.17,54.75,18.0,36.75,21.19,-8.78,9.91,2026-08-22,19,Saturday,6-10 km
O01273,C0716,R027,D018,Bengaluru,2026-08-02 19:11:00,2026-08-02 20:30:01.696676,2026-08-02 19:38:45.515064,,cancelled,17.63,high,clear,D018,D018,2026-08-02 19:11:31.688572,,2026-08-02 19:29:00,2026-08-02 20:40:01.696676,cancelled,eta-v3.2,False,D018,2026-08-02 19:11:31.688572,,,0,,,False,False,,,,cancelled,,False,,0.53,27.23,,,79.03,18.0,61.03,9.76,,10.0,2026-08-02,19,Sunday,10-20 km
O01274,C0338,R057,D043,Bengaluru,2026-08-03 11:51:00,2026-08-03 13:06:36.000000,2026-08-03 12:17:04.137258,2026-08-03 13:06:55.838503,delivered,18.0,medium,clear,D043,D043,2026-08-03 11:58:15.504258,,2026-08-03 12:09:00,2026-08-03 13:10:36.000000,completed,eta-v3.2,False,D043,2026-08-03 11:58:15.504258,2026-08-03 13:06:55.838503,2026-08-03 12:17:04.137258,2,,,True,True,0.33,1.0,0.0,delivered_late,2026-08-03 13:06:55.838503,False,0.33,7.26,18.81,49.86,75.93,75.6,18.0,57.6,8.07,-7.74,4.0,2026-08-03,11,Monday,10-20 km
O01275,C0244,R008,D099,Bengaluru,2026-08-17 20:51:00,2026-08-17 21:35:36.955019,2026-08-17 21:10:08.260612,2026-08-17 21:26:10.127780,delivered,3.25,medium,clear,D099,D099,2026-08-17 20:54:20.322611,,2026-08-17 21:09:00,2026-08-17 21:41:12.271256,completed,eta-v3.1,False,D099,2026-08-17 20:54:20.322611,2026-08-17 21:26:10.127780,2026-08-17 21:10:08.260612,3,,,True,True,-9.45,0.0,0.0,delivered_on_time,2026-08-17 21:26:10.127780,False,-9.45,3.34,15.8,16.03,35.17,44.62,18.0,26.62,1.14,-10.59,5.59,2026-08-17,20,Monday,3-6 km
O01276,C0251,R033,D107,Bengaluru,2026-08-01 17:47:00,2026-08-01 19:12:48.000000,2026-08-01 18:07:53.087540,2026-08-01 19:16:03.760595,delivered,18.0,high,heavy_rain,D107,D107,2026-08-01 17:49:36.194790,,2026-08-01 18:05:00,2026-08-01 19:37:24.492477,completed,eta-v3.1,False,D107,2026-08-01 17:49:36.194790,2026-08-01 19:16:03.760595,2026-08-01 18:07:53.087540,2,,,True,True,3.26,1.0,0.0,delivered_late,2026-08-01 19:16:03.760595,False,3.26,2.6,18.28,68.18,89.06,85.8,18.0,67.8,2.88,0.38,24.61,2026-08-01,17,Saturday,10-20 km
O01277,C0798,R048,D095,Bengaluru,2026-08-20 17:58:00,2026-08-20 19:17:48.000000,2026-08-20 18:26:54.577202,2026-08-20 19:18:56.964893,delivered,18.0,high,clear,D095,D095,2026-08-20 17:59:35.045981,,2026-08-20 18:16:00,2026-08-20 19:31:18.964455,completed,eta-v3.2,False,D095,2026-08-20 17:59:35.045981,2026-08-20 19:18:56.964893,2026-08-20 18:26:54.577202,4,,,True,True,1.15,1.0,0.0,delivered_late,2026-08-20 19:18:56.964893,False,1.15,1.58,27.33,52.04,80.95,79.8,18.0,61.8,10.91,-9.76,13.52,2026-08-20,17,Thursday,10-20 km
O01278,C0538,R019,D089,Bengaluru,2026-08-25 21:41:00,2026-08-25 22:53:48.000000,2026-08-25 22:12:04.503815,2026-08-25 23:00:21.036885,delivered,18.0,low,clear,D089,D089,2026-08-25 21:42:04.811343,,2026-08-25 21:59:00,2026-08-25 22:55:16.827062,completed,eta-v3.2,False,D089,2026-08-25 21:42:04.811343,2026-08-25 23:00:21.036885,2026-08-25 22:12:04.503815,3,RG-03,,True,True,6.55,1.0,0.0,delivered_late,2026-08-25 23:00:21.036885,False,6.55,1.08,29.99,48.28,79.35,72.8,18.0,54.8,13.08,-6.52,1.48,2026-08-25,21,Tuesday,10-20 km
O01279,C0262,R029,D068,Bengaluru,2026-08-05 22:54:00,2026-08-06 00:19:24.000000,2026-08-05 23:22:22.657445,2026-08-06 00:26:03.873763,delivered,18.0,severe,clear,D068,D068,2026-08-05 22:54:50.690146,,2026-08-05 23:12:00,2026-08-06 00:38:06.555929,completed,eta-v3.1,False,D068,2026-08-05 22:54:50.690146,2026-08-06 00:26:03.873763,2026-08-05 23:22:22.657445,5,RG-03,,True,True,6.66,1.0,0.0,delivered_late,2026-08-06 00:26:03.873763,False,6.66,0.84,27.53,63.69,92.06,85.4,18.0,67.4,10.38,-3.71,18.71,2026-08-05,22,Wednesday,10-20 km
O01280,C0394,R020,D076,Bengaluru,2026-08-22 20:34:00,2026-08-22 21:39:36.882920,2026-08-22 21:08:49.439227,2026-08-22 21:51:22.575725,delivered,11.25,high,clear,D076,D076,2026-08-22 20:36:56.814900,,2026-08-22 20:52:00,2026-08-22 21:54:09.437845,completed,eta-v3.2,False,D076,2026-08-22 20:36:56.814900,2026-08-22 21:51:22.575725,2026-08-22 21:08:49.439227,4,,,True,True,11.76,1.0,1.0,delivered_late,2026-08-22 21:51:22.575725,False,11.76,2.95,31.88,42.55,77.38,65.61,18.0,47.61,16.82,-5.06,14.54,2026-08-22,20,Saturday,10-20 km
O01281,C0552,R035,D006,Bengaluru,2026-08-21 12:15:00,2026-08-21 13:34:48.000000,2026-08-21 12:52:44.291902,2026-08-21 13:41:26.617935,delivered,18.0,high,clear,D006,D006,2026-08-21 12:17:04.067358,,2026-08-21 12:33:00,2026-08-21 13:44:48.000000,completed,eta-v3.1,False,D006,2026-08-21 12:17:04.067358,2026-08-21 13:41:26.617935,2026-08-21 12:52:44.291902,4,CX-03,,True,True,6.64,1.0,0.0,delivered_late,2026-08-21 13:41:26.617935,False,6.64,2.07,35.67,48.71,86.44,79.8,18.0,61.8,19.74,-13.09,10.0,2026-08-21,12,Friday,10-20 km
O01282,C0778,R046,D056,Bengaluru,2026-08-23 20:40:00,2026-08-23 21:41:59.937046,2026-08-23 21:15:36.051916,2026-08-23 21:49:37.504078,delivered,9.52,high,clear,D056,D056,2026-08-23 20:40:31.474573,,2026-08-23 20:58:00,2026-08-23 21:51:59.937046,completed,eta-v3.2,False,D056,2026-08-23 20:40:31.474573,2026-08-23 21:49:37.504078,2026-08-23 21:15:36.051916,5,,,True,True,7.63,1.0,0.0,delivered_late,2026-08-23 21:49:37.504078,False,7.63,0.52,35.08,34.02,69.63,62.0,18.0,44.0,17.6,-9.98,10.0,2026-08-23,20,Sunday,6-10 km
O01283,C0050,R010,D093,Bengaluru,2026-08-07 21:48:00,2026-08-07 22:43:38.768268,2026-08-07 22:12:22.619970,2026-08-07 22:41:18.116656,delivered,9.83,low,clear,D044,D093,2026-08-07 21:48:48.069445,2026-08-07 21:54:04.322823,2026-08-07 22:06:00,2026-08-07 22:44:21.769613,completed,eta-v3.2,True,D044,2026-08-07 21:48:48.069445,2026-08-07 22:41:18.116656,2026-08-07 22:12:22.619970,4,CX-01;CX-03,,True,True,-2.34,0.0,0.0,delivered_on_time,2026-08-07 22:41:18.116656,False,-2.34,0.8,23.58,28.92,53.3,55.65,18.0,37.65,6.38,-8.73,0.72,2026-08-07,21,Friday,6-10 km
O01284,C0432,R005,D047,Bengaluru,2026-08-12 20:33:00,2026-08-12 21:45:48.000000,2026-08-12 20:50:08.807043,2026-08-12 21:37:15.998296,delivered,18.0,low,clear,D047,D047,2026-08-12 20:34:10.530940,,2026-08-12 20:51:00,2026-08-12 21:46:46.892176,completed,eta-v3.2,False,D047,2026-08-12 20:34:10.530940,2026-08-12 21:37:15.998296,2026-08-12 20:50:08.807043,2,,,True,True,-8.53,0.0,0.0,delivered_on_time,2026-08-12 21:37:15.998296,False,-8.53,1.18,15.97,47.12,64.27,72.8,18.0,54.8,-0.85,-7.68,0.98,2026-08-12,20,Wednesday,10-20 km
O01285,C0886,R040,D103,Bengaluru,2026-08-16 12:37:00,2026-08-16 13:56:48.000000,2026-08-16 12:59:58.979328,2026-08-16 13:53:03.935830,delivered,18.0,high,clear,D103,D103,2026-08-16 12:39:01.555070,,2026-08-16 12:55:00,2026-08-16 14:06:48.000000,completed,eta-v3.2,False,D103,2026-08-16 12:39:01.555070,2026-08-16 13:53:03.935830,2026-08-16 12:59:58.979328,3,,,True,True,-3.73,0.0,0.0,delivered_on_time,2026-08-16 13:53:03.935830,False,-3.73,2.03,20.96,53.08,76.07,79.8,18.0,61.8,4.98,-8.72,10.0,2026-08-16,12,Sunday,10-20 km
O01286,C0295,R007,D094,Bengaluru,2026-08-04 18:22:00,2026-08-04 19:41:48.000000,2026-08-04 18:50:06.132234,2026-08-04 19:43:07.180401,delivered,18.0,high,clear,D094,D094,2026-08-04 18:22:14.867228,,2026-08-04 18:40:00,2026-08-04 19:52:03.132918,completed,eta-v3.2,False,D094,2026-08-04 18:22:14.867228,2026-08-04 19:43:07.180401,2026-08-04 18:50:06.132234,4,RG-03;CX-03,,True,True,1.32,1.0,0.0,delivered_late,2026-08-04 19:43:07.180401,False,1.32,0.25,27.85,53.02,81.12,79.8,18.0,61.8,10.1,-8.78,10.25,2026-08-04,18,Tuesday,10-20 km
O01287,C0084,R034,D112,Bengaluru,2026-08-26 13:59:00,2026-08-26 14:51:11.554132,2026-08-26 14:19:26.920952,2026-08-26 14:47:22.383208,delivered,6.85,medium,clear,D112,D112,2026-08-26 14:03:32.945365,,2026-08-26 14:17:00,2026-08-26 14:55:11.554132,completed,eta-v3.2,False,D112,2026-08-26 14:03:32.945365,2026-08-26 14:47:22.383208,2026-08-26 14:19:26.920952,5,RG-03,,True,True,-3.82,0.0,0.0,delivered_on_time,2026-08-26 14:47:22.383208,False,-3.82,4.55,15.9,27.92,48.37,52.19,18.0,34.19,2.45,-6.27,4.0,2026-08-26,13,Wednesday,6-10 km
O01288,C0282,R020,D048,Bengaluru,2026-08-27 21:37:00,2026-08-27 22:33:59.864529,2026-08-27 22:09:31.766957,,cancelled,9.14,medium,clear,D048,D048,2026-08-27 21:51:04.171785,,2026-08-27 21:55:00,2026-08-27 22:46:10.800072,cancelled,eta-v3.1,False,D048,2026-08-27 21:51:04.171785,,,0,CX-03,,False,False,,,,cancelled,,False,,14.07,18.46,,,57.0,18.0,39.0,14.53,,12.18,2026-08-27,21,Thursday,6-10 km
O01289,C0004,R011,D075,Bengaluru,2026-08-02 20:05:00,2026-08-02 21:20:36.000000,2026-08-02 20:28:34.171732,2026-08-02 21:24:59.900736,delivered,18.0,medium,clear,D075,D075,2026-08-02 20:08:47.904493,,2026-08-02 20:23:00,2026-08-02 21:24:49.737620,completed,eta-v3.1,False,D075,2026-08-02 20:08:47.904493,2026-08-02 21:24:59.900736,2026-08-02 20:28:34.171732,3,RG-03,,True,True,4.4,1.0,0.0,delivered_late,2026-08-02 21:24:59.900736,False,4.4,3.8,19.77,56.43,80.0,75.6,18.0,57.6,5.57,-1.17,4.23,2026-08-02,20,Sunday,10-20 km
O01290,C0523,R047,D079,Bengaluru,2026-08-01 22:09:00,2026-08-01 23:09:19.586746,2026-08-01 22:30:44.610173,2026-08-01 23:04:52.731889,delivered,10.73,medium,clear,D079,D079,2026-08-01 22:14:01.515000,,2026-08-01 22:27:00,2026-08-01 23:13:19.586746,completed,eta-v3.1,False,D079,2026-08-01 22:14:01.515000,2026-08-01 23:04:52.731889,2026-08-01 22:30:44.610173,5,,,True,True,-4.45,0.0,0.0,delivered_on_time,2026-08-01 23:04:52.731889,False,-4.45,5.03,16.72,34.14,55.88,60.33,18.0,42.33,3.74,-8.19,4.0,2026-08-01,22,Saturday,10-20 km
O01291,C0301,R026,D028,Bengaluru,2026-08-01 11:20:00,2026-08-01 12:35:36.000000,2026-08-01 11:56:41.036121,2026-08-01 12:48:40.823342,delivered,18.0,medium,clear,D028,D028,2026-08-01 11:22:29.376815,,2026-08-01 11:38:00,2026-08-01 12:40:08.410809,completed,eta-v3.1,False,D028,2026-08-01 11:22:29.376815,2026-08-01 12:48:40.823342,2026-08-01 11:56:41.036121,3,,,True,True,13.08,1.0,1.0,delivered_late,2026-08-01 12:48:40.823342,False,13.08,2.49,34.19,52.0,88.68,75.6,18.0,57.6,18.68,-5.6,4.54,2026-08-01,11,Saturday,10-20 km
O01292,C0498,R033,D085,Bengaluru,2026-08-26 19:18:00,2026-08-26 20:43:48.000000,2026-08-26 19:28:47.410288,2026-08-26 20:32:34.254882,delivered,18.0,high,heavy_rain,D085,D085,2026-08-26 19:20:07.747308,,2026-08-26 19:36:00,2026-08-26 21:06:32.005345,completed,eta-v3.2,False,D085,2026-08-26 19:20:07.747308,2026-08-26 20:32:34.254882,2026-08-26 19:28:47.410288,3,,,True,True,-11.23,0.0,0.0,delivered_on_time,2026-08-26 20:32:34.254882,False,-11.23,2.13,8.66,63.78,74.57,85.8,18.0,67.8,-7.21,-4.02,22.73,2026-08-26,19,Wednesday,10-20 km
O01293,C0512,R014,D064,Bengaluru,2026-08-13 18:30:00,2026-08-13 19:48:39.824553,2026-08-13 19:01:48.671221,2026-08-13 20:00:13.890988,delivered,13.6,severe,rain,D064,D064,2026-08-13 18:34:56.699471,,2026-08-13 18:48:00,2026-08-13 20:11:39.824553,completed,eta-v3.1,False,D064,2026-08-13 18:34:56.699471,2026-08-13 20:00:13.890988,2026-08-13 19:01:48.671221,2,,,True,True,11.57,1.0,1.0,delivered_late,2026-08-13 20:00:13.890988,False,11.57,4.94,26.87,58.42,90.23,78.66,18.0,60.66,13.81,-2.24,23.0,2026-08-13,18,Thursday,10-20 km
O01294,C0269,R052,D022,Bengaluru,2026-08-26 12:20:00,2026-08-26 13:39:48.000000,2026-08-26 12:53:09.159452,2026-08-26 13:46:54.337237,delivered,18.0,high,clear,D022,D022,2026-08-26 12:22:19.928931,,2026-08-26 12:38:00,2026-08-26 13:49:48.000000,completed,eta-v3.1,False,D022,2026-08-26 12:22:19.928931,2026-08-26 13:46:54.337237,2026-08-26 12:53:09.159452,3,,,True,True,7.11,1.0,0.0,delivered_late,2026-08-26 13:46:54.337237,False,7.11,2.33,30.82,53.75,86.91,79.8,18.0,61.8,15.15,-8.05,10.0,2026-08-26,12,Wednesday,10-20 km
O01295,C0630,R031,D065,Bengaluru,2026-08-15 16:49:00,2026-08-15 17:51:12.417772,2026-08-15 17:18:09.517609,2026-08-15 17:52:50.034211,delivered,11.62,medium,clear,D065,D065,2026-08-15 16:49:54.610560,,2026-08-15 17:07:00,2026-08-15 17:55:12.417772,completed,eta-v3.2,False,D065,2026-08-15 16:49:54.610560,2026-08-15 17:52:50.034211,2026-08-15 17:18:09.517609,5,,,True,True,1.63,1.0,0.0,delivered_late,2026-08-15 17:52:50.034211,False,1.63,0.91,28.25,34.68,63.83,62.21,18.0,44.21,11.16,-9.53,4.0,2026-08-15,16,Saturday,10-20 km
O01296,C0265,R039,D095,Bengaluru,2026-08-12 20:24:00,2026-08-12 21:29:55.716283,2026-08-12 21:08:08.989725,2026-08-12 21:50:42.629342,delivered,11.39,high,clear,D095,D095,2026-08-12 20:31:04.838709,,2026-08-12 20:42:00,2026-08-12 21:39:55.716283,completed,eta-v3.2,False,D095,2026-08-12 20:31:04.838709,2026-08-12 21:50:42.629342,2026-08-12 21:08:08.989725,2,RG-03,,True,True,20.78,1.0,1.0,delivered_late,2026-08-12 21:50:42.629342,False,20.78,7.08,37.07,42.56,86.71,65.93,18.0,47.93,26.15,-5.37,10.0,2026-08-12,20,Wednesday,10-20 km
O01297,C0348,R024,D087,Bengaluru,2026-08-11 14:55:00,2026-08-11 16:00:02.479844,2026-08-11 15:29:45.031605,2026-08-11 16:07:31.039208,delivered,11.78,medium,rain,D087,D087,2026-08-11 14:57:51.341797,,2026-08-11 15:13:00,2026-08-11 16:09:02.479844,completed,eta-v3.2,False,D087,2026-08-11 14:57:51.341797,2026-08-11 16:07:31.039208,2026-08-11 15:29:45.031605,2,,,True,True,7.48,1.0,0.0,delivered_late,2026-08-11 16:07:31.039208,False,7.48,2.86,31.89,37.77,72.52,65.04,18.0,47.04,16.75,-9.27,9.0,2026-08-11,14,Tuesday,10-20 km
O01298,C0121,R019,D054,Bengaluru,2026-08-25 14:34:00,2026-08-25 15:46:48.000000,2026-08-25 15:06:28.638612,2026-08-25 15:53:46.933755,delivered,18.0,low,clear,D054,D054,2026-08-25 14:38:51.562422,,2026-08-25 14:52:00,2026-08-25 15:54:45.812341,completed,eta-v3.2,False,D054,2026-08-25 14:38:51.562422,2026-08-25 15:53:46.933755,2026-08-25 15:06:28.638612,5,RG-03,,True,True,6.98,1.0,0.0,delivered_late,2026-08-25 15:53:46.933755,False,6.98,4.86,27.62,47.3,79.78,72.8,18.0,54.8,14.48,-7.5,7.96,2026-08-25,14,Tuesday,10-20 km
O01299,C0800,R037,D080,Bengaluru,2026-08-28 17:26:00,2026-08-28 18:39:37.922904,2026-08-28 17:48:09.603449,2026-08-28 18:34:19.577197,delivered,17.06,medium,clear,D080,D080,2026-08-28 17:30:16.388360,,2026-08-28 17:44:00,2026-08-28 18:44:43.667755,completed,eta-v3.1,False,D080,2026-08-28 17:30:16.388360,2026-08-28 18:34:19.577197,2026-08-28 17:48:09.603449,4,,,True,True,-5.31,0.0,0.0,delivered_on_time,2026-08-28 18:34:19.577197,False,-5.31,4.27,17.89,46.17,68.33,73.63,18.0,55.63,4.16,-9.46,5.1,2026-08-28,17,Friday,10-20 km
O01300,C0045,R044,D072,Bengaluru,2026-08-20 18:03:00,2026-08-20 18:47:16.656232,2026-08-20 18:40:50.679457,2026-08-20 19:03:28.951670,delivered,4.42,low,clear,D072,D072,2026-08-20 18:04:31.614107,,2026-08-20 18:21:00,2026-08-20 18:51:17.179327,completed,eta-v3.1,False,D072,2026-08-20 18:04:31.614107,2026-08-20 19:03:28.951670,2026-08-20 18:40:50.679457,5,,,True,True,16.2,1.0,1.0,delivered_late,2026-08-20 19:03:28.951670,False,16.2,1.53,36.32,22.64,60.48,44.28,18.0,26.28,19.84,-3.64,4.01,2026-08-20,18,Thursday,3-6 km
O01301,C0342,R003,D047,Bengaluru,2026-08-11 21:14:00,2026-08-11 22:33:48.000000,2026-08-11 21:45:28.673616,2026-08-11 22:40:29.304587,delivered,18.0,high,clear,D047,D047,2026-08-11 21:15:59.411437,,2026-08-11 21:32:00,2026-08-11 22:43:48.000000,completed,eta-v3.2,False,D047,2026-08-11 21:15:59.411437,2026-08-11 22:40:29.304587,2026-08-11 21:45:28.673616,2,,,True,True,6.69,1.0,0.0,delivered_late,2026-08-11 22:40:29.304587,False,6.69,1.99,29.49,55.01,86.49,79.8,18.0,61.8,13.48,-6.79,10.0,2026-08-11,21,Tuesday,10-20 km
O01302,C0116,R010,D088,Bengaluru,2026-08-26 21:07:00,2026-08-26 22:15:50.273095,2026-08-26 21:35:26.474087,2026-08-26 22:20:27.428561,delivered,14.78,medium,clear,D088,D088,2026-08-26 21:07:47.508877,,2026-08-26 21:25:00,2026-08-26 22:19:50.566866,completed,eta-v3.2,False,D088,2026-08-26 21:07:47.508877,2026-08-26 22:20:27.428561,2026-08-26 21:35:26.474087,2,,,True,True,4.62,1.0,0.0,delivered_late,2026-08-26 22:20:27.428561,False,4.62,0.79,27.65,45.02,73.46,68.84,18.0,50.84,10.44,-5.82,4.0,2026-08-26,21,Wednesday,10-20 km
O01303,C0487,R050,D034,Bengaluru,2026-08-21 18:21:00,2026-08-21 19:03:10.309794,2026-08-21 18:47:09.144740,2026-08-21 19:03:45.787091,delivered,3.42,low,clear,D034,D034,2026-08-21 18:25:29.155836,,2026-08-21 18:39:00,2026-08-21 19:05:00.616488,completed,eta-v3.2,False,D034,2026-08-21 18:25:29.155836,2026-08-21 19:03:45.787091,2026-08-21 18:47:09.144740,3,,,True,True,0.59,1.0,0.0,delivered_late,2026-08-21 19:03:45.787091,False,0.59,4.49,21.67,16.61,42.76,42.17,18.0,24.17,8.15,-7.56,1.84,2026-08-21,18,Friday,3-6 km
O01304,C0831,R014,D035,Bengaluru,2026-08-17 20:25:00,2026-08-17 21:40:18.000000,2026-08-17 20:50:09.227335,2026-08-17 21:39:23.386829,delivered,18.0,low,rain,D035,D035,2026-08-17 20:25:29.413646,,2026-08-17 20:43:00,2026-08-17 21:45:18.000000,completed,eta-v3.1,False,D035,2026-08-17 20:25:29.413646,2026-08-17 21:39:23.386829,2026-08-17 20:50:09.227335,2,,,True,True,-0.91,0.0,0.0,delivered_on_time,2026-08-17 21:39:23.386829,False,-0.91,0.49,24.66,49.24,74.39,75.3,18.0,57.3,7.15,-8.06,5.0,2026-08-17,20,Monday,10-20 km
O01305,C0729,R029,D027,Bengaluru,2026-08-21 21:27:00,2026-08-21 22:32:59.181361,2026-08-21 21:36:20.357240,2026-08-21 22:15:09.580252,delivered,11.42,high,clear,D027,D027,2026-08-21 21:32:02.910083,,2026-08-21 21:45:00,2026-08-21 22:42:59.181361,completed,eta-v3.1,False,D027,2026-08-21 21:32:02.910083,2026-08-21 22:15:09.580252,2026-08-21 21:36:20.357240,2,CX-03,,True,True,-17.83,0.0,0.0,delivered_on_time,2026-08-21 22:15:09.580252,False,-17.83,5.05,4.29,38.82,48.16,65.99,18.0,47.99,-8.66,-9.17,10.0,2026-08-21,21,Friday,10-20 km
O01306,C0629,R049,D077,Bengaluru,2026-08-22 21:00:00,2026-08-22 22:18:06.000000,2026-08-22 21:26:31.794648,2026-08-22 22:19:48.732119,delivered,18.0,medium,rain,D077,D077,2026-08-22 21:01:37.829197,,2026-08-22 21:18:00,2026-08-22 22:27:52.086107,completed,eta-v3.1,False,D077,2026-08-22 21:01:37.829197,2026-08-22 22:19:48.732119,2026-08-22 21:26:31.794648,3,,,True,True,1.71,1.0,0.0,delivered_late,2026-08-22 22:19:48.732119,False,1.71,1.63,24.9,53.28,79.81,78.1,18.0,60.1,8.53,-6.82,9.77,2026-08-22,21,Saturday,10-20 km
O01307,C0086,R047,D097,Bengaluru,2026-08-07 20:14:00,2026-08-07 21:08:04.504406,2026-08-07 21:01:16.491135,2026-08-07 21:31:40.783435,delivered,7.75,medium,clear,D097,D097,2026-08-07 20:14:26.363277,,2026-08-07 20:32:00,2026-08-07 21:12:54.361654,completed,eta-v3.2,False,D097,2026-08-07 20:14:26.363277,2026-08-07 21:31:40.783435,2026-08-07 21:01:16.491135,3,,,True,True,23.6,1.0,1.0,delivered_late,2026-08-07 21:31:40.783435,False,23.6,0.44,46.84,30.4,77.68,54.08,18.0,36.08,29.27,-5.68,4.83,2026-08-07,20,Friday,6-10 km
O01308,C0581,R008,D036,Bengaluru,2026-08-22 14:56:00,2026-08-22 16:08:48.000000,2026-08-22 15:19:38.568123,2026-08-22 16:06:00.162001,delivered,18.0,low,clear,D038,D036,2026-08-22 15:00:13.048846,2026-08-22 15:04:43.741710,2026-08-22 15:14:00,2026-08-22 16:08:48.000000,completed,eta-v3.2,True,D038,2026-08-22 15:00:13.048846,2026-08-22 16:06:00.162001,2026-08-22 15:19:38.568123,5,CX-01;CX-03,,True,True,-2.8,0.0,0.0,delivered_on_time,2026-08-22 16:06:00.162001,False,-2.8,4.22,19.43,46.36,70.0,72.8,18.0,54.8,5.64,-8.44,0.0,2026-08-22,14,Saturday,10-20 km
O01309,C0374,R026,D006,Bengaluru,2026-08-12 15:38:00,2026-08-12 16:59:36.000000,2026-08-12 15:55:15.341421,2026-08-12 16:57:01.692794,delivered,18.0,medium,heavy_rain,D006,D006,2026-08-12 15:48:49.544658,,2026-08-12 15:56:00,2026-08-12 17:16:13.466734,completed,eta-v3.1,False,D006,2026-08-12 15:48:49.544658,2026-08-12 16:57:01.692794,2026-08-12 15:55:15.341421,3,,,True,True,-2.57,0.0,0.0,delivered_on_time,2026-08-12 16:57:01.692794,False,-2.57,10.83,6.43,61.77,79.03,81.6,18.0,63.6,-0.74,-1.83,16.62,2026-08-12,15,Wednesday,10-20 km
O01310,C0122,R041,D084,Bengaluru,2026-08-03 18:34:00,2026-08-03 19:35:20.707200,2026-08-03 19:12:43.171367,2026-08-03 19:47:04.962371,delivered,12.55,low,clear,D084,D084,2026-08-03 18:43:03.250225,,2026-08-03 18:52:00,2026-08-03 19:35:28.509808,completed,eta-v3.1,False,D084,2026-08-03 18:43:03.250225,2026-08-03 19:47:04.962371,2026-08-03 19:12:43.171367,2,,,True,True,11.74,1.0,1.0,delivered_late,2026-08-03 19:47:04.962371,False,11.74,9.05,29.67,34.36,73.08,61.35,18.0,43.35,20.72,-8.99,0.13,2026-08-03,18,Monday,10-20 km
O01311,C0203,R005,D016,Bengaluru,2026-08-09 21:37:00,2026-08-09 22:56:25.987270,2026-08-09 21:52:34.470231,,delivered,15.16,severe,clear,D016,D016,2026-08-09 21:38:34.836410,,2026-08-09 21:55:00,2026-08-09 23:14:30.426485,completed,eta-v3.1,False,D016,2026-08-09 21:38:34.836410,2026-08-09 22:49:28.355841,2026-08-09 21:52:34.470231,2,TS-04;FR-01,TS-04,True,False,,,,unknown_missing_timestamp,2026-08-09 22:49:28.355841,True,-6.96,1.58,13.99,,,79.43,18.0,61.43,-2.43,,18.07,2026-08-09,21,Sunday,10-20 km
O01312,C0206,R027,D056,Bengaluru,2026-08-14 19:02:00,2026-08-14 20:17:36.000000,2026-08-14 20:03:23.614086,2026-08-14 20:54:36.321890,delivered,18.0,medium,clear,D056,D056,2026-08-14 19:09:43.396152,,2026-08-14 19:20:00,2026-08-14 20:28:19.378901,completed,eta-v3.2,False,D056,2026-08-14 19:09:43.396152,2026-08-14 20:54:36.321890,2026-08-14 20:03:23.614086,3,,,True,True,37.01,1.0,1.0,delivered_late,2026-08-14 20:54:36.321890,False,37.01,7.72,53.67,51.21,112.61,75.6,18.0,57.6,43.39,-6.39,10.72,2026-08-14,19,Friday,10-20 km
O01313,C0838,R047,D087,Bengaluru,2026-08-28 20:53:00,2026-08-28 22:08:36.000000,2026-08-28 21:31:27.974061,2026-08-28 22:24:45.314236,delivered,18.0,medium,clear,D087,D087,2026-08-28 21:00:06.241953,,2026-08-28 21:11:00,2026-08-28 22:12:36.000000,completed,eta-v3.2,False,D087,2026-08-28 21:00:06.241953,2026-08-28 22:24:45.314236,2026-08-28 21:31:27.974061,3,,,True,True,16.16,1.0,1.0,delivered_late,2026-08-28 22:24:45.314236,False,16.16,7.1,31.36,53.29,91.76,75.6,18.0,57.6,20.47,-4.31,4.0,2026-08-28,20,Friday,10-20 km
O01314,C0162,R015,D003,Bengaluru,2026-08-03 17:00:00,2026-08-03 18:15:36.000000,2026-08-03 17:40:03.263644,2026-08-03 18:33:06.595657,delivered,18.0,medium,clear,D003,D003,2026-08-03 17:07:41.802147,,2026-08-03 17:18:00,2026-08-03 18:26:09.546508,completed,eta-v3.2,False,D003,2026-08-03 17:07:41.802147,2026-08-03 18:33:06.595657,2026-08-03 17:40:03.263644,2,,,True,True,17.51,1.0,1.0,delivered_late,2026-08-03 18:33:06.595657,False,17.51,7.7,32.36,53.06,93.11,75.6,18.0,57.6,22.05,-4.54,10.56,2026-08-03,17,Monday,10-20 km
O01315,C0803,R001,D047,Bengaluru,2026-08-08 19:29:00,2026-08-08 20:41:48.000000,2026-08-08 20:06:53.437984,2026-08-08 20:54:16.384534,delivered,18.0,low,clear,D047,D047,2026-08-08 19:30:09.158071,,2026-08-08 19:47:00,2026-08-08 20:44:37.579896,completed,eta-v3.2,False,D047,2026-08-08 19:30:09.158071,2026-08-08 20:54:16.384534,2026-08-08 20:06:53.437984,5,,,True,True,12.47,1.0,1.0,delivered_late,2026-08-08 20:54:16.384534,False,12.47,1.15,36.74,47.38,85.27,72.8,18.0,54.8,19.89,-7.42,2.83,2026-08-08,19,Saturday,10-20 km
O01316,C0808,R027,D093,Bengaluru,2026-08-16 21:05:00,2026-08-16 22:17:48.000000,2026-08-16 21:29:43.007857,2026-08-16 22:14:38.652126,delivered,18.0,low,clear,D093,D093,2026-08-16 21:08:15.653342,,2026-08-16 21:23:00,2026-08-16 22:17:48.000000,completed,eta-v3.2,False,D093,2026-08-16 21:08:15.653342,2026-08-16 22:14:38.652126,2026-08-16 21:29:43.007857,2,,,True,True,-3.16,0.0,0.0,delivered_on_time,2026-08-16 22:14:38.652126,False,-3.16,3.26,21.46,44.93,69.64,72.8,18.0,54.8,6.72,-9.87,0.0,2026-08-16,21,Sunday,10-20 km
O01317,C0365,R055,D065,Bengaluru,2026-08-05 22:29:00,2026-08-05 23:34:09.275474,2026-08-05 22:56:38.925176,2026-08-05 23:33:02.550957,delivered,13.03,medium,clear,D065,D065,2026-08-05 22:29:18.840716,,2026-08-05 22:47:00,2026-08-05 23:38:24.812063,completed,eta-v3.1,False,D065,2026-08-05 22:29:18.840716,2026-08-05 23:33:02.550957,2026-08-05 22:56:38.925176,5,,,True,True,-1.11,0.0,0.0,delivered_on_time,2026-08-05 23:33:02.550957,False,-1.11,0.31,27.33,36.39,64.04,65.15,18.0,47.15,9.65,-10.76,4.26,2026-08-05,22,Wednesday,10-20 km
O01318,C0340,R021,D034,Bengaluru,2026-08-11 13:48:00,2026-08-11 15:07:48.000000,2026-08-11 14:08:18.290147,2026-08-11 15:03:33.750331,delivered,18.0,high,clear,D034,D034,2026-08-11 13:51:24.393584,,2026-08-11 14:06:00,2026-08-11 15:17:48.000000,completed,eta-v3.2,False,D034,2026-08-11 13:51:24.393584,2026-08-11 15:03:33.750331,2026-08-11 14:08:18.290147,4,,,True,True,-4.24,0.0,0.0,delivered_on_time,2026-08-11 15:03:33.750331,False,-4.24,3.41,16.9,55.26,75.56,79.8,18.0,61.8,2.3,-6.54,10.0,2026-08-11,13,Tuesday,10-20 km
O01319,C0239,R007,D098,Bengaluru,2026-08-09 21:57:00,2026-08-09 23:12:36.000000,2026-08-09 22:17:42.550010,2026-08-09 23:09:10.787460,delivered,18.0,medium,clear,D098,D098,2026-08-09 21:59:05.440953,,2026-08-09 22:15:00,2026-08-09 23:16:36.000000,completed,eta-v3.2,False,D098,2026-08-09 21:59:05.440953,2026-08-09 23:09:10.787460,2026-08-09 22:17:42.550010,5,RG-03,,True,True,-3.42,0.0,0.0,delivered_on_time,2026-08-09 23:09:10.787460,False,-3.42,2.09,18.62,51.47,72.18,75.6,18.0,57.6,2.71,-6.13,4.0,2026-08-09,21,Sunday,10-20 km
O01320,C0330,R013,D083,Bengaluru,2026-08-13 20:38:00,2026-08-13 21:40:08.816346,2026-08-13 21:00:44.003370,2026-08-13 21:46:45.033152,delivered,6.74,high,heavy_rain,D083,D083,2026-08-13 20:38:17.688077,,2026-08-13 20:56:00,2026-08-13 22:04:28.479659,completed,eta-v3.2,False,D083,2026-08-13 20:38:17.688077,2026-08-13 21:46:45.033152,2026-08-13 21:00:44.003370,3,,,True,True,6.6,1.0,0.0,delivered_late,2026-08-13 21:46:45.033152,False,6.6,0.29,22.44,46.02,68.75,62.15,18.0,44.15,4.73,1.87,24.33,2026-08-13,20,Thursday,6-10 km
O01321,C0179,R026,D050,Bengaluru,2026-08-20 18:11:00,2026-08-20 19:23:48.000000,2026-08-20 18:59:17.486873,2026-08-20 19:45:29.940935,delivered,18.0,low,clear,D050,D050,2026-08-20 18:11:11.987344,,2026-08-20 18:29:00,2026-08-20 19:25:09.304856,completed,eta-v3.2,False,D050,2026-08-20 18:11:11.987344,2026-08-20 19:45:29.940935,2026-08-20 18:59:17.486873,4,,,True,True,21.7,1.0,1.0,delivered_late,2026-08-20 19:45:29.940935,False,21.7,0.2,48.09,46.21,94.5,72.8,18.0,54.8,30.29,-8.59,1.36,2026-08-20,18,Thursday,10-20 km
O01322,C0460,R040,D028,Bengaluru,2026-08-22 20:37:00,2026-08-22 22:02:24.000000,2026-08-22 21:04:21.008692,2026-08-22 22:03:24.781472,delivered,18.0,severe,clear,D028,D028,2026-08-22 20:37:34.843477,,2026-08-22 20:55:00,2026-08-22 22:20:24.000000,completed,eta-v3.2,False,D028,2026-08-22 20:37:34.843477,2026-08-22 22:03:24.781472,2026-08-22 21:04:21.008692,5,CX-03,,True,True,1.01,1.0,0.0,delivered_late,2026-08-22 22:03:24.781472,False,1.01,0.58,26.77,59.06,86.41,85.4,18.0,67.4,9.35,-8.34,18.0,2026-08-22,20,Saturday,10-20 km
O01323,C0084,R060,D009,Bengaluru,2026-08-10 12:16:00,2026-08-10 13:31:36.000000,2026-08-10 13:02:50.777043,2026-08-10 13:53:54.206175,delivered,18.0,medium,clear,D009,D009,2026-08-10 12:21:27.604176,,2026-08-10 12:34:00,2026-08-10 13:37:23.791819,completed,eta-v3.1,False,D009,2026-08-10 12:21:27.604176,2026-08-10 13:53:54.206175,2026-08-10 13:02:50.777043,3,,,True,True,22.3,1.0,1.0,delivered_late,2026-08-10 13:53:54.206175,False,22.3,5.46,41.39,51.06,97.9,75.6,18.0,57.6,28.85,-6.54,5.8,2026-08-10,12,Monday,10-20 km
O01324,C0290,R029,D048,Bengaluru,2026-08-05 17:01:00,2026-08-05 18:13:48.000000,2026-08-05 17:20:18.107245,2026-08-05 17:58:37.123525,delivered,18.0,low,clear,D048,D048,2026-08-05 17:02:52.418181,,2026-08-05 17:19:00,2026-08-05 18:13:48.000000,completed,eta-v3.1,False,D048,2026-08-05 17:02:52.418181,2026-08-05 17:58:37.123525,2026-08-05 17:20:18.107245,4,,,True,True,-15.18,0.0,0.0,delivered_on_time,2026-08-05 17:58:37.123525,False,-15.18,1.87,17.43,38.32,57.62,72.8,18.0,54.8,1.3,-16.48,0.0,2026-08-05,17,Wednesday,10-20 km
O01325,C0382,R059,D029,Bengaluru,2026-08-24 22:04:00,2026-08-24 23:16:48.000000,2026-08-24 22:36:50.389070,2026-08-24 23:22:08.362417,delivered,18.0,low,clear,D029,D029,2026-08-24 22:10:51.458045,,2026-08-24 22:22:00,2026-08-24 23:20:44.501465,completed,eta-v3.2,False,D029,2026-08-24 22:10:51.458045,2026-08-24 23:22:08.362417,2026-08-24 22:36:50.389070,5,,,True,True,5.34,1.0,0.0,delivered_late,2026-08-24 23:22:08.362417,False,5.34,6.86,25.98,45.3,78.14,72.8,18.0,54.8,14.84,-9.5,3.94,2026-08-24,22,Monday,10-20 km
O01326,C0051,R033,D031,Bengaluru,2026-08-23 13:58:00,2026-08-23 15:10:48.000000,2026-08-23 14:27:47.108608,2026-08-23 15:10:37.358105,delivered,18.0,low,clear,D031,D031,2026-08-23 14:01:09.768784,,2026-08-23 14:16:00,2026-08-23 15:10:48.000000,completed,eta-v3.1,False,D031,2026-08-23 14:01:09.768784,2026-08-23 15:10:37.358105,2026-08-23 14:27:47.108608,5,,,True,True,-0.18,0.0,0.0,delivered_on_time,2026-08-23 15:10:37.358105,False,-0.18,3.16,26.62,42.84,72.62,72.8,18.0,54.8,11.79,-11.96,0.0,2026-08-23,13,Sunday,10-20 km
O01327,C0702,R007,D080,Bengaluru,2026-08-18 22:25:00,2026-08-18 23:40:18.000000,2026-08-18 22:43:40.149411,2026-08-18 23:38:02.434908,delivered,18.0,low,rain,D080,D080,2026-08-18 22:28:00.718901,,2026-08-18 22:43:00,2026-08-18 23:45:18.000000,completed,eta-v3.2,False,D080,2026-08-18 22:28:00.718901,2026-08-18 23:38:02.434908,2026-08-18 22:43:40.149411,3,RG-03,,True,True,-2.26,0.0,0.0,delivered_on_time,2026-08-18 23:38:02.434908,False,-2.26,3.01,15.66,54.37,73.04,75.3,18.0,57.3,0.67,-2.93,5.0,2026-08-18,22,Tuesday,10-20 km
O01328,C0878,R044,D058,Bengaluru,2026-08-08 19:00:00,2026-08-08 20:13:49.927806,2026-08-08 19:44:43.765591,2026-08-08 20:37:09.457244,delivered,17.16,medium,clear,D058,D058,2026-08-08 19:00:44.781491,,2026-08-08 19:18:00,2026-08-08 20:26:24.208136,completed,eta-v3.2,False,D058,2026-08-08 19:00:44.781491,2026-08-08 20:37:09.457244,2026-08-08 19:44:43.765591,2,,,True,True,23.33,1.0,1.0,delivered_late,2026-08-08 20:37:09.457244,False,23.33,0.75,43.98,52.43,97.16,73.83,18.0,55.83,26.73,-3.4,12.57,2026-08-08,19,Saturday,10-20 km
O01329,C0436,R050,D080,Bengaluru,2026-08-10 18:07:00,2026-08-10 19:09:07.804340,2026-08-10 18:22:48.937035,2026-08-10 18:57:26.545040,delivered,9.59,high,clear,D080,D080,2026-08-10 18:08:27.097278,,2026-08-10 18:25:00,2026-08-10 19:19:07.804340,completed,eta-v3.1,False,D080,2026-08-10 18:08:27.097278,2026-08-10 18:57:26.545040,2026-08-10 18:22:48.937035,5,,,True,True,-11.69,0.0,0.0,delivered_on_time,2026-08-10 18:57:26.545040,False,-11.69,1.45,14.36,34.63,50.44,62.13,18.0,44.13,-2.18,-9.5,10.0,2026-08-10,18,Monday,6-10 km
O01330,C0078,R044,D054,Bengaluru,2026-08-02 14:05:00,2026-08-02 15:23:55.185793,2026-08-02 14:43:10.570033,2026-08-02 15:40:13.018977,delivered,17.58,high,clear,D054,D054,2026-08-02 14:05:17.703519,,2026-08-02 14:23:00,2026-08-02 15:36:30.422106,completed,eta-v3.1,False,D054,2026-08-02 14:05:17.703519,2026-08-02 15:40:13.018977,2026-08-02 14:43:10.570033,5,,,True,True,16.3,1.0,1.0,delivered_late,2026-08-02 15:40:13.018977,False,16.3,0.3,37.88,57.04,95.22,78.92,18.0,60.92,20.18,-3.88,12.59,2026-08-02,14,Sunday,10-20 km
O01331,C0744,R033,D088,Bengaluru,2026-08-28 23:17:00,2026-08-29 00:36:48.000000,2026-08-28 23:54:32.108716,2026-08-29 00:50:53.383274,delivered,18.0,high,clear,D088,D088,2026-08-28 23:18:19.467812,,2026-08-28 23:35:00,2026-08-29 00:46:48.000000,completed,eta-v3.2,False,D088,2026-08-28 23:18:19.467812,2026-08-29 00:50:53.383274,2026-08-28 23:54:32.108716,3,CX-03,,True,True,14.09,1.0,1.0,delivered_late,2026-08-29 00:50:53.383274,False,14.09,1.32,36.21,56.35,93.89,79.8,18.0,61.8,19.54,-5.45,10.0,2026-08-28,23,Friday,10-20 km
O01332,C0585,R002,D114,Bengaluru,2026-08-01 19:30:00,2026-08-01 20:45:36.000000,2026-08-01 20:08:01.818841,,cancelled,18.0,medium,clear,D114,D114,2026-08-01 19:30:38.088858,,2026-08-01 19:48:00,2026-08-01 20:49:59.702982,cancelled,eta-v3.2,False,D114,2026-08-01 19:30:38.088858,,,0,,,False,False,,,,cancelled,,False,,0.63,37.4,,,75.6,18.0,57.6,20.03,,4.4,2026-08-01,19,Saturday,10-20 km
O01333,C0479,R029,D010,Bengaluru,2026-08-03 18:15:00,2026-08-03 19:34:41.449335,2026-08-03 18:37:46.074291,2026-08-03 19:37:32.588699,delivered,15.28,severe,clear,D010,D010,2026-08-03 18:16:44.049361,,2026-08-03 18:33:00,2026-08-03 19:54:36.275380,completed,eta-v3.1,False,D010,2026-08-03 18:16:44.049361,2026-08-03 19:37:32.588699,2026-08-03 18:37:46.074291,2,,,True,True,2.85,1.0,0.0,delivered_late,2026-08-03 19:37:32.588699,False,2.85,1.73,21.03,59.78,82.54,79.69,18.0,61.69,4.77,-1.91,19.91,2026-08-03,18,Monday,10-20 km
O01334,C0692,R041,D080,Bengaluru,2026-08-01 17:34:00,2026-08-01 18:53:48.000000,2026-08-01 18:05:27.720632,2026-08-01 19:01:00.646634,delivered,18.0,high,clear,D080,D080,2026-08-01 17:38:40.202351,,2026-08-01 17:52:00,2026-08-01 19:07:29.370872,completed,eta-v3.2,False,D080,2026-08-01 17:38:40.202351,2026-08-01 19:01:00.646634,2026-08-01 18:05:27.720632,3,,,True,True,7.21,1.0,0.0,delivered_late,2026-08-01 19:01:00.646634,False,7.21,4.67,26.79,55.55,87.01,79.8,18.0,61.8,13.46,-6.25,13.69,2026-08-01,17,Saturday,10-20 km
O01335,C0736,R028,D105,Bengaluru,2026-08-21 18:30:00,2026-08-21 19:09:05.324002,2026-08-21 18:53:50.361236,2026-08-21 19:10:55.202769,delivered,1.95,low,clear,D105,D105,2026-08-21 18:37:22.988394,,2026-08-21 18:48:00,2026-08-21 19:09:05.324002,completed,eta-v3.2,False,D105,2026-08-21 18:37:22.988394,2026-08-21 19:10:55.202769,2026-08-21 18:53:50.361236,4,,,True,True,1.83,1.0,0.0,delivered_late,2026-08-21 19:10:55.202769,False,1.83,7.38,16.46,17.08,40.92,39.09,18.0,21.09,5.84,-4.01,0.0,2026-08-21,18,Friday,0-3 km
O01336,C0238,R035,D012,Bengaluru,2026-08-23 18:11:00,2026-08-23 19:23:48.000000,2026-08-23 18:43:27.475601,2026-08-23 19:33:04.742564,delivered,18.0,low,clear,D012,D012,2026-08-23 18:14:20.252773,,2026-08-23 18:29:00,2026-08-23 19:23:48.000000,completed,eta-v3.1,False,D012,2026-08-23 18:14:20.252773,2026-08-23 19:33:04.742564,2026-08-23 18:43:27.475601,4,CX-03,,True,True,9.28,1.0,0.0,delivered_late,2026-08-23 19:33:04.742564,False,9.28,3.34,29.12,49.62,82.08,72.8,18.0,54.8,14.46,-5.18,0.0,2026-08-23,18,Sunday,10-20 km
O01337,C0274,R040,D112,Bengaluru,2026-08-21 23:47:00,2026-08-22 00:59:48.000000,2026-08-22 00:09:32.393211,2026-08-22 00:58:02.769647,delivered,18.0,low,clear,D112,D112,2026-08-21 23:56:08.792381,,2026-08-22 00:05:00,2026-08-22 00:59:48.000000,completed,eta-v3.2,False,D112,2026-08-21 23:56:08.792381,2026-08-22 00:58:02.769647,2026-08-22 00:09:32.393211,5,,,True,True,-1.75,0.0,0.0,delivered_on_time,2026-08-22 00:58:02.769647,False,-1.75,9.15,13.39,48.51,71.05,72.8,18.0,54.8,4.54,-6.29,0.0,2026-08-21,23,Friday,10-20 km
O01338,C0327,R034,D013,Bengaluru,2026-08-05 14:59:00,2026-08-05 16:17:48.000000,2026-08-05 15:31:08.662784,2026-08-05 16:36:21.975364,delivered,18.0,low,heavy_rain,D100,D013,2026-08-05 14:59:31.160354,2026-08-05 15:07:24.141628,2026-08-05 15:17:00,2026-08-05 16:29:48.000000,completed,eta-v3.2,True,D100,2026-08-05 14:59:31.160354,2026-08-05 16:36:21.975364,2026-08-05 15:31:08.662784,5,CX-01;CX-03,,True,True,18.57,1.0,1.0,delivered_late,2026-08-05 16:36:21.975364,False,18.57,0.52,31.63,65.22,97.37,78.8,18.0,60.8,14.14,4.42,12.0,2026-08-05,14,Wednesday,10-20 km
O01339,C0604,R047,D010,Bengaluru,2026-08-20 19:05:00,2026-08-20 19:54:33.242002,2026-08-20 19:29:01.141679,2026-08-20 19:53:45.274380,delivered,5.6,medium,clear,D010,D010,2026-08-20 19:08:56.708773,,2026-08-20 19:23:00,2026-08-20 19:58:52.194615,completed,eta-v3.1,False,D010,2026-08-20 19:08:56.708773,2026-08-20 19:53:45.274380,2026-08-20 19:29:01.141679,5,,,True,True,-0.8,0.0,0.0,delivered_on_time,2026-08-20 19:53:45.274380,False,-0.8,3.95,20.07,24.74,48.75,49.55,18.0,31.55,6.02,-6.81,4.32,2026-08-20,19,Thursday,3-6 km
O01340,C0080,R042,D049,Bengaluru,2026-08-06 20:15:00,2026-08-06 21:19:18.744065,2026-08-06 20:41:00.609627,2026-08-06 21:18:34.965229,delivered,13.96,low,clear,D049,D049,2026-08-06 20:16:01.443205,,2026-08-06 20:33:00,2026-08-06 21:20:07.755461,completed,eta-v3.1,False,D049,2026-08-06 20:16:01.443205,2026-08-06 21:18:34.965229,2026-08-06 20:41:00.609627,4,,,True,True,-0.73,0.0,0.0,delivered_on_time,2026-08-06 21:18:34.965229,False,-0.73,1.02,24.99,37.57,63.58,64.31,18.0,46.31,8.01,-8.74,0.82,2026-08-06,20,Thursday,10-20 km
O01341,C0478,R016,D017,Bengaluru,2026-08-09 17:17:00,2026-08-09 18:21:05.653264,2026-08-09 17:53:07.945456,2026-08-09 18:31:04.078144,delivered,12.52,medium,clear,D017,D017,2026-08-09 17:21:14.791394,,2026-08-09 17:35:00,2026-08-09 18:25:05.653264,completed,eta-v3.1,False,D017,2026-08-09 17:21:14.791394,2026-08-09 18:31:04.078144,2026-08-09 17:53:07.945456,2,,,True,True,9.97,1.0,0.0,delivered_late,2026-08-09 18:31:04.078144,False,9.97,4.25,31.89,37.94,74.07,64.09,18.0,46.09,18.13,-8.15,4.0,2026-08-09,17,Sunday,10-20 km
O01342,C0381,R027,D026,Bengaluru,2026-08-27 19:21:00,2026-08-27 20:30:19.605587,2026-08-27 19:40:45.473448,2026-08-27 20:26:44.018835,delivered,13.01,high,clear,D026,D026,2026-08-27 19:23:12.994263,,2026-08-27 19:39:00,2026-08-27 20:42:52.439977,completed,eta-v3.2,False,D026,2026-08-27 19:23:12.994263,2026-08-27 20:26:44.018835,2026-08-27 19:40:45.473448,4,,,True,True,-3.59,0.0,0.0,delivered_on_time,2026-08-27 20:26:44.018835,False,-3.59,2.22,17.54,45.98,65.73,69.33,18.0,51.33,1.76,-5.35,12.55,2026-08-27,19,Thursday,10-20 km
O01343,C0859,R038,D028,Bengaluru,2026-08-01 13:24:00,2026-08-01 14:36:48.000000,2026-08-01 13:56:28.835701,,delivered,18.0,low,clear,D028,D028,2026-08-01 13:33:01.583812,,2026-08-01 13:42:00,2026-08-01 14:42:43.197733,completed,eta-v3.2,False,D028,2026-08-01 13:33:01.583812,2026-08-01 14:44:11.709361,2026-08-01 13:56:28.835701,2,TS-04,TS-04,True,False,,,,unknown_missing_timestamp,2026-08-01 14:44:11.709361,True,7.4,9.03,23.45,,,72.8,18.0,54.8,14.48,,5.92,2026-08-01,13,Saturday,10-20 km
O01344,C0134,R030,D008,Bengaluru,2026-08-13 14:53:00,2026-08-13 16:05:48.000000,2026-08-13 15:20:52.395521,2026-08-13 16:07:19.630323,delivered,18.0,low,clear,D008,D008,2026-08-13 14:57:21.694417,,2026-08-13 15:11:00,2026-08-13 16:08:03.824704,completed,eta-v3.1,False,D008,2026-08-13 14:57:21.694417,2026-08-13 16:07:19.630323,2026-08-13 15:20:52.395521,2,,,True,True,1.53,1.0,0.0,delivered_late,2026-08-13 16:07:19.630323,False,1.53,4.36,23.51,46.45,74.33,72.8,18.0,54.8,9.87,-8.35,2.26,2026-08-13,14,Thursday,10-20 km
O01345,C0161,R016,D002,Bengaluru,2026-08-02 19:10:00,2026-08-02 20:02:08.206293,2026-08-02 19:30:10.348773,2026-08-02 19:53:57.070839,delivered,8.16,low,clear,D002,D002,2026-08-02 19:11:49.498186,,2026-08-02 19:28:00,2026-08-02 20:02:43.866519,completed,eta-v3.1,False,D002,2026-08-02 19:11:49.498186,2026-08-02 19:53:57.070839,2026-08-02 19:30:10.348773,5,CX-03,,True,True,-8.19,0.0,0.0,delivered_on_time,2026-08-02 19:53:57.070839,False,-8.19,1.82,18.35,23.78,43.95,52.14,18.0,34.14,2.17,-10.36,0.59,2026-08-02,19,Sunday,6-10 km
O01346,C0574,R017,D076,Bengaluru,2026-08-19 19:11:00,2026-08-19 20:36:24.000000,2026-08-19 19:39:13.567087,,cancelled,18.0,severe,clear,D076,D076,2026-08-19 19:20:41.054096,,2026-08-19 19:29:00,2026-08-19 20:55:14.239083,cancelled,eta-v3.2,False,D076,2026-08-19 19:20:41.054096,,,0,,,False,False,,,,cancelled,,False,,9.68,18.54,,,85.4,18.0,67.4,10.23,,18.84,2026-08-19,19,Wednesday,10-20 km
O01347,C0771,R040,D027,Bengaluru,2026-08-12 22:31:00,2026-08-12 23:56:24.000000,2026-08-12 22:47:36.900272,2026-08-12 23:51:59.461035,delivered,18.0,severe,clear,D038,D027,2026-08-12 22:37:54.766190,2026-08-12 22:45:08.576168,2026-08-12 22:49:00,2026-08-13 00:14:35.329533,completed,eta-v3.2,True,D038,2026-08-12 22:37:54.766190,2026-08-12 23:51:59.461035,2026-08-12 22:47:36.900272,4,CX-01,,True,True,-4.41,0.0,0.0,delivered_on_time,2026-08-12 23:51:59.461035,False,-4.41,6.91,9.7,64.38,80.99,85.4,18.0,67.4,-1.38,-3.02,18.19,2026-08-12,22,Wednesday,10-20 km
O01348,C0045,R050,D045,Bengaluru,2026-08-04 20:38:00,2026-08-04 21:46:55.901309,2026-08-04 20:49:16.066770,2026-08-04 21:33:07.156429,delivered,14.82,medium,clear,D045,D045,2026-08-04 20:46:29.428099,,2026-08-04 20:56:00,2026-08-04 21:50:55.901309,completed,eta-v3.2,False,D045,2026-08-04 20:46:29.428099,2026-08-04 21:33:07.156429,2026-08-04 20:49:16.066770,3,,,True,True,-13.81,0.0,0.0,delivered_on_time,2026-08-04 21:33:07.156429,False,-13.81,8.49,2.78,43.85,55.12,68.93,18.0,50.93,-6.73,-7.08,4.0,2026-08-04,20,Tuesday,10-20 km
O01349,C0771,R050,D058,Bengaluru,2026-08-16 19:03:00,2026-08-16 20:18:36.000000,2026-08-16 19:47:08.127592,2026-08-16 20:31:17.649194,delivered,18.0,medium,clear,D058,D058,2026-08-16 19:04:50.170917,,2026-08-16 19:21:00,2026-08-16 20:31:13.754510,completed,eta-v3.2,False,D058,2026-08-16 19:04:50.170917,2026-08-16 20:31:17.649194,2026-08-16 19:47:08.127592,2,,,True,True,12.69,1.0,1.0,delivered_late,2026-08-16 20:31:17.649194,False,12.69,1.84,42.3,44.16,88.29,75.6,18.0,57.6,26.14,-13.44,12.63,2026-08-16,19,Sunday,10-20 km
O01350,C0149,R060,D027,Bengaluru,2026-08-05 20:57:00,2026-08-05 22:14:06.381930,2026-08-05 21:17:08.496058,2026-08-05 22:08:01.603997,delivered,14.05,severe,clear,D049,D027,2026-08-05 21:00:22.110911,2026-08-05 21:09:03.165900,2026-08-05 21:15:00,2026-08-05 22:32:06.381930,completed,eta-v3.1,True,D049,2026-08-05 21:00:22.110911,2026-08-05 22:08:01.603997,2026-08-05 21:17:08.496058,3,CX-01;CX-03,,True,True,-6.08,0.0,0.0,delivered_on_time,2026-08-05 22:08:01.603997,False,-6.08,3.37,16.77,50.89,71.03,77.11,18.0,59.11,2.14,-8.22,18.0,2026-08-05,20,Wednesday,10-20 km
O01351,C0205,R054,D040,Bengaluru,2026-08-16 20:20:00,2026-08-16 21:35:36.000000,2026-08-16 20:54:26.017959,2026-08-16 21:46:53.289624,delivered,18.0,medium,clear,D040,D040,2026-08-16 20:22:05.694761,,2026-08-16 20:38:00,2026-08-16 21:40:16.539997,completed,eta-v3.2,False,D040,2026-08-16 20:22:05.694761,2026-08-16 21:46:53.289624,2026-08-16 20:54:26.017959,4,,,True,True,11.29,1.0,1.0,delivered_late,2026-08-16 21:46:53.289624,False,11.29,2.09,32.34,52.45,86.89,75.6,18.0,57.6,16.43,-5.15,4.68,2026-08-16,20,Sunday,10-20 km
O01352,C0892,R011,D102,Bengaluru,2026-08-07 12:51:00,2026-08-07 14:02:52.024638,2026-08-07 13:15:59.473154,2026-08-07 13:58:25.477667,delivered,15.03,medium,rain,D102,D102,2026-08-07 12:52:19.302807,,2026-08-07 13:09:00,2026-08-07 14:13:16.606608,completed,eta-v3.1,False,D102,2026-08-07 12:52:19.302807,2026-08-07 13:58:25.477667,2026-08-07 13:15:59.473154,5,,,True,True,-4.44,0.0,0.0,delivered_on_time,2026-08-07 13:58:25.477667,False,-4.44,1.32,23.67,42.43,67.42,71.87,18.0,53.87,6.99,-11.44,10.41,2026-08-07,12,Friday,10-20 km
O01353,C0191,R002,D043,Bengaluru,2026-08-14 16:56:00,2026-08-14 17:56:31.187058,2026-08-14 17:24:43.303907,2026-08-14 17:57:06.899349,delivered,12.15,low,clear,D043,D043,2026-08-14 17:01:05.570721,,2026-08-14 17:14:00,2026-08-14 17:58:40.414554,completed,eta-v3.2,False,D043,2026-08-14 17:01:05.570721,2026-08-14 17:57:06.899349,2026-08-14 17:24:43.303907,2,,,True,True,0.6,1.0,0.0,delivered_late,2026-08-14 17:57:06.899349,False,0.6,5.09,23.63,32.39,61.11,60.52,18.0,42.52,10.72,-10.13,2.15,2026-08-14,16,Friday,10-20 km
O01354,C0506,R042,D101,Bengaluru,2026-08-25 13:15:00,2026-08-25 14:40:24.000000,2026-08-25 13:37:59.213347,2026-08-25 14:41:06.694374,delivered,18.0,severe,clear,D101,D101,2026-08-25 13:17:39.598666,,2026-08-25 13:33:00,2026-08-25 14:59:57.255586,completed,eta-v3.1,False,D101,2026-08-25 13:17:39.598666,2026-08-25 14:41:06.694374,2026-08-25 13:37:59.213347,3,,,True,True,0.71,1.0,0.0,delivered_late,2026-08-25 14:41:06.694374,False,0.71,2.66,20.33,63.12,86.11,85.4,18.0,67.4,4.99,-4.28,19.55,2026-08-25,13,Tuesday,10-20 km
O01355,C0661,R046,D118,Bengaluru,2026-08-07 13:52:00,2026-08-07 14:43:40.335082,2026-08-07 14:10:18.275390,2026-08-07 14:36:42.814239,delivered,7.94,low,clear,D118,D118,2026-08-07 13:52:06.482489,,2026-08-07 14:10:00,2026-08-07 14:46:38.652894,completed,eta-v3.2,False,D118,2026-08-07 13:52:06.482489,2026-08-07 14:36:42.814239,2026-08-07 14:10:18.275390,2,,,True,True,-6.96,0.0,0.0,delivered_on_time,2026-08-07 14:36:42.814239,False,-6.96,0.11,18.2,26.41,44.71,51.67,18.0,33.67,0.3,-7.26,2.97,2026-08-07,13,Friday,6-10 km
O01356,C0196,R039,D071,Bengaluru,2026-08-05 16:48:00,2026-08-05 17:39:16.332502,2026-08-05 17:21:44.553203,2026-08-05 17:46:34.156863,delivered,7.75,low,clear,D071,D071,2026-08-05 16:50:01.500774,,2026-08-05 17:06:00,2026-08-05 17:39:16.332502,completed,eta-v3.2,False,D071,2026-08-05 16:50:01.500774,2026-08-05 17:46:34.156863,2026-08-05 17:21:44.553203,5,,,True,True,7.3,1.0,0.0,delivered_late,2026-08-05 17:46:34.156863,False,7.3,2.03,31.72,24.83,58.57,51.27,18.0,33.27,15.74,-8.44,0.0,2026-08-05,16,Wednesday,6-10 km
O01357,C0583,R026,D045,Bengaluru,2026-08-11 19:02:00,2026-08-11 20:14:48.000000,2026-08-11 19:46:33.913545,,cancelled,18.0,low,clear,D045,D045,2026-08-11 19:02:03.848217,,2026-08-11 19:20:00,2026-08-11 20:19:46.051212,cancelled,eta-v3.1,False,D045,2026-08-11 19:02:03.848217,,,0,,,False,False,,,,cancelled,,False,,0.06,44.5,,,72.8,18.0,54.8,26.57,,4.97,2026-08-11,19,Tuesday,10-20 km
O01358,C0311,R002,D035,Bengaluru,2026-08-08 20:11:00,2026-08-08 21:26:36.000000,2026-08-08 20:29:09.945006,2026-08-08 21:12:28.400388,delivered,18.0,medium,clear,D035,D035,2026-08-08 20:17:40.198010,,2026-08-08 20:29:00,2026-08-08 21:30:36.000000,completed,eta-v3.1,False,D035,2026-08-08 20:17:40.198010,2026-08-08 21:12:28.400388,2026-08-08 20:29:09.945006,5,,,True,True,-14.13,0.0,0.0,delivered_on_time,2026-08-08 21:12:28.400388,False,-14.13,6.67,11.5,43.31,61.47,75.6,18.0,57.6,0.17,-14.29,4.0,2026-08-08,20,Saturday,10-20 km
O01359,C0249,R033,D067,Bengaluru,2026-08-05 21:03:00,2026-08-05 22:28:24.000000,2026-08-05 21:29:27.742669,2026-08-05 22:29:46.103266,delivered,18.0,severe,clear,D067,D067,2026-08-05 21:05:53.937852,,2026-08-05 21:21:00,2026-08-05 22:46:24.000000,completed,eta-v3.1,False,D067,2026-08-05 21:05:53.937852,2026-08-05 22:29:46.103266,2026-08-05 21:29:27.742669,5,,,True,True,1.37,1.0,0.0,delivered_late,2026-08-05 22:29:46.103266,False,1.37,2.9,23.56,60.31,86.77,85.4,18.0,67.4,8.46,-7.09,18.0,2026-08-05,21,Wednesday,10-20 km
O01360,C0877,R051,D113,Bengaluru,2026-08-14 23:46:00,2026-08-15 01:08:18.000000,2026-08-15 00:10:22.794975,2026-08-15 01:13:05.140527,delivered,18.0,high,rain,D113,D113,2026-08-15 00:00:56.041688,,2026-08-15 00:04:00,2026-08-15 01:24:23.212207,completed,eta-v3.1,False,D113,2026-08-15 00:00:56.041688,2026-08-15 01:13:05.140527,2026-08-15 00:10:22.794975,5,,,True,True,4.79,1.0,0.0,delivered_late,2026-08-15 01:13:05.140527,False,4.79,14.93,9.45,62.71,87.09,82.3,18.0,64.3,6.38,-1.59,16.09,2026-08-14,23,Friday,10-20 km
O01361,C0131,R059,D119,Bengaluru,2026-08-18 17:15:00,2026-08-18 18:07:10.691869,2026-08-18 17:28:57.495922,2026-08-18 17:54:03.885598,delivered,6.85,medium,clear,D119,D119,2026-08-18 17:21:56.521557,,2026-08-18 17:33:00,2026-08-18 18:11:10.691869,completed,eta-v3.1,False,D119,2026-08-18 17:21:56.521557,2026-08-18 17:54:03.885598,2026-08-18 17:28:57.495922,2,,,True,True,-13.11,0.0,0.0,delivered_on_time,2026-08-18 17:54:03.885598,False,-13.11,6.94,7.02,25.11,39.06,52.18,18.0,34.18,-4.04,-9.07,4.0,2026-08-18,17,Tuesday,6-10 km
O01362,C0448,R020,D048,Bengaluru,2026-08-10 20:08:00,2026-08-10 21:25:18.483000,2026-08-10 20:45:44.371040,2026-08-10 21:38:08.358523,delivered,16.81,high,clear,D048,D048,2026-08-10 20:09:17.874614,,2026-08-10 20:26:00,2026-08-10 21:37:19.077954,completed,eta-v3.2,False,D048,2026-08-10 20:09:17.874614,2026-08-10 21:38:08.358523,2026-08-10 20:45:44.371040,3,CX-03,,True,True,12.83,1.0,1.0,delivered_late,2026-08-10 21:38:08.358523,False,12.83,1.3,36.44,52.4,90.14,77.31,18.0,59.31,19.74,-6.91,12.01,2026-08-10,20,Monday,10-20 km
O01363,C0337,R058,D032,Bengaluru,2026-08-14 20:00:00,2026-08-14 21:19:48.000000,2026-08-14 20:20:32.834529,2026-08-14 21:12:53.167391,delivered,18.0,high,clear,D032,D032,2026-08-14 20:06:18.123752,,2026-08-14 20:18:00,2026-08-14 21:29:48.000000,completed,eta-v3.2,False,D032,2026-08-14 20:06:18.123752,2026-08-14 21:12:53.167391,2026-08-14 20:20:32.834529,4,,,True,True,-6.91,0.0,0.0,delivered_on_time,2026-08-14 21:12:53.167391,False,-6.91,6.3,14.25,52.34,72.89,79.8,18.0,61.8,2.55,-9.46,10.0,2026-08-14,20,Friday,10-20 km
O01364,C0078,R024,D080,Bengaluru,2026-08-11 19:41:00,2026-08-11 20:45:25.697727,2026-08-11 19:58:37.161511,2026-08-11 20:37:24.833264,delivered,12.68,medium,clear,D080,D080,2026-08-11 19:41:49.168581,,2026-08-11 19:59:00,2026-08-11 20:49:25.697727,completed,eta-v3.2,False,D080,2026-08-11 19:41:49.168581,2026-08-11 20:37:24.833264,2026-08-11 19:58:37.161511,2,,,True,True,-8.01,0.0,0.0,delivered_on_time,2026-08-11 20:37:24.833264,False,-8.01,0.82,16.8,38.79,56.41,64.43,18.0,46.43,-0.38,-7.64,4.0,2026-08-11,19,Tuesday,10-20 km
O01365,C0896,R018,D117,Bengaluru,2026-08-17 17:37:00,2026-08-17 18:46:21.635049,2026-08-17 18:15:13.434878,2026-08-17 19:05:23.185252,delivered,11.84,high,rain,D117,D117,2026-08-17 17:47:03.935492,,2026-08-17 17:55:00,2026-08-17 19:01:56.213412,completed,eta-v3.2,False,D117,2026-08-17 17:47:03.935492,2026-08-17 19:05:23.185252,2026-08-17 18:15:13.434878,5,,,True,True,19.03,1.0,1.0,delivered_late,2026-08-17 19:05:23.185252,False,19.03,10.07,28.16,50.16,88.39,69.36,18.0,51.36,20.22,-1.2,15.58,2026-08-17,17,Monday,10-20 km
O01366,C0809,R007,D012,Bengaluru,2026-08-13 12:06:00,2026-08-13 13:18:48.000000,2026-08-13 12:41:03.479924,2026-08-13 13:30:20.582006,delivered,18.0,low,clear,D012,D012,2026-08-13 12:19:11.910706,,2026-08-13 12:24:00,2026-08-13 13:18:48.000000,completed,eta-v3.1,False,D012,2026-08-13 12:19:11.910706,2026-08-13 13:30:20.582006,2026-08-13 12:41:03.479924,4,RG-03,,True,True,11.54,1.0,1.0,delivered_late,2026-08-13 13:30:20.582006,False,11.54,13.2,21.86,49.29,84.34,72.8,18.0,54.8,17.06,-5.51,0.0,2026-08-13,12,Thursday,10-20 km
O01367,C0826,R034,D034,Bengaluru,2026-08-03 13:28:00,2026-08-03 14:31:23.327500,2026-08-03 14:02:33.077308,2026-08-03 14:40:56.550378,delivered,12.19,medium,clear,D034,D034,2026-08-03 13:33:33.391758,,2026-08-03 13:46:00,2026-08-03 14:38:12.634944,completed,eta-v3.2,False,D034,2026-08-03 13:33:33.391758,2026-08-03 14:40:56.550378,2026-08-03 14:02:33.077308,4,,,True,True,9.55,1.0,0.0,delivered_late,2026-08-03 14:40:56.550378,False,9.55,5.56,28.99,38.39,72.94,63.39,18.0,45.39,16.55,-7.0,6.82,2026-08-03,13,Monday,10-20 km
O01368,C0168,R034,D090,Bengaluru,2026-08-23 18:32:00,2026-08-23 19:45:55.042849,2026-08-23 18:47:38.011478,2026-08-23 19:40:23.865007,delivered,15.2,high,clear,D090,D090,2026-08-23 18:35:34.599500,,2026-08-23 18:50:00,2026-08-23 19:55:55.042849,completed,eta-v3.2,False,D090,2026-08-23 18:35:34.599500,2026-08-23 19:40:23.865007,2026-08-23 18:47:38.011478,4,,,True,True,-5.52,0.0,0.0,delivered_on_time,2026-08-23 19:40:23.865007,False,-5.52,3.58,12.06,52.76,68.4,73.92,18.0,55.92,-2.37,-3.16,10.0,2026-08-23,18,Sunday,10-20 km
O01369,C0632,R020,D093,Bengaluru,2026-08-24 14:46:00,2026-08-24 15:42:23.355602,2026-08-24 15:12:29.391767,2026-08-24 15:39:20.638149,delivered,8.85,medium,clear,D093,D093,2026-08-24 14:46:28.818214,,2026-08-24 15:04:00,2026-08-24 15:47:33.710890,completed,eta-v3.2,False,D093,2026-08-24 14:46:28.818214,2026-08-24 15:39:20.638149,2026-08-24 15:12:29.391767,4,,,True,True,-3.05,0.0,0.0,delivered_on_time,2026-08-24 15:39:20.638149,False,-3.05,0.48,26.01,26.85,53.34,56.39,18.0,38.39,8.49,-11.54,5.17,2026-08-24,14,Monday,6-10 km
O01370,C0383,R047,D095,Bengaluru,2026-08-26 17:56:00,2026-08-26 19:15:07.201635,2026-08-26 18:29:50.498704,2026-08-26 19:18:48.031136,delivered,17.68,high,clear,D095,D095,2026-08-26 18:05:54.845838,,2026-08-26 18:14:00,2026-08-26 19:31:47.822519,completed,eta-v3.1,False,D095,2026-08-26 18:05:54.845838,2026-08-26 19:18:48.031136,2026-08-26 18:29:50.498704,3,,,True,True,3.68,1.0,0.0,delivered_late,2026-08-26 19:18:48.031136,False,3.68,9.91,23.93,48.96,82.8,79.12,18.0,61.12,15.84,-12.16,16.68,2026-08-26,17,Wednesday,10-20 km
O01371,C0594,R009,D081,Bengaluru,2026-08-04 17:22:00,2026-08-04 18:40:09.713506,2026-08-04 17:52:54.643929,2026-08-04 18:48:50.937937,delivered,17.22,high,clear,D081,D081,2026-08-04 17:30:07.044006,,2026-08-04 17:40:00,2026-08-04 18:50:14.111071,completed,eta-v3.2,False,D081,2026-08-04 17:30:07.044006,2026-08-04 18:48:50.937937,2026-08-04 17:52:54.643929,4,,,True,True,8.69,1.0,0.0,delivered_late,2026-08-04 18:48:50.937937,False,8.69,8.12,22.79,55.94,86.85,78.16,18.0,60.16,12.91,-4.22,10.07,2026-08-04,17,Tuesday,10-20 km
O01372,C0293,R018,D056,Bengaluru,2026-08-16 17:00:00,2026-08-16 17:54:38.503700,2026-08-16 17:16:17.621768,2026-08-16 17:42:57.073731,delivered,9.35,low,clear,D056,D056,2026-08-16 17:04:20.234513,,2026-08-16 17:18:00,2026-08-16 17:54:38.503700,completed,eta-v3.2,False,D056,2026-08-16 17:04:20.234513,2026-08-16 17:42:57.073731,2026-08-16 17:16:17.621768,4,,,True,True,-11.69,0.0,0.0,delivered_on_time,2026-08-16 17:42:57.073731,False,-11.69,4.34,11.96,26.66,42.95,54.64,18.0,36.64,-1.71,-9.98,0.0,2026-08-16,17,Sunday,6-10 km
O01373,C0299,R037,D032,Bengaluru,2026-08-06 21:55:00,2026-08-06 23:10:36.000000,2026-08-06 22:19:33.683048,,delivered,18.0,medium,clear,D032,D032,2026-08-06 21:56:58.867081,,2026-08-06 22:13:00,2026-08-06 23:14:36.000000,completed,eta-v3.1,False,D032,2026-08-06 21:56:58.867081,2026-08-06 23:11:22.118386,2026-08-06 22:19:33.683048,5,TS-04,TS-04,True,False,,,,unknown_missing_timestamp,2026-08-06 23:11:22.118386,True,0.77,1.98,22.58,,,75.6,18.0,57.6,6.56,,4.0,2026-08-06,21,Thursday,10-20 km
O01374,C0288,R009,D054,Bengaluru,2026-08-27 18:02:00,2026-08-27 19:21:48.000000,2026-08-27 18:20:54.862085,2026-08-27 19:16:25.365424,delivered,18.0,high,clear,D054,D054,2026-08-27 18:03:47.779232,,2026-08-27 18:20:00,2026-08-27 19:32:07.954608,completed,eta-v3.2,False,D054,2026-08-27 18:03:47.779232,2026-08-27 19:16:25.365424,2026-08-27 18:20:54.862085,3,,,True,True,-5.38,0.0,0.0,delivered_on_time,2026-08-27 19:16:25.365424,False,-5.38,1.8,17.12,55.51,74.42,79.8,18.0,61.8,0.91,-6.29,10.33,2026-08-27,18,Thursday,10-20 km
O01375,C0802,R057,D095,Bengaluru,2026-08-26 19:46:00,2026-08-26 20:58:48.000000,2026-08-26 20:18:24.543222,2026-08-26 20:58:45.864133,delivered,18.0,low,clear,D095,D095,2026-08-26 19:50:14.681363,,2026-08-26 20:04:00,2026-08-26 21:01:01.641143,completed,eta-v3.1,False,D095,2026-08-26 19:50:14.681363,2026-08-26 20:58:45.864133,2026-08-26 20:18:24.543222,5,,,True,True,-0.04,0.0,0.0,delivered_on_time,2026-08-26 20:58:45.864133,False,-0.04,4.24,28.16,40.36,72.76,72.8,18.0,54.8,14.41,-14.44,2.23,2026-08-26,19,Wednesday,10-20 km
O01376,C0456,R047,D044,Bengaluru,2026-08-27 21:56:00,2026-08-27 22:44:56.289137,2026-08-27 22:08:51.758186,2026-08-27 22:35:14.967480,delivered,4.11,medium,rain,D044,D044,2026-08-27 21:59:27.510078,,2026-08-27 22:14:00,2026-08-27 22:54:00.566145,completed,eta-v3.2,False,D044,2026-08-27 21:59:27.510078,2026-08-27 22:35:14.967480,2026-08-27 22:08:51.758186,4,,,True,True,-9.69,0.0,0.0,delivered_on_time,2026-08-27 22:35:14.967480,False,-9.69,3.46,9.4,26.39,39.25,48.94,18.0,30.94,-5.14,-4.55,9.07,2026-08-27,21,Thursday,3-6 km
O01377,C0099,R031,D061,Bengaluru,2026-08-13 20:31:00,2026-08-13 21:31:43.278939,2026-08-13 20:57:03.404423,2026-08-13 21:32:13.415343,delivered,10.91,medium,clear,D061,D061,2026-08-13 20:33:10.371332,,2026-08-13 20:49:00,2026-08-13 21:35:43.278939,completed,eta-v3.2,False,D061,2026-08-13 20:33:10.371332,2026-08-13 21:32:13.415343,2026-08-13 20:57:03.404423,4,,,True,True,0.5,1.0,0.0,delivered_late,2026-08-13 21:32:13.415343,False,0.5,2.17,23.88,35.17,61.22,60.72,18.0,42.72,8.06,-7.55,4.0,2026-08-13,20,Thursday,10-20 km
O01378,C0391,R053,D042,Bengaluru,2026-08-14 11:45:00,2026-08-14 13:04:48.000000,2026-08-14 12:06:51.466062,,cancelled,18.0,high,clear,D042,D042,2026-08-14 11:46:56.528353,,2026-08-14 12:03:00,2026-08-14 13:15:42.387935,cancelled,eta-v3.1,False,D042,2026-08-14 11:46:56.528353,,,0,,,False,False,,,,cancelled,,False,,1.94,19.92,,,79.8,18.0,61.8,3.86,,10.91,2026-08-14,11,Friday,10-20 km
O01379,C0613,R053,D006,Bengaluru,2026-08-12 22:38:00,2026-08-12 23:39:38.236480,2026-08-12 22:52:09.327935,2026-08-12 23:31:04.738088,delivered,6.68,severe,clear,D006,D006,2026-08-12 22:39:34.081421,,2026-08-12 22:56:00,2026-08-12 23:57:55.104538,completed,eta-v3.1,False,D006,2026-08-12 22:39:34.081421,2026-08-12 23:31:04.738088,2026-08-12 22:52:09.327935,2,,,True,True,-8.56,0.0,0.0,delivered_on_time,2026-08-12 23:31:04.738088,False,-8.56,1.57,12.59,38.92,53.08,61.64,18.0,43.64,-3.84,-4.72,18.28,2026-08-12,22,Wednesday,6-10 km
O01380,C0743,R028,D036,Bengaluru,2026-08-15 18:34:00,2026-08-15 19:49:36.000000,2026-08-15 19:00:16.763756,2026-08-15 19:50:59.245597,delivered,18.0,medium,clear,D036,D036,2026-08-15 18:42:07.232615,,2026-08-15 18:52:00,2026-08-15 19:54:08.520784,completed,eta-v3.2,False,D036,2026-08-15 18:42:07.232615,2026-08-15 19:50:59.245597,2026-08-15 19:00:16.763756,3,,,True,True,1.39,1.0,0.0,delivered_late,2026-08-15 19:50:59.245597,False,1.39,8.12,18.16,50.71,76.99,75.6,18.0,57.6,8.28,-6.89,4.54,2026-08-15,18,Saturday,10-20 km
O01381,C0458,R037,D050,Bengaluru,2026-08-05 21:20:00,2026-08-05 22:16:55.420859,2026-08-05 21:38:45.834988,2026-08-05 22:10:53.839592,delivered,7.11,high,clear,D050,D050,2026-08-05 21:27:54.900759,,2026-08-05 21:38:00,2026-08-05 22:26:55.420859,completed,eta-v3.1,False,D050,2026-08-05 21:27:54.900759,2026-08-05 22:10:53.839592,2026-08-05 21:38:45.834988,3,,,True,True,-6.03,0.0,0.0,delivered_on_time,2026-08-05 22:10:53.839592,False,-6.03,7.92,10.85,32.13,50.9,56.92,18.0,38.92,0.76,-6.79,10.0,2026-08-05,21,Wednesday,6-10 km
O01382,C0561,R013,D024,Bengaluru,2026-08-21 17:35:00,2026-08-21 18:36:14.228458,2026-08-21 18:05:18.435233,2026-08-21 18:36:06.694493,delivered,11.16,medium,clear,D024,D024,2026-08-21 17:37:01.137604,,2026-08-21 17:53:00,2026-08-21 18:41:05.141377,completed,eta-v3.1,False,D024,2026-08-21 17:37:01.137604,2026-08-21 18:36:06.694493,2026-08-21 18:05:18.435233,5,RG-03,,True,True,-0.13,0.0,0.0,delivered_on_time,2026-08-21 18:36:06.694493,False,-0.13,2.02,28.29,30.8,61.11,61.24,18.0,43.24,12.31,-12.44,4.85,2026-08-21,17,Friday,10-20 km
O01383,C0701,R045,D049,Bengaluru,2026-08-21 22:05:00,2026-08-21 23:04:09.374367,2026-08-21 22:19:16.513107,2026-08-21 23:00:30.089088,delivered,7.31,medium,heavy_rain,D049,D049,2026-08-21 22:14:26.648495,,2026-08-21 22:23:00,2026-08-21 23:20:09.374367,completed,eta-v3.2,False,D049,2026-08-21 22:14:26.648495,2026-08-21 23:00:30.089088,2026-08-21 22:19:16.513107,5,,,True,True,-3.65,0.0,0.0,delivered_on_time,2026-08-21 23:00:30.089088,False,-3.65,9.44,4.83,41.23,55.5,59.16,18.0,41.16,-3.72,0.07,16.0,2026-08-21,22,Friday,6-10 km
O01384,C0859,R039,D050,Bengaluru,2026-08-27 11:26:00,2026-08-27 12:36:40.618176,2026-08-27 11:46:29.699192,2026-08-27 12:33:00.647621,delivered,10.99,severe,clear,D050,D050,2026-08-27 11:26:25.361755,,2026-08-27 11:44:00,2026-08-27 12:54:40.618176,completed,eta-v3.1,False,D050,2026-08-27 11:26:25.361755,2026-08-27 12:33:00.647621,2026-08-27 11:46:29.699192,3,,,True,True,-3.67,0.0,0.0,delivered_on_time,2026-08-27 12:33:00.647621,False,-3.67,0.42,20.07,46.52,67.01,70.68,18.0,52.68,2.49,-6.16,18.0,2026-08-27,11,Thursday,10-20 km
O01385,C0863,R044,D049,Bengaluru,2026-08-02 19:50:00,2026-08-02 20:44:07.449994,2026-08-02 20:19:01.374983,2026-08-02 20:44:32.037572,delivered,5.77,high,clear,D049,D049,2026-08-02 19:55:56.344417,,2026-08-02 20:08:00,2026-08-02 20:54:07.449994,completed,eta-v3.2,False,D049,2026-08-02 19:55:56.344417,2026-08-02 20:44:32.037572,2026-08-02 20:19:01.374983,5,,,True,True,0.41,1.0,0.0,delivered_late,2026-08-02 20:44:32.037572,False,0.41,5.94,23.08,25.51,54.53,54.12,18.0,36.12,11.02,-10.61,10.0,2026-08-02,19,Sunday,3-6 km
O01386,C0217,R019,D016,Bengaluru,2026-08-11 16:37:00,2026-08-11 17:58:36.000000,2026-08-11 16:57:03.074356,2026-08-11 17:53:00.000160,delivered,18.0,medium,heavy_rain,D016,D016,2026-08-11 16:41:17.878825,,2026-08-11 16:55:00,2026-08-11 18:14:36.000000,completed,eta-v3.1,False,D016,2026-08-11 16:41:17.878825,2026-08-11 17:53:00.000160,2026-08-11 16:57:03.074356,2,RG-03;CX-03,,True,True,-5.6,0.0,0.0,delivered_on_time,2026-08-11 17:53:00.000160,False,-5.6,4.3,15.75,55.95,76.0,81.6,18.0,63.6,2.05,-7.65,16.0,2026-08-11,16,Tuesday,10-20 km
O01387,C0239,R036,D057,Bengaluru,2026-08-16 19:35:00,2026-08-16 20:50:36.000000,2026-08-16 20:06:16.569207,2026-08-16 20:57:15.267512,delivered,18.0,medium,clear,D057,D057,2026-08-16 19:35:09.084010,,2026-08-16 19:53:00,2026-08-16 20:54:36.000000,completed,eta-v3.1,False,D057,2026-08-16 19:35:09.084010,2026-08-16 20:57:15.267512,2026-08-16 20:06:16.569207,5,,,True,True,6.65,1.0,0.0,delivered_late,2026-08-16 20:57:15.267512,False,6.65,0.15,31.12,50.98,82.25,75.6,18.0,57.6,13.28,-6.62,4.0,2026-08-16,19,Sunday,10-20 km
O01388,C0745,R052,D031,Bengaluru,2026-08-13 12:15:00,2026-08-13 13:30:36.000000,2026-08-13 12:38:22.133197,2026-08-13 13:25:37.624727,delivered,18.0,medium,clear,D031,D031,2026-08-13 12:15:50.581698,,2026-08-13 12:33:00,2026-08-13 13:34:36.000000,completed,eta-v3.2,False,D031,2026-08-13 12:15:50.581698,2026-08-13 13:25:37.624727,2026-08-13 12:38:22.133197,2,,,True,True,-4.97,0.0,0.0,delivered_on_time,2026-08-13 13:25:37.624727,False,-4.97,0.84,22.53,47.26,70.63,75.6,18.0,57.6,5.37,-10.34,4.0,2026-08-13,12,Thursday,10-20 km
O01389,C0812,R056,D089,Bengaluru,2026-08-26 18:41:00,2026-08-26 19:56:36.000000,2026-08-26 18:56:28.321765,2026-08-26 19:46:39.150208,delivered,18.0,medium,clear,D089,D089,2026-08-26 18:41:04.909380,,2026-08-26 18:59:00,2026-08-26 20:01:17.992751,completed,eta-v3.2,False,D089,2026-08-26 18:41:04.909380,2026-08-26 19:46:39.150208,2026-08-26 18:56:28.321765,5,,,True,True,-9.95,0.0,0.0,delivered_on_time,2026-08-26 19:46:39.150208,False,-9.95,0.08,15.39,50.18,65.65,75.6,18.0,57.6,-2.53,-7.42,4.7,2026-08-26,18,Wednesday,10-20 km
O01390,C0499,R059,D077,Bengaluru,2026-08-15 19:14:00,2026-08-15 20:29:36.000000,2026-08-15 19:30:43.366780,2026-08-15 20:22:54.243246,delivered,18.0,medium,clear,D077,D077,2026-08-15 19:24:35.848231,,2026-08-15 19:32:00,2026-08-15 20:33:36.000000,completed,eta-v3.2,False,D077,2026-08-15 19:24:35.848231,2026-08-15 20:22:54.243246,2026-08-15 19:30:43.366780,5,,,True,True,-6.7,0.0,0.0,delivered_on_time,2026-08-15 20:22:54.243246,False,-6.7,10.6,6.13,52.18,68.9,75.6,18.0,57.6,-1.28,-5.42,4.0,2026-08-15,19,Saturday,10-20 km
O01391,C0408,R013,D025,Bengaluru,2026-08-17 19:55:00,2026-08-17 21:10:36.000000,2026-08-17 20:21:09.177652,2026-08-17 21:10:29.590752,delivered,18.0,medium,clear,D064,D025,2026-08-17 19:58:13.953759,2026-08-17 20:03:19.702617,2026-08-17 20:13:00,2026-08-17 21:14:36.000000,completed,eta-v3.1,True,D064,2026-08-17 19:58:13.953759,2026-08-17 21:10:29.590752,2026-08-17 20:21:09.177652,3,CX-01;CX-03,,True,True,-0.11,0.0,0.0,delivered_on_time,2026-08-17 21:10:29.590752,False,-0.11,3.23,22.92,49.34,75.49,75.6,18.0,57.6,8.15,-8.26,4.0,2026-08-17,19,Monday,10-20 km
O01392,C0268,R030,D113,Bengaluru,2026-08-22 21:20:00,2026-08-22 22:21:59.244850,2026-08-22 21:39:07.429179,2026-08-22 22:12:14.759870,delivered,10.33,medium,rain,D113,D113,2026-08-22 21:20:25.569783,,2026-08-22 21:38:00,2026-08-22 22:30:59.244850,completed,eta-v3.1,False,D113,2026-08-22 21:20:25.569783,2026-08-22 22:12:14.759870,2026-08-22 21:39:07.429179,4,,,True,True,-9.74,0.0,0.0,delivered_on_time,2026-08-22 22:12:14.759870,False,-9.74,0.43,18.7,33.12,52.25,61.99,18.0,43.99,1.12,-10.87,9.0,2026-08-22,21,Saturday,10-20 km
O01393,C0011,R029,D085,Bengaluru,2026-08-04 23:19:00,2026-08-05 00:01:05.058857,2026-08-04 23:44:54.463103,2026-08-05 00:04:10.291081,delivered,2.18,low,rain,D085,D085,2026-08-04 23:19:37.785035,,2026-08-04 23:37:00,2026-08-05 00:06:05.058857,completed,eta-v3.2,False,D085,2026-08-04 23:19:37.785035,2026-08-05 00:04:10.291081,2026-08-04 23:44:54.463103,3,,,True,True,3.09,1.0,0.0,delivered_late,2026-08-05 00:04:10.291081,False,3.09,0.63,25.28,19.26,45.17,42.08,18.0,24.08,7.91,-4.82,5.0,2026-08-04,23,Tuesday,0-3 km
O01394,C0795,R018,D017,Bengaluru,2026-08-21 20:52:00,2026-08-21 21:47:08.693802,2026-08-21 21:23:09.159942,2026-08-21 21:55:56.159110,delivered,3.59,severe,clear,D017,D017,2026-08-21 20:53:48.509983,,2026-08-21 21:10:00,2026-08-21 22:08:33.285230,completed,eta-v3.1,False,D017,2026-08-21 20:53:48.509983,2026-08-21 21:55:56.159110,2026-08-21 21:23:09.159942,3,,,True,True,8.79,1.0,0.0,delivered_late,2026-08-21 21:55:56.159110,False,8.79,1.81,29.34,32.78,63.94,55.14,18.0,37.14,13.15,-4.36,21.41,2026-08-21,20,Friday,3-6 km
O01395,C0839,R043,D003,Bengaluru,2026-08-21 15:27:00,2026-08-21 16:40:55.714245,2026-08-21 15:53:49.003331,2026-08-21 16:41:02.739630,delivered,17.2,medium,clear,D003,D003,2026-08-21 15:28:34.749417,,2026-08-21 15:45:00,2026-08-21 16:44:55.714245,completed,eta-v3.2,False,D003,2026-08-21 15:28:34.749417,2026-08-21 16:41:02.739630,2026-08-21 15:53:49.003331,5,FR-01,,True,True,0.12,1.0,0.0,delivered_late,2026-08-21 16:41:02.739630,False,0.12,1.58,25.24,47.23,74.05,73.93,18.0,55.93,8.82,-8.7,4.0,2026-08-21,15,Friday,10-20 km
O01396,C0263,R045,D011,Bengaluru,2026-08-11 18:48:00,2026-08-11 20:03:30.151803,2026-08-11 19:06:52.220714,2026-08-11 19:59:36.784865,delivered,17.95,medium,clear,D011,D011,2026-08-11 18:48:00.920551,,2026-08-11 19:06:00,2026-08-11 20:08:34.190088,completed,eta-v3.1,False,D011,2026-08-11 18:48:00.920551,2026-08-11 19:59:36.784865,2026-08-11 19:06:52.220714,3,,,True,True,-3.89,0.0,0.0,delivered_on_time,2026-08-11 19:59:36.784865,False,-3.89,0.02,18.86,52.74,71.61,75.5,18.0,57.5,0.87,-4.76,5.07,2026-08-11,18,Tuesday,10-20 km
O01397,C0222,R056,D056,Bengaluru,2026-08-18 20:13:00,2026-08-18 21:32:48.000000,2026-08-18 20:34:03.310912,2026-08-18 21:30:44.693994,delivered,18.0,high,clear,D056,D056,2026-08-18 20:13:24.599878,,2026-08-18 20:31:00,2026-08-18 21:43:01.112786,completed,eta-v3.1,False,D056,2026-08-18 20:13:24.599878,2026-08-18 21:30:44.693994,2026-08-18 20:34:03.310912,3,,,True,True,-2.06,0.0,0.0,delivered_on_time,2026-08-18 21:30:44.693994,False,-2.06,0.41,20.65,56.69,77.74,79.8,18.0,61.8,3.06,-5.11,10.22,2026-08-18,20,Tuesday,10-20 km
O01398,C0285,R026,D029,Bengaluru,2026-08-24 17:35:00,2026-08-24 18:50:36.000000,2026-08-24 18:09:33.219039,,delivered,18.0,medium,clear,D029,D029,2026-08-24 17:36:57.623319,,2026-08-24 17:53:00,2026-08-24 18:54:36.000000,completed,eta-v3.1,False,D029,2026-08-24 17:36:57.623319,2026-08-24 19:00:46.944536,2026-08-24 18:09:33.219039,5,TS-04,TS-04,True,False,,,,unknown_missing_timestamp,2026-08-24 19:00:46.944536,True,10.18,1.96,32.59,,,75.6,18.0,57.6,16.55,,4.0,2026-08-24,17,Monday,10-20 km
O01399,C0833,R040,D022,Bengaluru,2026-08-21 18:34:00,2026-08-21 19:49:36.000000,2026-08-21 19:01:56.285290,2026-08-21 19:48:59.862746,delivered,18.0,medium,clear,D022,D022,2026-08-21 18:35:54.274088,,2026-08-21 18:52:00,2026-08-21 19:54:46.695719,completed,eta-v3.1,False,D022,2026-08-21 18:35:54.274088,2026-08-21 19:48:59.862746,2026-08-21 19:01:56.285290,4,,,True,True,-0.6,0.0,0.0,delivered_on_time,2026-08-21 19:48:59.862746,False,-0.6,1.9,26.03,47.06,75.0,75.6,18.0,57.6,9.94,-10.54,5.18,2026-08-21,18,Friday,10-20 km
O01400,C0348,R032,D031,Bengaluru,2026-08-04 17:35:00,2026-08-04 18:50:18.000000,2026-08-04 18:06:51.027410,2026-08-04 18:57:15.702810,delivered,18.0,low,rain,D031,D031,2026-08-04 17:37:05.593225,,2026-08-04 17:53:00,2026-08-04 18:55:18.000000,completed,eta-v3.2,False,D031,2026-08-04 17:37:05.593225,2026-08-04 18:57:15.702810,2026-08-04 18:06:51.027410,2,,,True,True,6.96,1.0,0.0,delivered_late,2026-08-04 18:57:15.702810,False,6.96,2.09,29.76,50.41,82.26,75.3,18.0,57.3,13.85,-6.89,5.0,2026-08-04,17,Tuesday,10-20 km
O01401,C0598,R051,D071,Bengaluru,2026-08-18 14:31:00,2026-08-18 15:50:48.000000,2026-08-18 14:55:32.867745,2026-08-18 15:49:30.321909,delivered,18.0,high,clear,D071,D071,2026-08-18 14:32:56.368439,,2026-08-18 14:49:00,2026-08-18 16:01:44.247529,completed,eta-v3.2,False,D071,2026-08-18 14:32:56.368439,2026-08-18 15:49:30.321909,2026-08-18 14:55:32.867745,3,,,True,True,-1.29,0.0,0.0,delivered_on_time,2026-08-18 15:49:30.321909,False,-1.29,1.94,22.61,53.96,78.51,79.8,18.0,61.8,6.55,-7.84,10.94,2026-08-18,14,Tuesday,10-20 km
O01402,C0853,R060,D046,Bengaluru,2026-08-05 17:54:00,2026-08-05 18:56:32.510343,2026-08-05 18:09:34.199053,2026-08-05 18:57:01.797266,delivered,6.92,high,heavy_rain,D046,D046,2026-08-05 17:56:17.905019,,2026-08-05 18:12:00,2026-08-05 19:18:32.510343,completed,eta-v3.1,False,D046,2026-08-05 17:56:17.905019,2026-08-05 18:57:01.797266,2026-08-05 18:09:34.199053,3,,,True,True,0.49,1.0,0.0,delivered_late,2026-08-05 18:57:01.797266,False,0.49,2.3,13.27,47.46,63.03,62.54,18.0,44.54,-2.43,2.92,22.0,2026-08-05,17,Wednesday,6-10 km
O01403,C0497,R014,D099,Bengaluru,2026-08-24 17:26:00,2026-08-24 18:47:36.000000,2026-08-24 18:17:58.127167,2026-08-24 19:24:32.047659,delivered,18.0,medium,heavy_rain,D099,D099,2026-08-24 17:31:25.611529,,2026-08-24 17:44:00,2026-08-24 19:13:43.336262,completed,eta-v3.1,False,D099,2026-08-24 17:31:25.611529,2026-08-24 19:24:32.047659,2026-08-24 18:17:58.127167,3,,,True,True,36.93,1.0,1.0,delivered_late,2026-08-24 19:24:32.047659,False,36.93,5.43,46.54,66.57,118.53,81.6,18.0,63.6,33.97,2.97,26.12,2026-08-24,17,Monday,10-20 km
O01404,C0714,R043,D055,Bengaluru,2026-08-20 19:02:00,2026-08-20 20:20:48.000000,2026-08-20 19:13:50.654047,2026-08-20 20:15:11.542465,delivered,18.0,low,heavy_rain,D055,D055,2026-08-20 19:04:45.591571,,2026-08-20 19:20:00,2026-08-20 20:32:48.000000,completed,eta-v3.1,False,D055,2026-08-20 19:04:45.591571,2026-08-20 20:15:11.542465,2026-08-20 19:13:50.654047,5,,,True,True,-5.61,0.0,0.0,delivered_on_time,2026-08-20 20:15:11.542465,False,-5.61,2.76,9.08,61.35,73.19,78.8,18.0,60.8,-6.16,0.55,12.0,2026-08-20,19,Thursday,10-20 km
O01405,C0220,R028,D103,Bengaluru,2026-08-09 16:39:00,2026-08-09 17:51:48.000000,2026-08-09 17:12:33.325705,2026-08-09 18:01:17.726468,delivered,18.0,low,clear,D103,D103,2026-08-09 16:45:24.274178,,2026-08-09 16:57:00,2026-08-09 17:51:48.000000,completed,eta-v3.1,False,D103,2026-08-09 16:45:24.274178,2026-08-09 18:01:17.726468,2026-08-09 17:12:33.325705,5,,,True,True,9.5,1.0,0.0,delivered_late,2026-08-09 18:01:17.726468,False,9.5,6.4,27.15,48.74,82.3,72.8,18.0,54.8,15.56,-6.06,0.0,2026-08-09,16,Sunday,10-20 km
O01406,C0546,R021,D064,Bengaluru,2026-08-07 12:37:00,2026-08-07 13:56:48.000000,2026-08-07 12:57:15.536339,2026-08-07 14:01:07.372063,delivered,18.0,high,clear,D064,D064,2026-08-07 12:38:46.798386,,2026-08-07 12:55:00,2026-08-07 14:06:48.000000,completed,eta-v3.1,False,D064,2026-08-07 12:38:46.798386,2026-08-07 14:01:07.372063,2026-08-07 12:57:15.536339,5,,,True,True,4.32,1.0,0.0,delivered_late,2026-08-07 14:01:07.372063,False,4.32,1.78,18.48,63.86,84.12,79.8,18.0,61.8,2.26,2.06,10.0,2026-08-07,12,Friday,10-20 km
O01407,C0340,R003,D081,Bengaluru,2026-08-02 11:59:00,2026-08-02 13:21:18.000000,2026-08-02 12:14:13.949820,2026-08-02 13:12:49.696042,delivered,18.0,high,rain,D081,D081,2026-08-02 12:08:05.485775,,2026-08-02 12:17:00,2026-08-02 13:38:27.166365,completed,eta-v3.1,False,D081,2026-08-02 12:08:05.485775,2026-08-02 13:12:49.696042,2026-08-02 12:14:13.949820,3,,,True,True,-8.47,0.0,0.0,delivered_on_time,2026-08-02 13:12:49.696042,False,-8.47,9.09,6.14,58.6,73.83,82.3,18.0,64.3,-2.77,-5.7,17.15,2026-08-02,11,Sunday,10-20 km
O01408,C0499,R034,D095,Bengaluru,2026-08-10 22:16:00,2026-08-10 23:16:58.418535,2026-08-10 23:06:54.580321,2026-08-10 23:44:42.656177,delivered,9.04,high,clear,D095,D095,2026-08-10 22:17:03.264986,,2026-08-10 22:34:00,2026-08-10 23:33:14.196764,completed,eta-v3.1,False,D095,2026-08-10 22:17:03.264986,2026-08-10 23:44:42.656177,2026-08-10 23:06:54.580321,4,CX-03,,True,True,27.74,1.0,1.0,delivered_late,2026-08-10 23:44:42.656177,False,27.74,1.05,49.86,37.8,88.71,60.97,18.0,42.97,32.91,-5.17,16.26,2026-08-10,22,Monday,6-10 km
O01409,C0650,R058,D034,Bengaluru,2026-08-16 16:53:00,2026-08-16 18:05:48.000000,2026-08-16 17:29:47.991720,2026-08-16 18:18:48.894187,delivered,18.0,low,clear,D034,D034,2026-08-16 16:53:22.175029,,2026-08-16 17:11:00,2026-08-16 18:12:54.085249,completed,eta-v3.1,False,D034,2026-08-16 16:53:22.175029,2026-08-16 18:18:48.894187,2026-08-16 17:29:47.991720,2,,,True,True,13.01,1.0,1.0,delivered_late,2026-08-16 18:18:48.894187,False,13.01,0.37,36.43,49.02,85.81,72.8,18.0,54.8,18.8,-5.78,7.1,2026-08-16,16,Sunday,10-20 km
O01410,C0370,R053,D024,Bengaluru,2026-08-10 15:31:00,2026-08-10 16:50:48.000000,2026-08-10 16:12:32.730723,2026-08-10 17:08:28.960826,delivered,18.0,high,clear,D024,D024,2026-08-10 15:33:11.118349,,2026-08-10 15:49:00,2026-08-10 17:00:51.170237,completed,eta-v3.2,False,D024,2026-08-10 15:33:11.118349,2026-08-10 17:08:28.960826,2026-08-10 16:12:32.730723,2,,,True,True,17.68,1.0,1.0,delivered_late,2026-08-10 17:08:28.960826,False,17.68,2.19,39.36,55.94,97.48,79.8,18.0,61.8,23.55,-5.86,10.05,2026-08-10,15,Monday,10-20 km
O01411,C0168,R059,D110,Bengaluru,2026-08-11 12:04:00,2026-08-11 13:19:36.000000,2026-08-11 12:33:33.022318,2026-08-11 13:23:19.675775,delivered,18.0,medium,clear,D110,D110,2026-08-11 12:11:43.462582,,2026-08-11 12:22:00,2026-08-11 13:23:36.000000,completed,eta-v3.1,False,D110,2026-08-11 12:11:43.462582,2026-08-11 13:23:19.675775,2026-08-11 12:33:33.022318,2,,,True,True,3.73,1.0,0.0,delivered_late,2026-08-11 13:23:19.675775,False,3.73,7.72,21.83,49.78,79.33,75.6,18.0,57.6,11.55,-7.82,4.0,2026-08-11,12,Tuesday,10-20 km
O01412,C0438,R047,D051,Bengaluru,2026-08-21 18:27:00,2026-08-21 19:42:36.000000,2026-08-21 19:00:36.772381,,delivered,18.0,medium,clear,D051,D051,2026-08-21 18:29:03.235806,,2026-08-21 18:45:00,2026-08-21 19:48:38.714971,completed,eta-v3.1,False,D051,2026-08-21 18:29:03.235806,2026-08-21 19:51:08.910572,2026-08-21 19:00:36.772381,2,TS-04,TS-04,True,False,,,,unknown_missing_timestamp,2026-08-21 19:51:08.910572,True,8.55,2.05,31.56,,,75.6,18.0,57.6,15.61,,6.05,2026-08-21,18,Friday,10-20 km
O01413,C0356,R032,D064,Bengaluru,2026-08-23 20:00:00,2026-08-23 21:15:36.000000,2026-08-23 20:21:34.157661,2026-08-23 21:14:03.581181,delivered,18.0,medium,clear,D064,D064,2026-08-23 20:00:03.751239,,2026-08-23 20:18:00,2026-08-23 21:19:36.000000,completed,eta-v3.2,False,D064,2026-08-23 20:00:03.751239,2026-08-23 21:14:03.581181,2026-08-23 20:21:34.157661,2,,,True,True,-1.54,0.0,0.0,delivered_on_time,2026-08-23 21:14:03.581181,False,-1.54,0.06,21.51,52.49,74.06,75.6,18.0,57.6,3.57,-5.11,4.0,2026-08-23,20,Sunday,10-20 km
O01414,C0877,R052,D003,Bengaluru,2026-08-05 13:47:00,2026-08-05 14:59:48.000000,2026-08-05 14:05:18.727367,2026-08-05 14:51:19.174334,delivered,18.0,low,clear,D003,D003,2026-08-05 13:48:47.100718,,2026-08-05 14:05:00,2026-08-05 14:59:48.000000,completed,eta-v3.2,False,D003,2026-08-05 13:48:47.100718,2026-08-05 14:51:19.174334,2026-08-05 14:05:18.727367,3,,,True,True,-8.48,0.0,0.0,delivered_on_time,2026-08-05 14:51:19.174334,False,-8.48,1.79,16.53,46.01,64.32,72.8,18.0,54.8,0.31,-8.79,0.0,2026-08-05,13,Wednesday,10-20 km
O01415,C0244,R036,D078,Bengaluru,2026-08-08 14:47:00,2026-08-08 15:47:12.756727,2026-08-08 15:09:20.023241,,cancelled,10.67,medium,clear,D078,D078,2026-08-08 14:50:27.175071,,2026-08-08 15:05:00,2026-08-08 15:53:12.819957,cancelled,eta-v3.1,False,D078,2026-08-08 14:50:27.175071,,,0,,,False,False,,,,cancelled,,False,,3.45,18.88,,,60.21,18.0,42.21,4.33,,6.0,2026-08-08,14,Saturday,10-20 km
O01416,C0554,R022,D063,Bengaluru,2026-08-06 19:03:00,2026-08-06 20:16:58.965882,2026-08-06 19:41:59.029158,2026-08-06 20:32:10.298755,delivered,17.23,medium,clear,D063,D063,2026-08-06 19:09:49.296035,,2026-08-06 19:21:00,2026-08-06 20:29:33.821660,completed,eta-v3.1,False,D063,2026-08-06 19:09:49.296035,2026-08-06 20:32:10.298755,2026-08-06 19:41:59.029158,4,,,True,True,15.19,1.0,1.0,delivered_late,2026-08-06 20:32:10.298755,False,15.19,6.82,32.16,50.19,89.17,73.98,18.0,55.98,20.98,-5.79,12.58,2026-08-06,19,Thursday,10-20 km
O01417,C0581,R050,D103,Bengaluru,2026-08-12 13:24:00,2026-08-12 14:49:24.000000,2026-08-12 13:59:54.167072,2026-08-12 15:05:52.636359,delivered,18.0,severe,clear,D103,D103,2026-08-12 13:25:19.290266,,2026-08-12 13:42:00,2026-08-12 15:07:59.113251,completed,eta-v3.2,False,D103,2026-08-12 13:25:19.290266,2026-08-12 15:05:52.636359,2026-08-12 13:59:54.167072,3,,,True,True,16.48,1.0,1.0,delivered_late,2026-08-12 15:05:52.636359,False,16.48,1.32,34.58,65.97,101.88,85.4,18.0,67.4,17.9,-1.43,18.59,2026-08-12,13,Wednesday,10-20 km
O01418,C0715,R039,D117,Bengaluru,2026-08-26 16:28:00,2026-08-26 17:15:20.133622,2026-08-26 16:53:03.236971,2026-08-26 17:08:19.251648,delivered,4.54,medium,clear,D117,D117,2026-08-26 16:31:00.561756,,2026-08-26 16:46:00,2026-08-26 17:19:20.133622,completed,eta-v3.2,False,D117,2026-08-26 16:31:00.561756,2026-08-26 17:08:19.251648,2026-08-26 16:53:03.236971,5,,,True,True,-7.01,0.0,0.0,delivered_on_time,2026-08-26 17:08:19.251648,False,-7.01,3.01,22.04,15.27,40.32,47.34,18.0,29.34,7.05,-14.07,4.0,2026-08-26,16,Wednesday,3-6 km
O01419,C0641,R044,D089,Bengaluru,2026-08-19 18:40:00,2026-08-19 19:44:50.031353,2026-08-19 18:58:21.755599,2026-08-19 19:32:20.715090,delivered,12.87,medium,clear,D089,D089,2026-08-19 18:45:00.668455,,2026-08-19 18:58:00,2026-08-19 19:49:58.220017,completed,eta-v3.2,False,D089,2026-08-19 18:45:00.668455,2026-08-19 19:32:20.715090,2026-08-19 18:58:21.755599,5,,,True,True,-12.49,0.0,0.0,delivered_on_time,2026-08-19 19:32:20.715090,False,-12.49,5.01,13.35,33.98,52.35,64.83,18.0,46.83,0.36,-12.85,5.14,2026-08-19,18,Wednesday,10-20 km
O01420,C0501,R054,D076,Bengaluru,2026-08-13 23:23:00,2026-08-14 00:45:18.000000,2026-08-13 23:55:02.327491,2026-08-14 00:50:50.769822,delivered,18.0,high,rain,D076,D076,2026-08-13 23:28:24.714677,,2026-08-13 23:41:00,2026-08-14 01:03:33.411020,completed,eta-v3.2,False,D076,2026-08-13 23:28:24.714677,2026-08-14 00:50:50.769822,2026-08-13 23:55:02.327491,5,,,True,True,5.55,1.0,0.0,delivered_late,2026-08-14 00:50:50.769822,False,5.55,5.41,26.63,55.81,87.85,82.3,18.0,64.3,14.04,-8.49,18.26,2026-08-13,23,Thursday,10-20 km
O01421,C0079,R041,D105,Bengaluru,2026-08-09 22:25:00,2026-08-09 23:36:55.402702,2026-08-09 22:49:48.480364,2026-08-09 23:34:11.926898,delivered,16.25,medium,clear,D105,D105,2026-08-09 22:26:06.300436,,2026-08-09 22:43:00,2026-08-09 23:41:28.127341,completed,eta-v3.1,False,D105,2026-08-09 22:26:06.300436,2026-08-09 23:34:11.926898,2026-08-09 22:49:48.480364,4,,,True,True,-2.72,0.0,0.0,delivered_on_time,2026-08-09 23:34:11.926898,False,-2.72,1.11,23.7,44.39,69.2,71.92,18.0,53.92,6.81,-9.53,4.55,2026-08-09,22,Sunday,10-20 km
O01422,C0834,R029,D087,Bengaluru,2026-08-25 23:31:00,2026-08-26 00:56:24.000000,2026-08-26 00:07:17.676523,2026-08-26 01:04:59.997287,delivered,18.0,severe,clear,D087,D087,2026-08-25 23:37:25.546630,,2026-08-25 23:49:00,2026-08-26 01:20:15.539879,completed,eta-v3.1,False,D087,2026-08-25 23:37:25.546630,2026-08-26 01:04:59.997287,2026-08-26 00:07:17.676523,3,,,True,True,8.6,1.0,0.0,delivered_late,2026-08-26 01:04:59.997287,False,8.6,6.43,29.87,57.71,94.0,85.4,18.0,67.4,18.29,-9.69,23.86,2026-08-25,23,Tuesday,10-20 km
O01423,C0016,R046,D093,Bengaluru,2026-08-14 18:32:00,2026-08-14 19:51:48.000000,2026-08-14 18:58:12.970361,2026-08-14 19:52:30.993575,delivered,18.0,high,clear,D093,D093,2026-08-14 18:38:45.254071,,2026-08-14 18:50:00,2026-08-14 20:04:04.111869,completed,eta-v3.2,False,D093,2026-08-14 18:38:45.254071,2026-08-14 19:52:30.993575,2026-08-14 18:58:12.970361,3,CX-03,,True,True,0.72,1.0,0.0,delivered_late,2026-08-14 19:52:30.993575,False,0.72,6.75,19.46,54.3,80.52,79.8,18.0,61.8,8.22,-7.5,12.27,2026-08-14,18,Friday,10-20 km
O01424,C0485,R039,D079,Bengaluru,2026-08-26 19:26:00,2026-08-26 20:31:35.727332,2026-08-26 19:43:52.662147,2026-08-26 20:29:20.333154,delivered,13.38,low,rain,D079,D079,2026-08-26 19:26:31.931755,,2026-08-26 19:44:00,2026-08-26 20:37:48.589575,completed,eta-v3.1,False,D079,2026-08-26 19:26:31.931755,2026-08-26 20:29:20.333154,2026-08-26 19:43:52.662147,2,,,True,True,-2.26,0.0,0.0,delivered_on_time,2026-08-26 20:29:20.333154,False,-2.26,0.53,17.35,45.46,63.34,65.6,18.0,47.6,-0.12,-2.14,6.21,2026-08-26,19,Wednesday,10-20 km
O01425,C0139,R050,D086,Bengaluru,2026-08-26 14:08:00,2026-08-26 14:57:00.511487,2026-08-26 14:43:37.596857,,cancelled,5.34,medium,clear,D086,D086,2026-08-26 14:08:24.608808,,2026-08-26 14:26:00,2026-08-26 15:01:19.604731,cancelled,eta-v3.2,False,D086,2026-08-26 14:08:24.608808,,,0,,,False,False,,,,cancelled,,False,,0.41,35.22,,,49.01,18.0,31.01,17.63,,4.32,2026-08-26,14,Wednesday,3-6 km
O01426,C0461,R054,D119,Bengaluru,2026-08-27 18:35:00,2026-08-27 19:54:48.000000,2026-08-27 18:58:08.071247,2026-08-27 19:51:02.594339,delivered,18.0,high,clear,D119,D119,2026-08-27 18:41:40.419093,,2026-08-27 18:53:00,2026-08-27 20:04:49.371572,completed,eta-v3.1,False,D119,2026-08-27 18:41:40.419093,2026-08-27 19:51:02.594339,2026-08-27 18:58:08.071247,5,,,True,True,-3.76,0.0,0.0,delivered_on_time,2026-08-27 19:51:02.594339,False,-3.76,6.67,16.46,52.91,76.04,79.8,18.0,61.8,5.13,-8.89,10.02,2026-08-27,18,Thursday,10-20 km
O01427,C0406,R054,D111,Bengaluru,2026-08-11 19:53:00,2026-08-11 21:05:48.000000,2026-08-11 20:24:44.456135,2026-08-11 21:12:43.718786,delivered,18.0,low,clear,D111,D111,2026-08-11 19:59:15.546656,,2026-08-11 20:11:00,2026-08-11 21:06:05.911146,completed,eta-v3.1,False,D111,2026-08-11 19:59:15.546656,2026-08-11 21:12:43.718786,2026-08-11 20:24:44.456135,3,,,True,True,6.93,1.0,0.0,delivered_late,2026-08-11 21:12:43.718786,False,6.93,6.26,25.48,47.99,79.73,72.8,18.0,54.8,13.74,-6.81,0.3,2026-08-11,19,Tuesday,10-20 km
O01428,C0232,R042,D028,Bengaluru,2026-08-19 21:37:00,2026-08-19 22:44:24.330427,2026-08-19 21:49:46.131718,2026-08-19 22:29:59.082322,delivered,12.1,high,clear,D028,D028,2026-08-19 21:38:55.809454,,2026-08-19 21:55:00,2026-08-19 22:55:29.767312,completed,eta-v3.1,False,D028,2026-08-19 21:38:55.809454,2026-08-19 22:29:59.082322,2026-08-19 21:49:46.131718,5,,,True,True,-14.42,0.0,0.0,delivered_on_time,2026-08-19 22:29:59.082322,False,-14.42,1.93,10.84,40.22,52.98,67.41,18.0,49.41,-5.23,-9.19,11.09,2026-08-19,21,Wednesday,10-20 km
O01429,C0474,R034,D045,Bengaluru,2026-08-15 23:01:00,2026-08-16 00:19:06.000000,2026-08-15 23:31:45.639727,2026-08-16 00:26:45.233081,delivered,18.0,medium,rain,D045,D045,2026-08-15 23:01:41.749012,,2026-08-15 23:19:00,2026-08-16 00:29:25.994747,completed,eta-v3.1,False,D045,2026-08-15 23:01:41.749012,2026-08-16 00:26:45.233081,2026-08-15 23:31:45.639727,2,,,True,True,7.65,1.0,0.0,delivered_late,2026-08-16 00:26:45.233081,False,7.65,0.7,30.06,54.99,85.75,78.1,18.0,60.1,12.76,-5.11,10.33,2026-08-15,23,Saturday,10-20 km
O01430,C0705,R017,D029,Bengaluru,2026-08-08 18:17:00,2026-08-08 19:32:13.760689,2026-08-08 18:46:32.908725,2026-08-08 19:42:35.679463,delivered,15.82,high,clear,D029,D029,2026-08-08 18:19:54.715580,,2026-08-08 18:35:00,2026-08-08 19:42:37.194140,completed,eta-v3.2,False,D029,2026-08-08 18:19:54.715580,2026-08-08 19:42:35.679463,2026-08-08 18:46:32.908725,3,,,True,True,10.37,1.0,1.0,delivered_late,2026-08-08 19:42:35.679463,False,10.37,2.91,26.64,56.05,85.59,75.23,18.0,57.23,11.55,-1.18,10.39,2026-08-08,18,Saturday,10-20 km
O01431,C0231,R030,D029,Bengaluru,2026-08-10 11:36:00,2026-08-10 12:48:16.637242,2026-08-10 12:15:21.640378,2026-08-10 13:00:14.623568,delivered,16.42,medium,clear,D029,D029,2026-08-10 11:43:08.072855,,2026-08-10 11:54:00,2026-08-10 12:57:56.607321,completed,eta-v3.1,False,D029,2026-08-10 11:43:08.072855,2026-08-10 13:00:14.623568,2026-08-10 12:15:21.640378,2,,,True,True,11.97,1.0,1.0,delivered_late,2026-08-10 13:00:14.623568,False,11.97,7.13,32.23,44.88,84.24,72.28,18.0,54.28,21.36,-9.4,9.67,2026-08-10,11,Monday,10-20 km
O01432,C0687,R013,D111,Bengaluru,2026-08-23 19:42:00,2026-08-23 20:54:48.000000,2026-08-23 19:54:19.522207,2026-08-23 20:40:05.588549,delivered,18.0,low,clear,D068,D111,2026-08-23 19:46:54.830169,2026-08-23 19:52:50.795091,2026-08-23 20:00:00,2026-08-23 20:54:48.000000,completed,eta-v3.2,True,D068,2026-08-23 19:46:54.830169,2026-08-23 20:40:05.588549,2026-08-23 19:54:19.522207,2,CX-01;CX-03,,True,True,-14.71,0.0,0.0,delivered_on_time,2026-08-23 20:40:05.588549,False,-14.71,4.91,7.41,45.77,58.09,72.8,18.0,54.8,-5.67,-9.03,0.0,2026-08-23,19,Sunday,10-20 km
O01433,C0564,R011,D119,Bengaluru,2026-08-02 20:04:00,2026-08-02 21:06:12.528788,2026-08-02 20:23:14.196169,2026-08-02 21:00:00.330691,delivered,9.62,high,clear,D119,D119,2026-08-02 20:09:19.394169,,2026-08-02 20:22:00,2026-08-02 21:16:51.998567,completed,eta-v3.2,False,D119,2026-08-02 20:09:19.394169,2026-08-02 21:00:00.330691,2026-08-02 20:23:14.196169,4,,,True,True,-6.2,0.0,0.0,delivered_on_time,2026-08-02 21:00:00.330691,False,-6.2,5.32,13.91,36.77,56.01,62.21,18.0,44.21,1.24,-7.44,10.66,2026-08-02,20,Sunday,6-10 km
O01434,C0579,R051,D072,Bengaluru,2026-08-14 12:30:00,2026-08-14 13:45:36.000000,2026-08-14 12:52:04.663794,2026-08-14 13:43:34.768227,delivered,18.0,medium,clear,D072,D072,2026-08-14 12:35:49.885836,,2026-08-14 12:48:00,2026-08-14 13:49:36.000000,completed,eta-v3.1,False,D072,2026-08-14 12:35:49.885836,2026-08-14 13:43:34.768227,2026-08-14 12:52:04.663794,5,,,True,True,-2.02,0.0,0.0,delivered_on_time,2026-08-14 13:43:34.768227,False,-2.02,5.83,16.25,51.5,73.58,75.6,18.0,57.6,4.08,-6.1,4.0,2026-08-14,12,Friday,10-20 km
O01435,C0134,R053,D096,Bengaluru,2026-08-05 20:06:00,2026-08-05 21:21:36.000000,2026-08-05 20:44:48.145036,2026-08-05 21:36:19.423116,delivered,18.0,medium,clear,D067,D096,2026-08-05 20:09:34.286655,2026-08-05 20:15:27.657725,2026-08-05 20:24:00,2026-08-05 21:25:36.000000,completed,eta-v3.1,True,D067,2026-08-05 20:09:34.286655,2026-08-05 21:36:19.423116,2026-08-05 20:44:48.145036,2,CX-01;CX-03,,True,True,14.72,1.0,1.0,delivered_late,2026-08-05 21:36:19.423116,False,14.72,3.57,35.23,51.52,90.32,75.6,18.0,57.6,20.8,-6.08,4.0,2026-08-05,20,Wednesday,10-20 km
O01436,C0376,R033,D010,Bengaluru,2026-08-28 19:20:00,2026-08-28 20:32:48.000000,2026-08-28 19:37:10.935859,2026-08-28 20:28:57.917950,delivered,18.0,low,clear,D010,D010,2026-08-28 19:28:03.038668,,2026-08-28 19:38:00,2026-08-28 20:32:48.000000,completed,eta-v3.2,False,D010,2026-08-28 19:28:03.038668,2026-08-28 20:28:57.917950,2026-08-28 19:37:10.935859,4,,,True,True,-3.83,0.0,0.0,delivered_on_time,2026-08-28 20:28:57.917950,False,-3.83,8.05,9.13,51.78,68.97,72.8,18.0,54.8,-0.82,-3.02,0.0,2026-08-28,19,Friday,10-20 km
O01437,C0790,R049,D089,Bengaluru,2026-08-03 11:40:00,2026-08-03 12:55:36.000000,2026-08-03 12:24:11.123451,2026-08-03 13:15:00.724055,delivered,18.0,medium,clear,D089,D089,2026-08-03 11:42:31.948600,,2026-08-03 11:58:00,2026-08-03 13:08:19.253471,completed,eta-v3.1,False,D089,2026-08-03 11:42:31.948600,2026-08-03 13:15:00.724055,2026-08-03 12:24:11.123451,4,,,True,True,19.41,1.0,1.0,delivered_late,2026-08-03 13:15:00.724055,False,19.41,2.53,41.65,50.83,95.01,75.6,18.0,57.6,26.19,-6.77,12.72,2026-08-03,11,Monday,10-20 km
O01438,C0514,R020,D010,Bengaluru,2026-08-07 16:26:00,2026-08-07 17:11:43.426041,2026-08-07 16:44:30.557514,2026-08-07 17:09:08.142954,delivered,3.77,medium,clear,D010,D010,2026-08-07 16:32:20.263451,,2026-08-07 16:44:00,2026-08-07 17:17:44.156900,completed,eta-v3.1,False,D010,2026-08-07 16:32:20.263451,2026-08-07 17:09:08.142954,2026-08-07 16:44:30.557514,3,,,True,True,-2.59,0.0,0.0,delivered_on_time,2026-08-07 17:09:08.142954,False,-2.59,6.34,12.17,24.63,43.14,45.72,18.0,27.72,0.51,-3.09,6.01,2026-08-07,16,Friday,3-6 km
O01439,C0498,R006,D001,Bengaluru,2026-08-03 11:40:00,2026-08-03 12:30:51.304043,2026-08-03 11:58:22.891428,2026-08-03 12:22:03.730813,delivered,6.22,medium,clear,D001,D001,2026-08-03 11:40:07.132333,,2026-08-03 11:58:00,2026-08-03 12:36:08.741782,completed,eta-v3.2,False,D001,2026-08-03 11:40:07.132333,2026-08-03 12:22:03.730813,2026-08-03 11:58:22.891428,4,,,True,True,-8.79,0.0,0.0,delivered_on_time,2026-08-03 12:22:03.730813,False,-8.79,0.12,18.26,23.68,42.06,50.86,18.0,32.86,0.38,-9.18,5.29,2026-08-03,11,Monday,6-10 km
O01440,C0441,R055,D022,Bengaluru,2026-08-20 14:03:00,2026-08-20 15:15:48.000000,2026-08-20 14:20:23.760419,2026-08-20 15:04:14.214915,delivered,18.0,low,clear,D022,D022,2026-08-20 14:15:15.126387,,2026-08-20 14:21:00,2026-08-20 15:15:48.000000,completed,eta-v3.2,False,D022,2026-08-20 14:15:15.126387,2026-08-20 15:04:14.214915,2026-08-20 14:20:23.760419,4,,,True,True,-11.56,0.0,0.0,delivered_on_time,2026-08-20 15:04:14.214915,False,-11.56,12.25,5.14,43.84,61.24,72.8,18.0,54.8,-0.6,-10.96,0.0,2026-08-20,14,Thursday,10-20 km
O01441,C0504,R004,D081,Bengaluru,2026-08-15 19:05:00,2026-08-15 19:54:52.707438,2026-08-15 19:33:18.170695,,cancelled,5.75,medium,clear,D081,D081,2026-08-15 19:05:14.157145,,2026-08-15 19:23:00,2026-08-15 20:05:44.253247,cancelled,eta-v3.1,False,D081,2026-08-15 19:05:14.157145,,,0,,,False,False,,,,cancelled,,False,,0.24,28.07,,,49.88,18.0,31.88,10.3,,10.86,2026-08-15,19,Saturday,3-6 km
O01442,C0024,R008,D013,Bengaluru,2026-08-16 11:02:00,2026-08-16 12:17:18.000000,2026-08-16 11:31:51.060773,,delivered,18.0,low,rain,D013,D013,2026-08-16 11:10:27.430176,,2026-08-16 11:20:00,2026-08-16 12:23:17.334575,completed,eta-v3.2,False,D013,2026-08-16 11:10:27.430176,2026-08-16 12:22:14.287754,2026-08-16 11:31:51.060773,4,TS-04,TS-04,True,False,,,,unknown_missing_timestamp,2026-08-16 12:22:14.287754,True,4.94,8.46,21.39,,,75.3,18.0,57.3,11.85,,5.99,2026-08-16,11,Sunday,10-20 km
O01443,C0369,R052,D027,Bengaluru,2026-08-01 11:40:00,2026-08-01 12:54:17.832727,2026-08-01 12:14:12.094463,2026-08-01 13:02:18.572378,delivered,12.71,severe,clear,D027,D027,2026-08-01 11:43:19.746234,,2026-08-01 11:58:00,2026-08-01 13:12:17.832727,completed,eta-v3.1,False,D027,2026-08-01 11:43:19.746234,2026-08-01 13:02:18.572378,2026-08-01 12:14:12.094463,5,,,True,True,8.01,1.0,0.0,delivered_late,2026-08-01 13:02:18.572378,False,8.01,3.33,30.87,48.11,82.31,74.3,18.0,56.3,16.2,-8.19,18.0,2026-08-01,11,Saturday,10-20 km
O01444,C0843,R055,D017,Bengaluru,2026-08-06 13:09:00,2026-08-06 14:08:45.713757,2026-08-06 13:37:15.118371,2026-08-06 14:11:06.558777,delivered,10.46,medium,clear,D017,D017,2026-08-06 13:15:01.422676,,2026-08-06 13:27:00,2026-08-06 14:15:25.476194,completed,eta-v3.1,False,D017,2026-08-06 13:15:01.422676,2026-08-06 14:11:06.558777,2026-08-06 13:37:15.118371,4,,,True,True,2.35,1.0,0.0,delivered_late,2026-08-06 14:11:06.558777,False,2.35,6.02,22.23,33.86,62.11,59.76,18.0,41.76,10.25,-7.9,6.66,2026-08-06,13,Thursday,10-20 km
O01445,C0868,R028,D080,Bengaluru,2026-08-09 18:51:00,2026-08-09 19:44:59.036914,2026-08-09 19:09:55.031108,2026-08-09 19:36:03.171343,delivered,9.04,low,clear,D111,D080,2026-08-09 18:52:31.251293,2026-08-09 19:01:08.442237,2026-08-09 19:09:00,2026-08-09 19:44:59.036914,completed,eta-v3.2,True,D111,2026-08-09 18:52:31.251293,2026-08-09 19:36:03.171343,2026-08-09 19:09:55.031108,5,CX-01;CX-03,,True,True,-8.93,0.0,0.0,delivered_on_time,2026-08-09 19:36:03.171343,False,-8.93,1.52,17.4,26.14,45.05,53.98,18.0,35.98,0.92,-9.84,0.0,2026-08-09,18,Sunday,6-10 km
O01446,C0664,R049,D058,Bengaluru,2026-08-01 20:27:00,2026-08-01 21:42:36.000000,2026-08-01 20:49:39.741752,2026-08-01 21:42:48.040805,delivered,18.0,medium,clear,D058,D058,2026-08-01 20:30:02.384306,,2026-08-01 20:45:00,2026-08-01 21:46:59.738059,completed,eta-v3.2,False,D058,2026-08-01 20:30:02.384306,2026-08-01 21:42:48.040805,2026-08-01 20:49:39.741752,2,,,True,True,0.2,1.0,0.0,delivered_late,2026-08-01 21:42:48.040805,False,0.2,3.04,19.62,53.14,75.8,75.6,18.0,57.6,4.66,-4.46,4.4,2026-08-01,20,Saturday,10-20 km
O01447,C0627,R057,D053,Bengaluru,2026-08-28 12:57:00,2026-08-28 14:12:36.000000,2026-08-28 13:14:44.390098,2026-08-28 14:01:46.021786,delivered,18.0,medium,clear,D053,D053,2026-08-28 13:03:50.432148,,2026-08-28 13:15:00,2026-08-28 14:17:35.772196,completed,eta-v3.1,False,D053,2026-08-28 13:03:50.432148,2026-08-28 14:01:46.021786,2026-08-28 13:14:44.390098,2,,,True,True,-10.83,0.0,0.0,delivered_on_time,2026-08-28 14:01:46.021786,False,-10.83,6.84,10.9,47.03,64.77,75.6,18.0,57.6,-0.26,-10.57,5.0,2026-08-28,12,Friday,10-20 km
O01448,C0388,R048,D034,Bengaluru,2026-08-16 18:51:00,2026-08-16 19:56:55.733594,2026-08-16 19:17:34.102461,2026-08-16 19:52:02.417625,delivered,13.39,medium,clear,D034,D034,2026-08-16 18:57:15.921523,,2026-08-16 19:09:00,2026-08-16 20:00:55.733594,completed,eta-v3.1,False,D034,2026-08-16 18:57:15.921523,2026-08-16 19:52:02.417625,2026-08-16 19:17:34.102461,3,,,True,True,-4.89,0.0,0.0,delivered_on_time,2026-08-16 19:52:02.417625,False,-4.89,6.27,20.3,34.47,61.04,65.93,18.0,47.93,8.57,-13.46,4.0,2026-08-16,18,Sunday,10-20 km
O01449,C0388,R009,D102,Bengaluru,2026-08-21 19:01:00,2026-08-21 20:20:48.000000,2026-08-21 19:21:37.338210,2026-08-21 20:16:51.391141,delivered,18.0,high,clear,D102,D102,2026-08-21 19:01:07.894123,,2026-08-21 19:19:00,2026-08-21 20:30:48.000000,completed,eta-v3.2,False,D102,2026-08-21 19:01:07.894123,2026-08-21 20:16:51.391141,2026-08-21 19:21:37.338210,3,,,True,True,-3.94,0.0,0.0,delivered_on_time,2026-08-21 20:16:51.391141,False,-3.94,0.13,20.49,55.23,75.86,79.8,18.0,61.8,2.62,-6.57,10.0,2026-08-21,19,Friday,10-20 km
O01450,C0044,R046,D016,Bengaluru,2026-08-11 20:35:00,2026-08-11 21:21:27.944600,2026-08-11 20:59:06.804869,2026-08-11 21:26:37.491994,delivered,4.13,medium,clear,D099,D016,2026-08-11 20:35:51.711493,2026-08-11 20:39:48.579583,2026-08-11 20:53:00,2026-08-11 21:25:27.944600,completed,eta-v3.1,True,D099,2026-08-11 20:35:51.711493,2026-08-11 21:26:37.491994,2026-08-11 20:59:06.804869,5,CX-01;CX-03,,True,True,5.16,1.0,0.0,delivered_late,2026-08-11 21:26:37.491994,False,5.16,0.86,23.25,27.51,51.62,46.47,18.0,28.47,6.11,-0.96,4.0,2026-08-11,20,Tuesday,3-6 km
O01451,C0742,R016,D076,Bengaluru,2026-08-26 18:00:00,2026-08-26 19:01:05.175786,2026-08-26 18:11:13.245759,2026-08-26 18:46:33.939797,delivered,11.09,medium,clear,D076,D076,2026-08-26 18:10:19.268250,,2026-08-26 18:18:00,2026-08-26 19:05:05.175786,completed,eta-v3.2,False,D076,2026-08-26 18:10:19.268250,2026-08-26 18:46:33.939797,2026-08-26 18:11:13.245759,2,,,True,True,-14.52,0.0,0.0,delivered_on_time,2026-08-26 18:46:33.939797,False,-14.52,10.32,0.9,35.34,46.57,61.09,18.0,43.09,-6.78,-7.75,4.0,2026-08-26,18,Wednesday,10-20 km
O01452,C0024,R056,D080,Bengaluru,2026-08-14 12:14:00,2026-08-14 13:29:36.000000,2026-08-14 12:28:46.919216,2026-08-14 13:22:10.458664,delivered,18.0,medium,clear,D080,D080,2026-08-14 12:17:42.566509,,2026-08-14 12:32:00,2026-08-14 13:34:27.493365,completed,eta-v3.2,False,D080,2026-08-14 12:17:42.566509,2026-08-14 13:22:10.458664,2026-08-14 12:28:46.919216,5,,,True,True,-7.43,0.0,0.0,delivered_on_time,2026-08-14 13:22:10.458664,False,-7.43,3.71,11.07,53.39,68.17,75.6,18.0,57.6,-3.22,-4.21,4.86,2026-08-14,12,Friday,10-20 km
O01453,C0278,R051,D109,Bengaluru,2026-08-15 20:31:00,2026-08-15 21:23:28.565536,2026-08-15 20:47:56.177482,2026-08-15 21:12:46.464734,delivered,4.99,high,clear,D109,D109,2026-08-15 20:33:11.064842,,2026-08-15 20:49:00,2026-08-15 21:33:28.565536,completed,eta-v3.1,False,D109,2026-08-15 20:33:11.064842,2026-08-15 21:12:46.464734,2026-08-15 20:47:56.177482,3,CX-03,,True,True,-10.7,0.0,0.0,delivered_on_time,2026-08-15 21:12:46.464734,False,-10.7,2.18,14.75,24.84,41.77,52.48,18.0,34.48,-1.06,-9.64,10.0,2026-08-15,20,Saturday,3-6 km
O01454,C0472,R027,D105,Bengaluru,2026-08-09 12:45:00,2026-08-09 13:57:48.000000,2026-08-09 13:02:40.503369,2026-08-09 13:47:14.141250,delivered,18.0,low,clear,D105,D105,2026-08-09 12:48:32.249579,,2026-08-09 13:03:00,2026-08-09 13:59:55.660259,completed,eta-v3.2,False,D105,2026-08-09 12:48:32.249579,2026-08-09 13:47:14.141250,2026-08-09 13:02:40.503369,4,,,True,True,-10.56,0.0,0.0,delivered_on_time,2026-08-09 13:47:14.141250,False,-10.56,3.54,14.14,44.56,62.24,72.8,18.0,54.8,-0.32,-10.24,2.13,2026-08-09,12,Sunday,10-20 km
O01455,C0257,R006,D064,Bengaluru,2026-08-16 18:24:00,2026-08-16 19:22:49.368287,2026-08-16 19:00:37.294244,2026-08-16 19:37:28.558623,delivered,11.34,low,clear,D064,D064,2026-08-16 18:24:48.479742,,2026-08-16 18:42:00,2026-08-16 19:22:49.368287,completed,eta-v3.2,False,D064,2026-08-16 18:24:48.479742,2026-08-16 19:37:28.558623,2026-08-16 19:00:37.294244,4,,,True,True,14.65,1.0,1.0,delivered_late,2026-08-16 19:37:28.558623,False,14.65,0.81,35.81,36.85,73.48,58.82,18.0,40.82,18.62,-3.97,0.0,2026-08-16,18,Sunday,10-20 km
O01456,C0207,R046,D104,Bengaluru,2026-08-18 22:08:00,2026-08-18 23:23:36.000000,2026-08-18 22:33:55.356513,2026-08-18 23:26:15.004486,delivered,18.0,medium,clear,D104,D104,2026-08-18 22:09:18.351614,,2026-08-18 22:26:00,2026-08-18 23:32:01.763866,completed,eta-v3.1,False,D104,2026-08-18 22:09:18.351614,2026-08-18 23:26:15.004486,2026-08-18 22:33:55.356513,2,,,True,True,2.65,1.0,0.0,delivered_late,2026-08-18 23:26:15.004486,False,2.65,1.31,24.62,52.33,78.25,75.6,18.0,57.6,7.92,-5.27,8.43,2026-08-18,22,Tuesday,10-20 km
O01457,C0703,R049,D066,Bengaluru,2026-08-20 13:08:00,2026-08-20 14:20:48.000000,2026-08-20 13:19:33.451393,2026-08-20 14:09:50.319150,delivered,18.0,low,clear,D066,D066,2026-08-20 13:08:44.908347,,2026-08-20 13:26:00,2026-08-20 14:20:48.000000,completed,eta-v3.1,False,D066,2026-08-20 13:08:44.908347,2026-08-20 14:09:50.319150,2026-08-20 13:19:33.451393,5,RG-03,,True,True,-10.96,0.0,0.0,delivered_on_time,2026-08-20 14:09:50.319150,False,-10.96,0.75,10.81,50.28,61.84,72.8,18.0,54.8,-6.44,-4.52,0.0,2026-08-20,13,Thursday,10-20 km
O01458,C0741,R045,D091,Bengaluru,2026-08-05 20:48:00,2026-08-05 21:51:07.001848,2026-08-05 21:07:51.341737,2026-08-05 21:42:13.403252,delivered,13.39,low,clear,D091,D091,2026-08-05 20:48:49.192771,,2026-08-05 21:06:00,2026-08-05 21:51:07.001848,completed,eta-v3.2,False,D091,2026-08-05 20:48:49.192771,2026-08-05 21:42:13.403252,2026-08-05 21:07:51.341737,3,,,True,True,-8.89,0.0,0.0,delivered_on_time,2026-08-05 21:42:13.403252,False,-8.89,0.82,19.04,34.37,54.22,63.12,18.0,45.12,1.86,-10.75,0.0,2026-08-05,20,Wednesday,10-20 km
O01459,C0198,R041,D104,Bengaluru,2026-08-04 18:41:00,2026-08-04 19:56:36.000000,2026-08-04 19:21:50.554318,2026-08-04 20:10:20.436035,delivered,18.0,medium,clear,D003,D104,2026-08-04 18:44:25.097779,2026-08-04 18:47:42.296772,2026-08-04 18:59:00,2026-08-04 20:02:45.394328,completed,eta-v3.2,True,D003,2026-08-04 18:44:25.097779,2026-08-04 20:10:20.436035,2026-08-04 19:21:50.554318,5,CX-01,,True,True,13.74,1.0,1.0,delivered_late,2026-08-04 20:10:20.436035,False,13.74,3.42,37.42,48.5,89.34,75.6,18.0,57.6,22.84,-9.1,6.16,2026-08-04,18,Tuesday,10-20 km
O01460,C0811,R051,D060,Bengaluru,2026-08-16 12:47:00,2026-08-16 13:57:19.943969,2026-08-16 13:04:07.275650,2026-08-16 13:51:06.599579,delivered,12.63,medium,heavy_rain,D060,D060,2026-08-16 12:49:01.012379,,2026-08-16 13:05:00,2026-08-16 14:13:19.943969,completed,eta-v3.1,False,D060,2026-08-16 12:49:01.012379,2026-08-16 13:51:06.599579,2026-08-16 13:04:07.275650,4,,,True,True,-6.22,0.0,0.0,delivered_on_time,2026-08-16 13:51:06.599579,False,-6.22,2.02,15.1,46.99,64.11,70.33,18.0,52.33,-0.88,-5.34,16.0,2026-08-16,12,Sunday,10-20 km
O01461,C0112,R007,D082,Bengaluru,2026-08-13 19:29:00,2026-08-13 20:47:06.000000,2026-08-13 19:51:54.210343,2026-08-13 20:45:46.941642,delivered,18.0,medium,rain,D082,D082,2026-08-13 19:31:40.051563,,2026-08-13 19:47:00,2026-08-13 20:56:47.384455,completed,eta-v3.1,False,D082,2026-08-13 19:31:40.051563,2026-08-13 20:45:46.941642,2026-08-13 19:51:54.210343,2,RG-03,,True,True,-1.32,0.0,0.0,delivered_on_time,2026-08-13 20:45:46.941642,False,-1.32,2.67,20.24,53.88,76.78,78.1,18.0,60.1,4.9,-6.22,9.69,2026-08-13,19,Thursday,10-20 km
O01462,C0401,R052,D033,Bengaluru,2026-08-12 13:39:00,2026-08-12 14:43:24.375921,2026-08-12 14:15:21.659502,2026-08-12 14:51:44.832232,delivered,10.67,high,clear,D033,D033,2026-08-12 13:41:28.902929,,2026-08-12 13:57:00,2026-08-12 14:59:49.154679,completed,eta-v3.2,False,D033,2026-08-12 13:41:28.902929,2026-08-12 14:51:44.832232,2026-08-12 14:15:21.659502,5,,,True,True,8.34,1.0,0.0,delivered_late,2026-08-12 14:51:44.832232,False,8.34,2.48,33.88,36.39,72.75,64.41,18.0,46.41,18.36,-10.02,16.41,2026-08-12,13,Wednesday,10-20 km
O01463,C0573,R050,D062,Bengaluru,2026-08-18 12:44:00,2026-08-18 13:45:23.437147,2026-08-18 13:21:08.797205,2026-08-18 14:01:12.740457,delivered,9.23,high,clear,D062,D062,2026-08-18 12:48:08.864373,,2026-08-18 13:02:00,2026-08-18 14:02:33.502357,completed,eta-v3.1,False,D062,2026-08-18 12:48:08.864373,2026-08-18 14:01:12.740457,2026-08-18 13:21:08.797205,5,,,True,True,15.82,1.0,1.0,delivered_late,2026-08-18 14:01:12.740457,False,15.82,4.15,33.0,40.07,77.21,61.39,18.0,43.39,19.15,-3.32,17.17,2026-08-18,12,Tuesday,6-10 km
O01464,C0814,R057,D013,Bengaluru,2026-08-05 13:43:00,2026-08-05 14:49:59.483633,2026-08-05 14:09:59.124455,2026-08-05 14:46:30.023589,delivered,13.9,medium,clear,D013,D013,2026-08-05 13:46:31.104591,,2026-08-05 14:01:00,2026-08-05 14:53:59.483633,completed,eta-v3.2,False,D013,2026-08-05 13:46:31.104591,2026-08-05 14:46:30.023589,2026-08-05 14:09:59.124455,5,,,True,True,-3.49,0.0,0.0,delivered_on_time,2026-08-05 14:46:30.023589,False,-3.49,3.52,23.47,36.51,63.5,66.99,18.0,48.99,8.99,-12.48,4.0,2026-08-05,13,Wednesday,10-20 km
O01465,C0075,R039,D089,Bengaluru,2026-08-01 22:15:00,2026-08-01 23:20:25.824757,2026-08-01 22:40:52.268606,2026-08-01 23:17:18.746834,delivered,13.16,medium,clear,D089,D089,2026-08-01 22:21:49.842018,,2026-08-01 22:33:00,2026-08-01 23:24:25.824757,completed,eta-v3.1,False,D089,2026-08-01 22:21:49.842018,2026-08-01 23:17:18.746834,2026-08-01 22:40:52.268606,2,,,True,True,-3.12,0.0,0.0,delivered_on_time,2026-08-01 23:17:18.746834,False,-3.12,6.83,19.04,36.44,62.31,65.43,18.0,47.43,7.87,-10.99,4.0,2026-08-01,22,Saturday,10-20 km
O01466,C0663,R040,D088,Bengaluru,2026-08-12 19:40:00,2026-08-12 20:55:36.000000,2026-08-12 20:16:47.364226,2026-08-12 21:08:04.411066,delivered,18.0,medium,clear,D088,D088,2026-08-12 19:44:33.490864,,2026-08-12 19:58:00,2026-08-12 21:00:55.695492,completed,eta-v3.1,False,D088,2026-08-12 19:44:33.490864,2026-08-12 21:08:04.411066,2026-08-12 20:16:47.364226,3,CX-03,,True,True,12.47,1.0,1.0,delivered_late,2026-08-12 21:08:04.411066,False,12.47,4.56,32.23,51.28,88.07,75.6,18.0,57.6,18.79,-6.32,5.33,2026-08-12,19,Wednesday,10-20 km
O01467,C0686,R047,D085,Bengaluru,2026-08-03 21:21:00,2026-08-03 22:43:18.000000,2026-08-03 21:59:30.145344,2026-08-03 23:03:23.975436,delivered,18.0,high,rain,D085,D085,2026-08-03 21:22:57.992063,,2026-08-03 21:39:00,2026-08-03 23:03:47.153338,completed,eta-v3.2,False,D085,2026-08-03 21:22:57.992063,2026-08-03 23:03:23.975436,2026-08-03 21:59:30.145344,5,,,True,True,20.1,1.0,1.0,delivered_late,2026-08-03 23:03:23.975436,False,20.1,1.97,36.54,63.9,102.4,82.3,18.0,64.3,20.5,-0.4,20.49,2026-08-03,21,Monday,10-20 km
O01468,C0096,R032,D004,Bengaluru,2026-08-12 12:09:00,2026-08-12 13:30:36.000000,2026-08-12 12:26:14.834206,2026-08-12 13:24:02.130571,delivered,18.0,medium,heavy_rain,D004,D004,2026-08-12 12:16:11.751043,,2026-08-12 12:27:00,2026-08-12 13:46:36.000000,completed,eta-v3.2,False,D004,2026-08-12 12:16:11.751043,2026-08-12 13:24:02.130571,2026-08-12 12:26:14.834206,4,,,True,True,-6.56,0.0,0.0,delivered_on_time,2026-08-12 13:24:02.130571,False,-6.56,7.2,10.05,57.79,75.04,81.6,18.0,63.6,-0.75,-5.81,16.0,2026-08-12,12,Wednesday,10-20 km
O01469,C0832,R019,D046,Bengaluru,2026-08-17 18:18:00,2026-08-17 19:33:36.000000,2026-08-17 18:34:17.475813,2026-08-17 19:21:05.968121,delivered,18.0,medium,clear,D046,D046,2026-08-17 18:18:40.942372,,2026-08-17 18:36:00,2026-08-17 19:37:36.000000,completed,eta-v3.2,False,D046,2026-08-17 18:18:40.942372,2026-08-17 19:21:05.968121,2026-08-17 18:34:17.475813,3,RG-03,,True,True,-12.5,0.0,0.0,delivered_on_time,2026-08-17 19:21:05.968121,False,-12.5,0.68,15.61,46.81,63.1,75.6,18.0,57.6,-1.71,-10.79,4.0,2026-08-17,18,Monday,10-20 km
O01470,C0732,R050,D030,Bengaluru,2026-08-19 17:24:00,2026-08-19 18:23:02.627619,2026-08-19 18:19:20.433031,2026-08-19 18:50:50.704290,delivered,10.12,medium,clear,D030,D030,2026-08-19 17:24:11.157790,,2026-08-19 17:42:00,2026-08-19 18:34:49.617892,completed,eta-v3.2,False,D030,2026-08-19 17:24:11.157790,2026-08-19 18:50:50.704290,2026-08-19 18:19:20.433031,3,,,True,True,27.8,1.0,1.0,delivered_late,2026-08-19 18:50:50.704290,False,27.8,0.19,55.15,31.5,86.85,59.04,18.0,41.04,37.34,-9.54,11.78,2026-08-19,17,Wednesday,10-20 km
O01471,C0735,R043,D097,Bengaluru,2026-08-19 20:16:00,2026-08-19 21:22:33.205772,2026-08-19 20:48:56.827370,2026-08-19 21:26:39.378167,delivered,11.69,high,clear,D097,D097,2026-08-19 20:18:57.089515,,2026-08-19 20:34:00,2026-08-19 21:37:37.833930,completed,eta-v3.1,False,D097,2026-08-19 20:18:57.089515,2026-08-19 21:26:39.378167,2026-08-19 20:48:56.827370,3,,,True,True,4.1,1.0,0.0,delivered_late,2026-08-19 21:26:39.378167,False,4.1,2.95,30.0,37.71,70.66,66.55,18.0,48.55,14.95,-10.84,15.08,2026-08-19,20,Wednesday,10-20 km
O01472,C0701,R025,D008,Bengaluru,2026-08-28 19:54:00,2026-08-28 21:13:48.000000,2026-08-28 20:44:29.523027,2026-08-28 21:39:36.533246,delivered,18.0,high,clear,D008,D008,2026-08-28 19:57:44.535512,,2026-08-28 20:12:00,2026-08-28 21:34:21.424290,completed,eta-v3.2,False,D008,2026-08-28 19:57:44.535512,2026-08-28 21:39:36.533246,2026-08-28 20:44:29.523027,4,,,True,True,25.81,1.0,1.0,delivered_late,2026-08-28 21:39:36.533246,False,25.81,3.74,46.75,55.12,105.61,79.8,18.0,61.8,32.49,-6.68,20.56,2026-08-28,19,Friday,10-20 km
O01473,C0704,R060,D028,Bengaluru,2026-08-20 18:05:00,2026-08-20 19:20:36.000000,2026-08-20 18:21:49.952262,2026-08-20 19:14:14.858727,delivered,18.0,medium,clear,D028,D028,2026-08-20 18:06:27.167436,,2026-08-20 18:23:00,2026-08-20 19:24:36.000000,completed,eta-v3.1,False,D028,2026-08-20 18:06:27.167436,2026-08-20 19:14:14.858727,2026-08-20 18:21:49.952262,4,,,True,True,-6.35,0.0,0.0,delivered_on_time,2026-08-20 19:14:14.858727,False,-6.35,1.45,15.38,52.42,69.25,75.6,18.0,57.6,-1.17,-5.18,4.0,2026-08-20,18,Thursday,10-20 km
O01474,C0142,R058,D108,Bengaluru,2026-08-24 18:25:00,2026-08-24 19:37:48.000000,2026-08-24 18:50:54.516109,2026-08-24 19:38:44.783068,delivered,18.0,low,clear,D108,D108,2026-08-24 18:33:49.174517,,2026-08-24 18:43:00,2026-08-24 19:37:48.000000,completed,eta-v3.1,False,D108,2026-08-24 18:33:49.174517,2026-08-24 19:38:44.783068,2026-08-24 18:50:54.516109,3,,,True,True,0.95,1.0,0.0,delivered_late,2026-08-24 19:38:44.783068,False,0.95,8.82,17.09,47.84,73.75,72.8,18.0,54.8,7.91,-6.96,0.0,2026-08-24,18,Monday,10-20 km
O01475,C0464,R021,D022,Bengaluru,2026-08-27 11:56:00,2026-08-27 13:15:48.000000,2026-08-27 12:30:46.266830,2026-08-27 13:27:54.361127,delivered,18.0,high,clear,D022,D022,2026-08-27 11:56:20.574678,,2026-08-27 12:14:00,2026-08-27 13:27:17.176806,completed,eta-v3.1,False,D022,2026-08-27 11:56:20.574678,2026-08-27 13:27:54.361127,2026-08-27 12:30:46.266830,3,CX-03,,True,True,12.11,1.0,1.0,delivered_late,2026-08-27 13:27:54.361127,False,12.11,0.34,34.43,57.13,91.91,79.8,18.0,61.8,16.77,-4.67,11.49,2026-08-27,11,Thursday,10-20 km
O01476,C0457,R030,D066,Bengaluru,2026-08-01 22:32:00,2026-08-01 23:39:36.200640,2026-08-01 22:52:00.759427,2026-08-01 23:41:30.870902,delivered,12.67,low,heavy_rain,D066,D066,2026-08-01 22:44:42.638731,,2026-08-01 22:50:00,2026-08-01 23:52:34.687568,completed,eta-v3.2,False,D066,2026-08-01 22:44:42.638731,2026-08-01 23:41:30.870902,2026-08-01 22:52:00.759427,4,,,True,True,1.91,1.0,0.0,delivered_late,2026-08-01 23:41:30.870902,False,1.91,12.71,7.3,49.5,69.51,67.6,18.0,49.6,2.01,-0.1,12.97,2026-08-01,22,Saturday,10-20 km
O01477,C0037,R047,D024,Bengaluru,2026-08-20 13:35:00,2026-08-20 15:02:06.635790,2026-08-20 13:56:11.148798,2026-08-20 15:05:38.173741,delivered,17.62,severe,rain,D024,D024,2026-08-20 13:37:54.068845,,2026-08-20 13:53:00,2026-08-20 15:25:15.014427,completed,eta-v3.2,False,D024,2026-08-20 13:37:54.068845,2026-08-20 15:05:38.173741,2026-08-20 13:56:11.148798,2,,,True,True,3.53,1.0,0.0,delivered_late,2026-08-20 15:05:38.173741,False,3.53,2.9,18.28,69.45,90.64,87.11,18.0,69.11,3.19,0.34,23.14,2026-08-20,13,Thursday,10-20 km
O01478,C0368,R040,D082,Bengaluru,2026-08-12 11:41:00,2026-08-12 13:08:54.000000,2026-08-12 12:31:34.435474,2026-08-12 13:38:38.613281,delivered,18.0,severe,rain,D082,D082,2026-08-12 11:45:58.063837,,2026-08-12 11:59:00,2026-08-12 13:40:08.037789,completed,eta-v3.1,False,D082,2026-08-12 11:45:58.063837,2026-08-12 13:38:38.613281,2026-08-12 12:31:34.435474,2,,,True,True,29.74,1.0,1.0,delivered_late,2026-08-12 13:38:38.613281,False,29.74,4.97,45.61,67.07,117.64,87.9,18.0,69.9,32.57,-2.83,31.23,2026-08-12,11,Wednesday,10-20 km
O01479,C0137,R033,D054,Bengaluru,2026-08-17 18:48:00,2026-08-17 20:07:48.000000,2026-08-17 19:26:55.173456,2026-08-17 20:26:57.651993,delivered,18.0,high,clear,D054,D054,2026-08-17 19:03:10.600002,,2026-08-17 19:06:00,2026-08-17 20:17:48.000000,completed,eta-v3.2,False,D054,2026-08-17 19:03:10.600002,2026-08-17 20:26:57.651993,2026-08-17 19:26:55.173456,3,,,True,True,19.16,1.0,1.0,delivered_late,2026-08-17 20:26:57.651993,False,19.16,15.18,23.74,60.04,98.96,79.8,18.0,61.8,20.92,-1.76,10.0,2026-08-17,18,Monday,10-20 km
O01480,C0362,R055,D028,Bengaluru,2026-08-04 15:41:00,2026-08-04 16:28:07.106814,2026-08-04 16:13:44.370318,2026-08-04 16:35:08.661261,delivered,5.77,low,clear,D120,D028,2026-08-04 15:50:39.818163,2026-08-04 15:55:29.210834,2026-08-04 15:59:00,2026-08-04 16:28:07.106814,completed,eta-v3.2,True,D120,2026-08-04 15:50:39.818163,2026-08-04 16:35:08.661261,2026-08-04 16:13:44.370318,5,CX-01;CX-03,,True,True,7.03,1.0,0.0,delivered_late,2026-08-04 16:35:08.661261,False,7.03,9.66,23.08,21.4,54.14,47.12,18.0,29.12,14.74,-7.72,0.0,2026-08-04,15,Tuesday,3-6 km
O01481,C0809,R021,D013,Bengaluru,2026-08-20 11:56:00,2026-08-20 13:09:17.247395,2026-08-20 12:42:57.570621,2026-08-20 13:34:03.285496,delivered,15.71,medium,rain,D013,D013,2026-08-20 11:58:21.653554,,2026-08-20 12:14:00,2026-08-20 13:26:30.793193,completed,eta-v3.1,False,D013,2026-08-20 11:58:21.653554,2026-08-20 13:34:03.285496,2026-08-20 12:42:57.570621,2,,,True,True,24.77,1.0,1.0,delivered_late,2026-08-20 13:34:03.285496,False,24.77,2.36,44.6,51.1,98.05,73.29,18.0,55.29,28.96,-4.19,17.23,2026-08-20,11,Thursday,10-20 km
O01482,C0489,R025,D065,Bengaluru,2026-08-14 23:33:00,2026-08-15 00:58:24.000000,2026-08-14 23:56:54.322492,2026-08-15 00:59:22.159889,delivered,18.0,severe,clear,D065,D065,2026-08-14 23:34:14.265602,,2026-08-14 23:51:00,2026-08-15 01:16:24.000000,completed,eta-v3.1,False,D065,2026-08-14 23:34:14.265602,2026-08-15 00:59:22.159889,2026-08-14 23:56:54.322492,3,,,True,True,0.97,1.0,0.0,delivered_late,2026-08-15 00:59:22.159889,False,0.97,1.24,22.67,62.46,86.37,85.4,18.0,67.4,5.91,-4.94,18.0,2026-08-14,23,Friday,10-20 km
O01483,C0731,R060,D115,Bengaluru,2026-08-11 21:21:00,2026-08-11 22:22:27.366123,2026-08-11 21:40:34.239524,2026-08-11 22:20:53.891888,delivered,6.6,severe,clear,D115,D115,2026-08-11 21:21:27.787153,,2026-08-11 21:39:00,2026-08-11 22:40:27.366123,completed,eta-v3.2,False,D115,2026-08-11 21:21:27.787153,2026-08-11 22:20:53.891888,2026-08-11 21:40:34.239524,3,,,True,True,-1.56,0.0,0.0,delivered_on_time,2026-08-11 22:20:53.891888,False,-1.56,0.46,19.11,40.33,59.9,61.46,18.0,43.46,1.57,-3.13,18.0,2026-08-11,21,Tuesday,6-10 km
O01484,C0282,R032,D082,Bengaluru,2026-08-08 19:37:00,2026-08-08 20:56:11.873114,2026-08-08 19:57:50.124777,2026-08-08 20:52:29.961536,delivered,17.71,high,clear,D082,D082,2026-08-08 19:44:54.740233,,2026-08-08 19:55:00,2026-08-08 21:06:11.873114,completed,eta-v3.2,False,D082,2026-08-08 19:44:54.740233,2026-08-08 20:52:29.961536,2026-08-08 19:57:50.124777,2,,,True,True,-3.7,0.0,0.0,delivered_on_time,2026-08-08 20:52:29.961536,False,-3.7,7.91,12.92,54.66,75.5,79.2,18.0,61.2,2.84,-6.54,10.0,2026-08-08,19,Saturday,10-20 km
O01485,C0403,R022,D054,Bengaluru,2026-08-27 15:27:00,2026-08-27 16:14:47.674943,2026-08-27 16:07:56.960046,2026-08-27 16:35:11.003302,delivered,4.76,medium,clear,D054,D054,2026-08-27 15:31:14.049527,,2026-08-27 15:45:00,2026-08-27 16:20:02.006885,completed,eta-v3.1,False,D054,2026-08-27 15:31:14.049527,2026-08-27 16:35:11.003302,2026-08-27 16:07:56.960046,5,,,True,True,20.39,1.0,1.0,delivered_late,2026-08-27 16:35:11.003302,False,20.39,4.23,36.72,27.23,68.18,47.79,18.0,29.79,22.95,-2.56,5.24,2026-08-27,15,Thursday,3-6 km
O01486,C0685,R053,D075,Bengaluru,2026-08-09 16:40:00,2026-08-09 17:48:20.383307,2026-08-09 17:05:15.867602,2026-08-09 17:45:18.275916,delivered,14.54,medium,clear,D075,D075,2026-08-09 16:40:02.328762,,2026-08-09 16:58:00,2026-08-09 17:57:36.199089,completed,eta-v3.1,False,D075,2026-08-09 16:40:02.328762,2026-08-09 17:45:18.275916,2026-08-09 17:05:15.867602,5,,,True,True,-3.04,0.0,0.0,delivered_on_time,2026-08-09 17:45:18.275916,False,-3.04,0.04,25.23,40.04,65.3,68.34,18.0,50.34,7.26,-10.3,9.26,2026-08-09,16,Sunday,10-20 km
O01487,C0025,R028,D087,Bengaluru,2026-08-05 21:53:00,2026-08-05 22:54:58.535386,2026-08-05 22:18:12.430728,2026-08-05 22:51:45.443564,delivered,12.85,low,clear,D087,D087,2026-08-05 21:59:03.670754,,2026-08-05 22:11:00,2026-08-05 22:54:58.535386,completed,eta-v3.2,False,D087,2026-08-05 21:59:03.670754,2026-08-05 22:51:45.443564,2026-08-05 22:18:12.430728,2,CX-03,,True,True,-3.22,0.0,0.0,delivered_on_time,2026-08-05 22:51:45.443564,False,-3.22,6.06,19.15,33.55,58.76,61.98,18.0,43.98,7.21,-10.43,0.0,2026-08-05,21,Wednesday,10-20 km
O01488,C0694,R054,D101,Bengaluru,2026-08-10 13:08:00,2026-08-10 14:27:48.000000,2026-08-10 13:37:44.332153,,cancelled,18.0,high,clear,D101,D101,2026-08-10 13:08:57.276884,,2026-08-10 13:26:00,2026-08-10 14:38:47.858477,cancelled,eta-v3.1,False,D101,2026-08-10 13:08:57.276884,,,0,,,False,False,,,,cancelled,,False,,0.95,28.78,,,79.8,18.0,61.8,11.74,,11.0,2026-08-10,13,Monday,10-20 km
O01489,C0732,R025,D116,Bengaluru,2026-08-15 22:09:00,2026-08-15 23:24:18.000000,2026-08-15 22:23:17.346786,2026-08-15 23:12:48.563960,delivered,18.0,low,rain,D116,D116,2026-08-15 22:14:29.970217,,2026-08-15 22:27:00,2026-08-15 23:29:18.000000,completed,eta-v3.1,False,D116,2026-08-15 22:14:29.970217,2026-08-15 23:12:48.563960,2026-08-15 22:23:17.346786,5,,,True,True,-11.49,0.0,0.0,delivered_on_time,2026-08-15 23:12:48.563960,False,-11.49,5.5,8.79,49.52,63.81,75.3,18.0,57.3,-3.71,-7.78,5.0,2026-08-15,22,Saturday,10-20 km
O01490,C0238,R020,D108,Bengaluru,2026-08-27 22:45:00,2026-08-28 00:04:52.893166,2026-08-27 23:02:39.682115,2026-08-28 00:00:56.422642,delivered,16.85,high,rain,D108,D108,2026-08-27 22:45:28.988678,,2026-08-27 23:03:00,2026-08-28 00:20:46.527913,completed,eta-v3.2,False,D108,2026-08-27 22:45:28.988678,2026-08-28 00:00:56.422642,2026-08-27 23:02:39.682115,5,,,True,True,-3.94,0.0,0.0,delivered_on_time,2026-08-28 00:00:56.422642,False,-3.94,0.48,17.18,58.28,75.94,79.88,18.0,61.88,-0.34,-3.6,15.89,2026-08-27,22,Thursday,10-20 km
O01491,C0068,R021,D085,Bengaluru,2026-08-13 18:15:00,2026-08-13 19:27:48.000000,2026-08-13 18:51:20.711881,2026-08-13 19:34:28.012686,delivered,18.0,low,clear,D085,D085,2026-08-13 18:17:47.292974,,2026-08-13 18:33:00,2026-08-13 19:35:51.404413,completed,eta-v3.1,False,D085,2026-08-13 18:17:47.292974,2026-08-13 19:34:28.012686,2026-08-13 18:51:20.711881,5,,,True,True,6.67,1.0,0.0,delivered_late,2026-08-13 19:34:28.012686,False,6.67,2.79,33.56,43.12,79.47,72.8,18.0,54.8,18.35,-11.68,8.06,2026-08-13,18,Thursday,10-20 km
O01492,C0713,R055,D018,Bengaluru,2026-08-06 13:05:00,2026-08-06 14:20:36.000000,2026-08-06 13:33:17.375748,,cancelled,18.0,medium,clear,D090,D018,2026-08-06 13:15:46.686077,2026-08-06 13:19:46.181922,2026-08-06 13:23:00,2026-08-06 14:25:59.404640,cancelled,eta-v3.1,True,D090,2026-08-06 13:15:46.686077,,,0,CX-01;CX-03,,False,False,,,,cancelled,,False,,10.78,17.51,,,75.6,18.0,57.6,10.29,,5.39,2026-08-06,13,Thursday,10-20 km
O01493,C0673,R012,D004,Bengaluru,2026-08-14 11:07:00,2026-08-14 12:16:51.973339,2026-08-14 11:46:13.644163,,cancelled,14.08,medium,rain,D004,D004,2026-08-14 11:09:46.811141,,2026-08-14 11:25:00,2026-08-14 12:27:31.466296,cancelled,eta-v3.1,False,D004,2026-08-14 11:09:46.811141,,,0,,,False,False,,,,cancelled,,False,,2.78,36.45,,,69.87,18.0,51.87,21.23,,10.66,2026-08-14,11,Friday,10-20 km
O01494,C0260,R033,D091,Bengaluru,2026-08-03 17:53:00,2026-08-03 19:12:48.000000,2026-08-03 18:19:56.303290,2026-08-03 19:14:24.623147,delivered,18.0,high,clear,D091,D091,2026-08-03 17:57:52.638392,,2026-08-03 18:11:00,2026-08-03 19:26:10.986092,completed,eta-v3.2,False,D091,2026-08-03 17:57:52.638392,2026-08-03 19:14:24.623147,2026-08-03 18:19:56.303290,5,,,True,True,1.61,1.0,0.0,delivered_late,2026-08-03 19:14:24.623147,False,1.61,4.88,22.06,54.47,81.41,79.8,18.0,61.8,8.94,-7.33,13.38,2026-08-03,17,Monday,10-20 km
O01495,C0426,R043,D046,Bengaluru,2026-08-23 14:31:00,2026-08-23 15:35:26.743289,2026-08-23 15:21:34.873980,2026-08-23 15:57:46.039379,delivered,10.69,high,clear,D046,D046,2026-08-23 14:31:36.147891,,2026-08-23 14:49:00,2026-08-23 15:51:50.416177,completed,eta-v3.2,False,D046,2026-08-23 14:31:36.147891,2026-08-23 15:57:46.039379,2026-08-23 15:21:34.873980,5,,,True,True,22.32,1.0,1.0,delivered_late,2026-08-23 15:57:46.039379,False,22.32,0.6,49.98,36.19,86.77,64.45,18.0,46.45,32.58,-10.26,16.39,2026-08-23,14,Sunday,10-20 km
O01496,C0042,R002,D032,Bengaluru,2026-08-03 22:31:00,2026-08-03 23:53:18.000000,2026-08-03 22:52:50.955735,2026-08-03 23:56:10.608094,delivered,18.0,high,rain,D032,D032,2026-08-03 22:32:07.544223,,2026-08-03 22:49:00,2026-08-04 00:08:18.000000,completed,eta-v3.2,False,D032,2026-08-03 22:32:07.544223,2026-08-03 23:56:10.608094,2026-08-03 22:52:50.955735,3,,,True,True,2.88,1.0,0.0,delivered_late,2026-08-03 23:56:10.608094,False,2.88,1.13,20.72,63.33,85.18,82.3,18.0,64.3,3.85,-0.97,15.0,2026-08-03,22,Monday,10-20 km
O01497,C0574,R041,D109,Bengaluru,2026-08-01 11:02:00,2026-08-01 12:21:48.000000,2026-08-01 11:45:32.038298,2026-08-01 12:36:06.941754,delivered,18.0,high,clear,D109,D109,2026-08-01 11:03:07.731329,,2026-08-01 11:20:00,2026-08-01 12:32:37.848994,completed,eta-v3.1,False,D109,2026-08-01 11:03:07.731329,2026-08-01 12:36:06.941754,2026-08-01 11:45:32.038298,2,,,True,True,14.32,1.0,1.0,delivered_late,2026-08-01 12:36:06.941754,False,14.32,1.13,42.41,50.58,94.12,79.8,18.0,61.8,25.53,-11.22,10.83,2026-08-01,11,Saturday,10-20 km
O01498,C0624,R056,D031,Bengaluru,2026-08-07 20:31:00,2026-08-07 21:50:48.000000,2026-08-07 20:55:57.784546,2026-08-07 21:51:15.824264,delivered,18.0,high,clear,D031,D031,2026-08-07 20:32:20.047867,,2026-08-07 20:49:00,2026-08-07 22:00:48.000000,completed,eta-v3.1,False,D031,2026-08-07 20:32:20.047867,2026-08-07 21:51:15.824264,2026-08-07 20:55:57.784546,5,,,True,True,0.46,1.0,0.0,delivered_late,2026-08-07 21:51:15.824264,False,0.46,1.33,23.63,55.3,80.26,79.8,18.0,61.8,6.96,-6.5,10.0,2026-08-07,20,Friday,10-20 km
O01499,C0831,R011,D106,Bengaluru,2026-08-07 20:05:00,2026-08-07 21:18:16.765675,2026-08-07 20:42:37.799748,2026-08-07 21:29:42.751504,delivered,14.89,high,clear,D106,D106,2026-08-07 20:07:37.968390,,2026-08-07 20:23:00,2026-08-07 21:31:46.377198,completed,eta-v3.1,False,D106,2026-08-07 20:07:37.968390,2026-08-07 21:29:42.751504,2026-08-07 20:42:37.799748,4,CX-03,,True,True,11.43,1.0,1.0,delivered_late,2026-08-07 21:29:42.751504,False,11.43,2.63,35.0,47.08,84.71,73.28,18.0,55.28,19.63,-8.2,13.49,2026-08-07,20,Friday,10-20 km
O01500,C0621,R016,D032,Bengaluru,2026-08-08 16:17:00,2026-08-08 17:19:43.684835,2026-08-08 16:38:53.393622,2026-08-08 17:17:49.842786,delivered,13.2,low,clear,D032,D032,2026-08-08 16:30:33.776477,,2026-08-08 16:35:00,2026-08-08 17:19:43.684835,completed,eta-v3.1,False,D032,2026-08-08 16:30:33.776477,2026-08-08 17:17:49.842786,2026-08-08 16:38:53.393622,3,,,True,True,-1.9,0.0,0.0,delivered_on_time,2026-08-08 17:17:49.842786,False,-1.9,13.56,8.33,38.94,60.83,62.73,18.0,44.73,3.89,-5.79,0.0,2026-08-08,16,Saturday,10-20 km
O01501,C0749,R046,D083,Bengaluru,2026-08-25 17:10:00,2026-08-25 18:25:36.000000,2026-08-25 17:36:19.509166,2026-08-25 18:22:22.587482,delivered,18.0,medium,clear,D083,D083,2026-08-25 17:10:15.846405,,2026-08-25 17:28:00,2026-08-25 18:29:36.000000,completed,eta-v3.1,False,D083,2026-08-25 17:10:15.846405,2026-08-25 18:22:22.587482,2026-08-25 17:36:19.509166,4,,,True,True,-3.22,0.0,0.0,delivered_on_time,2026-08-25 18:22:22.587482,False,-3.22,0.26,26.06,46.05,72.38,75.6,18.0,57.6,8.33,-11.55,4.0,2026-08-25,17,Tuesday,10-20 km
O01502,C0568,R015,D112,Bengaluru,2026-08-28 11:22:00,2026-08-28 12:29:30.981122,2026-08-28 11:42:45.065240,2026-08-28 12:26:35.381750,delivered,9.48,severe,clear,D112,D112,2026-08-28 11:25:00.641800,,2026-08-28 11:40:00,2026-08-28 12:47:30.981122,completed,eta-v3.1,False,D112,2026-08-28 11:25:00.641800,2026-08-28 12:26:35.381750,2026-08-28 11:42:45.065240,3,,,True,True,-2.93,0.0,0.0,delivered_on_time,2026-08-28 12:26:35.381750,False,-2.93,3.01,17.74,43.84,64.59,67.52,18.0,49.52,2.75,-5.68,18.0,2026-08-28,11,Friday,6-10 km
O01503,C0105,R045,D045,Bengaluru,2026-08-07 19:39:00,2026-08-07 21:00:36.000000,2026-08-07 20:15:45.378033,2026-08-07 21:22:17.089088,delivered,18.0,medium,heavy_rain,D045,D045,2026-08-07 19:41:04.742187,,2026-08-07 19:57:00,2026-08-07 21:23:06.771954,completed,eta-v3.2,False,D045,2026-08-07 19:41:04.742187,2026-08-07 21:22:17.089088,2026-08-07 20:15:45.378033,4,,,True,True,21.68,1.0,1.0,delivered_late,2026-08-07 21:22:17.089088,False,21.68,2.08,34.68,66.53,103.28,81.6,18.0,63.6,18.76,2.93,22.51,2026-08-07,19,Friday,10-20 km
O01504,C0810,R047,D049,Bengaluru,2026-08-14 18:55:00,2026-08-14 19:56:54.935956,2026-08-14 19:27:47.830895,2026-08-14 20:00:27.516921,delivered,12.82,low,clear,D049,D049,2026-08-14 18:57:44.856169,,2026-08-14 19:13:00,2026-08-14 19:57:06.516893,completed,eta-v3.2,False,D049,2026-08-14 18:57:44.856169,2026-08-14 20:00:27.516921,2026-08-14 19:27:47.830895,5,,,True,True,3.54,1.0,0.0,delivered_late,2026-08-14 20:00:27.516921,False,3.54,2.75,30.05,32.66,65.46,61.92,18.0,43.92,14.8,-11.26,0.19,2026-08-14,18,Friday,10-20 km
O01505,C0096,R011,D082,Bengaluru,2026-08-13 21:50:00,2026-08-13 22:49:08.021995,2026-08-13 22:13:52.406582,2026-08-13 22:47:42.083901,delivered,8.16,high,clear,D082,D082,2026-08-13 21:52:51.082819,,2026-08-13 22:08:00,2026-08-13 22:59:58.149727,completed,eta-v3.1,False,D082,2026-08-13 21:52:51.082819,2026-08-13 22:47:42.083901,2026-08-13 22:13:52.406582,3,,,True,True,-1.43,0.0,0.0,delivered_on_time,2026-08-13 22:47:42.083901,False,-1.43,2.85,21.02,33.83,57.7,59.13,18.0,41.13,5.87,-7.3,10.84,2026-08-13,21,Thursday,6-10 km
O01506,C0336,R055,D050,Bengaluru,2026-08-27 16:11:00,2026-08-27 17:26:36.000000,2026-08-27 16:39:49.210080,,delivered,18.0,medium,clear,D050,D050,2026-08-27 16:13:06.809465,,2026-08-27 16:29:00,2026-08-27 17:30:36.000000,completed,eta-v3.1,False,D050,2026-08-27 16:13:06.809465,2026-08-27 17:28:22.678482,2026-08-27 16:39:49.210080,2,TS-04,TS-04,True,False,,,,unknown_missing_timestamp,2026-08-27 17:28:22.678482,True,1.78,2.11,26.71,,,75.6,18.0,57.6,10.82,,4.0,2026-08-27,16,Thursday,10-20 km
O01507,C0155,R033,D085,Bengaluru,2026-08-16 18:09:00,2026-08-16 19:30:36.000000,2026-08-16 18:29:58.036266,,cancelled,18.0,medium,heavy_rain,D085,D085,2026-08-16 18:14:47.058627,,2026-08-16 18:27:00,2026-08-16 19:46:36.000000,cancelled,eta-v3.2,False,D085,2026-08-16 18:14:47.058627,,,0,,,False,False,,,,cancelled,,False,,5.78,15.18,,,81.6,18.0,63.6,2.97,,16.0,2026-08-16,18,Sunday,10-20 km
O01508,C0749,R034,D114,Bengaluru,2026-08-24 18:20:00,2026-08-24 19:12:31.924857,2026-08-24 18:54:19.061192,2026-08-24 19:15:51.314555,delivered,8.35,low,clear,D114,D114,2026-08-24 18:24:57.081177,,2026-08-24 18:38:00,2026-08-24 19:12:38.250451,completed,eta-v3.2,False,D114,2026-08-24 18:24:57.081177,2026-08-24 19:15:51.314555,2026-08-24 18:54:19.061192,3,,,True,True,3.32,1.0,0.0,delivered_late,2026-08-24 19:15:51.314555,False,3.32,4.95,29.37,21.54,55.86,52.53,18.0,34.53,16.32,-12.99,0.11,2026-08-24,18,Monday,6-10 km
O01509,C0675,R026,D093,Bengaluru,2026-08-28 17:25:00,2026-08-28 18:40:36.000000,2026-08-28 17:57:23.771992,2026-08-28 18:51:09.858572,delivered,18.0,medium,clear,D113,D093,2026-08-28 17:25:27.773100,2026-08-28 17:32:01.398186,2026-08-28 17:43:00,2026-08-28 18:45:33.091059,completed,eta-v3.1,True,D113,2026-08-28 17:25:27.773100,2026-08-28 18:51:09.858572,2026-08-28 17:57:23.771992,3,CX-01;CX-03,,True,True,10.56,1.0,1.0,delivered_late,2026-08-28 18:51:09.858572,False,10.56,0.46,31.93,53.77,86.16,75.6,18.0,57.6,14.4,-3.83,4.95,2026-08-28,17,Friday,10-20 km
O01510,C0336,R032,D044,Bengaluru,2026-08-17 22:35:00,2026-08-17 23:23:11.625349,2026-08-17 23:01:22.912818,2026-08-17 23:29:40.289671,delivered,2.95,high,clear,D044,D044,2026-08-17 22:38:38.554736,,2026-08-17 22:53:00,2026-08-17 23:33:11.625349,completed,eta-v3.1,False,D044,2026-08-17 22:38:38.554736,2026-08-17 23:29:40.289671,2026-08-17 23:01:22.912818,2,,,True,True,6.48,1.0,0.0,delivered_late,2026-08-17 23:29:40.289671,False,6.48,3.64,22.74,28.29,54.67,48.19,18.0,30.19,8.38,-1.9,10.0,2026-08-17,22,Monday,0-3 km
O01511,C0045,R048,D018,Bengaluru,2026-08-21 11:41:00,2026-08-21 12:43:15.343427,2026-08-21 12:11:37.544423,2026-08-21 12:53:04.134676,delivered,10.46,medium,rain,D018,D018,2026-08-21 11:43:10.874492,,2026-08-21 11:59:00,2026-08-21 12:56:59.823075,completed,eta-v3.2,False,D018,2026-08-21 11:43:10.874492,2026-08-21 12:53:04.134676,2026-08-21 12:11:37.544423,3,,,True,True,9.81,1.0,0.0,delivered_late,2026-08-21 12:53:04.134676,False,9.81,2.18,28.44,41.44,72.07,62.26,18.0,44.26,12.63,-2.82,13.74,2026-08-21,11,Friday,10-20 km
O01512,C0896,R017,D048,Bengaluru,2026-08-07 20:40:00,2026-08-07 21:55:36.000000,2026-08-07 21:17:37.354088,,delivered,18.0,medium,clear,D048,D048,2026-08-07 20:47:17.236312,,2026-08-07 20:58:00,2026-08-07 21:59:55.924060,completed,eta-v3.2,False,D048,2026-08-07 20:47:17.236312,2026-08-07 22:08:56.399936,2026-08-07 21:17:37.354088,5,TS-04,TS-04,True,False,,,,unknown_missing_timestamp,2026-08-07 22:08:56.399936,True,13.34,7.29,30.34,,,75.6,18.0,57.6,19.62,,4.33,2026-08-07,20,Friday,10-20 km
O01513,C0268,R003,D113,Bengaluru,2026-08-08 18:50:00,2026-08-08 20:09:48.000000,2026-08-08 19:41:53.359592,2026-08-08 20:41:15.654928,delivered,18.0,high,clear,D113,D113,2026-08-08 18:50:11.152342,,2026-08-08 19:08:00,2026-08-08 20:28:55.250989,completed,eta-v3.2,False,D113,2026-08-08 18:50:11.152342,2026-08-08 20:41:15.654928,2026-08-08 19:41:53.359592,4,,,True,True,31.46,1.0,1.0,delivered_late,2026-08-08 20:41:15.654928,False,31.46,0.19,51.7,59.37,111.26,79.8,18.0,61.8,33.89,-2.43,19.12,2026-08-08,18,Saturday,10-20 km
O01514,C0408,R030,D048,Bengaluru,2026-08-24 17:57:00,2026-08-24 19:12:36.000000,2026-08-24 18:28:31.727776,2026-08-24 19:21:51.953311,delivered,18.0,medium,clear,D048,D048,2026-08-24 17:59:47.337500,,2026-08-24 18:15:00,2026-08-24 19:16:36.000000,completed,eta-v3.2,False,D048,2026-08-24 17:59:47.337500,2026-08-24 19:21:51.953311,2026-08-24 18:28:31.727776,5,,,True,True,9.27,1.0,0.0,delivered_late,2026-08-24 19:21:51.953311,False,9.27,2.79,28.74,53.34,84.87,75.6,18.0,57.6,13.53,-4.26,4.0,2026-08-24,17,Monday,10-20 km
O01515,C0577,R014,D102,Bengaluru,2026-08-17 14:47:00,2026-08-17 16:06:48.000000,2026-08-17 15:05:04.253358,2026-08-17 16:02:11.770275,delivered,18.0,high,clear,D102,D102,2026-08-17 14:47:40.961239,,2026-08-17 15:05:00,2026-08-17 16:17:23.728009,completed,eta-v3.2,False,D102,2026-08-17 14:47:40.961239,2026-08-17 16:02:11.770275,2026-08-17 15:05:04.253358,5,,,True,True,-4.6,0.0,0.0,delivered_on_time,2026-08-17 16:02:11.770275,False,-4.6,0.68,17.39,57.13,75.2,79.8,18.0,61.8,0.07,-4.67,10.6,2026-08-17,14,Monday,10-20 km
O01516,C0643,R046,D069,Bengaluru,2026-08-08 13:55:00,2026-08-08 15:14:48.000000,2026-08-08 14:12:50.074206,2026-08-08 15:13:48.335328,delivered,18.0,high,clear,D069,D069,2026-08-08 13:56:03.793452,,2026-08-08 14:13:00,2026-08-08 15:26:06.733785,completed,eta-v3.1,False,D069,2026-08-08 13:56:03.793452,2026-08-08 15:13:48.335328,2026-08-08 14:12:50.074206,5,FR-01,,True,True,-0.99,0.0,0.0,delivered_on_time,2026-08-08 15:13:48.335328,False,-0.99,1.06,16.77,60.97,78.81,79.8,18.0,61.8,-0.17,-0.83,11.31,2026-08-08,13,Saturday,10-20 km
O01517,C0397,R024,D041,Bengaluru,2026-08-08 21:46:00,2026-08-08 22:50:27.661861,2026-08-08 22:03:09.535388,2026-08-08 22:44:52.533986,delivered,12.7,medium,clear,D041,D041,2026-08-08 21:47:56.778797,,2026-08-08 22:04:00,2026-08-08 22:54:27.661861,completed,eta-v3.2,False,D041,2026-08-08 21:47:56.778797,2026-08-08 22:44:52.533986,2026-08-08 22:03:09.535388,4,,,True,True,-5.59,0.0,0.0,delivered_on_time,2026-08-08 22:44:52.533986,False,-5.59,1.95,15.21,41.72,58.88,64.46,18.0,46.46,-0.84,-4.74,4.0,2026-08-08,21,Saturday,10-20 km
O01518,C0114,R032,D064,Bengaluru,2026-08-15 13:52:00,2026-08-15 14:55:22.900364,2026-08-15 14:13:30.546458,2026-08-15 14:52:38.676597,delivered,13.52,low,clear,D064,D064,2026-08-15 13:58:00.176941,,2026-08-15 14:10:00,2026-08-15 14:57:38.127835,completed,eta-v3.2,False,D064,2026-08-15 13:58:00.176941,2026-08-15 14:52:38.676597,2026-08-15 14:13:30.546458,5,,,True,True,-2.74,0.0,0.0,delivered_on_time,2026-08-15 14:52:38.676597,False,-2.74,6.0,15.51,39.14,60.64,63.38,18.0,45.38,3.51,-6.24,2.25,2026-08-15,13,Saturday,10-20 km
O01519,C0550,R018,D074,Bengaluru,2026-08-12 19:43:00,2026-08-12 20:52:43.468930,2026-08-12 20:28:38.066818,2026-08-12 21:13:35.820059,delivered,16.54,low,clear,D017,D074,2026-08-12 19:44:30.139950,2026-08-12 19:51:19.573567,2026-08-12 20:01:00,2026-08-12 21:01:52.514953,completed,eta-v3.1,True,D017,2026-08-12 19:44:30.139950,2026-08-12 21:13:35.820059,2026-08-12 20:28:38.066818,4,CX-01;CX-03,,True,True,20.87,1.0,1.0,delivered_late,2026-08-12 21:13:35.820059,False,20.87,1.5,44.13,44.96,90.6,69.72,18.0,51.72,27.63,-6.76,9.15,2026-08-12,19,Wednesday,10-20 km
O01520,C0169,R002,D003,Bengaluru,2026-08-11 14:04:00,2026-08-11 15:10:21.125878,2026-08-11 14:30:55.395314,2026-08-11 15:11:17.182956,delivered,14.93,low,clear,D003,D003,2026-08-11 14:19:48.497049,,2026-08-11 14:22:00,2026-08-11 15:10:21.125878,completed,eta-v3.2,False,D003,2026-08-11 14:19:48.497049,2026-08-11 15:11:17.182956,2026-08-11 14:30:55.395314,4,,,True,True,0.93,1.0,0.0,delivered_late,2026-08-11 15:11:17.182956,False,0.93,15.81,11.11,40.36,67.29,66.35,18.0,48.35,8.92,-7.99,0.0,2026-08-11,14,Tuesday,10-20 km
O01521,C0641,R013,D047,Bengaluru,2026-08-05 14:22:00,2026-08-05 15:14:11.373396,2026-08-05 14:37:55.684570,2026-08-05 15:06:31.169052,delivered,6.85,medium,clear,D047,D047,2026-08-05 14:23:07.293401,,2026-08-05 14:40:00,2026-08-05 15:20:08.630061,completed,eta-v3.2,False,D047,2026-08-05 14:23:07.293401,2026-08-05 15:06:31.169052,2026-08-05 14:37:55.684570,5,,,True,True,-7.67,0.0,0.0,delivered_on_time,2026-08-05 15:06:31.169052,False,-7.67,1.12,14.81,28.59,44.52,52.19,18.0,34.19,-2.07,-5.6,5.95,2026-08-05,14,Wednesday,6-10 km
O01522,C0494,R023,D100,Bengaluru,2026-08-16 14:12:00,2026-08-16 15:27:36.000000,2026-08-16 14:31:05.363725,2026-08-16 15:21:34.937844,delivered,18.0,medium,clear,D100,D100,2026-08-16 14:18:41.549909,,2026-08-16 14:30:00,2026-08-16 15:32:21.121311,completed,eta-v3.1,False,D100,2026-08-16 14:18:41.549909,2026-08-16 15:21:34.937844,2026-08-16 14:31:05.363725,2,,,True,True,-6.02,0.0,0.0,delivered_on_time,2026-08-16 15:21:34.937844,False,-6.02,6.69,12.4,50.49,69.58,75.6,18.0,57.6,1.09,-7.11,4.75,2026-08-16,14,Sunday,10-20 km
O01523,C0479,R019,D046,Bengaluru,2026-08-03 18:57:00,2026-08-03 20:22:24.000000,2026-08-03 19:13:16.191463,2026-08-03 20:18:37.220011,delivered,18.0,severe,clear,D099,D046,2026-08-03 18:59:14.828881,2026-08-03 19:04:10.338071,2026-08-03 19:15:00,2026-08-03 20:40:24.000000,completed,eta-v3.2,True,D099,2026-08-03 18:59:14.828881,2026-08-03 20:18:37.220011,2026-08-03 19:13:16.191463,2,RG-03;CX-01;CX-03,,True,True,-3.78,0.0,0.0,delivered_on_time,2026-08-03 20:18:37.220011,False,-3.78,2.25,14.02,65.35,81.62,85.4,18.0,67.4,-1.73,-2.05,18.0,2026-08-03,18,Monday,10-20 km
O01524,C0808,R033,D117,Bengaluru,2026-08-15 15:06:00,2026-08-15 16:31:24.000000,2026-08-15 15:36:51.899479,2026-08-15 16:35:58.297761,delivered,18.0,severe,clear,D117,D117,2026-08-15 15:08:20.351069,,2026-08-15 15:24:00,2026-08-15 16:55:01.550130,completed,eta-v3.1,False,D117,2026-08-15 15:08:20.351069,2026-08-15 16:35:58.297761,2026-08-15 15:36:51.899479,4,,,True,True,4.57,1.0,0.0,delivered_late,2026-08-15 16:35:58.297761,False,4.57,2.34,28.53,59.11,89.97,85.4,18.0,67.4,12.86,-8.29,23.63,2026-08-15,15,Saturday,10-20 km
O01525,C0066,R038,D029,Bengaluru,2026-08-17 12:50:00,2026-08-17 14:09:48.000000,2026-08-17 13:31:44.408714,2026-08-17 14:29:47.982905,delivered,18.0,high,clear,D029,D029,2026-08-17 12:50:02.888348,,2026-08-17 13:08:00,2026-08-17 14:26:28.802581,completed,eta-v3.1,False,D029,2026-08-17 12:50:02.888348,2026-08-17 14:29:47.982905,2026-08-17 13:31:44.408714,4,,,True,True,20.0,1.0,1.0,delivered_late,2026-08-17 14:29:47.982905,False,20.0,0.05,41.69,58.06,99.8,79.8,18.0,61.8,23.74,-3.74,16.68,2026-08-17,12,Monday,10-20 km
O01526,C0842,R042,D119,Bengaluru,2026-08-11 11:21:00,2026-08-11 12:30:21.957891,2026-08-11 11:41:34.371695,2026-08-11 12:26:17.974844,delivered,11.84,high,rain,D119,D119,2026-08-11 11:24:27.764008,,2026-08-11 11:39:00,2026-08-11 12:45:21.957891,completed,eta-v3.2,False,D119,2026-08-11 11:24:27.764008,2026-08-11 12:26:17.974844,2026-08-11 11:41:34.371695,2,,,True,True,-4.07,0.0,0.0,delivered_on_time,2026-08-11 12:26:17.974844,False,-4.07,3.46,17.11,44.73,65.3,69.37,18.0,51.37,2.57,-6.64,15.0,2026-08-11,11,Tuesday,10-20 km
O01527,C0121,R034,D048,Bengaluru,2026-08-07 15:14:00,2026-08-07 16:33:48.000000,2026-08-07 15:49:00.069724,2026-08-07 16:40:04.688215,delivered,18.0,high,clear,D048,D048,2026-08-07 15:20:54.170174,,2026-08-07 15:32:00,2026-08-07 16:44:20.153186,completed,eta-v3.2,False,D048,2026-08-07 15:20:54.170174,2026-08-07 16:40:04.688215,2026-08-07 15:49:00.069724,2,,,True,True,6.28,1.0,0.0,delivered_late,2026-08-07 16:40:04.688215,False,6.28,6.9,28.1,51.08,86.08,79.8,18.0,61.8,17.0,-10.72,10.54,2026-08-07,15,Friday,10-20 km
O01528,C0578,R035,D072,Bengaluru,2026-08-08 17:23:00,2026-08-08 18:35:48.000000,2026-08-08 17:45:13.190055,2026-08-08 18:26:50.195073,delivered,18.0,low,clear,D072,D072,2026-08-08 17:30:24.238103,,2026-08-08 17:41:00,2026-08-08 18:37:48.225251,completed,eta-v3.2,False,D072,2026-08-08 17:30:24.238103,2026-08-08 18:26:50.195073,2026-08-08 17:45:13.190055,5,,,True,True,-8.96,0.0,0.0,delivered_on_time,2026-08-08 18:26:50.195073,False,-8.96,7.4,14.82,41.62,63.84,72.8,18.0,54.8,4.22,-13.18,2.0,2026-08-08,17,Saturday,10-20 km
O01529,C0828,R045,D101,Bengaluru,2026-08-19 11:18:00,2026-08-19 12:19:55.272834,2026-08-19 11:58:52.697108,2026-08-19 12:35:26.709772,delivered,9.49,high,clear,D101,D101,2026-08-19 11:20:19.263079,,2026-08-19 11:36:00,2026-08-19 12:37:53.154916,completed,eta-v3.1,False,D101,2026-08-19 11:20:19.263079,2026-08-19 12:35:26.709772,2026-08-19 11:58:52.697108,2,,,True,True,15.52,1.0,1.0,delivered_late,2026-08-19 12:35:26.709772,False,15.52,2.32,38.56,36.57,77.45,61.92,18.0,43.92,22.88,-7.35,17.96,2026-08-19,11,Wednesday,6-10 km
O01530,C0734,R002,D100,Bengaluru,2026-08-28 13:37:00,2026-08-28 14:52:36.000000,2026-08-28 13:59:22.084854,2026-08-28 14:52:04.844498,delivered,18.0,medium,clear,D100,D100,2026-08-28 13:38:52.022480,,2026-08-28 13:55:00,2026-08-28 14:56:54.261429,completed,eta-v3.2,False,D100,2026-08-28 13:38:52.022480,2026-08-28 14:52:04.844498,2026-08-28 13:59:22.084854,5,,,True,True,-0.52,0.0,0.0,delivered_on_time,2026-08-28 14:52:04.844498,False,-0.52,1.87,20.5,52.71,75.08,75.6,18.0,57.6,4.37,-4.89,4.3,2026-08-28,13,Friday,10-20 km
O01531,C0259,R020,D093,Bengaluru,2026-08-06 18:53:00,2026-08-06 19:49:49.349007,2026-08-06 19:32:48.936433,2026-08-06 20:08:24.720387,delivered,9.06,medium,clear,D093,D093,2026-08-06 18:55:29.916069,,2026-08-06 19:11:00,2026-08-06 20:00:29.492772,completed,eta-v3.1,False,D093,2026-08-06 18:55:29.916069,2026-08-06 20:08:24.720387,2026-08-06 19:32:48.936433,2,,,True,True,18.59,1.0,1.0,delivered_late,2026-08-06 20:08:24.720387,False,18.59,2.5,37.32,35.6,75.41,56.82,18.0,38.82,21.82,-3.22,10.67,2026-08-06,18,Thursday,6-10 km
O01532,C0825,R028,D048,Bengaluru,2026-08-22 18:49:00,2026-08-22 20:04:36.000000,2026-08-22 19:02:04.126535,2026-08-22 19:54:15.355136,delivered,18.0,medium,clear,D048,D048,2026-08-22 18:51:05.423567,,2026-08-22 19:07:00,2026-08-22 20:08:36.000000,completed,eta-v3.2,False,D048,2026-08-22 18:51:05.423567,2026-08-22 19:54:15.355136,2026-08-22 19:02:04.126535,2,,,True,True,-10.34,0.0,0.0,delivered_on_time,2026-08-22 19:54:15.355136,False,-10.34,2.09,10.98,52.19,65.26,75.6,18.0,57.6,-4.93,-5.41,4.0,2026-08-22,18,Saturday,10-20 km
O01533,C0821,R049,D047,Bengaluru,2026-08-09 15:03:00,2026-08-09 15:56:43.812647,2026-08-09 15:50:51.800909,2026-08-09 16:20:04.683922,delivered,6.06,low,heavy_rain,D047,D047,2026-08-09 15:04:19.600682,,2026-08-09 15:21:00,2026-08-09 16:16:16.586861,completed,eta-v3.1,False,D047,2026-08-09 15:04:19.600682,2026-08-09 16:20:04.683922,2026-08-09 15:50:51.800909,4,,,True,True,23.35,1.0,1.0,delivered_late,2026-08-09 16:20:04.683922,False,23.35,1.33,46.54,29.21,77.08,53.73,18.0,35.73,29.86,-6.52,19.55,2026-08-09,15,Sunday,6-10 km
O01534,C0586,R019,D046,Bengaluru,2026-08-13 18:25:00,2026-08-13 19:37:48.000000,2026-08-13 18:52:06.533422,2026-08-13 19:40:54.942208,delivered,18.0,low,clear,D046,D046,2026-08-13 18:25:55.595424,,2026-08-13 18:43:00,2026-08-13 19:41:20.615372,completed,eta-v3.2,False,D046,2026-08-13 18:25:55.595424,2026-08-13 19:40:54.942208,2026-08-13 18:52:06.533422,4,RG-03,,True,True,3.12,1.0,0.0,delivered_late,2026-08-13 19:40:54.942208,False,3.12,0.93,26.18,48.81,75.92,72.8,18.0,54.8,9.11,-5.99,3.54,2026-08-13,18,Thursday,10-20 km
O01535,C0572,R035,D038,Bengaluru,2026-08-14 18:06:00,2026-08-14 19:11:04.834259,2026-08-14 18:23:43.689310,2026-08-14 19:10:25.747669,delivered,13.13,low,rain,D038,D038,2026-08-14 18:08:21.872693,,2026-08-14 18:24:00,2026-08-14 19:16:04.834259,completed,eta-v3.2,False,D038,2026-08-14 18:08:21.872693,2026-08-14 19:10:25.747669,2026-08-14 18:23:43.689310,3,,,True,True,-0.65,0.0,0.0,delivered_on_time,2026-08-14 19:10:25.747669,False,-0.65,2.36,15.36,46.7,64.43,65.08,18.0,47.08,-0.27,-0.38,5.0,2026-08-14,18,Friday,10-20 km
O01536,C0864,R007,D037,Bengaluru,2026-08-06 13:06:00,2026-08-06 14:21:36.000000,2026-08-06 13:20:42.516618,2026-08-06 14:09:50.611511,delivered,18.0,medium,clear,D037,D037,2026-08-06 13:06:16.000101,,2026-08-06 13:24:00,2026-08-06 14:25:36.000000,completed,eta-v3.1,False,D037,2026-08-06 13:06:16.000101,2026-08-06 14:09:50.611511,2026-08-06 13:20:42.516618,5,RG-03,,True,True,-11.76,0.0,0.0,delivered_on_time,2026-08-06 14:09:50.611511,False,-11.76,0.27,14.44,49.13,63.84,75.6,18.0,57.6,-3.29,-8.47,4.0,2026-08-06,13,Thursday,10-20 km
O01537,C0897,R031,D028,Bengaluru,2026-08-08 18:43:00,2026-08-08 19:31:19.461357,2026-08-08 19:02:27.844697,2026-08-08 19:31:16.744504,delivered,3.01,high,clear,D097,D028,2026-08-08 18:44:25.823893,2026-08-08 18:50:00.141794,2026-08-08 19:01:00,2026-08-08 19:41:29.003190,completed,eta-v3.2,True,D097,2026-08-08 18:44:25.823893,2026-08-08 19:31:16.744504,2026-08-08 19:02:27.844697,5,CX-01;CX-03,,True,True,-0.05,0.0,0.0,delivered_on_time,2026-08-08 19:31:16.744504,False,-0.05,1.43,18.03,28.81,48.28,48.32,18.0,30.32,1.46,-1.51,10.16,2026-08-08,18,Saturday,3-6 km
O01538,C0029,R011,D037,Bengaluru,2026-08-23 12:03:00,2026-08-23 13:09:42.413933,2026-08-23 12:28:31.813069,2026-08-23 13:11:45.025787,delivered,7.91,severe,rain,D037,D037,2026-08-23 12:16:13.895997,,2026-08-23 12:21:00,2026-08-23 13:32:42.413933,completed,eta-v3.2,False,D037,2026-08-23 12:16:13.895997,2026-08-23 13:11:45.025787,2026-08-23 12:28:31.813069,3,,,True,True,2.04,1.0,0.0,delivered_late,2026-08-23 13:11:45.025787,False,2.04,13.23,12.3,43.22,68.75,66.71,18.0,48.71,7.53,-5.49,23.0,2026-08-23,12,Sunday,6-10 km
O01539,C0475,R031,D051,Bengaluru,2026-08-04 21:37:00,2026-08-04 22:34:29.382105,2026-08-04 22:04:08.147459,2026-08-04 22:37:32.342575,delivered,7.38,high,clear,D051,D051,2026-08-04 21:42:10.290893,,2026-08-04 21:55:00,2026-08-04 22:44:29.382105,completed,eta-v3.1,False,D051,2026-08-04 21:42:10.290893,2026-08-04 22:37:32.342575,2026-08-04 22:04:08.147459,4,,,True,True,3.05,1.0,0.0,delivered_late,2026-08-04 22:37:32.342575,False,3.05,5.17,21.96,33.4,60.54,57.49,18.0,39.49,9.14,-6.09,10.0,2026-08-04,21,Tuesday,6-10 km
O01540,C0337,R049,D055,Bengaluru,2026-08-16 12:28:00,2026-08-16 13:43:36.000000,2026-08-16 13:14:07.685652,2026-08-16 14:03:16.076021,delivered,18.0,medium,clear,D055,D055,2026-08-16 12:40:16.914177,,2026-08-16 12:46:00,2026-08-16 13:56:49.612595,completed,eta-v3.2,False,D055,2026-08-16 12:40:16.914177,2026-08-16 14:03:16.076021,2026-08-16 13:14:07.685652,3,,,True,True,19.67,1.0,1.0,delivered_late,2026-08-16 14:03:16.076021,False,19.67,12.28,33.85,49.14,95.27,75.6,18.0,57.6,28.13,-8.46,13.23,2026-08-16,12,Sunday,10-20 km
O01541,C0742,R055,D108,Bengaluru,2026-08-25 18:14:00,2026-08-25 19:39:24.000000,2026-08-25 18:39:43.861011,2026-08-25 19:48:05.176977,delivered,18.0,severe,clear,D108,D108,2026-08-25 18:19:35.361802,,2026-08-25 18:32:00,2026-08-25 19:57:24.000000,completed,eta-v3.2,False,D108,2026-08-25 18:19:35.361802,2026-08-25 19:48:05.176977,2026-08-25 18:39:43.861011,2,,,True,True,8.69,1.0,0.0,delivered_late,2026-08-25 19:48:05.176977,False,8.69,5.59,20.14,68.36,94.09,85.4,18.0,67.4,7.73,0.96,18.0,2026-08-25,18,Tuesday,10-20 km
O01542,C0282,R023,D035,Bengaluru,2026-08-22 19:45:00,2026-08-22 20:50:46.569732,2026-08-22 20:27:30.505454,2026-08-22 21:16:40.180289,delivered,11.32,high,clear,D035,D035,2026-08-22 19:51:04.175375,,2026-08-22 20:03:00,2026-08-22 21:00:46.569732,completed,eta-v3.1,False,D035,2026-08-22 19:51:04.175375,2026-08-22 21:16:40.180289,2026-08-22 20:27:30.505454,2,,,True,True,25.89,1.0,1.0,delivered_late,2026-08-22 21:16:40.180289,False,25.89,6.07,36.44,49.16,91.67,65.78,18.0,47.78,24.51,1.38,10.0,2026-08-22,19,Saturday,10-20 km
O01543,C0040,R009,D007,Bengaluru,2026-08-03 20:26:00,2026-08-03 21:45:48.000000,2026-08-03 20:45:35.378691,2026-08-03 21:42:04.243886,delivered,18.0,high,clear,D007,D007,2026-08-03 20:31:14.963797,,2026-08-03 20:44:00,2026-08-03 21:55:48.000000,completed,eta-v3.2,False,D007,2026-08-03 20:31:14.963797,2026-08-03 21:42:04.243886,2026-08-03 20:45:35.378691,5,,,True,True,-3.73,0.0,0.0,delivered_on_time,2026-08-03 21:42:04.243886,False,-3.73,5.25,14.34,56.48,76.07,79.8,18.0,61.8,1.59,-5.32,10.0,2026-08-03,20,Monday,10-20 km
O01544,C0224,R010,D043,Bengaluru,2026-08-11 17:36:00,2026-08-11 18:27:47.635799,2026-08-11 18:20:09.420859,2026-08-11 18:41:23.005827,delivered,6.66,medium,clear,D036,D043,2026-08-11 17:36:26.666147,2026-08-11 17:42:14.005300,2026-08-11 17:54:00,2026-08-11 18:32:05.598081,completed,eta-v3.2,True,D036,2026-08-11 17:36:26.666147,2026-08-11 18:41:23.005827,2026-08-11 18:20:09.420859,3,CX-01;CX-03,,True,True,13.59,1.0,1.0,delivered_late,2026-08-11 18:41:23.005827,False,13.59,0.44,43.71,21.23,65.38,51.79,18.0,33.79,26.16,-12.56,4.3,2026-08-11,17,Tuesday,6-10 km
O01545,C0121,R004,D071,Bengaluru,2026-08-25 17:11:00,2026-08-25 18:20:53.114818,2026-08-25 17:36:22.027698,2026-08-25 18:17:26.929900,delivered,13.28,high,clear,D071,D071,2026-08-25 17:15:43.540203,,2026-08-25 17:29:00,2026-08-25 18:33:31.586659,completed,eta-v3.1,False,D071,2026-08-25 17:15:43.540203,2026-08-25 18:17:26.929900,2026-08-25 17:36:22.027698,3,CX-03,,True,True,-3.44,0.0,0.0,delivered_on_time,2026-08-25 18:17:26.929900,False,-3.44,4.73,20.64,41.08,66.45,69.89,18.0,51.89,7.37,-10.81,12.64,2026-08-25,17,Tuesday,10-20 km
O01546,C0267,R034,D006,Bengaluru,2026-08-13 20:43:00,2026-08-13 21:55:48.000000,2026-08-13 20:59:23.605991,2026-08-13 21:37:53.258188,delivered,18.0,low,clear,D006,D006,2026-08-13 20:59:04.321181,,2026-08-13 21:01:00,2026-08-13 21:55:48.000000,completed,eta-v3.1,False,D006,2026-08-13 20:59:04.321181,2026-08-13 21:37:53.258188,2026-08-13 20:59:23.605991,2,,,True,True,-17.91,0.0,0.0,delivered_on_time,2026-08-13 21:37:53.258188,False,-17.91,16.07,0.32,38.49,54.89,72.8,18.0,54.8,-1.61,-16.31,0.0,2026-08-13,20,Thursday,10-20 km
O01547,C0877,R045,D021,Bengaluru,2026-08-13 19:54:00,2026-08-13 21:13:48.000000,2026-08-13 20:21:13.952898,2026-08-13 21:14:42.343753,delivered,18.0,high,clear,D021,D021,2026-08-13 19:59:03.235165,,2026-08-13 20:12:00,2026-08-13 21:23:48.000000,completed,eta-v3.2,False,D021,2026-08-13 19:59:03.235165,2026-08-13 21:14:42.343753,2026-08-13 20:21:13.952898,5,,,True,True,0.91,1.0,0.0,delivered_late,2026-08-13 21:14:42.343753,False,0.91,5.05,22.18,53.47,80.71,79.8,18.0,61.8,9.23,-8.33,10.0,2026-08-13,19,Thursday,10-20 km
O01548,C0197,R029,D073,Bengaluru,2026-08-04 12:34:00,2026-08-04 13:56:18.000000,2026-08-04 12:56:41.097911,2026-08-04 13:56:49.725069,delivered,18.0,high,rain,D073,D073,2026-08-04 12:35:50.923071,,2026-08-04 12:52:00,2026-08-04 14:11:18.000000,completed,eta-v3.1,False,D073,2026-08-04 12:35:50.923071,2026-08-04 13:56:49.725069,2026-08-04 12:56:41.097911,2,,,True,True,0.53,1.0,0.0,delivered_late,2026-08-04 13:56:49.725069,False,0.53,1.85,20.84,60.14,82.83,82.3,18.0,64.3,4.68,-4.16,15.0,2026-08-04,12,Tuesday,10-20 km
O01549,C0896,R048,D102,Bengaluru,2026-08-21 20:54:00,2026-08-21 22:19:24.000000,2026-08-21 21:19:31.207437,2026-08-21 22:22:24.883708,delivered,18.0,severe,clear,D102,D102,2026-08-21 20:56:21.842561,,2026-08-21 21:12:00,2026-08-21 22:37:24.000000,completed,eta-v3.2,False,D102,2026-08-21 20:56:21.842561,2026-08-21 22:22:24.883708,2026-08-21 21:19:31.207437,4,,,True,True,3.01,1.0,0.0,delivered_late,2026-08-21 22:22:24.883708,False,3.01,2.36,23.16,62.89,88.41,85.4,18.0,67.4,7.52,-4.51,18.0,2026-08-21,20,Friday,10-20 km
O01550,C0623,R013,D045,Bengaluru,2026-08-14 12:38:00,2026-08-14 13:53:36.000000,2026-08-14 13:04:11.481132,2026-08-14 13:53:32.778640,delivered,18.0,medium,clear,D045,D045,2026-08-14 12:41:06.982418,,2026-08-14 12:56:00,2026-08-14 13:59:31.543493,completed,eta-v3.1,False,D045,2026-08-14 12:41:06.982418,2026-08-14 13:53:32.778640,2026-08-14 13:04:11.481132,3,CX-03,,True,True,-0.05,0.0,0.0,delivered_on_time,2026-08-14 13:53:32.778640,False,-0.05,3.12,23.07,49.35,75.55,75.6,18.0,57.6,8.19,-8.25,5.93,2026-08-14,12,Friday,10-20 km
O01551,C0238,R013,D054,Bengaluru,2026-08-27 11:04:00,2026-08-27 12:16:13.234686,2026-08-27 11:32:04.910559,2026-08-27 12:19:50.551895,delivered,16.39,medium,clear,D054,D054,2026-08-27 11:06:27.721001,,2026-08-27 11:22:00,2026-08-27 12:21:27.601723,completed,eta-v3.1,False,D054,2026-08-27 11:06:27.721001,2026-08-27 12:19:50.551895,2026-08-27 11:32:04.910559,2,,,True,True,3.62,1.0,0.0,delivered_late,2026-08-27 12:19:50.551895,False,3.62,2.46,25.62,47.76,75.84,72.22,18.0,54.22,10.08,-6.46,5.24,2026-08-27,11,Thursday,10-20 km
O01552,C0377,R045,D074,Bengaluru,2026-08-16 19:33:00,2026-08-16 20:34:49.756964,2026-08-16 20:06:37.344129,2026-08-16 20:46:41.204452,delivered,11.44,medium,clear,D074,D074,2026-08-16 19:34:19.107384,,2026-08-16 19:51:00,2026-08-16 20:38:49.756964,completed,eta-v3.2,False,D074,2026-08-16 19:34:19.107384,2026-08-16 20:46:41.204452,2026-08-16 20:06:37.344129,4,,,True,True,11.86,1.0,1.0,delivered_late,2026-08-16 20:46:41.204452,False,11.86,1.32,32.3,40.06,73.69,61.83,18.0,43.83,15.62,-3.77,4.0,2026-08-16,19,Sunday,10-20 km
O01553,C0800,R037,D108,Bengaluru,2026-08-27 21:43:00,2026-08-27 22:56:37.922904,2026-08-27 21:58:38.195165,2026-08-27 22:45:28.533689,delivered,17.06,medium,clear,D108,D108,2026-08-27 21:43:01.751299,,2026-08-27 22:01:00,2026-08-27 23:00:37.922904,completed,eta-v3.1,False,D108,2026-08-27 21:43:01.751299,2026-08-27 22:45:28.533689,2026-08-27 21:58:38.195165,4,CX-03,,True,True,-11.16,0.0,0.0,delivered_on_time,2026-08-27 22:45:28.533689,False,-11.16,0.03,15.61,46.84,62.48,73.63,18.0,55.63,-2.36,-8.79,4.0,2026-08-27,21,Thursday,10-20 km
O01554,C0183,R058,D030,Bengaluru,2026-08-03 21:44:00,2026-08-03 23:03:48.000000,2026-08-03 22:15:39.542043,2026-08-03 23:12:36.986543,delivered,18.0,high,clear,D030,D030,2026-08-03 21:49:27.810167,,2026-08-03 22:02:00,2026-08-03 23:13:48.000000,completed,eta-v3.2,False,D030,2026-08-03 21:49:27.810167,2026-08-03 23:12:36.986543,2026-08-03 22:15:39.542043,3,,,True,True,8.82,1.0,0.0,delivered_late,2026-08-03 23:12:36.986543,False,8.82,5.46,26.2,56.96,88.62,79.8,18.0,61.8,13.66,-4.84,10.0,2026-08-03,21,Monday,10-20 km
O01555,C0250,R034,D021,Bengaluru,2026-08-06 19:25:00,2026-08-06 20:44:48.000000,2026-08-06 19:48:40.531540,2026-08-06 20:44:32.847943,delivered,18.0,high,clear,D021,D021,2026-08-06 19:32:29.491723,,2026-08-06 19:43:00,2026-08-06 20:54:48.000000,completed,eta-v3.1,False,D021,2026-08-06 19:32:29.491723,2026-08-06 20:44:32.847943,2026-08-06 19:48:40.531540,4,,,True,True,-0.25,0.0,0.0,delivered_on_time,2026-08-06 20:44:32.847943,False,-0.25,7.49,16.18,55.87,79.55,79.8,18.0,61.8,5.68,-5.93,10.0,2026-08-06,19,Thursday,10-20 km
O01556,C0707,R024,D098,Bengaluru,2026-08-20 15:57:00,2026-08-20 17:16:48.000000,2026-08-20 16:31:14.153921,2026-08-20 17:27:02.597770,delivered,18.0,high,clear,D076,D098,2026-08-20 15:57:34.166938,2026-08-20 16:02:34.199521,2026-08-20 16:15:00,2026-08-20 17:26:48.000000,completed,eta-v3.2,True,D076,2026-08-20 15:57:34.166938,2026-08-20 17:27:02.597770,2026-08-20 16:31:14.153921,5,CX-01;CX-03,,True,True,10.24,1.0,1.0,delivered_late,2026-08-20 17:27:02.597770,False,10.24,0.57,33.67,55.81,90.04,79.8,18.0,61.8,16.24,-5.99,10.0,2026-08-20,15,Thursday,10-20 km
O01557,C0377,R043,D039,Bengaluru,2026-08-20 21:44:00,2026-08-20 22:43:53.311218,2026-08-20 22:14:42.693518,2026-08-20 22:43:51.877632,delivered,11.85,low,clear,D039,D039,2026-08-20 21:46:12.138881,,2026-08-20 22:02:00,2026-08-20 22:43:53.311218,completed,eta-v3.2,False,D039,2026-08-20 21:46:12.138881,2026-08-20 22:43:51.877632,2026-08-20 22:14:42.693518,2,CX-03,,True,True,-0.02,0.0,0.0,delivered_on_time,2026-08-20 22:43:51.877632,False,-0.02,2.2,28.51,29.15,59.86,59.89,18.0,41.89,12.71,-12.74,0.0,2026-08-20,21,Thursday,10-20 km
O01558,C0629,R026,D093,Bengaluru,2026-08-20 18:59:00,2026-08-20 20:14:36.000000,2026-08-20 19:20:50.818905,2026-08-20 20:07:22.343665,delivered,18.0,medium,clear,D093,D093,2026-08-20 19:05:45.406880,,2026-08-20 19:17:00,2026-08-20 20:18:36.000000,completed,eta-v3.1,False,D093,2026-08-20 19:05:45.406880,2026-08-20 20:07:22.343665,2026-08-20 19:20:50.818905,3,,,True,True,-7.23,0.0,0.0,delivered_on_time,2026-08-20 20:07:22.343665,False,-7.23,6.76,15.09,46.53,68.37,75.6,18.0,57.6,3.85,-11.07,4.0,2026-08-20,18,Thursday,10-20 km
O01559,C0167,R051,D073,Bengaluru,2026-08-04 19:33:00,2026-08-04 20:34:29.491287,2026-08-04 19:47:27.166948,2026-08-04 20:28:00.487754,delivered,8.09,high,rain,D073,D073,2026-08-04 19:38:50.035431,,2026-08-04 19:51:00,2026-08-04 20:49:29.491287,completed,eta-v3.1,False,D073,2026-08-04 19:38:50.035431,2026-08-04 20:28:00.487754,2026-08-04 19:47:27.166948,4,,,True,True,-6.48,0.0,0.0,delivered_on_time,2026-08-04 20:28:00.487754,False,-6.48,5.83,8.62,40.56,55.01,61.49,18.0,43.49,-3.55,-2.93,15.0,2026-08-04,19,Tuesday,6-10 km
O01560,C0334,R030,D044,Bengaluru,2026-08-10 16:10:00,2026-08-10 17:21:47.737712,2026-08-10 16:41:34.072106,2026-08-10 17:32:57.731586,delivered,13.33,medium,heavy_rain,D044,D044,2026-08-10 16:11:26.410263,,2026-08-10 16:28:00,2026-08-10 17:37:47.737712,completed,eta-v3.2,False,D044,2026-08-10 16:11:26.410263,2026-08-10 17:32:57.731586,2026-08-10 16:41:34.072106,4,,,True,True,11.17,1.0,1.0,delivered_late,2026-08-10 17:32:57.731586,False,11.17,1.44,30.13,51.39,82.96,71.8,18.0,53.8,13.57,-2.41,16.0,2026-08-10,16,Monday,10-20 km
O01561,C0621,R030,D017,Bengaluru,2026-08-03 12:47:00,2026-08-03 13:43:29.217384,2026-08-03 12:59:53.032141,2026-08-03 13:31:34.834473,delivered,8.9,medium,clear,D017,D017,2026-08-03 12:53:12.832754,,2026-08-03 13:05:00,2026-08-03 13:47:29.217384,completed,eta-v3.1,False,D017,2026-08-03 12:53:12.832754,2026-08-03 13:31:34.834473,2026-08-03 12:59:53.032141,4,,,True,True,-11.91,0.0,0.0,delivered_on_time,2026-08-03 13:31:34.834473,False,-11.91,6.21,6.67,31.7,44.58,56.49,18.0,38.49,-5.12,-6.79,4.0,2026-08-03,12,Monday,6-10 km
O01562,C0090,R032,D024,Bengaluru,2026-08-15 11:19:00,2026-08-15 12:38:48.000000,2026-08-15 11:32:54.566480,2026-08-15 12:24:47.324259,delivered,18.0,high,clear,D024,D024,2026-08-15 11:20:10.390651,,2026-08-15 11:37:00,2026-08-15 12:49:07.028863,completed,eta-v3.1,False,D024,2026-08-15 11:20:10.390651,2026-08-15 12:24:47.324259,2026-08-15 11:32:54.566480,2,CX-03,,True,True,-14.01,0.0,0.0,delivered_on_time,2026-08-15 12:24:47.324259,False,-14.01,1.17,12.74,51.88,65.79,79.8,18.0,61.8,-4.09,-9.92,10.32,2026-08-15,11,Saturday,10-20 km
O01563,C0623,R030,D056,Bengaluru,2026-08-03 11:12:00,2026-08-03 12:27:36.000000,2026-08-03 11:36:47.648353,2026-08-03 12:25:41.336403,delivered,18.0,medium,clear,D056,D056,2026-08-03 11:14:37.351427,,2026-08-03 11:30:00,2026-08-03 12:31:36.000000,completed,eta-v3.1,False,D056,2026-08-03 11:14:37.351427,2026-08-03 12:25:41.336403,2026-08-03 11:36:47.648353,5,,,True,True,-1.91,0.0,0.0,delivered_on_time,2026-08-03 12:25:41.336403,False,-1.91,2.62,22.17,48.89,73.69,75.6,18.0,57.6,6.79,-8.71,4.0,2026-08-03,11,Monday,10-20 km
O01564,C0262,R012,D120,Bengaluru,2026-08-25 13:22:00,2026-08-25 14:29:17.735647,2026-08-25 13:55:01.928084,2026-08-25 14:44:48.946947,delivered,14.05,medium,clear,D120,D120,2026-08-25 13:24:21.221631,,2026-08-25 13:40:00,2026-08-25 14:37:53.751889,completed,eta-v3.1,False,D120,2026-08-25 13:24:21.221631,2026-08-25 14:44:48.946947,2026-08-25 13:55:01.928084,3,,,True,True,15.52,1.0,1.0,delivered_late,2026-08-25 14:44:48.946947,False,15.52,2.35,30.68,49.78,82.82,67.3,18.0,49.3,15.03,0.48,8.6,2026-08-25,13,Tuesday,10-20 km
O01565,C0671,R027,D006,Bengaluru,2026-08-21 21:18:00,2026-08-21 22:30:48.000000,2026-08-21 21:38:15.050677,2026-08-21 22:28:48.782785,delivered,18.0,low,clear,D006,D006,2026-08-21 21:29:08.315360,,2026-08-21 21:36:00,2026-08-21 22:32:11.035088,completed,eta-v3.1,False,D006,2026-08-21 21:29:08.315360,2026-08-21 22:28:48.782785,2026-08-21 21:38:15.050677,4,,,True,True,-1.99,0.0,0.0,delivered_on_time,2026-08-21 22:28:48.782785,False,-1.99,11.14,9.11,50.56,70.81,72.8,18.0,54.8,2.25,-4.24,1.38,2026-08-21,21,Friday,10-20 km
O01566,C0423,R045,D114,Bengaluru,2026-08-13 17:39:00,2026-08-13 18:35:34.558700,2026-08-13 18:05:15.088899,2026-08-13 18:37:25.530881,delivered,8.94,medium,clear,D114,D114,2026-08-13 17:46:10.512742,,2026-08-13 17:57:00,2026-08-13 18:39:34.558700,completed,eta-v3.1,False,D114,2026-08-13 17:46:10.512742,2026-08-13 18:37:25.530881,2026-08-13 18:05:15.088899,3,,,True,True,1.85,1.0,0.0,delivered_late,2026-08-13 18:37:25.530881,False,1.85,7.18,19.08,32.17,58.43,56.58,18.0,38.58,8.25,-6.41,4.0,2026-08-13,17,Thursday,6-10 km
O01567,C0298,R011,D101,Bengaluru,2026-08-07 17:53:00,2026-08-07 18:58:35.631297,2026-08-07 18:08:51.488534,2026-08-07 18:50:55.304325,delivered,13.38,low,rain,D101,D101,2026-08-07 17:55:41.038383,,2026-08-07 18:11:00,2026-08-07 19:04:48.361947,completed,eta-v3.2,False,D101,2026-08-07 17:55:41.038383,2026-08-07 18:50:55.304325,2026-08-07 18:08:51.488534,5,,,True,True,-7.67,0.0,0.0,delivered_on_time,2026-08-07 18:50:55.304325,False,-7.67,2.68,13.17,42.06,57.92,65.59,18.0,47.59,-2.14,-5.53,6.21,2026-08-07,17,Friday,10-20 km
O01568,C0437,R053,D057,Bengaluru,2026-08-28 23:18:00,2026-08-29 00:33:10.383310,2026-08-28 23:52:21.786041,,cancelled,17.8,medium,clear,D057,D057,2026-08-28 23:19:05.743500,,2026-08-28 23:36:00,2026-08-29 00:46:30.954884,cancelled,eta-v3.1,False,D057,2026-08-28 23:19:05.743500,,,0,,,False,False,,,,cancelled,,False,,1.1,33.27,,,75.17,18.0,57.17,16.36,,13.34,2026-08-28,23,Friday,10-20 km
O01569,C0516,R014,D038,Bengaluru,2026-08-01 11:37:00,2026-08-01 12:56:48.000000,2026-08-01 12:15:44.337235,2026-08-01 13:08:40.232808,delivered,18.0,high,clear,D038,D038,2026-08-01 11:42:18.899000,,2026-08-01 11:55:00,2026-08-01 13:13:07.174434,completed,eta-v3.2,False,D038,2026-08-01 11:42:18.899000,2026-08-01 13:08:40.232808,2026-08-01 12:15:44.337235,5,,,True,True,11.87,1.0,1.0,delivered_late,2026-08-01 13:08:40.232808,False,11.87,5.31,33.42,52.93,91.67,79.8,18.0,61.8,20.74,-8.87,16.32,2026-08-01,11,Saturday,10-20 km
O01570,C0814,R042,D120,Bengaluru,2026-08-23 12:44:00,2026-08-23 14:03:48.000000,2026-08-23 13:04:21.665997,2026-08-23 13:59:30.921383,delivered,18.0,high,clear,D120,D120,2026-08-23 12:46:11.732406,,2026-08-23 13:02:00,2026-08-23 14:15:17.645801,completed,eta-v3.2,False,D120,2026-08-23 12:46:11.732406,2026-08-23 13:59:30.921383,2026-08-23 13:04:21.665997,2,,,True,True,-4.28,0.0,0.0,delivered_on_time,2026-08-23 13:59:30.921383,False,-4.28,2.2,18.17,55.15,75.52,79.8,18.0,61.8,2.36,-6.65,11.49,2026-08-23,12,Sunday,10-20 km
O01571,C0536,R036,D118,Bengaluru,2026-08-26 18:50:00,2026-08-26 20:08:34.955592,2026-08-26 19:27:01.883230,2026-08-26 20:20:58.034174,delivered,14.75,severe,clear,D118,D118,2026-08-26 18:51:05.326792,,2026-08-26 19:08:00,2026-08-26 20:26:34.955592,completed,eta-v3.2,False,D118,2026-08-26 18:51:05.326792,2026-08-26 20:20:58.034174,2026-08-26 19:27:01.883230,4,,,True,True,12.38,1.0,1.0,delivered_late,2026-08-26 20:20:58.034174,False,12.38,1.09,35.94,53.94,90.97,78.58,18.0,60.58,19.03,-6.64,18.0,2026-08-26,18,Wednesday,10-20 km
O01572,C0549,R033,D010,Bengaluru,2026-08-04 17:42:00,2026-08-04 18:51:01.093396,2026-08-04 18:01:45.580285,2026-08-04 18:46:48.905710,delivered,14.87,medium,clear,D010,D010,2026-08-04 17:43:24.630739,,2026-08-04 18:00:00,2026-08-04 18:55:01.093396,completed,eta-v3.2,False,D010,2026-08-04 17:43:24.630739,2026-08-04 18:46:48.905710,2026-08-04 18:01:45.580285,4,CX-03,,True,True,-4.2,0.0,0.0,delivered_on_time,2026-08-04 18:46:48.905710,False,-4.2,1.41,18.35,45.06,64.82,69.02,18.0,51.02,1.76,-5.96,4.0,2026-08-04,17,Tuesday,10-20 km
O01573,C0158,R037,D101,Bengaluru,2026-08-01 19:50:00,2026-08-01 21:08:06.000000,2026-08-01 20:13:21.912803,2026-08-01 21:11:31.636230,delivered,18.0,medium,rain,D101,D101,2026-08-01 19:58:33.381617,,2026-08-01 20:08:00,2026-08-01 21:17:06.000000,completed,eta-v3.2,False,D101,2026-08-01 19:58:33.381617,2026-08-01 21:11:31.636230,2026-08-01 20:13:21.912803,5,,,True,True,3.43,1.0,0.0,delivered_late,2026-08-01 21:11:31.636230,False,3.43,8.56,14.81,58.16,81.53,78.1,18.0,60.1,5.37,-1.94,9.0,2026-08-01,19,Saturday,10-20 km
O01574,C0771,R044,D060,Bengaluru,2026-08-15 12:02:00,2026-08-15 13:17:05.182840,2026-08-15 12:27:20.781768,2026-08-15 13:17:46.331827,delivered,15.76,high,clear,D060,D060,2026-08-15 12:24:20.054532,,2026-08-15 12:20:00,2026-08-15 13:27:05.182840,completed,eta-v3.2,False,D060,2026-08-15 12:24:20.054532,2026-08-15 13:17:46.331827,2026-08-15 12:27:20.781768,3,,,True,True,0.69,1.0,0.0,delivered_late,2026-08-15 13:17:46.331827,False,0.69,22.33,3.01,50.43,75.77,75.09,18.0,57.09,7.35,-6.66,10.0,2026-08-15,12,Saturday,10-20 km
O01575,C0035,R015,D079,Bengaluru,2026-08-26 12:26:00,2026-08-26 13:25:15.073311,2026-08-26 12:52:30.115635,2026-08-26 13:28:56.267614,delivered,8.21,high,clear,D079,D079,2026-08-26 12:26:03.262395,,2026-08-26 12:44:00,2026-08-26 13:35:15.073311,completed,eta-v3.1,False,D079,2026-08-26 12:26:03.262395,2026-08-26 13:28:56.267614,2026-08-26 12:52:30.115635,3,,,True,True,3.69,1.0,0.0,delivered_late,2026-08-26 13:28:56.267614,False,3.69,0.05,26.45,36.44,62.94,59.25,18.0,41.25,8.5,-4.81,10.0,2026-08-26,12,Wednesday,6-10 km
O01576,C0594,R006,D083,Bengaluru,2026-08-27 12:49:00,2026-08-27 13:35:55.413210,2026-08-27 13:06:39.898873,2026-08-27 13:24:58.045191,delivered,5.68,low,clear,D083,D083,2026-08-27 12:51:12.762471,,2026-08-27 13:07:00,2026-08-27 13:35:55.413210,completed,eta-v3.1,False,D083,2026-08-27 12:51:12.762471,2026-08-27 13:24:58.045191,2026-08-27 13:06:39.898873,4,,,True,True,-10.96,0.0,0.0,delivered_on_time,2026-08-27 13:24:58.045191,False,-10.96,2.21,15.45,18.3,35.97,46.92,18.0,28.92,-0.34,-10.62,0.0,2026-08-27,12,Thursday,3-6 km
O01577,C0540,R015,D116,Bengaluru,2026-08-23 18:22:00,2026-08-23 19:37:36.000000,2026-08-23 19:01:06.693809,2026-08-23 19:48:57.129079,delivered,18.0,medium,clear,D116,D116,2026-08-23 18:38:09.403946,,2026-08-23 18:40:00,2026-08-23 19:46:00.654922,completed,eta-v3.1,False,D116,2026-08-23 18:38:09.403946,2026-08-23 19:48:57.129079,2026-08-23 19:01:06.693809,4,CX-03,,True,True,11.35,1.0,1.0,delivered_late,2026-08-23 19:48:57.129079,False,11.35,16.16,22.95,47.84,86.95,75.6,18.0,57.6,21.11,-9.76,8.41,2026-08-23,18,Sunday,10-20 km
O01578,C0774,R051,D105,Bengaluru,2026-08-13 20:45:00,2026-08-13 22:00:36.000000,2026-08-13 21:35:39.427046,2026-08-13 22:23:21.314299,delivered,18.0,medium,clear,D105,D105,2026-08-13 20:45:30.867337,,2026-08-13 21:03:00,2026-08-13 22:16:39.459394,completed,eta-v3.1,False,D105,2026-08-13 20:45:30.867337,2026-08-13 22:23:21.314299,2026-08-13 21:35:39.427046,3,,,True,True,22.76,1.0,1.0,delivered_late,2026-08-13 22:23:21.314299,False,22.76,0.51,50.14,47.7,98.36,75.6,18.0,57.6,32.66,-9.9,16.06,2026-08-13,20,Thursday,10-20 km
O01579,C0241,R042,D025,Bengaluru,2026-08-28 17:29:00,2026-08-28 18:39:52.700056,2026-08-28 17:58:36.547981,2026-08-28 18:48:59.592502,delivered,13.75,high,clear,D025,D025,2026-08-28 17:30:12.614236,,2026-08-28 17:47:00,2026-08-28 18:51:49.984037,completed,eta-v3.1,False,D025,2026-08-28 17:30:12.614236,2026-08-28 18:48:59.592502,2026-08-28 17:58:36.547981,5,CX-03,,True,True,9.11,1.0,0.0,delivered_late,2026-08-28 18:48:59.592502,False,9.11,1.21,28.4,50.38,79.99,70.88,18.0,52.88,11.61,-2.5,11.95,2026-08-28,17,Friday,10-20 km
O01580,C0300,R046,D076,Bengaluru,2026-08-09 19:41:00,2026-08-09 20:43:09.714539,2026-08-09 19:55:17.591023,2026-08-09 20:29:49.431196,delivered,11.6,medium,clear,D076,D076,2026-08-09 19:42:38.477828,,2026-08-09 19:59:00,2026-08-09 20:47:09.714539,completed,eta-v3.2,False,D076,2026-08-09 19:42:38.477828,2026-08-09 20:29:49.431196,2026-08-09 19:55:17.591023,2,,,True,True,-13.34,0.0,0.0,delivered_on_time,2026-08-09 20:29:49.431196,False,-13.34,1.64,12.65,34.53,48.82,62.16,18.0,44.16,-3.71,-9.63,4.0,2026-08-09,19,Sunday,10-20 km
O01581,C0750,R002,D067,Bengaluru,2026-08-16 17:26:00,2026-08-16 18:41:36.000000,2026-08-16 17:49:29.479028,2026-08-16 18:40:02.650212,delivered,18.0,medium,clear,D067,D067,2026-08-16 17:26:52.109669,,2026-08-16 17:44:00,2026-08-16 18:45:43.797648,completed,eta-v3.1,False,D067,2026-08-16 17:26:52.109669,2026-08-16 18:40:02.650212,2026-08-16 17:49:29.479028,5,,,True,True,-1.56,0.0,0.0,delivered_on_time,2026-08-16 18:40:02.650212,False,-1.56,0.87,22.62,50.55,74.04,75.6,18.0,57.6,5.49,-7.05,4.13,2026-08-16,17,Sunday,10-20 km
O01582,C0250,R014,D018,Bengaluru,2026-08-21 20:03:00,2026-08-21 21:22:48.000000,2026-08-21 20:40:58.162365,2026-08-21 21:32:50.730330,delivered,18.0,high,clear,D018,D018,2026-08-21 20:03:13.919706,,2026-08-21 20:21:00,2026-08-21 21:41:07.053042,completed,eta-v3.2,False,D018,2026-08-21 20:03:13.919706,2026-08-21 21:32:50.730330,2026-08-21 20:40:58.162365,3,,,True,True,10.05,1.0,1.0,delivered_late,2026-08-21 21:32:50.730330,False,10.05,0.23,37.74,51.88,89.85,79.8,18.0,61.8,19.97,-9.92,18.32,2026-08-21,20,Friday,10-20 km
O01583,C0462,R026,D059,Bengaluru,2026-08-08 18:51:00,2026-08-08 20:06:36.000000,2026-08-08 19:16:32.910034,2026-08-08 20:08:07.410283,delivered,18.0,medium,clear,D059,D059,2026-08-08 18:52:25.962111,,2026-08-08 19:09:00,2026-08-08 20:13:05.386026,completed,eta-v3.2,False,D059,2026-08-08 18:52:25.962111,2026-08-08 20:08:07.410283,2026-08-08 19:16:32.910034,2,,,True,True,1.52,1.0,0.0,delivered_late,2026-08-08 20:08:07.410283,False,1.52,1.43,24.12,51.58,77.12,75.6,18.0,57.6,7.55,-6.02,6.49,2026-08-08,18,Saturday,10-20 km
O01584,C0313,R020,D087,Bengaluru,2026-08-22 20:55:00,2026-08-22 22:17:19.778068,2026-08-22 21:40:16.740107,2026-08-22 22:42:19.744790,delivered,16.54,severe,clear,D087,D087,2026-08-22 20:55:03.502328,,2026-08-22 21:13:00,2026-08-22 22:44:58.580377,completed,eta-v3.2,False,D087,2026-08-22 20:55:03.502328,2026-08-22 22:42:19.744790,2026-08-22 21:40:16.740107,2,,,True,True,25.0,1.0,1.0,delivered_late,2026-08-22 22:42:19.744790,False,25.0,0.06,45.22,62.05,107.33,82.33,18.0,64.33,27.28,-2.28,27.65,2026-08-22,20,Saturday,10-20 km
O01585,C0392,R018,D007,Bengaluru,2026-08-20 18:37:00,2026-08-20 19:45:12.539414,2026-08-20 19:11:22.880055,2026-08-20 19:58:00.061501,delivered,11.29,high,rain,D007,D007,2026-08-20 18:40:49.915101,,2026-08-20 18:55:00,2026-08-20 20:00:12.539414,completed,eta-v3.2,False,D007,2026-08-20 18:40:49.915101,2026-08-20 19:58:00.061501,2026-08-20 19:11:22.880055,4,,,True,True,12.79,1.0,1.0,delivered_late,2026-08-20 19:58:00.061501,False,12.79,3.83,30.55,46.62,81.0,68.21,18.0,50.21,16.38,-3.59,15.0,2026-08-20,18,Thursday,10-20 km
O01586,C0377,R010,D014,Bengaluru,2026-08-14 22:32:00,2026-08-14 23:51:48.000000,2026-08-14 23:03:57.783988,2026-08-15 00:00:00.431674,delivered,18.0,high,clear,D014,D014,2026-08-14 22:33:59.020782,,2026-08-14 22:50:00,2026-08-15 00:02:18.605601,completed,eta-v3.2,False,D014,2026-08-14 22:33:59.020782,2026-08-15 00:00:00.431674,2026-08-14 23:03:57.783988,5,,,True,True,8.21,1.0,0.0,delivered_late,2026-08-15 00:00:00.431674,False,8.21,1.98,29.98,56.04,88.01,79.8,18.0,61.8,13.96,-5.76,10.51,2026-08-14,22,Friday,10-20 km
O01587,C0775,R033,D036,Bengaluru,2026-08-12 17:38:00,2026-08-12 18:53:36.000000,2026-08-12 18:32:41.991070,2026-08-12 19:18:25.040774,delivered,18.0,medium,clear,D024,D036,2026-08-12 17:38:11.777501,2026-08-12 17:44:12.963150,2026-08-12 17:56:00,2026-08-12 18:58:17.313104,completed,eta-v3.1,True,D024,2026-08-12 17:38:11.777501,2026-08-12 19:18:25.040774,2026-08-12 18:32:41.991070,4,CX-01;CX-03,,True,True,24.82,1.0,1.0,delivered_late,2026-08-12 19:18:25.040774,False,24.82,0.2,54.5,45.72,100.42,75.6,18.0,57.6,36.7,-11.88,4.69,2026-08-12,17,Wednesday,10-20 km
O01588,C0239,R050,D036,Bengaluru,2026-08-20 18:11:00,2026-08-20 19:12:42.427956,2026-08-20 18:41:54.777268,2026-08-20 19:21:53.043723,delivered,6.72,severe,clear,D036,D036,2026-08-20 18:14:08.092111,,2026-08-20 18:29:00,2026-08-20 19:34:17.018148,completed,eta-v3.2,False,D036,2026-08-20 18:14:08.092111,2026-08-20 19:21:53.043723,2026-08-20 18:41:54.777268,3,,,True,True,9.18,1.0,0.0,delivered_late,2026-08-20 19:21:53.043723,False,9.18,3.13,27.78,39.97,70.88,61.71,18.0,43.71,12.91,-3.74,21.58,2026-08-20,18,Thursday,6-10 km
O01589,C0434,R029,D024,Bengaluru,2026-08-15 20:32:00,2026-08-15 21:41:47.106838,2026-08-15 20:55:54.826645,2026-08-15 21:36:36.924498,delivered,15.23,medium,clear,D024,D024,2026-08-15 20:32:11.590459,,2026-08-15 20:50:00,2026-08-15 21:45:47.106838,completed,eta-v3.2,False,D024,2026-08-15 20:32:11.590459,2026-08-15 21:36:36.924498,2026-08-15 20:55:54.826645,3,,,True,True,-5.17,0.0,0.0,delivered_on_time,2026-08-15 21:36:36.924498,False,-5.17,0.19,23.72,40.7,64.62,69.79,18.0,51.79,5.91,-11.09,4.0,2026-08-15,20,Saturday,10-20 km
O01590,C0232,R030,D017,Bengaluru,2026-08-21 14:22:00,2026-08-21 15:31:39.953893,2026-08-21 14:54:12.137020,2026-08-21 15:44:57.442794,delivered,10.51,severe,clear,D017,D017,2026-08-21 14:26:28.176415,,2026-08-21 14:40:00,2026-08-21 15:49:39.953893,completed,eta-v3.2,False,D017,2026-08-21 14:26:28.176415,2026-08-21 15:44:57.442794,2026-08-21 14:54:12.137020,2,,,True,True,13.29,1.0,1.0,delivered_late,2026-08-21 15:44:57.442794,False,13.29,4.47,27.73,50.76,82.96,69.67,18.0,51.67,14.2,-0.91,18.0,2026-08-21,14,Friday,10-20 km
O01591,C0261,R023,D112,Bengaluru,2026-08-12 12:43:00,2026-08-12 13:55:48.000000,2026-08-12 13:01:43.015486,2026-08-12 13:45:10.919946,delivered,18.0,low,clear,D112,D112,2026-08-12 12:53:12.337753,,2026-08-12 13:01:00,2026-08-12 13:55:48.000000,completed,eta-v3.1,False,D112,2026-08-12 12:53:12.337753,2026-08-12 13:45:10.919946,2026-08-12 13:01:43.015486,4,CX-03,,True,True,-10.62,0.0,0.0,delivered_on_time,2026-08-12 13:45:10.919946,False,-10.62,10.21,8.51,43.47,62.18,72.8,18.0,54.8,0.72,-11.33,0.0,2026-08-12,12,Wednesday,10-20 km
O01592,C0220,R032,D094,Bengaluru,2026-08-11 21:51:00,2026-08-11 23:13:18.000000,2026-08-11 22:19:11.486202,2026-08-11 23:17:27.164143,delivered,18.0,high,rain,D094,D094,2026-08-11 21:54:59.197790,,2026-08-11 22:09:00,2026-08-11 23:29:47.726852,completed,eta-v3.2,False,D094,2026-08-11 21:54:59.197790,2026-08-11 23:17:27.164143,2026-08-11 22:19:11.486202,2,,,True,True,4.15,1.0,0.0,delivered_late,2026-08-11 23:17:27.164143,False,4.15,3.99,24.2,58.26,86.45,82.3,18.0,64.3,10.19,-6.04,16.5,2026-08-11,21,Tuesday,10-20 km
O01593,C0171,R025,D072,Bengaluru,2026-08-20 13:34:00,2026-08-20 14:49:18.000000,2026-08-20 13:58:26.204372,2026-08-20 14:49:06.735973,delivered,18.0,low,rain,D072,D072,2026-08-20 13:35:11.747091,,2026-08-20 13:52:00,2026-08-20 14:56:03.626417,completed,eta-v3.1,False,D072,2026-08-20 13:35:11.747091,2026-08-20 14:49:06.735973,2026-08-20 13:58:26.204372,3,,,True,True,-0.19,0.0,0.0,delivered_on_time,2026-08-20 14:49:06.735973,False,-0.19,1.2,23.24,50.68,75.11,75.3,18.0,57.3,6.44,-6.62,6.76,2026-08-20,13,Thursday,10-20 km
O01594,C0098,R024,D011,Bengaluru,2026-08-13 13:08:00,2026-08-13 14:33:48.000000,2026-08-13 13:45:33.365926,2026-08-13 14:54:21.243839,delivered,18.0,high,heavy_rain,D011,D011,2026-08-13 13:11:33.030247,,2026-08-13 13:26:00,2026-08-13 14:56:08.960520,completed,eta-v3.2,False,D011,2026-08-13 13:11:33.030247,2026-08-13 14:54:21.243839,2026-08-13 13:45:33.365926,3,,,True,True,20.55,1.0,1.0,delivered_late,2026-08-13 14:54:21.243839,False,20.55,3.55,34.01,68.8,106.35,85.8,18.0,67.8,19.56,1.0,22.35,2026-08-13,13,Thursday,10-20 km
O01595,C0305,R011,D045,Bengaluru,2026-08-24 22:11:00,2026-08-24 23:23:48.000000,2026-08-24 22:31:08.027350,2026-08-24 23:19:19.282836,delivered,18.0,low,clear,D045,D045,2026-08-24 22:14:58.091895,,2026-08-24 22:29:00,2026-08-24 23:23:48.000000,completed,eta-v3.1,False,D045,2026-08-24 22:14:58.091895,2026-08-24 23:19:19.282836,2026-08-24 22:31:08.027350,2,,,True,True,-4.48,0.0,0.0,delivered_on_time,2026-08-24 23:19:19.282836,False,-4.48,3.97,16.17,48.19,68.32,72.8,18.0,54.8,2.13,-6.61,0.0,2026-08-24,22,Monday,10-20 km
O01596,C0349,R041,D101,Bengaluru,2026-08-12 13:03:00,2026-08-12 14:28:24.000000,2026-08-12 13:38:50.942226,,cancelled,18.0,severe,clear,D101,D101,2026-08-12 13:03:12.888012,,2026-08-12 13:21:00,2026-08-12 14:49:55.785715,cancelled,eta-v3.1,False,D101,2026-08-12 13:03:12.888012,,,0,,,False,False,,,,cancelled,,False,,0.21,35.63,,,85.4,18.0,67.4,17.85,,21.53,2026-08-12,13,Wednesday,10-20 km
O01597,C0174,R030,D070,Bengaluru,2026-08-22 19:57:00,2026-08-22 21:15:48.000000,2026-08-22 20:11:11.035912,2026-08-22 21:12:07.487728,delivered,18.0,low,heavy_rain,D070,D070,2026-08-22 19:57:07.461222,,2026-08-22 20:15:00,2026-08-22 21:27:48.000000,completed,eta-v3.2,False,D070,2026-08-22 19:57:07.461222,2026-08-22 21:12:07.487728,2026-08-22 20:11:11.035912,5,,,True,True,-3.68,0.0,0.0,delivered_on_time,2026-08-22 21:12:07.487728,False,-3.68,0.12,14.06,60.94,75.12,78.8,18.0,60.8,-3.82,0.14,12.0,2026-08-22,19,Saturday,10-20 km
O01598,C0286,R048,D063,Bengaluru,2026-08-18 20:11:00,2026-08-18 21:26:36.000000,2026-08-18 20:31:26.758603,2026-08-18 21:22:02.516000,delivered,18.0,medium,clear,D063,D063,2026-08-18 20:17:02.952886,,2026-08-18 20:29:00,2026-08-18 21:30:36.000000,completed,eta-v3.2,False,D063,2026-08-18 20:17:02.952886,2026-08-18 21:22:02.516000,2026-08-18 20:31:26.758603,2,CX-03,,True,True,-4.56,0.0,0.0,delivered_on_time,2026-08-18 21:22:02.516000,False,-4.56,6.05,14.4,50.6,71.04,75.6,18.0,57.6,2.45,-7.0,4.0,2026-08-18,20,Tuesday,10-20 km
O01599,C0191,R048,D081,Bengaluru,2026-08-26 12:26:00,2026-08-26 13:31:50.885314,2026-08-26 12:55:31.571858,2026-08-26 13:40:06.434639,delivered,7.5,severe,rain,D116,D081,2026-08-26 12:36:20.532821,2026-08-26 12:43:37.110088,2026-08-26 12:44:00,2026-08-26 13:55:51.204998,completed,eta-v3.1,True,D116,2026-08-26 12:36:20.532821,2026-08-26 13:40:06.434639,2026-08-26 12:55:31.571858,4,CX-01;CX-03,,True,True,8.26,1.0,0.0,delivered_late,2026-08-26 13:40:06.434639,False,8.26,10.34,19.18,44.58,74.11,65.85,18.0,47.85,11.53,-3.27,24.01,2026-08-26,12,Wednesday,6-10 km
O01600,C0107,R037,D104,Bengaluru,2026-08-27 18:08:00,2026-08-27 19:11:25.681985,2026-08-27 18:27:44.339018,2026-08-27 19:08:53.947760,delivered,13.54,low,clear,D104,D104,2026-08-27 18:09:56.489239,,2026-08-27 18:26:00,2026-08-27 19:11:25.681985,completed,eta-v3.2,False,D104,2026-08-27 18:09:56.489239,2026-08-27 19:08:53.947760,2026-08-27 18:27:44.339018,2,CX-03,,True,True,-2.53,0.0,0.0,delivered_on_time,2026-08-27 19:08:53.947760,False,-2.53,1.94,17.8,41.16,60.9,63.43,18.0,45.43,1.74,-4.27,0.0,2026-08-27,18,Thursday,10-20 km
