order_id,customer_id,restaurant_id,driver_id,final_status,kpi_population,late_flag,late_over_threshold_flag,delay_min,outcome_bucket,reassigned_flag,dq_flags,created_at,promised_eta,actual_delivery_at,app_action_count,eta_view_count,support_opened,cancel_attempted,first_app_action_at,ticket_count,ticket_categories,first_ticket_at,interaction_count,support_contact,intervention_count,intervention_types,first_intervention_at,intervention_initiated_by,has_intervention,intervention_before_delivery,frustrated_no_intervention,frustrated_intervened_still_late
O00001,C0168,R009,D103,delivered,True,1.0,1.0,10.82,delivered_late,False,CX-03,2026-08-13 12:56:00,2026-08-13 14:11:36.000000,2026-08-13 14:22:25.035899,2,1,True,False,2026-08-13 13:21:00,0,,,2,True,1,DRIVER_REASSIGNMENT,2026-08-13 13:08:00.000000,dispatch,True,True,False,True
O00002,C0043,R018,D083,delivered,True,1.0,0.0,3.97,delivered_late,False,,2026-08-01 18:36:00,2026-08-01 19:43:16.627988,2026-08-01 19:47:14.818533,0,0,False,False,,0,,,0,False,0,,,,False,False,False,False
O00003,C0855,R010,D039,delivered,True,0.0,0.0,-4.41,delivered_on_time,False,,2026-08-01 19:35:00,2026-08-01 20:17:52.941967,2026-08-01 20:13:28.061191,0,0,False,False,,0,,,0,False,0,,,,False,False,False,False
O00004,C0229,R030,D038,cancelled,False,,,,cancelled,False,,2026-08-09 18:16:00,2026-08-09 19:30:19.067006,,0,0,False,False,,0,,,0,False,0,,,,False,False,False,False
O00005,C0040,R004,D047,delivered,True,1.0,1.0,21.02,delivered_late,False,,2026-08-06 20:35:00,2026-08-06 21:54:48.000000,2026-08-06 22:15:49.290713,0,0,False,False,,0,,,0,False,0,,,,False,False,False,False
O00006,C0152,R052,D120,delivered,True,1.0,0.0,7.3,delivered_late,False,,2026-08-26 23:02:00,2026-08-26 23:58:18.214888,2026-08-27 00:05:36.182189,2,2,False,False,2026-08-26 23:16:00,0,,,2,False,0,,,,False,False,False,False
O00007,C0875,R021,D094,delivered,True,1.0,0.0,4.27,delivered_late,False,,2026-08-14 11:47:00,2026-08-14 13:14:54.000000,2026-08-14 13:19:10.066680,1,1,False,False,2026-08-14 11:56:00,0,,,1,False,0,,,,False,False,False,False
O00008,C0223,R010,D031,delivered,True,1.0,1.0,26.86,delivered_late,False,,2026-08-27 22:22:00,2026-08-27 23:40:06.000000,2026-08-28 00:06:57.494136,2,1,True,False,2026-08-27 22:48:00,0,,,2,True,1,CUSTOMER_CREDIT,2026-08-27 23:44:06.000000,support,True,True,False,True
O00009,C0685,R053,D078,delivered,True,1.0,0.0,0.69,delivered_late,False,RG-03,2026-08-09 13:16:00,2026-08-09 14:21:32.383307,2026-08-09 14:22:13.491008,1,1,False,False,2026-08-09 13:32:00,0,,,1,False,0,,,,False,False,False,False
O00010,C0530,R006,D082,delivered,True,0.0,0.0,-5.79,delivered_on_time,False,,2026-08-22 13:27:00,2026-08-22 14:28:13.625987,2026-08-22 14:22:26.150344,3,3,False,False,2026-08-22 13:32:00,0,,,3,False,0,,,,False,False,False,False
O00011,C0709,R048,D007,delivered,True,1.0,0.0,3.91,delivered_late,False,CX-03,2026-08-13 19:57:00,2026-08-13 20:47:19.733166,2026-08-13 20:51:14.432682,3,3,False,False,2026-08-13 20:06:00,0,,,3,False,1,DRIVER_REASSIGNMENT,2026-08-13 20:09:00.000000,dispatch,True,True,False,False
O00012,C0366,R008,D094,delivered,True,1.0,1.0,30.13,delivered_late,False,,2026-08-22 12:32:00,2026-08-22 13:25:02.757323,2026-08-22 13:55:10.513418,0,0,False,False,,0,,,0,False,0,,,,False,False,False,False
O00013,C0317,R055,D098,delivered,True,0.0,0.0,-3.4,delivered_on_time,False,,2026-08-23 19:31:00,2026-08-23 20:38:21.808411,2026-08-23 20:34:57.522531,1,1,False,False,2026-08-23 19:43:00,0,,,1,False,0,,,,False,False,False,False
O00014,C0542,R052,D005,delivered,True,1.0,0.0,5.1,delivered_late,False,,2026-08-22 18:35:00,2026-08-22 19:56:36.000000,2026-08-22 20:01:42.256596,3,3,False,False,2026-08-22 18:40:00,0,,,3,False,0,,,,False,False,False,False
O00015,C0578,R035,D014,delivered,True,1.0,0.0,4.28,delivered_late,False,,2026-08-16 19:17:00,2026-08-16 20:32:36.000000,2026-08-16 20:36:53.095103,2,2,False,False,2026-08-16 19:35:00,0,,,2,False,0,,,,False,False,False,False
O00016,C0326,R028,D102,delivered,True,1.0,0.0,2.49,delivered_late,False,,2026-08-14 12:53:00,2026-08-14 14:11:06.000000,2026-08-14 14:13:35.547689,1,1,False,False,2026-08-14 13:08:00,0,,,1,False,0,,,,False,False,False,False
O00017,C0270,R001,D028,cancelled,False,,,,cancelled,False,CX-03,2026-08-24 20:51:00,2026-08-24 21:57:35.299563,,0,0,False,False,,0,,,0,False,1,DRIVER_REASSIGNMENT,2026-08-24 21:02:00.000000,dispatch,True,False,False,False
O00018,C0886,R051,D095,delivered,True,1.0,0.0,9.43,delivered_late,False,,2026-08-24 13:29:00,2026-08-24 15:00:24.000000,2026-08-24 15:09:50.026151,1,1,False,False,2026-08-24 13:51:00,0,,,1,False,0,,,,False,False,False,False
O00019,C0357,R006,D016,delivered,True,1.0,0.0,4.0,delivered_late,False,,2026-08-13 15:53:00,2026-08-13 16:38:01.926141,2026-08-13 16:42:01.993336,3,3,False,False,2026-08-13 15:58:00,0,,,3,False,0,,,,False,False,False,False
O00020,C0384,R037,D036,delivered,True,1.0,0.0,7.9,delivered_late,False,,2026-08-07 21:39:00,2026-08-07 22:32:52.179324,2026-08-07 22:40:46.404645,3,3,False,False,2026-08-07 21:46:00,0,,,3,False,0,,,,False,False,False,False
O00021,C0090,R010,D034,delivered,True,0.0,0.0,-8.03,delivered_on_time,False,,2026-08-10 12:01:00,2026-08-10 13:26:24.000000,2026-08-10 13:18:22.060190,0,0,False,False,,0,,,0,False,0,,,,False,False,False,False
O00022,C0189,R047,D055,delivered,True,0.0,0.0,-3.1,delivered_on_time,False,CX-03,2026-08-26 11:34:00,2026-08-26 12:41:50.989599,2026-08-26 12:38:45.059668,3,3,False,False,2026-08-26 11:49:00,0,,,3,False,1,DRIVER_REASSIGNMENT,2026-08-26 11:55:00.000000,dispatch,True,True,False,False
O00023,C0129,R050,D028,delivered,True,0.0,0.0,-5.09,delivered_on_time,False,,2026-08-26 22:49:00,2026-08-26 23:41:18.130365,2026-08-26 23:36:12.854112,1,1,False,False,2026-08-26 23:17:00,0,,,1,False,0,,,,False,False,False,False
O00024,C0677,R011,D049,delivered,True,1.0,0.0,3.99,delivered_late,False,,2026-08-16 14:51:00,2026-08-16 15:49:04.387462,2026-08-16 15:53:03.503851,2,2,False,False,2026-08-16 14:57:00,0,,,2,False,1,CUSTOMER_CREDIT,2026-08-16 16:07:04.387462,support,True,False,False,False
O00025,C0886,R023,D039,delivered,True,0.0,0.0,-9.5,delivered_on_time,False,,2026-08-01 12:14:00,2026-08-01 13:29:36.000000,2026-08-01 13:20:06.003033,2,2,False,False,2026-08-01 12:34:00,0,,,2,False,0,,,,False,False,False,False
O00026,C0387,R010,D078,delivered,True,0.0,0.0,-15.51,delivered_on_time,False,TS-07;CX-03,2026-08-18 22:44:00,2026-08-18 23:56:48.000000,2026-08-18 23:41:17.389921,1,1,False,False,2026-08-18 22:48:00,0,,,1,False,1,DRIVER_REASSIGNMENT,2026-08-18 22:52:00.000000,dispatch,True,True,False,False
O00027,C0253,R026,D053,delivered,True,1.0,1.0,20.81,delivered_late,False,CX-03,2026-08-09 11:03:00,2026-08-09 12:18:36.000000,2026-08-09 12:39:24.323714,0,0,False,False,,0,,,0,False,1,DRIVER_REASSIGNMENT,2026-08-09 11:23:00.000000,dispatch,True,True,False,False
O00028,C0466,R054,D058,delivered,True,0.0,0.0,-13.77,delivered_on_time,False,,2026-08-04 20:25:00,2026-08-04 21:40:36.000000,2026-08-04 21:26:49.720910,1,1,False,False,2026-08-04 20:39:00,0,,,1,False,1,RESTAURANT_CONTACT,2026-08-04 20:49:00.000000,support,True,True,False,False
O00029,C0808,R052,D023,delivered,True,1.0,0.0,2.41,delivered_late,False,,2026-08-15 16:37:00,2026-08-15 18:02:24.000000,2026-08-15 18:04:48.522886,0,0,False,False,,0,,,0,False,0,,,,False,False,False,False
O00030,C0409,R005,D120,delivered,True,0.0,0.0,-2.57,delivered_on_time,False,,2026-08-03 13:26:00,2026-08-03 14:41:36.000000,2026-08-03 14:39:02.098618,2,2,False,False,2026-08-03 13:31:00,0,,,2,False,0,,,,False,False,False,False
O00031,C0128,R039,D017,delivered,True,1.0,0.0,1.7,delivered_late,False,,2026-08-09 20:04:00,2026-08-09 20:59:54.084176,2026-08-09 21:01:36.190772,0,0,False,False,,0,,,0,False,0,,,,False,False,False,False
O00032,C0392,R013,D027,delivered,True,0.0,0.0,-1.25,delivered_on_time,False,,2026-08-14 20:38:00,2026-08-14 21:19:53.738003,2026-08-14 21:18:38.840632,0,0,False,False,,0,,,0,False,0,,,,False,False,False,False
O00033,C0536,R024,D118,delivered,True,1.0,1.0,14.32,delivered_late,False,,2026-08-06 23:27:00,2026-08-07 00:46:48.000000,2026-08-07 01:01:07.342758,3,2,True,False,2026-08-06 23:31:00,0,,,3,True,1,RESTAURANT_CONTACT,2026-08-06 23:55:00.000000,support,True,True,False,True
O00034,C0356,R028,D035,delivered,True,0.0,0.0,-0.4,delivered_on_time,False,,2026-08-25 17:32:00,2026-08-25 18:39:32.450377,2026-08-25 18:39:08.259091,3,3,False,False,2026-08-25 17:39:00,0,,,3,False,0,,,,False,False,False,False
O00035,C0386,R050,D053,delivered,True,1.0,0.0,1.52,delivered_late,True,CX-01;CX-03,2026-08-10 18:44:00,2026-08-10 19:26:13.163221,2026-08-10 19:27:44.429504,3,3,False,False,2026-08-10 19:01:00,0,,,3,False,0,,,,False,False,False,False
O00036,C0495,R025,D082,delivered,True,0.0,0.0,-2.83,delivered_on_time,False,,2026-08-23 16:45:00,2026-08-23 17:56:06.187144,2026-08-23 17:53:16.280620,1,1,False,False,2026-08-23 16:49:00,0,,,1,False,0,,,,False,False,False,False
O00037,C0346,R023,D076,delivered,True,1.0,1.0,15.45,delivered_late,False,,2026-08-09 20:18:00,2026-08-09 21:40:18.000000,2026-08-09 21:55:45.135763,4,3,True,False,2026-08-09 20:35:00,1,late_delivery,2026-08-09 21:09:00,5,True,0,,,,False,False,True,False
O00038,C0375,R041,D050,delivered,True,0.0,0.0,-3.21,delivered_on_time,False,,2026-08-08 21:26:00,2026-08-08 22:38:48.000000,2026-08-08 22:35:35.238022,0,0,False,False,,0,,,0,False,0,,,,False,False,False,False
O00039,C0266,R051,D037,delivered,True,1.0,0.0,5.65,delivered_late,False,,2026-08-11 21:55:00,2026-08-11 23:03:45.760272,2026-08-11 23:09:25.053883,2,2,False,False,2026-08-11 22:03:00,0,,,2,False,0,,,,False,False,False,False
O00040,C0374,R012,D035,delivered,True,1.0,1.0,25.55,delivered_late,False,,2026-08-11 19:56:00,2026-08-11 20:50:06.147184,2026-08-11 21:15:39.373978,2,2,False,False,2026-08-11 20:00:00,1,late_delivery,2026-08-11 20:15:00,3,True,0,,,,False,False,True,False
O00041,C0008,R028,D098,delivered,True,1.0,0.0,5.4,delivered_late,False,,2026-08-01 11:50:00,2026-08-01 13:02:48.000000,2026-08-01 13:08:11.752741,3,3,False,False,2026-08-01 11:57:00,1,eta_issue,2026-08-01 12:24:00,4,True,0,,,,False,False,True,False
O00042,C0862,R025,D041,delivered,True,1.0,0.0,5.67,delivered_late,False,,2026-08-09 18:42:00,2026-08-09 19:28:40.298913,2026-08-09 19:34:20.331287,3,3,False,False,2026-08-09 18:48:00,1,restaurant_delay,2026-08-09 19:19:00,4,True,0,,,,False,False,True,False
O00043,C0405,R008,D102,delivered,False,,,,unknown_missing_timestamp,False,TS-04,2026-08-04 14:36:00,2026-08-04 15:47:08.390718,,0,0,False,False,,0,,,0,False,0,,,,False,False,False,False
O00044,C0644,R006,D080,delivered,True,1.0,0.0,6.84,delivered_late,False,,2026-08-08 19:39:00,2026-08-08 20:44:05.343184,2026-08-08 20:50:55.989452,2,2,False,False,2026-08-08 19:49:00,0,,,2,False,0,,,,False,False,False,False
O00045,C0306,R038,D020,delivered,True,1.0,0.0,4.73,delivered_late,False,,2026-08-14 13:08:00,2026-08-14 14:30:18.000000,2026-08-14 14:35:01.740517,3,3,False,False,2026-08-14 13:12:00,0,,,3,False,1,RESTAURANT_CONTACT,2026-08-14 13:29:00.000000,support,True,True,False,False
O00046,C0828,R048,D034,delivered,True,0.0,0.0,-14.09,delivered_on_time,False,,2026-08-05 20:14:00,2026-08-05 21:05:50.477087,2026-08-05 20:51:44.881147,0,0,False,False,,0,,,0,False,0,,,,False,False,False,False
O00047,C0285,R011,D111,delivered,True,1.0,1.0,28.11,delivered_late,False,,2026-08-22 15:24:00,2026-08-22 16:45:39.750546,2026-08-22 17:13:46.468098,3,2,True,False,2026-08-22 15:33:00,0,,,3,True,0,,,,False,False,True,False
O00048,C0675,R044,D039,delivered,True,1.0,1.0,18.45,delivered_late,False,,2026-08-10 23:07:00,2026-08-11 00:01:58.798201,2026-08-11 00:20:25.937903,0,0,False,False,,0,,,0,False,0,,,,False,False,False,False
O00049,C0544,R025,D042,delivered,True,1.0,0.0,1.75,delivered_late,False,,2026-08-09 11:23:00,2026-08-09 12:04:23.146170,2026-08-09 12:06:08.285589,3,3,False,False,2026-08-09 11:43:00,1,late_delivery,2026-08-09 11:42:00,4,True,0,,,,False,False,True,False
O00050,C0116,R036,D070,delivered,True,1.0,0.0,2.33,delivered_late,False,,2026-08-22 14:40:00,2026-08-22 15:33:47.676881,2026-08-22 15:36:07.615519,2,2,False,False,2026-08-22 14:45:00,0,,,2,False,0,,,,False,False,False,False
O00051,C0875,R039,D058,delivered,False,,,-8.66,excluded_dq_rule,False,TS-02;CX-02,2026-08-01 15:09:00,2026-08-01 16:28:30.928528,2026-08-01 16:19:51.495665,0,0,False,False,,0,,,0,False,0,,,,False,False,False,False
O00052,C0610,R055,D086,delivered,False,,,-15.52,excluded_dq_rule,False,TS-02;CX-02,2026-08-24 17:07:00,2026-08-24 18:26:48.000000,2026-08-24 18:11:16.946011,0,0,False,False,,0,,,0,False,1,RESTAURANT_CONTACT,2026-08-24 17:30:00.000000,support,True,True,False,False
O00053,C0797,R030,D028,delivered,False,,,22.05,excluded_dq_rule,False,TS-02;CX-02,2026-08-13 17:06:00,2026-08-13 17:58:50.809718,2026-08-13 18:20:53.797613,0,0,False,False,,0,,,0,False,0,,,,False,False,False,False
O00054,C0270,R002,D113,delivered,False,,,4.38,excluded_dq_rule,False,TS-02;CX-02,2026-08-28 19:56:00,2026-08-28 21:15:48.000000,2026-08-28 21:20:10.582862,3,3,False,False,2026-08-28 20:11:00,0,,,3,False,1,RESTAURANT_CONTACT,2026-08-28 20:28:00.000000,support,True,True,False,False
O00055,C0511,R049,D030,delivered,False,,,-2.71,excluded_dq_rule,False,TS-02;CX-02,2026-08-16 12:53:00,2026-08-16 14:05:48.000000,2026-08-16 14:03:05.645770,3,3,False,False,2026-08-16 12:58:00,0,,,3,False,1,CUSTOMER_CREDIT,2026-08-16 14:12:48.000000,support,True,False,False,False
O00056,C0321,R022,D087,delivered,True,0.0,0.0,-2.87,delivered_on_time,False,,2026-08-10 19:22:00,2026-08-10 20:30:21.288843,2026-08-10 20:27:29.150791,0,0,False,False,,0,,,0,False,1,RESTAURANT_CONTACT,2026-08-10 19:57:00.000000,support,True,True,False,False
O00057,C0097,R006,D018,delivered,True,0.0,0.0,-2.43,delivered_on_time,False,,2026-08-27 19:43:00,2026-08-27 20:59:09.428116,2026-08-27 20:56:43.749750,0,0,False,False,,0,,,0,False,0,,,,False,False,False,False
O00058,C0604,R030,D007,delivered,True,1.0,0.0,2.7,delivered_late,False,,2026-08-05 20:01:00,2026-08-05 21:06:02.914275,2026-08-05 21:08:44.647933,1,1,False,False,2026-08-05 20:05:00,1,ready_but_waiting,2026-08-05 20:40:00,2,True,1,CUSTOMER_CREDIT,2026-08-05 21:23:02.914275,support,True,False,False,True
O00059,C0242,R018,D024,delivered,True,0.0,0.0,-11.45,delivered_on_time,False,,2026-08-09 18:27:00,2026-08-09 19:23:43.716443,2026-08-09 19:12:16.937862,1,1,False,False,2026-08-09 18:52:00,0,,,1,False,0,,,,False,False,False,False
O00060,C0210,R038,D023,delivered,True,1.0,1.0,12.16,delivered_late,False,,2026-08-10 22:49:00,2026-08-10 23:58:41.838166,2026-08-11 00:10:51.404067,0,0,False,False,,0,,,0,False,0,,,,False,False,False,False
O00061,C0352,R036,D043,delivered,True,0.0,0.0,-11.99,delivered_on_time,False,,2026-08-03 21:36:00,2026-08-03 22:41:14.315041,2026-08-03 22:29:14.636022,1,1,False,False,2026-08-03 21:53:00,0,,,1,False,0,,,,False,False,False,False
O00062,C0243,R020,D088,delivered,True,0.0,0.0,-0.89,delivered_on_time,False,,2026-08-17 12:55:00,2026-08-17 14:01:37.407879,2026-08-17 14:00:44.168583,0,0,False,False,,0,,,0,False,0,,,,False,False,False,False
O00063,C0427,R040,D103,delivered,True,0.0,0.0,-8.41,delivered_on_time,False,,2026-08-20 13:48:00,2026-08-20 15:07:48.000000,2026-08-20 14:59:23.320672,0,0,False,False,,0,,,0,False,0,,,,False,False,False,False
O00064,C0265,R002,D032,delivered,True,1.0,1.0,35.63,delivered_late,False,,2026-08-09 19:22:00,2026-08-09 20:29:56.928762,2026-08-09 21:05:34.486949,2,2,False,False,2026-08-09 19:30:00,0,,,2,False,0,,,,False,False,False,False
O00065,C0553,R019,D065,delivered,True,1.0,0.0,8.49,delivered_late,False,RG-03;CX-03,2026-08-21 13:38:00,2026-08-21 14:53:36.000000,2026-08-21 15:02:05.311675,0,0,False,False,,0,,,0,False,1,DRIVER_REASSIGNMENT,2026-08-21 13:52:00.000000,dispatch,True,True,False,False
O00066,C0479,R002,D086,delivered,True,1.0,0.0,0.67,delivered_late,False,CX-03,2026-08-13 17:21:00,2026-08-13 18:40:48.000000,2026-08-13 18:41:27.984968,0,0,False,False,,0,,,0,False,1,DRIVER_REASSIGNMENT,2026-08-13 17:32:00.000000,dispatch,True,True,False,False
O00067,C0684,R033,D006,delivered,True,1.0,0.0,6.87,delivered_late,False,,2026-08-12 16:41:00,2026-08-12 18:00:48.000000,2026-08-12 18:07:40.488736,3,3,False,False,2026-08-12 16:53:00,0,,,3,False,0,,,,False,False,False,False
O00068,C0359,R058,D003,delivered,True,0.0,0.0,-1.26,delivered_on_time,False,,2026-08-12 11:19:00,2026-08-12 12:31:48.000000,2026-08-12 12:30:32.618666,0,0,False,False,,0,,,0,False,0,,,,False,False,False,False
O00069,C0341,R025,D048,delivered,True,0.0,0.0,-1.34,delivered_on_time,True,CX-01;CX-03,2026-08-20 13:24:00,2026-08-20 14:34:38.988329,2026-08-20 14:33:18.505133,1,1,False,False,2026-08-20 13:52:00,0,,,1,False,0,,,,False,False,False,False
O00070,C0304,R056,D021,delivered,True,0.0,0.0,-17.94,delivered_on_time,False,,2026-08-26 20:57:00,2026-08-26 22:16:48.000000,2026-08-26 21:58:51.688833,3,3,False,False,2026-08-26 21:05:00,0,,,3,False,1,PRIORITY_DISPATCH,2026-08-26 21:22:00.000000,operations,True,True,False,False
O00071,C0391,R042,D092,delivered,True,1.0,1.0,11.74,delivered_late,False,,2026-08-21 18:23:00,2026-08-21 19:38:00.964322,2026-08-21 19:49:45.210065,4,3,True,False,2026-08-21 18:34:00,0,,,4,True,0,,,,False,False,True,False
O00072,C0499,R016,D013,delivered,True,1.0,0.0,7.35,delivered_late,True,CX-01;CX-03,2026-08-15 21:59:00,2026-08-15 22:55:17.692598,2026-08-15 23:02:38.501816,2,2,False,False,2026-08-15 22:04:00,0,,,2,False,0,,,,False,False,False,False
O00073,C0750,R050,D070,delivered,True,1.0,1.0,13.55,delivered_late,False,,2026-08-27 13:45:00,2026-08-27 14:43:58.916284,2026-08-27 14:57:32.152522,2,1,True,False,2026-08-27 14:03:00,1,ready_but_waiting,2026-08-27 14:06:00,3,True,0,,,,False,False,True,False
O00074,C0492,R041,D089,delivered,True,1.0,0.0,7.59,delivered_late,False,CX-03,2026-08-20 18:07:00,2026-08-20 19:26:48.000000,2026-08-20 19:34:23.133807,0,0,False,False,,0,,,0,False,1,DRIVER_REASSIGNMENT,2026-08-20 18:22:00.000000,dispatch,True,True,False,False
O00075,C0055,R033,D035,cancelled,False,,,,cancelled,False,,2026-08-17 23:04:00,2026-08-18 00:29:24.000000,,3,3,False,False,2026-08-17 23:15:00,0,,,3,False,0,,,,False,False,False,False
O00076,C0876,R012,D041,delivered,True,1.0,0.0,3.03,delivered_late,False,,2026-08-21 17:23:00,2026-08-21 18:38:36.000000,2026-08-21 18:41:37.819229,2,2,False,False,2026-08-21 17:30:00,0,,,2,False,0,,,,False,False,False,False
O00077,C0157,R053,D108,delivered,True,1.0,1.0,26.54,delivered_late,False,,2026-08-15 23:30:00,2026-08-16 00:35:21.487268,2026-08-16 01:01:54.139242,3,2,True,False,2026-08-15 23:40:00,0,,,3,True,0,,,,False,False,True,False
O00078,C0633,R027,D055,delivered,True,0.0,0.0,-5.14,delivered_on_time,False,,2026-08-25 19:18:00,2026-08-25 20:36:06.000000,2026-08-25 20:30:57.518398,0,0,False,False,,0,,,0,False,1,CUSTOMER_CREDIT,2026-08-25 20:53:06.000000,support,True,False,False,False
O00079,C0387,R024,D078,delivered,True,1.0,0.0,1.54,delivered_late,False,,2026-08-09 20:46:00,2026-08-09 22:01:36.000000,2026-08-09 22:03:08.100826,0,0,False,False,,1,eta_changed,2026-08-09 21:10:00,1,True,1,PRIORITY_DISPATCH,2026-08-09 21:11:00.000000,operations,True,True,False,True
O00080,C0229,R029,D037,delivered,True,1.0,1.0,22.51,delivered_late,False,,2026-08-20 23:17:00,2026-08-21 00:39:18.000000,2026-08-21 01:01:48.459960,4,3,True,False,2026-08-20 23:28:00,0,,,4,True,0,,,,False,False,True,False
O00081,C0581,R037,D004,delivered,True,0.0,0.0,-7.14,delivered_on_time,False,,2026-08-19 11:09:00,2026-08-19 12:31:18.000000,2026-08-19 12:24:09.886909,1,1,False,False,2026-08-19 11:33:00,0,,,1,False,0,,,,False,False,False,False
O00082,C0366,R060,D029,delivered,True,0.0,0.0,-8.22,delivered_on_time,False,,2026-08-17 17:35:00,2026-08-17 18:22:00.755721,2026-08-17 18:13:47.804039,2,2,False,False,2026-08-17 17:55:00,0,,,2,False,0,,,,False,False,False,False
O00083,C0404,R021,D061,delivered,True,1.0,0.0,2.37,delivered_late,False,,2026-08-15 23:51:00,2026-08-16 01:13:18.000000,2026-08-16 01:15:40.179224,1,1,False,False,2026-08-16 00:10:00,1,restaurant_delay,2026-08-16 00:39:00,2,True,0,,,,False,False,True,False
O00084,C0242,R004,D008,delivered,True,0.0,0.0,-7.56,delivered_on_time,False,,2026-08-07 20:15:00,2026-08-07 21:34:48.000000,2026-08-07 21:27:14.338789,2,2,False,False,2026-08-07 20:20:00,0,,,2,False,1,PRIORITY_DISPATCH,2026-08-07 20:35:00.000000,operations,True,True,False,False
O00085,C0219,R009,D037,delivered,True,0.0,0.0,-0.41,delivered_on_time,False,,2026-08-03 12:20:00,2026-08-03 13:39:48.000000,2026-08-03 13:39:23.274303,0,0,False,False,,0,,,0,False,0,,,,False,False,False,False
O00086,C0011,R042,D108,delivered,True,0.0,0.0,-1.02,delivered_on_time,False,,2026-08-04 18:19:00,2026-08-04 19:31:48.000000,2026-08-04 19:30:47.013099,2,2,False,False,2026-08-04 18:28:00,0,,,2,False,0,,,,False,False,False,False
O00087,C0249,R016,D032,delivered,True,0.0,0.0,-8.77,delivered_on_time,False,,2026-08-06 19:37:00,2026-08-06 20:49:48.000000,2026-08-06 20:41:02.048528,1,1,False,False,2026-08-06 19:43:00,0,,,1,False,1,CUSTOMER_CREDIT,2026-08-06 21:02:48.000000,support,True,False,False,False
O00088,C0077,R034,D032,delivered,True,0.0,0.0,-0.28,delivered_on_time,False,,2026-08-16 21:34:00,2026-08-16 22:55:36.000000,2026-08-16 22:55:19.466837,0,0,False,False,,0,,,0,False,0,,,,False,False,False,False
O00089,C0341,R002,D016,delivered,True,1.0,1.0,10.85,delivered_late,False,,2026-08-24 23:22:00,2026-08-25 00:45:37.010931,2026-08-25 00:56:28.164196,4,3,True,False,2026-08-24 23:41:00,0,,,4,True,0,,,,False,False,True,False
O00090,C0435,R039,D106,delivered,True,1.0,1.0,20.26,delivered_late,False,,2026-08-20 17:55:00,2026-08-20 19:17:18.000000,2026-08-20 19:37:33.495349,4,3,True,False,2026-08-20 18:02:00,1,late_delivery,2026-08-20 18:14:00,5,True,0,,,,False,False,True,False
O00091,C0567,R026,D014,delivered,True,0.0,0.0,-2.02,delivered_on_time,True,CX-01;CX-03,2026-08-08 14:22:00,2026-08-08 15:34:48.000000,2026-08-08 15:32:46.714468,0,0,False,False,,0,,,0,False,1,RESTAURANT_CONTACT,2026-08-08 14:42:00.000000,support,True,True,False,False
O00092,C0680,R030,D010,delivered,True,1.0,0.0,3.6,delivered_late,False,,2026-08-03 17:28:00,2026-08-03 18:47:48.000000,2026-08-03 18:51:24.017088,0,0,False,False,,0,,,0,False,0,,,,False,False,False,False
O00093,C0110,R034,D042,delivered,True,1.0,0.0,1.29,delivered_late,False,,2026-08-02 11:45:00,2026-08-02 13:00:36.000000,2026-08-02 13:01:53.275765,3,3,False,False,2026-08-02 11:56:00,0,,,3,False,0,,,,False,False,False,False
O00094,C0878,R003,D072,delivered,True,1.0,1.0,19.56,delivered_late,False,CX-03,2026-08-19 16:52:00,2026-08-19 18:04:48.000000,2026-08-19 18:24:21.698196,3,3,False,False,2026-08-19 16:57:00,1,late_delivery,2026-08-19 17:47:00,4,True,1,DRIVER_REASSIGNMENT,2026-08-19 17:08:00.000000,dispatch,True,True,False,True
O00095,C0091,R053,D107,delivered,False,,,,unknown_missing_timestamp,False,TS-04,2026-08-21 20:49:00,2026-08-21 22:04:15.237941,,0,0,False,False,,0,,,0,False,0,,,,False,False,False,False
O00096,C0757,R046,D006,delivered,True,0.0,0.0,-4.76,delivered_on_time,False,,2026-08-28 21:46:00,2026-08-28 22:58:48.000000,2026-08-28 22:54:02.388621,2,2,False,False,2026-08-28 21:55:00,0,,,2,False,0,,,,False,False,False,False
O00097,C0561,R026,D026,delivered,True,1.0,0.0,7.3,delivered_late,False,,2026-08-26 19:39:00,2026-08-26 21:00:36.000000,2026-08-26 21:07:54.066262,2,2,False,False,2026-08-26 19:47:00,0,,,2,False,0,,,,False,False,False,False
O00098,C0318,R054,D035,delivered,True,1.0,1.0,10.63,delivered_late,False,,2026-08-04 18:34:00,2026-08-04 19:37:11.970238,2026-08-04 19:47:49.583343,0,0,False,False,,0,,,0,False,0,,,,False,False,False,False
O00099,C0046,R038,D040,delivered,True,1.0,0.0,2.59,delivered_late,False,,2026-08-18 19:08:00,2026-08-18 20:17:20.250376,2026-08-18 20:19:55.577319,2,2,False,False,2026-08-18 19:12:00,0,,,2,False,0,,,,False,False,False,False
O00100,C0485,R036,D090,delivered,True,1.0,0.0,1.45,delivered_late,False,,2026-08-18 23:10:00,2026-08-19 00:26:50.161016,2026-08-19 00:28:17.159744,1,1,False,False,2026-08-18 23:19:00,0,,,1,False,0,,,,False,False,False,False
O00101,C0538,R007,D111,delivered,False,,,85.51,excluded_dq_rule,False,TS-01;RG-03,2026-08-24 20:59:00,2026-08-24 20:49:00.000000,2026-08-24 22:14:30.685278,3,2,True,False,2026-08-24 20:56:00,0,,,3,True,1,CUSTOMER_CREDIT,2026-08-24 20:57:00.000000,support,True,True,False,False
O00102,C0263,R004,D056,delivered,False,,,86.29,excluded_dq_rule,False,TS-01,2026-08-11 16:41:00,2026-08-11 16:31:00.000000,2026-08-11 17:57:17.661772,1,1,False,False,2026-08-11 17:06:00,0,,,1,False,1,RESTAURANT_CONTACT,2026-08-11 16:56:00.000000,support,True,True,False,False
O00103,C0389,R020,D098,delivered,False,,,69.29,excluded_dq_rule,False,TS-01,2026-08-22 20:11:00,2026-08-22 20:01:00.000000,2026-08-22 21:10:17.342305,2,2,False,False,2026-08-22 20:18:00,0,,,2,False,0,,,,False,False,False,False
O00104,C0436,R031,D055,delivered,False,,,87.35,excluded_dq_rule,False,TS-01,2026-08-09 22:19:00,2026-08-09 22:09:00.000000,2026-08-09 23:36:20.740161,0,0,False,False,,0,,,0,False,0,,,,False,False,False,False
O00105,C0729,R027,D069,delivered,True,0.0,0.0,-9.39,delivered_on_time,False,,2026-08-08 14:08:00,2026-08-08 15:23:36.000000,2026-08-08 15:14:12.630181,1,1,False,False,2026-08-08 14:28:00,0,,,1,False,0,,,,False,False,False,False
O00106,C0760,R035,D089,delivered,True,0.0,0.0,-14.3,delivered_on_time,False,,2026-08-12 12:36:00,2026-08-12 13:51:18.000000,2026-08-12 13:37:00.203394,3,3,False,False,2026-08-12 12:52:00,0,,,3,False,0,,,,False,False,False,False
O00107,C0412,R050,D034,delivered,True,0.0,0.0,-0.78,delivered_on_time,True,CX-01;CX-03,2026-08-15 20:29:00,2026-08-15 21:38:08.527830,2026-08-15 21:37:21.933301,0,0,False,False,,0,,,0,False,0,,,,False,False,False,False
O00108,C0226,R040,D057,delivered,True,0.0,0.0,-8.26,delivered_on_time,False,,2026-08-18 23:59:00,2026-08-19 01:24:48.000000,2026-08-19 01:16:32.308921,0,0,False,False,,0,,,0,False,0,,,,False,False,False,False
O00109,C0894,R002,D040,delivered,True,0.0,0.0,-3.2,delivered_on_time,False,,2026-08-28 18:41:00,2026-08-28 19:48:02.408337,2026-08-28 19:44:50.633375,0,0,False,False,,0,,,0,False,0,,,,False,False,False,False
O00110,C0811,R040,D027,delivered,True,1.0,1.0,21.33,delivered_late,True,CX-01;CX-03,2026-08-12 13:12:00,2026-08-12 14:37:24.000000,2026-08-12 14:58:44.027044,2,1,True,False,2026-08-12 13:22:00,0,,,2,True,0,,,,False,False,True,False
O00111,C0338,R031,D118,delivered,True,1.0,1.0,15.75,delivered_late,False,,2026-08-15 14:13:00,2026-08-15 15:32:48.000000,2026-08-15 15:48:32.793183,3,3,False,False,2026-08-15 14:27:00,0,,,3,False,0,,,,False,False,False,False
O00112,C0404,R056,D115,delivered,True,0.0,0.0,-10.44,delivered_on_time,False,,2026-08-09 12:37:00,2026-08-09 13:59:18.000000,2026-08-09 13:48:51.605724,2,2,False,False,2026-08-09 12:41:00,0,,,2,False,0,,,,False,False,False,False
O00113,C0605,R058,D059,delivered,True,1.0,1.0,19.15,delivered_late,False,,2026-08-18 18:54:00,2026-08-18 20:12:06.000000,2026-08-18 20:31:15.102926,1,1,False,False,2026-08-18 19:15:00,0,,,1,False,0,,,,False,False,False,False
O00114,C0602,R056,D093,delivered,True,1.0,0.0,6.21,delivered_late,False,,2026-08-03 18:53:00,2026-08-03 20:05:48.000000,2026-08-03 20:12:00.539850,3,3,False,False,2026-08-03 19:06:00,0,,,3,False,1,CUSTOMER_CREDIT,2026-08-03 20:21:48.000000,support,True,False,False,False
O00115,C0104,R017,D029,delivered,True,0.0,0.0,-8.72,delivered_on_time,False,CX-03,2026-08-24 12:48:00,2026-08-24 13:39:28.307218,2026-08-24 13:30:45.204008,2,2,False,False,2026-08-24 13:01:00,0,,,2,False,1,DRIVER_REASSIGNMENT,2026-08-24 13:07:00.000000,dispatch,True,True,False,False
O00116,C0264,R004,D100,delivered,True,1.0,1.0,12.79,delivered_late,False,,2026-08-26 23:30:00,2026-08-27 00:49:48.000000,2026-08-27 01:02:35.610076,3,3,False,False,2026-08-26 23:46:00,1,late_delivery,2026-08-27 00:09:00,4,True,0,,,,False,False,True,False
O00117,C0480,R032,D016,delivered,True,0.0,0.0,-3.19,delivered_on_time,False,,2026-08-18 19:43:00,2026-08-18 20:58:36.000000,2026-08-18 20:55:24.550476,0,0,False,False,,0,,,0,False,0,,,,False,False,False,False
O00118,C0258,R060,D066,delivered,True,1.0,0.0,8.58,delivered_late,True,CX-01;CX-03,2026-08-27 21:52:00,2026-08-27 23:02:48.825147,2026-08-27 23:11:23.618617,2,1,True,False,2026-08-27 22:04:00,1,status_mismatch,2026-08-27 22:35:00,3,True,0,,,,False,False,True,False
O00119,C0039,R041,D115,delivered,True,1.0,1.0,12.93,delivered_late,False,,2026-08-24 15:18:00,2026-08-24 16:33:18.000000,2026-08-24 16:46:13.615274,0,0,False,False,,0,,,0,False,0,,,,False,False,False,False
O00120,C0501,R040,D045,delivered,True,0.0,0.0,-6.26,delivered_on_time,False,,2026-08-13 18:15:00,2026-08-13 19:40:24.000000,2026-08-13 19:34:08.431508,1,1,False,False,2026-08-13 18:36:00,0,,,1,False,0,,,,False,False,False,False
O00121,C0008,R053,D011,delivered,True,1.0,1.0,20.32,delivered_late,False,,2026-08-14 19:21:00,2026-08-14 20:39:06.000000,2026-08-14 20:59:24.936926,1,1,False,False,2026-08-14 19:27:00,1,late_delivery,2026-08-14 20:12:00,2,True,0,,,,False,False,True,False
O00122,C0829,R010,D087,delivered,True,1.0,0.0,1.27,delivered_late,False,,2026-08-11 11:13:00,2026-08-11 12:28:36.000000,2026-08-11 12:29:52.348141,2,2,False,False,2026-08-11 11:20:00,0,,,2,False,0,,,,False,False,False,False
O00123,C0110,R017,D104,delivered,True,0.0,0.0,-6.99,delivered_on_time,False,,2026-08-03 18:22:00,2026-08-03 19:31:39.126645,2026-08-03 19:24:39.852763,3,3,False,False,2026-08-03 18:37:00,0,,,3,False,0,,,,False,False,False,False
O00124,C0471,R042,D053,delivered,True,0.0,0.0,-2.9,delivered_on_time,False,,2026-08-13 17:43:00,2026-08-13 18:54:16.027741,2026-08-13 18:51:21.876941,3,3,False,False,2026-08-13 17:48:00,0,,,3,False,0,,,,False,False,False,False
O00125,C0583,R004,D046,delivered,True,1.0,0.0,1.44,delivered_late,True,CX-01;CX-03,2026-08-01 22:28:00,2026-08-01 23:43:36.000000,2026-08-01 23:45:02.539050,0,0,False,False,,0,,,0,False,0,,,,False,False,False,False
O00126,C0834,R001,D104,delivered,True,1.0,1.0,12.44,delivered_late,False,,2026-08-03 20:35:00,2026-08-03 22:00:48.000000,2026-08-03 22:13:14.216068,3,2,True,False,2026-08-03 20:42:00,0,,,3,True,1,PRIORITY_DISPATCH,2026-08-03 20:58:00.000000,operations,True,True,False,True
O00127,C0758,R001,D047,delivered,False,,,,unknown_missing_timestamp,False,TS-04,2026-08-03 17:15:00,2026-08-03 18:34:48.000000,,3,3,False,False,2026-08-03 17:23:00,0,,,3,False,0,,,,False,False,False,False
O00128,C0704,R013,D010,delivered,True,0.0,0.0,-0.17,delivered_on_time,False,,2026-08-20 13:20:00,2026-08-20 14:35:36.000000,2026-08-20 14:35:25.533191,3,3,False,False,2026-08-20 13:31:00,0,,,3,False,0,,,,False,False,False,False
O00129,C0495,R042,D090,cancelled,False,,,,cancelled,False,,2026-08-12 12:36:00,2026-08-12 13:47:39.322319,,1,1,False,False,2026-08-12 12:59:00,0,,,1,False,0,,,,False,False,False,False
O00130,C0783,R053,D041,delivered,True,0.0,0.0,-2.71,delivered_on_time,False,,2026-08-15 20:53:00,2026-08-15 22:02:30.024370,2026-08-15 21:59:47.592892,1,1,False,False,2026-08-15 21:12:00,0,,,1,False,0,,,,False,False,False,False
O00131,C0106,R055,D060,delivered,True,1.0,1.0,14.52,delivered_late,False,,2026-08-28 19:34:00,2026-08-28 20:52:48.000000,2026-08-28 21:07:19.033974,4,3,True,False,2026-08-28 19:43:00,1,status_mismatch,2026-08-28 20:26:00,5,True,0,,,,False,False,True,False
O00132,C0455,R003,D052,delivered,True,1.0,1.0,13.35,delivered_late,False,,2026-08-21 17:48:00,2026-08-21 19:06:06.000000,2026-08-21 19:19:26.978884,1,1,False,False,2026-08-21 17:52:00,0,,,1,False,0,,,,False,False,False,False
O00133,C0561,R033,D119,delivered,True,0.0,0.0,-3.67,delivered_on_time,False,,2026-08-16 12:26:00,2026-08-16 13:51:24.000000,2026-08-16 13:47:43.845091,1,1,False,False,2026-08-16 12:41:00,0,,,1,False,0,,,,False,False,False,False
O00134,C0864,R023,D025,delivered,True,1.0,0.0,4.94,delivered_late,False,,2026-08-11 12:02:00,2026-08-11 13:21:48.000000,2026-08-11 13:26:44.478045,0,0,False,False,,0,,,0,False,0,,,,False,False,False,False
O00135,C0834,R019,D036,delivered,True,0.0,0.0,-3.8,delivered_on_time,False,RG-03,2026-08-26 17:11:00,2026-08-26 18:23:48.000000,2026-08-26 18:20:00.064441,1,1,False,False,2026-08-26 17:23:00,0,,,1,False,1,PRIORITY_DISPATCH,2026-08-26 17:31:00.000000,operations,True,True,False,False
O00136,C0158,R058,D089,delivered,True,0.0,0.0,-3.86,delivered_on_time,False,,2026-08-19 12:55:00,2026-08-19 14:10:36.000000,2026-08-19 14:06:44.476209,2,2,False,False,2026-08-19 12:59:00,0,,,2,False,0,,,,False,False,False,False
O00137,C0300,R059,D041,delivered,True,1.0,0.0,8.18,delivered_late,False,,2026-08-23 20:58:00,2026-08-23 22:05:46.644116,2026-08-23 22:13:57.518372,0,0,False,False,,0,,,0,False,0,,,,False,False,False,False
O00138,C0083,R042,D064,delivered,True,0.0,0.0,-1.91,delivered_on_time,False,,2026-08-06 18:31:00,2026-08-06 19:46:36.000000,2026-08-06 19:44:41.606985,0,0,False,False,,0,,,0,False,1,RESTAURANT_CONTACT,2026-08-06 18:54:00.000000,support,True,True,False,False
O00139,C0013,R002,D040,delivered,True,1.0,0.0,0.81,delivered_late,False,CX-03,2026-08-19 11:48:00,2026-08-19 13:03:36.000000,2026-08-19 13:04:24.637458,0,0,False,False,,0,,,0,False,1,DRIVER_REASSIGNMENT,2026-08-19 12:11:00.000000,dispatch,True,True,False,False
O00140,C0099,R047,D003,delivered,True,0.0,0.0,-15.35,delivered_on_time,False,CX-03,2026-08-18 20:23:00,2026-08-18 21:10:26.587697,2026-08-18 20:55:05.861193,2,2,False,False,2026-08-18 20:38:00,0,,,2,False,1,DRIVER_REASSIGNMENT,2026-08-18 20:44:00.000000,dispatch,True,True,False,False
O00141,C0168,R031,D015,delivered,True,1.0,0.0,1.52,delivered_late,False,,2026-08-27 12:55:00,2026-08-27 14:16:04.794077,2026-08-27 14:17:35.745239,1,1,False,False,2026-08-27 13:12:00,0,,,1,False,1,RESTAURANT_CONTACT,2026-08-27 13:28:00.000000,support,True,True,False,False
O00142,C0056,R022,D036,delivered,True,0.0,0.0,-13.14,delivered_on_time,False,TS-07;CX-03,2026-08-19 17:17:00,2026-08-19 18:21:25.422231,2026-08-19 18:08:17.238707,2,2,False,False,2026-08-19 17:30:00,0,,,2,False,1,DRIVER_REASSIGNMENT,2026-08-19 17:30:00.000000,dispatch,True,True,False,False
O00143,C0678,R013,D030,delivered,True,0.0,0.0,-2.27,delivered_on_time,False,,2026-08-08 13:20:00,2026-08-08 14:39:48.000000,2026-08-08 14:37:32.053193,2,2,False,False,2026-08-08 13:34:00,0,,,2,False,0,,,,False,False,False,False
O00144,C0771,R034,D023,delivered,True,1.0,0.0,7.13,delivered_late,False,,2026-08-23 22:23:00,2026-08-23 23:28:49.161332,2026-08-23 23:35:57.157310,0,0,False,False,,0,,,0,False,0,,,,False,False,False,False
O00145,C0377,R015,D035,delivered,True,1.0,0.0,2.87,delivered_late,False,RG-03,2026-08-11 18:08:00,2026-08-11 19:13:56.187318,2026-08-11 19:16:48.103141,2,2,False,False,2026-08-11 18:14:00,0,,,2,False,0,,,,False,False,False,False
O00146,C0031,R015,D046,delivered,True,0.0,0.0,-12.02,delivered_on_time,False,,2026-08-07 23:58:00,2026-08-08 00:41:44.791949,2026-08-08 00:29:43.338196,3,3,False,False,2026-08-08 00:08:00,0,,,3,False,0,,,,False,False,False,False
O00147,C0572,R016,D045,delivered,True,1.0,1.0,22.74,delivered_late,True,CX-01;CX-03,2026-08-25 14:41:00,2026-08-25 15:37:14.765344,2026-08-25 15:59:59.246273,0,0,False,False,,1,ready_but_waiting,2026-08-25 15:30:00,1,True,0,,,,False,False,True,False
O00148,C0197,R025,D106,delivered,True,1.0,0.0,0.53,delivered_late,False,,2026-08-10 13:49:00,2026-08-10 15:11:18.000000,2026-08-10 15:11:50.036755,0,0,False,False,,0,,,0,False,0,,,,False,False,False,False
O00149,C0825,R055,D078,delivered,True,1.0,0.0,7.95,delivered_late,False,,2026-08-22 18:13:00,2026-08-22 19:25:48.000000,2026-08-22 19:33:44.911350,1,1,False,False,2026-08-22 18:19:00,0,,,1,False,0,,,,False,False,False,False
O00150,C0747,R020,D043,delivered,True,1.0,1.0,11.41,delivered_late,False,,2026-08-24 19:49:00,2026-08-24 20:50:53.351582,2026-08-24 21:02:17.714042,1,1,False,False,2026-08-24 20:14:00,0,,,1,False,0,,,,False,False,False,False
O00151,C0641,R026,D104,delivered,True,1.0,1.0,28.23,delivered_late,False,,2026-08-08 18:07:00,2026-08-08 19:22:36.000000,2026-08-08 19:50:49.669847,0,0,False,False,,0,,,0,False,1,RESTAURANT_CONTACT,2026-08-08 18:37:00.000000,support,True,True,False,False
O00152,C0179,R010,D109,delivered,True,1.0,1.0,13.76,delivered_late,False,,2026-08-01 19:00:00,2026-08-01 19:57:13.357078,2026-08-01 20:10:58.760171,3,2,True,False,2026-08-01 19:04:00,0,,,3,True,0,,,,False,False,True,False
O00153,C0274,R049,D009,delivered,True,0.0,0.0,-7.53,delivered_on_time,False,,2026-08-07 23:09:00,2026-08-08 00:24:36.000000,2026-08-08 00:17:04.059853,3,3,False,False,2026-08-07 23:15:00,0,,,3,False,1,PRIORITY_DISPATCH,2026-08-07 23:33:00.000000,operations,True,True,False,False
O00154,C0795,R015,D115,cancelled,False,,,,cancelled,False,,2026-08-20 19:19:00,2026-08-20 20:15:57.271706,,0,0,False,False,,0,,,0,False,0,,,,False,False,False,False
O00155,C0521,R023,D105,delivered,True,1.0,1.0,19.35,delivered_late,True,CX-01;CX-03,2026-08-17 18:52:00,2026-08-17 20:09:17.422343,2026-08-17 20:28:38.696717,0,0,False,False,,0,,,0,False,0,,,,False,False,False,False
O00156,C0772,R017,D006,delivered,True,0.0,0.0,-5.12,delivered_on_time,False,,2026-08-02 18:36:00,2026-08-02 19:31:00.930944,2026-08-02 19:25:53.583575,1,1,False,False,2026-08-02 18:58:00,0,,,1,False,0,,,,False,False,False,False
O00157,C0663,R045,D090,delivered,True,0.0,0.0,-0.04,delivered_on_time,False,,2026-08-13 22:11:00,2026-08-13 23:38:54.000000,2026-08-13 23:38:51.565754,3,3,False,False,2026-08-13 22:18:00,0,,,3,False,0,,,,False,False,False,False
O00158,C0119,R004,D009,delivered,True,1.0,0.0,6.82,delivered_late,False,,2026-08-02 13:51:00,2026-08-02 15:06:36.000000,2026-08-02 15:13:25.227823,1,1,False,False,2026-08-02 14:19:00,0,,,1,False,0,,,,False,False,False,False
O00159,C0306,R039,D086,delivered,True,0.0,0.0,-1.72,delivered_on_time,False,,2026-08-26 16:39:00,2026-08-26 17:45:00.464137,2026-08-26 17:43:17.011006,0,0,False,False,,0,,,0,False,0,,,,False,False,False,False
O00160,C0676,R005,D091,delivered,True,1.0,0.0,2.11,delivered_late,False,,2026-08-11 11:42:00,2026-08-11 12:57:36.000000,2026-08-11 12:59:42.792322,0,0,False,False,,0,,,0,False,0,,,,False,False,False,False
O00161,C0436,R031,D030,delivered,True,1.0,0.0,6.17,delivered_late,False,,2026-08-28 18:44:00,2026-08-28 20:03:08.425841,2026-08-28 20:09:18.343135,1,1,False,False,2026-08-28 18:56:00,0,,,1,False,0,,,,False,False,False,False
O00162,C0348,R003,D001,delivered,True,1.0,0.0,8.42,delivered_late,False,,2026-08-26 17:53:00,2026-08-26 19:12:48.000000,2026-08-26 19:21:12.950887,2,2,False,False,2026-08-26 17:59:00,1,restaurant_delay,2026-08-26 18:23:00,3,True,1,CUSTOMER_CREDIT,2026-08-26 19:27:48.000000,support,True,False,False,True
O00163,C0251,R041,D057,delivered,True,0.0,0.0,-4.42,delivered_on_time,False,,2026-08-10 18:54:00,2026-08-10 19:33:54.189206,2026-08-10 19:29:29.287513,3,3,False,False,2026-08-10 19:09:00,0,,,3,False,0,,,,False,False,False,False
O00164,C0258,R041,D114,delivered,True,0.0,0.0,-3.43,delivered_on_time,False,,2026-08-10 15:11:00,2026-08-10 16:23:48.000000,2026-08-10 16:20:22.459871,2,2,False,False,2026-08-10 15:16:00,0,,,2,False,0,,,,False,False,False,False
O00165,C0433,R047,D009,delivered,True,1.0,0.0,0.61,delivered_late,True,CX-01;CX-03,2026-08-05 14:25:00,2026-08-05 15:08:29.281600,2026-08-05 15:09:05.679077,3,3,False,False,2026-08-05 14:38:00,0,,,3,False,0,,,,False,False,False,False
O00166,C0423,R032,D080,delivered,True,0.0,0.0,-5.26,delivered_on_time,False,,2026-08-11 12:29:00,2026-08-11 13:44:18.000000,2026-08-11 13:39:02.394552,1,1,False,False,2026-08-11 12:51:00,0,,,1,False,0,,,,False,False,False,False
O00167,C0764,R011,D038,delivered,True,0.0,0.0,-0.48,delivered_on_time,False,,2026-08-20 19:15:00,2026-08-20 20:34:48.000000,2026-08-20 20:34:19.113734,2,2,False,False,2026-08-20 19:34:00,0,,,2,False,0,,,,False,False,False,False
O00168,C0577,R043,D090,delivered,True,0.0,0.0,-2.96,delivered_on_time,False,,2026-08-12 18:50:00,2026-08-12 20:07:21.283439,2026-08-12 20:04:23.421514,3,3,False,False,2026-08-12 19:16:00,0,,,3,False,1,PRIORITY_DISPATCH,2026-08-12 19:11:00.000000,operations,True,True,False,False
O00169,C0389,R055,D064,delivered,True,1.0,1.0,28.95,delivered_late,False,,2026-08-22 15:34:00,2026-08-22 16:35:43.577965,2026-08-22 17:04:40.775814,3,3,False,False,2026-08-22 15:48:00,1,late_delivery,2026-08-22 16:23:00,4,True,0,,,,False,False,True,False
O00170,C0129,R015,D072,delivered,True,1.0,0.0,4.64,delivered_late,False,,2026-08-23 17:36:00,2026-08-23 18:46:40.410530,2026-08-23 18:51:18.866664,0,0,False,False,,0,,,0,False,0,,,,False,False,False,False
O00171,C0197,R008,D076,delivered,True,1.0,1.0,28.35,delivered_late,True,CX-01,2026-08-17 18:21:00,2026-08-17 19:46:24.000000,2026-08-17 20:14:45.009468,2,2,False,False,2026-08-17 18:27:00,0,,,2,False,1,DRIVER_REASSIGNMENT,2026-08-17 18:39:00.000000,dispatch,True,True,False,False
O00172,C0027,R012,D074,delivered,True,0.0,0.0,-2.06,delivered_on_time,False,CX-03,2026-08-04 16:20:00,2026-08-04 17:25:24.396622,2026-08-04 17:23:20.738324,1,1,False,False,2026-08-04 16:41:00,0,,,1,False,1,DRIVER_REASSIGNMENT,2026-08-04 16:48:00.000000,dispatch,True,True,False,False
O00173,C0316,R009,D098,cancelled,False,,,,cancelled,False,,2026-08-06 20:44:00,2026-08-06 22:09:24.000000,,2,2,False,False,2026-08-06 20:53:00,0,,,2,False,0,,,,False,False,False,False
O00174,C0797,R049,D056,delivered,True,1.0,1.0,15.11,delivered_late,False,,2026-08-21 18:59:00,2026-08-21 20:03:13.853211,2026-08-21 20:18:20.245322,0,0,False,False,,1,status_mismatch,2026-08-21 19:21:00,1,True,1,PRIORITY_DISPATCH,2026-08-21 19:16:00.000000,operations,True,True,False,True
O00175,C0062,R005,D069,delivered,True,0.0,0.0,-6.19,delivered_on_time,False,,2026-08-24 11:24:00,2026-08-24 12:39:36.000000,2026-08-24 12:33:24.594820,2,2,False,False,2026-08-24 11:50:00,0,,,2,False,0,,,,False,False,False,False
O00176,C0045,R004,D005,delivered,True,1.0,1.0,13.07,delivered_late,False,,2026-08-10 11:16:00,2026-08-10 12:21:34.354653,2026-08-10 12:34:38.828932,1,1,False,False,2026-08-10 11:32:00,0,,,1,False,0,,,,False,False,False,False
O00177,C0634,R023,D044,delivered,True,0.0,0.0,-3.52,delivered_on_time,False,,2026-08-02 12:13:00,2026-08-02 13:09:59.404344,2026-08-02 13:06:28.125718,1,1,False,False,2026-08-02 12:29:00,0,,,1,False,1,RESTAURANT_CONTACT,2026-08-02 12:25:00.000000,support,True,True,False,False
O00178,C0642,R023,D120,delivered,True,1.0,1.0,18.41,delivered_late,False,,2026-08-20 18:06:00,2026-08-20 19:18:48.000000,2026-08-20 19:37:12.390120,0,0,False,False,,0,,,0,False,0,,,,False,False,False,False
O00179,C0076,R060,D021,delivered,True,1.0,0.0,5.94,delivered_late,False,,2026-08-15 15:53:00,2026-08-15 16:52:10.142586,2026-08-15 16:58:06.341578,0,0,False,False,,0,,,0,False,0,,,,False,False,False,False
O00180,C0505,R041,D001,delivered,True,1.0,1.0,14.77,delivered_late,False,,2026-08-08 18:05:00,2026-08-08 19:23:06.000000,2026-08-08 19:37:52.194153,0,0,False,False,,1,ready_but_waiting,2026-08-08 18:43:00,1,True,0,,,,False,False,True,False
O00181,C0107,R006,D096,delivered,True,1.0,0.0,4.42,delivered_late,False,,2026-08-14 12:43:00,2026-08-14 14:00:30.808398,2026-08-14 14:04:55.731344,0,0,False,False,,0,,,0,False,0,,,,False,False,False,False
O00182,C0441,R055,D083,delivered,True,1.0,1.0,14.5,delivered_late,False,,2026-08-23 19:33:00,2026-08-23 20:52:48.000000,2026-08-23 21:07:17.763162,2,2,False,False,2026-08-23 19:47:00,0,,,2,False,0,,,,False,False,False,False
O00183,C0028,R041,D018,delivered,True,1.0,0.0,1.19,delivered_late,False,,2026-08-16 11:17:00,2026-08-16 12:16:05.414444,2026-08-16 12:17:16.575773,0,0,False,False,,0,,,0,False,0,,,,False,False,False,False
O00184,C0213,R058,D016,delivered,True,0.0,0.0,-2.43,delivered_on_time,False,,2026-08-09 21:54:00,2026-08-09 23:13:48.000000,2026-08-09 23:11:22.059651,0,0,False,False,,0,,,0,False,0,,,,False,False,False,False
O00185,C0136,R012,D106,delivered,True,0.0,0.0,-7.71,delivered_on_time,False,CX-03,2026-08-27 17:31:00,2026-08-27 18:53:18.000000,2026-08-27 18:45:35.259246,0,0,False,False,,0,,,0,False,1,DRIVER_REASSIGNMENT,2026-08-27 17:48:00.000000,dispatch,True,True,False,False
O00186,C0099,R029,D010,delivered,True,0.0,0.0,-4.39,delivered_on_time,False,,2026-08-07 21:15:00,2026-08-07 22:27:48.000000,2026-08-07 22:23:24.875304,2,2,False,False,2026-08-07 21:30:00,0,,,2,False,0,,,,False,False,False,False
O00187,C0488,R009,D027,delivered,True,0.0,0.0,-17.47,delivered_on_time,False,,2026-08-28 18:35:00,2026-08-28 19:50:36.000000,2026-08-28 19:33:07.522280,0,0,False,False,,0,,,0,False,0,,,,False,False,False,False
O00188,C0303,R009,D033,delivered,True,1.0,1.0,20.15,delivered_late,True,CX-01;CX-03,2026-08-09 19:32:00,2026-08-09 20:47:18.000000,2026-08-09 21:07:26.879602,0,0,False,False,,1,ready_but_waiting,2026-08-09 20:12:00,1,True,0,,,,False,False,True,False
O00189,C0150,R011,D001,delivered,True,1.0,0.0,4.67,delivered_late,False,,2026-08-15 16:33:00,2026-08-15 17:38:17.145241,2026-08-15 17:42:57.478082,0,0,False,False,,0,,,0,False,0,,,,False,False,False,False
O00190,C0859,R042,D017,delivered,True,0.0,0.0,-6.32,delivered_on_time,False,,2026-08-09 19:55:00,2026-08-09 21:10:36.000000,2026-08-09 21:04:16.824909,0,0,False,False,,0,,,0,False,0,,,,False,False,False,False
O00191,C0566,R004,D113,delivered,True,0.0,0.0,-9.12,delivered_on_time,False,,2026-08-09 22:25:00,2026-08-09 23:06:45.216793,2026-08-09 22:57:38.025265,0,0,False,False,,0,,,0,False,1,RESTAURANT_CONTACT,2026-08-09 22:54:00.000000,support,True,True,False,False
O00192,C0100,R003,D035,delivered,True,1.0,0.0,0.29,delivered_late,False,,2026-08-06 16:30:00,2026-08-06 17:42:48.000000,2026-08-06 17:43:05.149196,0,0,False,False,,0,,,0,False,0,,,,False,False,False,False
O00193,C0309,R034,D015,delivered,True,0.0,0.0,-0.03,delivered_on_time,False,,2026-08-11 17:37:00,2026-08-11 18:44:24.895731,2026-08-11 18:44:22.949084,3,3,False,False,2026-08-11 17:44:00,0,,,3,False,1,RESTAURANT_CONTACT,2026-08-11 18:11:00.000000,support,True,True,False,False
O00194,C0771,R020,D018,delivered,True,1.0,1.0,38.34,delivered_late,False,,2026-08-11 17:36:00,2026-08-11 19:01:48.000000,2026-08-11 19:40:08.111510,0,0,False,False,,1,ready_but_waiting,2026-08-11 18:22:00,1,True,0,,,,False,False,True,False
O00195,C0248,R033,D089,delivered,True,0.0,0.0,-12.14,delivered_on_time,False,,2026-08-25 13:48:00,2026-08-25 15:03:18.000000,2026-08-25 14:51:09.437606,0,0,False,False,,0,,,0,False,0,,,,False,False,False,False
O00196,C0604,R043,D017,delivered,True,1.0,0.0,3.17,delivered_late,False,,2026-08-01 21:48:00,2026-08-01 22:55:14.312387,2026-08-01 22:58:24.258591,0,0,False,False,,0,,,0,False,0,,,,False,False,False,False
O00197,C0020,R009,D062,delivered,True,0.0,0.0,-0.76,delivered_on_time,False,CX-03,2026-08-24 18:33:00,2026-08-24 19:47:45.443018,2026-08-24 19:46:59.770377,2,2,False,False,2026-08-24 18:41:00,0,,,2,False,1,DRIVER_REASSIGNMENT,2026-08-24 18:51:00.000000,dispatch,True,True,False,False
O00198,C0657,R016,D100,delivered,True,1.0,1.0,35.23,delivered_late,False,,2026-08-19 18:07:00,2026-08-19 18:57:33.382886,2026-08-19 19:32:47.457048,0,0,False,False,,1,eta_changed,2026-08-19 19:01:00,1,True,1,RESTAURANT_CONTACT,2026-08-19 18:34:00.000000,support,True,True,False,True
O00199,C0657,R057,D109,cancelled,False,,,,cancelled,False,,2026-08-15 17:35:00,2026-08-15 18:25:56.810917,,2,2,False,False,2026-08-15 17:51:00,0,,,2,False,1,RESTAURANT_CONTACT,2026-08-15 17:50:00.000000,support,True,False,False,False
O00200,C0099,R002,D079,delivered,True,0.0,0.0,-5.87,delivered_on_time,False,,2026-08-22 18:39:00,2026-08-22 19:54:36.000000,2026-08-22 19:48:44.061281,3,3,False,False,2026-08-22 18:43:00,0,,,3,False,0,,,,False,False,False,False
O00201,C0236,R044,D012,delivered,True,0.0,0.0,-4.73,delivered_on_time,True,CX-01,2026-08-12 19:18:00,2026-08-12 20:30:48.000000,2026-08-12 20:26:04.092369,3,3,False,False,2026-08-12 19:36:00,0,,,3,False,1,DRIVER_REASSIGNMENT,2026-08-12 19:35:00.000000,dispatch,True,True,False,False
O00202,C0028,R002,D004,delivered,True,1.0,0.0,1.77,delivered_late,False,,2026-08-24 12:16:00,2026-08-24 13:35:48.000000,2026-08-24 13:37:33.955969,3,3,False,False,2026-08-24 12:30:00,0,,,3,False,0,,,,False,False,False,False
O00203,C0030,R039,D052,delivered,True,0.0,0.0,-8.01,delivered_on_time,False,CX-03,2026-08-01 21:42:00,2026-08-01 22:57:16.886898,2026-08-01 22:49:16.501866,0,0,False,False,,0,,,0,False,1,DRIVER_REASSIGNMENT,2026-08-01 22:08:00.000000,dispatch,True,True,False,False
O00204,C0078,R005,D046,delivered,True,1.0,1.0,13.76,delivered_late,False,CX-03,2026-08-14 19:51:00,2026-08-14 21:03:48.000000,2026-08-14 21:17:33.766221,0,0,False,False,,0,,,0,False,1,DRIVER_REASSIGNMENT,2026-08-14 20:02:00.000000,dispatch,True,True,False,False
O00205,C0708,R023,D088,delivered,True,1.0,1.0,26.79,delivered_late,False,,2026-08-27 20:57:00,2026-08-27 22:12:18.000000,2026-08-27 22:39:05.173478,0,0,False,False,,1,driver_not_moving,2026-08-27 21:17:00,1,True,0,,,,False,False,True,False
O00206,C0691,R017,D109,delivered,False,,,,unknown_missing_timestamp,False,TS-04,2026-08-24 15:22:00,2026-08-24 16:24:00.543725,,1,1,False,False,2026-08-24 15:26:00,0,,,1,False,1,PRIORITY_DISPATCH,2026-08-24 15:33:00.000000,operations,True,False,False,False
O00207,C0470,R060,D009,delivered,True,1.0,1.0,11.38,delivered_late,False,,2026-08-09 11:14:00,2026-08-09 12:01:09.434287,2026-08-09 12:12:32.100911,3,2,True,False,2026-08-09 11:36:00,0,,,3,True,0,,,,False,False,True,False
O00208,C0066,R051,D103,delivered,True,1.0,1.0,16.4,delivered_late,False,,2026-08-27 12:38:00,2026-08-27 14:03:24.000000,2026-08-27 14:19:47.904938,3,3,False,False,2026-08-27 12:42:00,0,,,3,False,0,,,,False,False,False,False
O00209,C0711,R034,D067,delivered,True,1.0,0.0,8.68,delivered_late,False,,2026-08-15 12:48:00,2026-08-15 13:45:50.420206,2026-08-15 13:54:31.073405,2,2,False,False,2026-08-15 12:56:00,0,,,2,False,1,PRIORITY_DISPATCH,2026-08-15 12:58:00.000000,operations,True,True,False,False
O00210,C0457,R022,D113,delivered,True,1.0,0.0,6.31,delivered_late,False,,2026-08-14 12:39:00,2026-08-14 13:50:10.282018,2026-08-14 13:56:28.663330,0,0,False,False,,1,restaurant_delay,2026-08-14 13:06:00,1,True,0,,,,False,False,True,False
O00211,C0629,R016,D051,delivered,True,1.0,1.0,32.38,delivered_late,False,,2026-08-22 19:32:00,2026-08-22 20:24:31.293362,2026-08-22 20:56:54.054420,4,3,True,False,2026-08-22 19:37:00,1,restaurant_delay,2026-08-22 20:24:00,5,True,0,,,,False,False,True,False
O00212,C0773,R037,D064,delivered,True,0.0,0.0,-1.22,delivered_on_time,False,,2026-08-20 19:20:00,2026-08-20 20:08:44.328921,2026-08-20 20:07:31.126142,2,2,False,False,2026-08-20 19:28:00,0,,,2,False,0,,,,False,False,False,False
O00213,C0832,R058,D083,delivered,True,0.0,0.0,-5.59,delivered_on_time,False,,2026-08-17 16:44:00,2026-08-17 17:23:01.795000,2026-08-17 17:17:26.305252,1,1,False,False,2026-08-17 17:00:00,0,,,1,False,0,,,,False,False,False,False
O00214,C0687,R052,D003,delivered,True,1.0,0.0,9.01,delivered_late,False,,2026-08-17 18:40:00,2026-08-17 19:55:36.000000,2026-08-17 20:04:36.555241,3,3,False,False,2026-08-17 18:44:00,0,,,3,False,0,,,,False,False,False,False
O00215,C0646,R030,D117,delivered,True,0.0,0.0,-7.22,delivered_on_time,False,,2026-08-07 15:50:00,2026-08-07 17:02:48.000000,2026-08-07 16:55:34.879004,3,3,False,False,2026-08-07 15:55:00,0,,,3,False,0,,,,False,False,False,False
O00216,C0148,R009,D033,delivered,True,0.0,0.0,-7.66,delivered_on_time,False,,2026-08-18 17:32:00,2026-08-18 18:54:18.000000,2026-08-18 18:46:38.289296,0,0,False,False,,0,,,0,False,0,,,,False,False,False,False
O00217,C0210,R039,D089,delivered,True,1.0,1.0,13.54,delivered_late,False,,2026-08-20 21:55:00,2026-08-20 23:17:18.000000,2026-08-20 23:30:50.343756,0,0,False,False,,0,,,0,False,0,,,,False,False,False,False
O00218,C0792,R058,D071,delivered,True,1.0,1.0,10.29,delivered_late,False,,2026-08-06 23:47:00,2026-08-07 00:53:07.226252,2026-08-07 01:03:24.532067,2,2,False,False,2026-08-07 00:04:00,1,status_mismatch,2026-08-07 00:38:00,3,True,1,RESTAURANT_CONTACT,2026-08-07 00:07:00.000000,support,True,True,False,True
O00219,C0139,R011,D031,delivered,True,1.0,0.0,5.37,delivered_late,False,,2026-08-25 22:39:00,2026-08-25 23:37:20.159468,2026-08-25 23:42:42.522840,0,0,False,False,,0,,,0,False,0,,,,False,False,False,False
O00220,C0242,R037,D054,delivered,True,0.0,0.0,-10.59,delivered_on_time,False,,2026-08-08 21:42:00,2026-08-08 22:49:58.216241,2026-08-08 22:39:22.717471,0,0,False,False,,0,,,0,False,1,PRIORITY_DISPATCH,2026-08-08 21:55:00.000000,operations,True,True,False,False
O00221,C0734,R003,D073,cancelled,False,,,,cancelled,False,,2026-08-02 19:20:00,2026-08-02 20:38:06.000000,,1,1,False,False,2026-08-02 19:27:00,0,,,1,False,0,,,,False,False,False,False
O00222,C0118,R017,D095,delivered,True,0.0,0.0,-3.98,delivered_on_time,False,,2026-08-17 20:28:00,2026-08-17 21:27:39.749518,2026-08-17 21:23:40.777654,2,2,False,False,2026-08-17 20:42:00,0,,,2,False,0,,,,False,False,False,False
O00223,C0009,R048,D061,delivered,True,1.0,0.0,0.21,delivered_late,False,CX-03,2026-08-14 21:13:00,2026-08-14 22:15:36.432168,2026-08-14 22:15:48.757674,3,3,False,False,2026-08-14 21:24:00,0,,,3,False,1,DRIVER_REASSIGNMENT,2026-08-14 21:34:00.000000,dispatch,True,True,False,False
O00224,C0843,R003,D047,delivered,True,0.0,0.0,-5.48,delivered_on_time,False,,2026-08-03 18:14:00,2026-08-03 19:39:24.000000,2026-08-03 19:33:55.006553,3,3,False,False,2026-08-03 18:30:00,0,,,3,False,0,,,,False,False,False,False
O00225,C0659,R030,D026,delivered,True,0.0,0.0,-4.04,delivered_on_time,False,,2026-08-23 21:22:00,2026-08-23 22:41:56.858166,2026-08-23 22:37:54.569290,3,3,False,False,2026-08-23 21:32:00,0,,,3,False,0,,,,False,False,False,False
O00226,C0147,R005,D007,delivered,True,0.0,0.0,-4.13,delivered_on_time,False,CX-03,2026-08-05 20:50:00,2026-08-05 21:59:52.178916,2026-08-05 21:55:44.667731,0,0,False,False,,0,,,0,False,1,DRIVER_REASSIGNMENT,2026-08-05 21:11:00.000000,dispatch,True,True,False,False
O00227,C0765,R014,D092,delivered,True,0.0,0.0,-11.77,delivered_on_time,False,,2026-08-04 11:36:00,2026-08-04 12:51:36.000000,2026-08-04 12:39:49.635946,3,3,False,False,2026-08-04 11:42:00,0,,,3,False,0,,,,False,False,False,False
O00228,C0863,R034,D038,delivered,True,0.0,0.0,-9.78,delivered_on_time,False,,2026-08-07 12:42:00,2026-08-07 14:04:18.000000,2026-08-07 13:54:30.909888,3,3,False,False,2026-08-07 12:53:00,0,,,3,False,1,RESTAURANT_CONTACT,2026-08-07 13:06:00.000000,support,True,True,False,False
O00229,C0534,R014,D074,delivered,True,0.0,0.0,-1.17,delivered_on_time,False,,2026-08-05 19:15:00,2026-08-05 20:01:09.875300,2026-08-05 19:59:59.576166,3,3,False,False,2026-08-05 19:32:00,0,,,3,False,0,,,,False,False,False,False
O00230,C0109,R021,D099,delivered,True,1.0,0.0,7.97,delivered_late,False,,2026-08-26 14:47:00,2026-08-26 16:06:48.000000,2026-08-26 16:14:46.113824,0,0,False,False,,0,,,0,False,0,,,,False,False,False,False
O00231,C0761,R049,D066,delivered,True,0.0,0.0,-7.54,delivered_on_time,True,CX-01;CX-03,2026-08-27 15:52:00,2026-08-27 17:04:48.000000,2026-08-27 16:57:15.411001,2,2,False,False,2026-08-27 16:01:00,1,restaurant_delay,2026-08-27 16:24:00,3,True,0,,,,False,False,True,False
O00232,C0384,R041,D095,delivered,True,0.0,0.0,-2.63,delivered_on_time,False,,2026-08-18 18:49:00,2026-08-18 19:49:17.705707,2026-08-18 19:46:40.076059,1,1,False,False,2026-08-18 18:56:00,0,,,1,False,0,,,,False,False,False,False
O00233,C0605,R016,D029,delivered,True,0.0,0.0,-1.94,delivered_on_time,False,,2026-08-26 23:43:00,2026-08-27 00:55:48.000000,2026-08-27 00:53:51.846104,3,3,False,False,2026-08-26 23:53:00,0,,,3,False,0,,,,False,False,False,False
O00234,C0669,R028,D084,delivered,True,0.0,0.0,-4.04,delivered_on_time,True,CX-01;CX-03,2026-08-03 15:14:00,2026-08-03 16:26:48.000000,2026-08-03 16:22:45.539351,3,3,False,False,2026-08-03 15:21:00,0,,,3,False,0,,,,False,False,False,False
O00235,C0200,R030,D029,delivered,True,1.0,0.0,8.44,delivered_late,False,,2026-08-19 19:53:00,2026-08-19 20:49:41.074319,2026-08-19 20:58:07.392789,2,1,True,False,2026-08-19 20:12:00,0,,,2,True,0,,,,False,False,True,False
O00236,C0499,R041,D073,delivered,True,0.0,0.0,-1.09,delivered_on_time,False,,2026-08-06 14:32:00,2026-08-06 15:44:20.976175,2026-08-06 15:43:15.337316,0,0,False,False,,0,,,0,False,0,,,,False,False,False,False
O00237,C0586,R013,D073,delivered,True,0.0,0.0,-3.13,delivered_on_time,False,,2026-08-08 11:36:00,2026-08-08 12:26:36.103840,2026-08-08 12:23:28.548159,1,1,False,False,2026-08-08 11:40:00,0,,,1,False,0,,,,False,False,False,False
O00238,C0138,R018,D097,delivered,True,0.0,0.0,-3.98,delivered_on_time,False,,2026-08-27 16:05:00,2026-08-27 16:45:12.731702,2026-08-27 16:41:13.945139,1,1,False,False,2026-08-27 16:23:00,0,,,1,False,0,,,,False,False,False,False
O00239,C0519,R055,D113,delivered,True,1.0,0.0,2.34,delivered_late,False,,2026-08-03 14:24:00,2026-08-03 15:33:34.499795,2026-08-03 15:35:54.815008,1,1,False,False,2026-08-03 14:42:00,0,,,1,False,0,,,,False,False,False,False
O00240,C0850,R028,D058,delivered,True,1.0,1.0,15.05,delivered_late,False,,2026-08-25 12:30:00,2026-08-25 13:39:40.727261,2026-08-25 13:54:43.870567,3,2,True,False,2026-08-25 12:47:00,1,ready_but_waiting,2026-08-25 12:49:00,4,True,0,,,,False,False,True,False
O00241,C0765,R030,D059,delivered,True,1.0,1.0,14.35,delivered_late,False,,2026-08-24 22:53:00,2026-08-25 00:09:46.426430,2026-08-25 00:24:07.293935,0,0,False,False,,0,,,0,False,1,RESTAURANT_CONTACT,2026-08-24 23:23:00.000000,support,True,True,False,False
O00242,C0801,R025,D025,delivered,True,1.0,0.0,5.74,delivered_late,False,,2026-08-19 18:33:00,2026-08-19 19:41:33.444966,2026-08-19 19:47:18.082571,0,0,False,False,,0,,,0,False,0,,,,False,False,False,False
O00243,C0366,R051,D104,delivered,True,1.0,0.0,6.21,delivered_late,False,CX-03,2026-08-18 20:30:00,2026-08-18 21:23:06.113832,2026-08-18 21:29:18.676372,3,3,False,False,2026-08-18 20:46:00,0,,,3,False,1,DRIVER_REASSIGNMENT,2026-08-18 20:50:00.000000,dispatch,True,True,False,False
O00244,C0864,R047,D108,delivered,True,0.0,0.0,-4.49,delivered_on_time,False,,2026-08-23 22:06:00,2026-08-23 23:00:42.146886,2026-08-23 22:56:12.575827,1,1,False,False,2026-08-23 22:31:00,1,ready_but_waiting,2026-08-23 22:55:00,2,True,0,,,,False,False,True,False
O00245,C0516,R006,D069,delivered,True,0.0,0.0,-3.39,delivered_on_time,False,,2026-08-09 14:05:00,2026-08-09 15:20:36.000000,2026-08-09 15:17:12.754442,2,2,False,False,2026-08-09 14:20:00,0,,,2,False,0,,,,False,False,False,False
O00246,C0231,R048,D032,delivered,True,0.0,0.0,-15.08,delivered_on_time,True,CX-01;CX-03,2026-08-22 22:33:00,2026-08-22 23:48:36.000000,2026-08-22 23:33:30.939288,1,1,False,False,2026-08-22 22:45:00,0,,,1,False,0,,,,False,False,False,False
O00247,C0247,R030,D120,delivered,True,0.0,0.0,-8.97,delivered_on_time,False,RG-03,2026-08-17 11:45:00,2026-08-17 12:45:14.956657,2026-08-17 12:36:16.480018,0,0,False,False,,0,,,0,False,0,,,,False,False,False,False
O00248,C0089,R058,D119,delivered,True,0.0,0.0,-6.35,delivered_on_time,False,,2026-08-06 17:06:00,2026-08-06 18:21:36.000000,2026-08-06 18:15:14.871854,3,3,False,False,2026-08-06 17:13:00,0,,,3,False,0,,,,False,False,False,False
O00249,C0135,R059,D066,delivered,True,1.0,0.0,6.77,delivered_late,False,,2026-08-15 21:55:00,2026-08-15 22:51:12.474173,2026-08-15 22:57:58.772271,3,3,False,False,2026-08-15 22:05:00,0,,,3,False,0,,,,False,False,False,False
O00250,C0610,R051,D007,delivered,True,1.0,0.0,1.31,delivered_late,False,,2026-08-10 12:43:00,2026-08-10 14:02:48.000000,2026-08-10 14:04:06.770459,0,0,False,False,,0,,,0,False,0,,,,False,False,False,False
O00251,C0521,R036,D091,delivered,True,0.0,0.0,-4.61,delivered_on_time,False,,2026-08-28 15:14:00,2026-08-28 16:26:48.000000,2026-08-28 16:22:11.264660,0,0,False,False,,1,restaurant_delay,2026-08-28 15:45:00,1,True,1,RESTAURANT_CONTACT,2026-08-28 15:41:00.000000,support,True,True,False,False
O00252,C0310,R025,D119,delivered,True,0.0,0.0,-9.06,delivered_on_time,False,,2026-08-11 18:56:00,2026-08-11 19:56:03.342084,2026-08-11 19:47:00.008093,2,2,False,False,2026-08-11 19:07:00,0,,,2,False,0,,,,False,False,False,False
O00253,C0153,R022,D008,delivered,True,1.0,1.0,18.64,delivered_late,False,,2026-08-06 18:07:00,2026-08-06 19:02:23.376338,2026-08-06 19:21:01.734655,2,2,False,False,2026-08-06 18:22:00,0,,,2,False,0,,,,False,False,False,False
O00254,C0100,R002,D024,delivered,True,0.0,0.0,-3.82,delivered_on_time,False,,2026-08-16 17:26:00,2026-08-16 18:31:43.960799,2026-08-16 18:27:55.036836,2,2,False,False,2026-08-16 17:35:00,0,,,2,False,0,,,,False,False,False,False
O00255,C0087,R034,D072,delivered,True,0.0,0.0,-0.8,delivered_on_time,False,,2026-08-26 23:09:00,2026-08-27 00:21:37.867271,2026-08-27 00:20:49.932172,0,0,False,False,,0,,,0,False,0,,,,False,False,False,False
O00256,C0289,R008,D006,delivered,True,1.0,1.0,15.57,delivered_late,False,,2026-08-06 12:52:00,2026-08-06 14:10:06.000000,2026-08-06 14:25:39.923296,4,3,True,False,2026-08-06 13:05:00,1,late_delivery,2026-08-06 13:19:00,5,True,0,,,,False,False,True,False
O00257,C0324,R039,D018,delivered,True,1.0,0.0,4.17,delivered_late,False,,2026-08-20 14:36:00,2026-08-20 15:55:48.000000,2026-08-20 15:59:58.073061,1,1,False,False,2026-08-20 14:45:00,0,,,1,False,1,RESTAURANT_CONTACT,2026-08-20 14:59:00.000000,support,True,True,False,False
O00258,C0656,R006,D041,delivered,True,1.0,0.0,8.89,delivered_late,False,,2026-08-11 17:39:00,2026-08-11 18:37:05.681393,2026-08-11 18:45:58.931227,1,1,False,False,2026-08-11 17:55:00,0,,,1,False,0,,,,False,False,False,False
O00259,C0285,R032,D014,delivered,True,1.0,0.0,1.2,delivered_late,False,,2026-08-06 13:01:00,2026-08-06 14:13:48.000000,2026-08-06 14:14:59.886717,0,0,False,False,,0,,,0,False,0,,,,False,False,False,False
O00260,C0296,R028,D022,delivered,True,1.0,0.0,9.83,delivered_late,False,,2026-08-09 19:05:00,2026-08-09 20:14:11.024973,2026-08-09 20:24:00.711509,2,1,True,False,2026-08-09 19:10:00,0,,,2,True,0,,,,False,False,True,False
O00261,C0715,R051,D002,delivered,True,1.0,0.0,3.87,delivered_late,False,CX-03,2026-08-18 22:35:00,2026-08-18 23:41:09.639283,2026-08-18 23:45:02.098682,2,2,False,False,2026-08-18 22:47:00,0,,,2,False,1,DRIVER_REASSIGNMENT,2026-08-18 22:45:00.000000,dispatch,True,True,False,False
O00262,C0263,R041,D093,delivered,True,0.0,0.0,-8.62,delivered_on_time,False,,2026-08-10 17:16:00,2026-08-10 18:28:48.000000,2026-08-10 18:20:11.031749,2,2,False,False,2026-08-10 17:25:00,0,,,2,False,0,,,,False,False,False,False
O00263,C0511,R032,D112,delivered,True,1.0,0.0,3.59,delivered_late,False,,2026-08-18 17:26:00,2026-08-18 18:41:12.790516,2026-08-18 18:44:48.004054,3,3,False,False,2026-08-18 17:31:00,0,,,3,False,0,,,,False,False,False,False
O00264,C0442,R037,D068,delivered,True,1.0,0.0,4.88,delivered_late,False,,2026-08-23 19:18:00,2026-08-23 20:03:23.571179,2026-08-23 20:08:16.109566,0,0,False,False,,0,,,0,False,1,PRIORITY_DISPATCH,2026-08-23 19:40:00.000000,operations,True,True,False,False
O00265,C0477,R018,D065,cancelled,False,,,,cancelled,False,,2026-08-18 11:06:00,2026-08-18 12:07:35.616582,,1,1,False,False,2026-08-18 11:12:00,0,,,1,False,0,,,,False,False,False,False
O00266,C0796,R058,D101,delivered,True,0.0,0.0,-1.58,delivered_on_time,True,CX-01;CX-03,2026-08-10 20:31:00,2026-08-10 21:56:24.000000,2026-08-10 21:54:49.095897,2,2,False,False,2026-08-10 20:40:00,1,eta_changed,2026-08-10 21:11:00,3,True,1,PRIORITY_DISPATCH,2026-08-10 20:49:00.000000,operations,True,True,False,False
O00267,C0891,R001,D116,delivered,True,1.0,0.0,8.89,delivered_late,False,CX-03,2026-08-08 17:28:00,2026-08-08 18:49:36.000000,2026-08-08 18:58:29.175060,1,1,False,False,2026-08-08 17:43:00,0,,,1,False,1,DRIVER_REASSIGNMENT,2026-08-08 17:48:00.000000,dispatch,True,True,False,False
O00268,C0392,R042,D070,delivered,True,1.0,1.0,18.54,delivered_late,False,,2026-08-18 18:16:00,2026-08-18 19:31:36.000000,2026-08-18 19:50:08.272395,3,3,False,False,2026-08-18 18:24:00,0,,,3,False,1,RESTAURANT_CONTACT,2026-08-18 18:37:00.000000,support,True,True,False,False
O00269,C0073,R046,D017,delivered,True,1.0,0.0,2.03,delivered_late,False,,2026-08-19 20:30:00,2026-08-19 21:30:14.067027,2026-08-19 21:32:15.685345,2,2,False,False,2026-08-19 20:47:00,0,,,2,False,0,,,,False,False,False,False
O00270,C0406,R023,D090,delivered,True,1.0,1.0,13.47,delivered_late,False,,2026-08-08 16:35:00,2026-08-08 17:35:26.409529,2026-08-08 17:48:54.357852,3,2,True,False,2026-08-08 16:53:00,0,,,3,True,0,,,,False,False,True,False
O00271,C0227,R044,D089,delivered,True,1.0,0.0,5.78,delivered_late,False,,2026-08-10 18:31:00,2026-08-10 19:07:03.000000,2026-08-10 19:12:50.086181,3,3,False,False,2026-08-10 18:46:00,0,,,3,False,1,CUSTOMER_CREDIT,2026-08-10 19:17:03.000000,support,True,False,False,False
O00272,C0073,R038,D022,delivered,True,1.0,0.0,5.1,delivered_late,False,,2026-08-15 11:40:00,2026-08-15 12:51:07.234660,2026-08-15 12:56:13.079753,2,2,False,False,2026-08-15 11:44:00,0,,,2,False,0,,,,False,False,False,False
O00273,C0627,R053,D107,cancelled,False,,,,cancelled,False,,2026-08-14 19:07:00,2026-08-14 20:19:48.000000,,1,1,False,False,2026-08-14 19:30:00,0,,,1,False,0,,,,False,False,False,False
O00274,C0792,R007,D094,delivered,True,0.0,0.0,-9.34,delivered_on_time,False,RG-03,2026-08-04 11:41:00,2026-08-04 13:00:48.000000,2026-08-04 12:51:27.414687,0,0,False,False,,0,,,0,False,0,,,,False,False,False,False
O00275,C0731,R029,D082,delivered,True,0.0,0.0,-1.83,delivered_on_time,False,,2026-08-15 20:03:00,2026-08-15 21:18:36.000000,2026-08-15 21:16:46.009723,2,2,False,False,2026-08-15 20:17:00,0,,,2,False,0,,,,False,False,False,False
O00276,C0754,R057,D017,delivered,True,1.0,0.0,5.83,delivered_late,False,,2026-08-08 18:12:00,2026-08-08 18:54:34.180197,2026-08-08 19:00:24.003233,2,2,False,False,2026-08-08 18:30:00,0,,,2,False,0,,,,False,False,False,False
O00277,C0105,R053,D092,delivered,True,0.0,0.0,-5.27,delivered_on_time,False,,2026-08-06 18:38:00,2026-08-06 19:53:36.000000,2026-08-06 19:48:20.028067,3,3,False,False,2026-08-06 18:42:00,0,,,3,False,1,RESTAURANT_CONTACT,2026-08-06 19:04:00.000000,support,True,True,False,False
O00278,C0183,R033,D096,delivered,True,1.0,0.0,0.46,delivered_late,False,,2026-08-24 15:28:00,2026-08-24 16:43:36.000000,2026-08-24 16:44:03.642516,2,2,False,False,2026-08-24 15:32:00,0,,,2,False,1,PRIORITY_DISPATCH,2026-08-24 15:55:00.000000,operations,True,True,False,False
O00279,C0648,R039,D108,cancelled,False,,,,cancelled,False,,2026-08-23 20:58:00,2026-08-23 21:52:00.142269,,3,3,False,False,2026-08-23 21:12:00,0,,,3,False,0,,,,False,False,False,False
O00280,C0343,R015,D050,delivered,True,1.0,0.0,5.1,delivered_late,False,CX-03,2026-08-09 17:37:00,2026-08-09 18:42:07.736626,2026-08-09 18:47:13.505917,2,2,False,False,2026-08-09 17:42:00,1,driver_not_moving,2026-08-09 18:19:00,3,True,1,DRIVER_REASSIGNMENT,2026-08-09 17:59:00.000000,dispatch,True,True,False,True
O00281,C0608,R015,D116,delivered,True,0.0,0.0,-1.78,delivered_on_time,False,CX-03,2026-08-27 22:38:00,2026-08-27 23:45:57.257164,2026-08-27 23:44:10.732761,0,0,False,False,,0,,,0,False,1,DRIVER_REASSIGNMENT,2026-08-27 22:57:00.000000,dispatch,True,True,False,False
O00282,C0367,R015,D098,cancelled,False,,,,cancelled,False,,2026-08-21 21:59:00,2026-08-21 23:11:48.000000,,2,2,False,False,2026-08-21 22:13:00,0,,,2,False,0,,,,False,False,False,False
O00283,C0094,R052,D113,delivered,True,0.0,0.0,-9.63,delivered_on_time,False,,2026-08-11 18:14:00,2026-08-11 19:11:24.812183,2026-08-11 19:01:47.091394,3,3,False,False,2026-08-11 18:31:00,0,,,3,False,0,,,,False,False,False,False
O00284,C0331,R060,D091,delivered,True,0.0,0.0,-0.43,delivered_on_time,False,,2026-08-09 12:32:00,2026-08-09 13:17:37.224154,2026-08-09 13:17:11.445942,0,0,False,False,,0,,,0,False,0,,,,False,False,False,False
O00285,C0378,R037,D095,delivered,True,1.0,0.0,3.46,delivered_late,False,,2026-08-22 17:23:00,2026-08-22 18:38:24.175521,2026-08-22 18:41:51.915946,0,0,False,False,,0,,,0,False,0,,,,False,False,False,False
O00286,C0714,R001,D102,delivered,False,,,,unknown_missing_timestamp,False,TS-04,2026-08-28 12:47:00,2026-08-28 13:46:37.008959,,2,2,False,False,2026-08-28 12:52:00,0,,,2,False,0,,,,False,False,False,False
O00287,C0201,R039,D068,delivered,True,1.0,1.0,16.46,delivered_late,False,,2026-08-09 18:39:00,2026-08-09 19:41:39.048514,2026-08-09 19:58:06.401473,0,0,False,False,,0,,,0,False,1,RESTAURANT_CONTACT,2026-08-09 18:53:00.000000,support,True,True,False,False
O00288,C0760,R050,D090,delivered,True,1.0,1.0,19.09,delivered_late,False,,2026-08-09 19:58:00,2026-08-09 21:20:18.000000,2026-08-09 21:39:23.200153,4,3,True,False,2026-08-09 20:08:00,1,ready_but_waiting,2026-08-09 20:16:00,5,True,1,RESTAURANT_CONTACT,2026-08-09 20:31:00.000000,support,True,True,False,True
O00289,C0796,R035,D070,cancelled,False,,,,cancelled,False,,2026-08-23 11:15:00,2026-08-23 12:40:24.000000,,3,3,False,False,2026-08-23 11:21:00,0,,,3,False,0,,,,False,False,False,False
O00290,C0500,R048,D050,delivered,True,1.0,0.0,1.15,delivered_late,False,,2026-08-21 16:32:00,2026-08-21 17:33:14.828540,2026-08-21 17:34:23.549810,0,0,False,False,,0,,,0,False,0,,,,False,False,False,False
O00291,C0875,R018,D051,delivered,True,0.0,0.0,-2.4,delivered_on_time,False,,2026-08-22 19:40:00,2026-08-22 20:44:46.075448,2026-08-22 20:42:22.373562,3,3,False,False,2026-08-22 19:45:00,0,,,3,False,0,,,,False,False,False,False
O00292,C0735,R048,D083,delivered,True,1.0,0.0,9.25,delivered_late,False,,2026-08-05 16:45:00,2026-08-05 17:59:00.716564,2026-08-05 18:08:15.442834,4,3,True,False,2026-08-05 16:49:00,0,,,4,True,1,PRIORITY_DISPATCH,2026-08-05 16:59:00.000000,operations,True,True,False,True
O00293,C0425,R033,D024,delivered,True,1.0,0.0,5.34,delivered_late,False,,2026-08-05 20:48:00,2026-08-05 22:09:36.000000,2026-08-05 22:14:56.306129,0,0,False,False,,0,,,0,False,0,,,,False,False,False,False
O00294,C0761,R059,D100,delivered,True,0.0,0.0,-2.91,delivered_on_time,False,,2026-08-20 19:38:00,2026-08-20 20:53:36.000000,2026-08-20 20:50:41.502789,2,2,False,False,2026-08-20 19:44:00,0,,,2,False,0,,,,False,False,False,False
O00295,C0322,R027,D090,delivered,True,1.0,1.0,21.25,delivered_late,False,,2026-08-08 11:48:00,2026-08-08 13:15:54.000000,2026-08-08 13:37:09.251713,0,0,False,False,,1,late_delivery,2026-08-08 12:42:00,1,True,0,,,,False,False,True,False
O00296,C0704,R040,D042,delivered,True,1.0,0.0,3.43,delivered_late,False,CX-03,2026-08-13 20:38:00,2026-08-13 21:57:48.000000,2026-08-13 22:01:13.834192,0,0,False,False,,0,,,0,False,1,DRIVER_REASSIGNMENT,2026-08-13 20:51:00.000000,dispatch,True,True,False,False
O00297,C0303,R017,D040,delivered,True,1.0,0.0,9.78,delivered_late,False,,2026-08-24 11:24:00,2026-08-24 12:37:24.026885,2026-08-24 12:47:10.827183,3,3,False,False,2026-08-24 11:46:00,0,,,3,False,0,,,,False,False,False,False
O00298,C0287,R052,D064,delivered,True,0.0,0.0,-6.51,delivered_on_time,False,CX-03,2026-08-15 20:28:00,2026-08-15 21:29:36.748678,2026-08-15 21:23:05.997016,1,1,False,False,2026-08-15 20:44:00,0,,,1,False,1,DRIVER_REASSIGNMENT,2026-08-15 20:41:00.000000,dispatch,True,True,False,False
O00299,C0531,R017,D032,delivered,True,0.0,0.0,-0.33,delivered_on_time,False,,2026-08-15 12:20:00,2026-08-15 13:42:18.000000,2026-08-15 13:41:58.302211,0,0,False,False,,0,,,0,False,0,,,,False,False,False,False
O00300,C0331,R037,D040,delivered,True,0.0,0.0,-5.9,delivered_on_time,True,CX-01;CX-03,2026-08-02 20:58:00,2026-08-02 22:09:40.636372,2026-08-02 22:03:46.840978,1,1,False,False,2026-08-02 21:04:00,0,,,1,False,0,,,,False,False,False,False
O00301,C0440,R059,D053,delivered,True,1.0,1.0,15.79,delivered_late,False,,2026-08-20 20:00:00,2026-08-20 21:18:06.000000,2026-08-20 21:33:53.109909,0,0,False,False,,1,status_mismatch,2026-08-20 20:35:00,1,True,1,CUSTOMER_CREDIT,2026-08-20 21:32:06.000000,support,True,True,False,True
O00302,C0800,R019,D063,delivered,True,1.0,1.0,26.32,delivered_late,False,RG-03,2026-08-20 19:52:00,2026-08-20 21:11:48.000000,2026-08-20 21:38:07.176647,4,2,True,True,2026-08-20 20:14:00,1,restaurant_delay,2026-08-20 20:20:00,5,True,1,PRIORITY_DISPATCH,2026-08-20 20:11:00.000000,operations,True,True,False,True
O00303,C0411,R039,D038,delivered,True,1.0,1.0,33.16,delivered_late,False,,2026-08-19 20:11:00,2026-08-19 21:33:34.265202,2026-08-19 22:06:43.654438,3,3,False,False,2026-08-19 20:17:00,1,status_mismatch,2026-08-19 20:35:00,4,True,0,,,,False,False,True,False
O00304,C0531,R052,D050,delivered,True,0.0,0.0,-6.19,delivered_on_time,False,,2026-08-23 21:21:00,2026-08-23 22:36:36.000000,2026-08-23 22:30:24.419630,2,2,False,False,2026-08-23 21:28:00,0,,,2,False,0,,,,False,False,False,False
O00305,C0385,R030,D110,delivered,True,1.0,0.0,0.25,delivered_late,False,,2026-08-20 17:08:00,2026-08-20 18:27:30.696940,2026-08-20 18:27:45.687998,0,0,False,False,,0,,,0,False,0,,,,False,False,False,False
O00306,C0032,R014,D057,delivered,True,1.0,0.0,6.76,delivered_late,False,,2026-08-26 12:54:00,2026-08-26 14:06:48.000000,2026-08-26 14:13:33.863579,1,1,False,False,2026-08-26 13:05:00,0,,,1,False,0,,,,False,False,False,False
O00307,C0161,R010,D044,cancelled,False,,,,cancelled,False,,2026-08-11 20:07:00,2026-08-11 21:26:48.000000,,0,0,False,False,,0,,,0,False,0,,,,False,False,False,False
O00308,C0049,R029,D017,delivered,True,1.0,0.0,5.59,delivered_late,False,,2026-08-27 16:43:00,2026-08-27 17:51:58.596765,2026-08-27 17:57:33.839883,0,0,False,False,,0,,,0,False,0,,,,False,False,False,False
O00309,C0257,R055,D032,delivered,True,0.0,0.0,-7.02,delivered_on_time,False,,2026-08-18 18:13:00,2026-08-18 19:24:34.179870,2026-08-18 19:17:32.988197,1,1,False,False,2026-08-18 18:27:00,0,,,1,False,0,,,,False,False,False,False
O00310,C0356,R006,D010,delivered,True,1.0,0.0,5.79,delivered_late,False,,2026-08-28 20:19:00,2026-08-28 21:18:33.759603,2026-08-28 21:24:21.391755,3,3,False,False,2026-08-28 20:24:00,0,,,3,False,0,,,,False,False,False,False
O00311,C0212,R054,D054,delivered,True,1.0,1.0,11.76,delivered_late,False,,2026-08-03 18:01:00,2026-08-03 19:23:18.000000,2026-08-03 19:35:03.569984,3,3,False,False,2026-08-03 18:10:00,0,,,3,False,0,,,,False,False,False,False
O00312,C0056,R055,D041,cancelled,False,,,,cancelled,False,,2026-08-22 23:13:00,2026-08-23 00:06:01.172658,,1,1,False,False,2026-08-22 23:38:00,0,,,1,False,0,,,,False,False,False,False
O00313,C0767,R001,D070,delivered,True,1.0,1.0,12.97,delivered_late,False,,2026-08-11 18:02:00,2026-08-11 19:14:48.000000,2026-08-11 19:27:46.494195,4,3,True,False,2026-08-11 18:16:00,0,,,4,True,0,,,,False,False,True,False
O00314,C0182,R059,D062,delivered,True,0.0,0.0,-11.36,delivered_on_time,False,,2026-08-04 11:39:00,2026-08-04 12:46:34.708158,2026-08-04 12:35:12.883567,3,3,False,False,2026-08-04 11:45:00,0,,,3,False,0,,,,False,False,False,False
O00315,C0141,R011,D095,delivered,True,0.0,0.0,-15.01,delivered_on_time,False,,2026-08-16 22:03:00,2026-08-16 22:51:14.139789,2026-08-16 22:36:13.722274,3,3,False,False,2026-08-16 22:20:00,0,,,3,False,0,,,,False,False,False,False
O00316,C0557,R057,D031,delivered,True,1.0,0.0,8.03,delivered_late,False,,2026-08-03 23:48:00,2026-08-04 00:33:06.724821,2026-08-04 00:41:08.358449,0,0,False,False,,0,,,0,False,0,,,,False,False,False,False
O00317,C0054,R056,D009,delivered,True,0.0,0.0,-2.96,delivered_on_time,False,CX-03,2026-08-12 17:44:00,2026-08-12 19:09:24.000000,2026-08-12 19:06:26.431046,1,1,False,False,2026-08-12 17:52:00,0,,,1,False,1,DRIVER_REASSIGNMENT,2026-08-12 18:12:00.000000,dispatch,True,True,False,False
O00318,C0413,R046,D017,delivered,True,1.0,1.0,12.82,delivered_late,False,,2026-08-17 12:52:00,2026-08-17 14:11:48.000000,2026-08-17 14:24:36.997551,0,0,False,False,,0,,,0,False,0,,,,False,False,False,False
O00319,C0318,R007,D082,delivered,True,1.0,1.0,24.14,delivered_late,False,RG-03,2026-08-14 18:21:00,2026-08-14 19:36:36.000000,2026-08-14 20:00:44.129361,2,2,False,False,2026-08-14 18:27:00,0,,,2,False,0,,,,False,False,False,False
O00320,C0379,R018,D033,delivered,True,0.0,0.0,-12.51,delivered_on_time,False,,2026-08-13 12:06:00,2026-08-13 13:14:18.956685,2026-08-13 13:01:48.473552,1,1,False,False,2026-08-13 12:30:00,1,eta_changed,2026-08-13 12:47:00,2,True,1,PRIORITY_DISPATCH,2026-08-13 12:24:00.000000,operations,True,True,False,False
O00321,C0533,R050,D017,delivered,True,0.0,0.0,-11.52,delivered_on_time,False,,2026-08-15 18:24:00,2026-08-15 19:33:01.397181,2026-08-15 19:21:30.240887,0,0,False,False,,0,,,0,False,0,,,,False,False,False,False
O00322,C0357,R052,D076,delivered,True,1.0,1.0,22.21,delivered_late,False,,2026-08-28 13:18:00,2026-08-28 14:33:18.000000,2026-08-28 14:55:30.304349,4,3,True,False,2026-08-28 13:36:00,0,,,4,True,0,,,,False,False,True,False
O00323,C0496,R028,D058,delivered,True,0.0,0.0,-6.43,delivered_on_time,False,,2026-08-06 18:12:00,2026-08-06 19:25:34.259282,2026-08-06 19:19:08.468302,3,3,False,False,2026-08-06 18:32:00,0,,,3,False,0,,,,False,False,False,False
O00324,C0161,R020,D017,delivered,True,0.0,0.0,-8.12,delivered_on_time,False,,2026-08-22 18:08:00,2026-08-22 19:00:56.818878,2026-08-22 18:52:49.576995,0,0,False,False,,0,,,0,False,1,CUSTOMER_CREDIT,2026-08-22 19:09:56.818878,support,True,False,False,False
O00325,C0013,R005,D068,delivered,True,0.0,0.0,-1.83,delivered_on_time,False,,2026-08-19 18:46:00,2026-08-19 19:58:39.561493,2026-08-19 19:56:49.826012,0,0,False,False,,0,,,0,False,0,,,,False,False,False,False
O00326,C0636,R036,D037,delivered,True,1.0,0.0,5.13,delivered_late,False,,2026-08-25 20:29:00,2026-08-25 21:44:36.000000,2026-08-25 21:49:43.512376,0,0,False,False,,0,,,0,False,0,,,,False,False,False,False
O00327,C0081,R021,D001,delivered,True,1.0,0.0,3.36,delivered_late,False,,2026-08-19 20:26:00,2026-08-19 21:47:36.000000,2026-08-19 21:50:57.630966,2,2,False,False,2026-08-19 20:37:00,0,,,2,False,0,,,,False,False,False,False
O00328,C0488,R030,D109,delivered,True,0.0,0.0,-7.4,delivered_on_time,False,,2026-08-01 16:05:00,2026-08-01 17:17:48.000000,2026-08-01 17:10:24.095574,1,1,False,False,2026-08-01 16:17:00,0,,,1,False,0,,,,False,False,False,False
O00329,C0696,R044,D016,delivered,True,1.0,1.0,20.72,delivered_late,False,,2026-08-26 19:31:00,2026-08-26 20:43:48.000000,2026-08-26 21:04:31.001842,2,1,True,False,2026-08-26 19:53:00,0,,,2,True,0,,,,False,False,True,False
O00330,C0609,R015,D054,delivered,True,1.0,0.0,2.87,delivered_late,False,,2026-08-19 20:22:00,2026-08-19 21:09:50.313623,2026-08-19 21:12:42.624005,2,2,False,False,2026-08-19 20:48:00,0,,,2,False,0,,,,False,False,False,False
O00331,C0369,R006,D032,delivered,True,1.0,1.0,21.98,delivered_late,False,,2026-08-15 17:20:00,2026-08-15 18:31:58.306739,2026-08-15 18:53:57.358916,0,0,False,False,,1,ready_but_waiting,2026-08-15 18:14:00,1,True,0,,,,False,False,True,False
O00332,C0624,R055,D002,delivered,True,0.0,0.0,-3.44,delivered_on_time,True,CX-01;CX-03,2026-08-22 20:46:00,2026-08-22 22:04:35.142048,2026-08-22 22:01:08.472938,0,0,False,False,,0,,,0,False,0,,,,False,False,False,False
O00333,C0671,R033,D027,delivered,True,1.0,0.0,5.6,delivered_late,False,,2026-08-24 16:12:00,2026-08-24 17:24:48.000000,2026-08-24 17:30:23.742830,0,0,False,False,,1,eta_changed,2026-08-24 17:07:00,1,True,0,,,,False,False,True,False
O00334,C0696,R030,D047,delivered,True,0.0,0.0,-5.27,delivered_on_time,False,,2026-08-26 23:57:00,2026-08-27 00:52:53.783494,2026-08-27 00:47:37.871156,1,1,False,False,2026-08-27 00:21:00,0,,,1,False,0,,,,False,False,False,False
O00335,C0639,R021,D006,delivered,True,1.0,1.0,20.99,delivered_late,False,,2026-08-13 16:03:00,2026-08-13 17:21:06.000000,2026-08-13 17:42:05.613011,3,3,False,False,2026-08-13 16:27:00,0,,,3,False,1,PRIORITY_DISPATCH,2026-08-13 16:13:00.000000,operations,True,True,False,False
O00336,C0503,R015,D073,delivered,True,1.0,0.0,0.09,delivered_late,False,,2026-08-03 12:46:00,2026-08-03 13:42:37.672955,2026-08-03 13:42:42.794076,0,0,False,False,,0,,,0,False,0,,,,False,False,False,False
O00337,C0864,R024,D005,cancelled,False,,,,cancelled,False,,2026-08-16 18:25:00,2026-08-16 19:47:18.000000,,3,3,False,False,2026-08-16 18:36:00,0,,,3,False,0,,,,False,False,False,False
O00338,C0331,R018,D031,delivered,True,1.0,1.0,19.66,delivered_late,False,,2026-08-04 18:59:00,2026-08-04 20:07:26.348596,2026-08-04 20:27:05.860421,3,3,False,False,2026-08-04 19:12:00,0,,,3,False,1,RESTAURANT_CONTACT,2026-08-04 19:17:00.000000,support,True,True,False,False
O00339,C0367,R038,D080,delivered,True,0.0,0.0,-0.54,delivered_on_time,False,,2026-08-22 13:44:00,2026-08-22 14:59:36.000000,2026-08-22 14:59:03.530059,1,1,False,False,2026-08-22 14:00:00,0,,,1,False,0,,,,False,False,False,False
O00340,C0266,R055,D007,delivered,True,1.0,1.0,23.02,delivered_late,False,,2026-08-10 18:53:00,2026-08-10 20:18:48.000000,2026-08-10 20:41:49.445594,3,3,False,False,2026-08-10 18:59:00,0,,,3,False,0,,,,False,False,False,False
O00341,C0302,R035,D052,delivered,False,,,,unknown_missing_timestamp,False,TS-04,2026-08-24 13:41:00,2026-08-24 14:56:18.000000,,2,2,False,False,2026-08-24 14:03:00,0,,,2,False,1,RESTAURANT_CONTACT,2026-08-24 13:53:00.000000,support,True,False,False,False
O00342,C0047,R024,D067,delivered,True,1.0,0.0,1.18,delivered_late,False,,2026-08-19 12:52:00,2026-08-19 14:04:48.000000,2026-08-19 14:05:58.984450,0,0,False,False,,0,,,0,False,0,,,,False,False,False,False
O00343,C0674,R038,D063,delivered,True,1.0,0.0,6.06,delivered_late,False,,2026-08-02 19:21:00,2026-08-02 20:33:48.000000,2026-08-02 20:39:51.698929,2,2,False,False,2026-08-02 19:29:00,0,,,2,False,0,,,,False,False,False,False
O00344,C0851,R033,D020,delivered,True,0.0,0.0,-6.69,delivered_on_time,False,,2026-08-03 19:37:00,2026-08-03 20:56:48.000000,2026-08-03 20:50:06.391097,2,2,False,False,2026-08-03 20:00:00,0,,,2,False,0,,,,False,False,False,False
O00345,C0190,R046,D022,delivered,True,1.0,1.0,10.85,delivered_late,False,,2026-08-16 19:05:00,2026-08-16 20:25:58.837917,2026-08-16 20:36:49.818387,3,2,True,False,2026-08-16 19:13:00,0,,,3,True,0,,,,False,False,True,False
O00346,C0897,R012,D048,delivered,True,0.0,0.0,-3.29,delivered_on_time,True,CX-01;CX-03,2026-08-02 13:50:00,2026-08-02 14:58:01.091506,2026-08-02 14:54:43.522053,1,1,False,False,2026-08-02 14:12:00,0,,,1,False,0,,,,False,False,False,False
O00347,C0398,R002,D024,delivered,True,0.0,0.0,-5.14,delivered_on_time,False,,2026-08-16 18:04:00,2026-08-16 19:23:48.000000,2026-08-16 19:18:39.792906,1,1,False,False,2026-08-16 18:20:00,0,,,1,False,0,,,,False,False,False,False
O00348,C0599,R050,D073,delivered,True,1.0,1.0,21.11,delivered_late,False,,2026-08-07 17:14:00,2026-08-07 18:12:56.676640,2026-08-07 18:34:03.056448,2,2,False,False,2026-08-07 17:21:00,1,restaurant_delay,2026-08-07 17:48:00,3,True,0,,,,False,False,True,False
O00349,C0523,R057,D094,delivered,True,1.0,0.0,8.2,delivered_late,False,,2026-08-02 15:07:00,2026-08-02 16:09:34.555807,2026-08-02 16:17:46.573484,3,3,False,False,2026-08-02 15:16:00,0,,,3,False,0,,,,False,False,False,False
O00350,C0524,R048,D044,delivered,True,0.0,0.0,-8.96,delivered_on_time,False,CX-03,2026-08-07 19:53:00,2026-08-07 20:59:23.366458,2026-08-07 20:50:25.990790,0,0,False,False,,0,,,0,False,1,DRIVER_REASSIGNMENT,2026-08-07 20:13:00.000000,dispatch,True,True,False,False
O00351,C0643,R028,D015,delivered,True,1.0,0.0,5.36,delivered_late,False,,2026-08-16 20:32:00,2026-08-16 21:44:48.000000,2026-08-16 21:50:09.729065,1,1,False,False,2026-08-16 20:48:00,0,,,1,False,1,RESTAURANT_CONTACT,2026-08-16 20:48:00.000000,support,True,True,False,False
O00352,C0772,R013,D015,delivered,True,1.0,1.0,21.41,delivered_late,False,,2026-08-16 19:10:00,2026-08-16 20:31:28.569291,2026-08-16 20:52:52.901477,0,0,False,False,,0,,,0,False,0,,,,False,False,False,False
O00353,C0059,R040,D082,delivered,True,0.0,0.0,-2.54,delivered_on_time,False,,2026-08-23 16:02:00,2026-08-23 17:17:36.000000,2026-08-23 17:15:03.310079,1,1,False,False,2026-08-23 16:12:00,0,,,1,False,0,,,,False,False,False,False
O00354,C0859,R056,D034,delivered,True,1.0,0.0,3.17,delivered_late,False,,2026-08-12 21:07:00,2026-08-12 22:22:36.000000,2026-08-12 22:25:46.080603,2,2,False,False,2026-08-12 21:25:00,0,,,2,False,0,,,,False,False,False,False
O00355,C0056,R059,D113,delivered,True,1.0,0.0,4.36,delivered_late,False,,2026-08-25 19:44:00,2026-08-25 20:44:23.613450,2026-08-25 20:48:45.398257,0,0,False,False,,0,,,0,False,0,,,,False,False,False,False
O00356,C0101,R046,D074,delivered,True,1.0,0.0,4.1,delivered_late,False,,2026-08-18 21:28:00,2026-08-18 22:25:40.505807,2026-08-18 22:29:46.405078,0,0,False,False,,0,,,0,False,0,,,,False,False,False,False
O00357,C0853,R043,D003,delivered,True,0.0,0.0,-4.76,delivered_on_time,False,,2026-08-23 13:09:00,2026-08-23 14:06:15.000676,2026-08-23 14:01:29.257915,1,1,False,False,2026-08-23 13:21:00,0,,,1,False,0,,,,False,False,False,False
O00358,C0207,R045,D086,delivered,True,1.0,0.0,6.66,delivered_late,False,,2026-08-28 20:53:00,2026-08-28 22:14:29.275144,2026-08-28 22:21:08.692875,2,2,False,False,2026-08-28 21:08:00,0,,,2,False,1,RESTAURANT_CONTACT,2026-08-28 21:13:00.000000,support,True,True,False,False
O00359,C0536,R019,D024,delivered,True,1.0,1.0,14.37,delivered_late,False,RG-03,2026-08-08 18:18:00,2026-08-08 19:37:48.000000,2026-08-08 19:52:10.109482,2,1,True,False,2026-08-08 18:40:00,1,restaurant_delay,2026-08-08 19:05:00,3,True,0,,,,False,False,True,False
O00360,C0682,R028,D115,delivered,True,1.0,0.0,9.63,delivered_late,False,,2026-08-05 13:07:00,2026-08-05 14:04:58.570767,2026-08-05 14:14:36.129525,2,2,False,False,2026-08-05 13:32:00,0,,,2,False,1,RESTAURANT_CONTACT,2026-08-05 13:24:00.000000,support,True,True,False,False
O00361,C0696,R012,D038,delivered,True,0.0,0.0,-0.4,delivered_on_time,False,,2026-08-16 20:29:00,2026-08-16 21:32:04.512977,2026-08-16 21:31:40.293468,0,0,False,False,,0,,,0,False,0,,,,False,False,False,False
O00362,C0395,R054,D049,cancelled,False,,,,cancelled,False,,2026-08-11 19:46:00,2026-08-11 21:01:36.000000,,3,3,False,False,2026-08-11 20:01:00,0,,,3,False,0,,,,False,False,False,False
O00363,C0345,R051,D070,delivered,True,0.0,0.0,-18.55,delivered_on_time,True,CX-01;CX-03,2026-08-15 17:20:00,2026-08-15 18:12:54.543911,2026-08-15 17:54:21.366296,3,3,False,False,2026-08-15 17:42:00,0,,,3,False,0,,,,False,False,False,False
O00364,C0394,R011,D085,delivered,True,1.0,0.0,8.54,delivered_late,False,,2026-08-12 17:45:00,2026-08-12 18:49:11.775703,2026-08-12 18:57:44.158657,2,1,True,False,2026-08-12 17:58:00,0,,,2,True,0,,,,False,False,True,False
O00365,C0501,R018,D074,delivered,True,1.0,1.0,11.33,delivered_late,False,,2026-08-14 20:26:00,2026-08-14 21:38:48.000000,2026-08-14 21:50:07.724515,0,0,False,False,,0,,,0,False,0,,,,False,False,False,False
O00366,C0217,R037,D082,delivered,True,1.0,1.0,12.28,delivered_late,False,,2026-08-05 14:53:00,2026-08-05 15:35:49.999247,2026-08-05 15:48:06.842914,2,2,False,False,2026-08-05 15:08:00,0,,,2,False,0,,,,False,False,False,False
O00367,C0404,R059,D025,delivered,True,0.0,0.0,-7.63,delivered_on_time,False,,2026-08-16 12:42:00,2026-08-16 13:49:08.677012,2026-08-16 13:41:30.839347,3,3,False,False,2026-08-16 12:49:00,0,,,3,False,0,,,,False,False,False,False
O00368,C0345,R003,D063,delivered,True,1.0,0.0,1.16,delivered_late,False,CX-03,2026-08-16 23:52:00,2026-08-17 01:04:48.000000,2026-08-17 01:05:57.795524,3,3,False,False,2026-08-16 23:58:00,0,,,3,False,1,DRIVER_REASSIGNMENT,2026-08-17 00:04:00.000000,dispatch,True,True,False,False
O00369,C0752,R009,D025,delivered,True,1.0,0.0,4.08,delivered_late,False,,2026-08-12 11:18:00,2026-08-12 12:36:06.000000,2026-08-12 12:40:10.926714,0,0,False,False,,0,,,0,False,0,,,,False,False,False,False
O00370,C0844,R016,D100,delivered,True,0.0,0.0,-0.31,delivered_on_time,False,,2026-08-12 20:00:00,2026-08-12 21:02:39.192990,2026-08-12 21:02:20.863369,0,0,False,False,,0,,,0,False,0,,,,False,False,False,False
O00371,C0215,R007,D010,delivered,True,1.0,0.0,2.07,delivered_late,False,RG-03;CX-03,2026-08-04 20:59:00,2026-08-04 22:11:48.000000,2026-08-04 22:13:52.159366,1,1,False,False,2026-08-04 21:07:00,0,,,1,False,1,DRIVER_REASSIGNMENT,2026-08-04 21:09:00.000000,dispatch,True,True,False,False
O00372,C0240,R007,D116,delivered,True,1.0,0.0,1.36,delivered_late,False,RG-03,2026-08-05 19:19:00,2026-08-05 20:31:48.000000,2026-08-05 20:33:09.521921,1,1,False,False,2026-08-05 19:44:00,0,,,1,False,0,,,,False,False,False,False
O00373,C0349,R056,D023,delivered,True,0.0,0.0,-3.96,delivered_on_time,False,,2026-08-02 18:58:00,2026-08-02 20:13:36.000000,2026-08-02 20:09:38.146404,1,1,False,False,2026-08-02 19:07:00,0,,,1,False,0,,,,False,False,False,False
O00374,C0843,R036,D001,delivered,True,1.0,0.0,6.27,delivered_late,False,RG-03,2026-08-19 17:10:00,2026-08-19 18:24:58.125026,2026-08-19 18:31:14.298709,0,0,False,False,,0,,,0,False,0,,,,False,False,False,False
O00375,C0707,R044,D085,delivered,True,0.0,0.0,-3.26,delivered_on_time,False,,2026-08-07 22:54:00,2026-08-08 00:13:48.000000,2026-08-08 00:10:32.483413,3,3,False,False,2026-08-07 23:00:00,0,,,3,False,0,,,,False,False,False,False
O00376,C0276,R048,D110,delivered,True,0.0,0.0,-2.37,delivered_on_time,False,,2026-08-15 12:08:00,2026-08-15 12:53:04.458548,2026-08-15 12:50:42.324350,2,2,False,False,2026-08-15 12:15:00,0,,,2,False,0,,,,False,False,False,False
O00377,C0260,R020,D053,delivered,True,1.0,0.0,0.53,delivered_late,False,,2026-08-28 17:54:00,2026-08-28 18:52:41.615973,2026-08-28 18:53:13.696174,0,0,False,False,,0,,,0,False,0,,,,False,False,False,False
O00378,C0087,R041,D011,delivered,True,1.0,0.0,8.64,delivered_late,False,,2026-08-23 19:06:00,2026-08-23 20:28:18.000000,2026-08-23 20:36:56.288888,2,2,False,False,2026-08-23 19:15:00,0,,,2,False,0,,,,False,False,False,False
O00379,C0582,R042,D098,delivered,True,0.0,0.0,-14.2,delivered_on_time,False,,2026-08-26 20:25:00,2026-08-26 21:22:29.238692,2026-08-26 21:08:17.367164,2,2,False,False,2026-08-26 20:38:00,0,,,2,False,0,,,,False,False,False,False
O00380,C0536,R017,D005,delivered,True,0.0,0.0,-12.07,delivered_on_time,False,TS-07,2026-08-16 19:11:00,2026-08-16 20:13:57.495432,2026-08-16 20:01:53.244407,3,3,False,False,2026-08-16 19:15:00,0,,,3,False,0,,,,False,False,False,False
O00381,C0282,R055,D080,delivered,True,0.0,0.0,-1.94,delivered_on_time,False,,2026-08-18 17:55:00,2026-08-18 19:10:36.000000,2026-08-18 19:08:39.382818,0,0,False,False,,0,,,0,False,0,,,,False,False,False,False
O00382,C0573,R004,D082,delivered,True,1.0,1.0,17.83,delivered_late,False,,2026-08-28 20:56:00,2026-08-28 21:54:13.123900,2026-08-28 22:12:02.937686,3,2,True,False,2026-08-28 21:00:00,0,,,3,True,0,,,,False,False,True,False
O00383,C0557,R050,D100,delivered,True,1.0,1.0,21.86,delivered_late,False,,2026-08-13 19:22:00,2026-08-13 20:22:18.067805,2026-08-13 20:44:09.791917,2,1,True,False,2026-08-13 19:30:00,0,,,2,True,0,,,,False,False,True,False
O00384,C0012,R060,D110,cancelled,False,,,,cancelled,False,,2026-08-21 16:05:00,2026-08-21 17:11:27.779222,,0,0,False,False,,0,,,0,False,0,,,,False,False,False,False
O00385,C0667,R018,D065,delivered,True,1.0,1.0,22.5,delivered_late,False,,2026-08-22 21:36:00,2026-08-22 22:38:31.151906,2026-08-22 23:01:01.308053,4,3,False,True,2026-08-22 21:42:00,1,status_mismatch,2026-08-22 22:13:00,5,True,1,RESTAURANT_CONTACT,2026-08-22 22:09:00.000000,support,True,True,False,True
O00386,C0101,R043,D072,delivered,True,0.0,0.0,-4.89,delivered_on_time,False,,2026-08-11 13:19:00,2026-08-11 14:06:14.265833,2026-08-11 14:01:21.008075,1,1,False,False,2026-08-11 13:29:00,0,,,1,False,1,CUSTOMER_CREDIT,2026-08-11 14:09:14.265833,support,True,False,False,False
O00387,C0457,R057,D070,delivered,True,1.0,1.0,18.23,delivered_late,False,,2026-08-03 19:37:00,2026-08-03 20:35:10.014244,2026-08-03 20:53:23.748909,2,2,False,False,2026-08-03 19:55:00,0,,,2,False,0,,,,False,False,False,False
O00388,C0181,R033,D063,delivered,True,1.0,1.0,10.74,delivered_late,False,,2026-08-20 18:42:00,2026-08-20 20:01:48.000000,2026-08-20 20:12:32.475488,2,2,False,False,2026-08-20 19:03:00,0,,,2,False,0,,,,False,False,False,False
O00389,C0608,R045,D073,delivered,True,1.0,0.0,8.2,delivered_late,False,CX-03,2026-08-08 13:43:00,2026-08-08 14:54:38.461031,2026-08-08 15:02:50.349868,0,0,False,False,,0,,,0,False,1,DRIVER_REASSIGNMENT,2026-08-08 13:56:00.000000,dispatch,True,True,False,False
O00390,C0666,R017,D022,delivered,True,0.0,0.0,-9.64,delivered_on_time,True,CX-01;CX-03,2026-08-04 13:01:00,2026-08-04 14:01:21.052216,2026-08-04 13:51:42.914025,0,0,False,False,,0,,,0,False,0,,,,False,False,False,False
O00391,C0024,R035,D007,delivered,True,1.0,1.0,14.11,delivered_late,False,,2026-08-16 20:03:00,2026-08-16 21:22:03.940450,2026-08-16 21:36:10.361588,1,1,False,False,2026-08-16 20:24:00,1,late_delivery,2026-08-16 20:37:00,2,True,0,,,,False,False,True,False
O00392,C0372,R003,D113,delivered,True,1.0,0.0,4.35,delivered_late,False,,2026-08-04 18:53:00,2026-08-04 20:08:36.000000,2026-08-04 20:12:56.928491,2,2,False,False,2026-08-04 19:00:00,0,,,2,False,0,,,,False,False,False,False
O00393,C0512,R054,D109,delivered,True,1.0,1.0,24.9,delivered_late,False,,2026-08-07 23:28:00,2026-08-08 00:46:06.000000,2026-08-08 01:10:59.732094,3,2,False,True,2026-08-07 23:46:00,1,driver_not_moving,2026-08-08 00:12:00,4,True,0,,,,False,False,True,False
O00394,C0062,R048,D067,delivered,True,0.0,0.0,-1.65,delivered_on_time,False,,2026-08-01 19:57:00,2026-08-01 21:14:48.850681,2026-08-01 21:13:09.877796,1,1,False,False,2026-08-01 20:14:00,0,,,1,False,0,,,,False,False,False,False
O00395,C0060,R040,D059,delivered,True,1.0,0.0,4.58,delivered_late,False,,2026-08-15 17:58:00,2026-08-15 19:25:54.000000,2026-08-15 19:30:28.678239,2,2,False,False,2026-08-15 18:07:00,0,,,2,False,0,,,,False,False,False,False
O00396,C0775,R055,D012,delivered,True,0.0,0.0,-0.99,delivered_on_time,False,,2026-08-28 12:49:00,2026-08-28 14:14:24.000000,2026-08-28 14:13:24.650787,0,0,False,False,,0,,,0,False,0,,,,False,False,False,False
O00397,C0747,R005,D038,delivered,True,1.0,1.0,15.25,delivered_late,False,,2026-08-27 18:20:00,2026-08-27 19:31:26.416249,2026-08-27 19:46:41.191047,0,0,False,False,,0,,,0,False,0,,,,False,False,False,False
O00398,C0225,R050,D076,delivered,True,1.0,0.0,3.84,delivered_late,False,,2026-08-23 23:53:00,2026-08-24 01:03:58.563290,2026-08-24 01:07:49.200891,2,2,False,False,2026-08-24 00:01:00,0,,,2,False,0,,,,False,False,False,False
O00399,C0530,R001,D036,delivered,True,1.0,1.0,14.34,delivered_late,False,,2026-08-13 22:56:00,2026-08-14 00:10:49.485364,2026-08-14 00:25:09.809597,0,0,False,False,,0,,,0,False,1,PRIORITY_DISPATCH,2026-08-13 23:18:00.000000,operations,True,True,False,False
O00400,C0851,R004,D035,delivered,True,1.0,1.0,13.52,delivered_late,False,,2026-08-05 12:23:00,2026-08-05 13:00:37.220060,2026-08-05 13:14:08.233667,3,3,False,False,2026-08-05 12:38:00,0,,,3,False,0,,,,False,False,False,False
O00401,C0842,,D046,delivered,True,1.0,0.0,9.0,delivered_late,False,ID-03,2026-08-24 18:08:00,2026-08-24 19:23:36.000000,2026-08-24 19:32:35.926083,3,3,False,False,2026-08-24 18:20:00,0,,,3,False,0,,,,False,False,False,False
O00402,C0662,,D107,delivered,True,0.0,0.0,-5.4,delivered_on_time,False,ID-03,2026-08-21 18:00:00,2026-08-21 18:52:49.033044,2026-08-21 18:47:25.022309,1,1,False,False,2026-08-21 18:08:00,0,,,1,False,0,,,,False,False,False,False
O00403,C0240,,D099,delivered,True,1.0,1.0,17.48,delivered_late,False,ID-03;CX-03,2026-08-16 22:38:00,2026-08-17 00:09:24.000000,2026-08-17 00:26:52.711811,4,3,True,False,2026-08-16 22:54:00,0,,,4,True,1,DRIVER_REASSIGNMENT,2026-08-16 22:58:00.000000,dispatch,True,True,False,True
O00404,C0715,R010,D064,delivered,True,1.0,1.0,19.13,delivered_late,False,ID-04,2026-08-06 18:59:00,2026-08-06 19:55:50.781031,2026-08-06 20:14:58.336586,4,3,True,False,2026-08-06 19:06:00,0,,,4,True,0,,,,False,False,True,False
O00405,C0809,R035,D094,delivered,True,0.0,0.0,-12.27,delivered_on_time,False,ID-04,2026-08-20 20:59:00,2026-08-20 22:10:59.969242,2026-08-20 21:58:43.608157,1,1,False,False,2026-08-20 21:18:00,0,,,1,False,0,,,,False,False,False,False
O00406,C0746,R048,D020,delivered,True,0.0,0.0,-12.71,delivered_on_time,False,ID-04;TS-07,2026-08-06 19:27:00,2026-08-06 20:42:18.000000,2026-08-06 20:29:35.614643,3,3,False,False,2026-08-06 19:31:00,0,,,3,False,0,,,,False,False,False,False
O00407,C0522,R005,D089,delivered,True,0.0,0.0,-10.17,delivered_on_time,False,,2026-08-06 21:47:00,2026-08-06 23:02:36.000000,2026-08-06 22:52:25.575684,0,0,False,False,,0,,,0,False,0,,,,False,False,False,False
O00408,C0801,R042,D059,delivered,True,1.0,1.0,17.62,delivered_late,True,RG-03;CX-01;CX-03,2026-08-04 21:01:00,2026-08-04 22:22:36.000000,2026-08-04 22:40:13.132647,0,0,False,False,,0,,,0,False,1,PRIORITY_DISPATCH,2026-08-04 21:31:00.000000,operations,True,True,False,False
O00409,C0833,R018,D047,delivered,True,1.0,1.0,27.39,delivered_late,False,CX-03,2026-08-15 16:46:00,2026-08-15 18:13:54.000000,2026-08-15 18:41:17.365236,3,3,False,False,2026-08-15 16:56:00,0,,,3,False,1,DRIVER_REASSIGNMENT,2026-08-15 17:14:00.000000,dispatch,True,True,False,False
O00410,C0240,R057,D038,delivered,True,0.0,0.0,-8.33,delivered_on_time,False,,2026-08-01 21:10:00,2026-08-01 22:25:36.000000,2026-08-01 22:17:16.393051,3,3,False,False,2026-08-01 21:16:00,0,,,3,False,0,,,,False,False,False,False
O00411,C0227,R017,D087,delivered,True,1.0,0.0,8.99,delivered_late,False,,2026-08-07 18:56:00,2026-08-07 20:11:36.000000,2026-08-07 20:20:35.202056,4,3,True,False,2026-08-07 19:03:00,0,,,4,True,0,,,,False,False,True,False
O00412,C0504,R008,D003,delivered,True,0.0,0.0,-1.45,delivered_on_time,False,,2026-08-16 18:41:00,2026-08-16 19:56:36.000000,2026-08-16 19:55:09.085320,2,2,False,False,2026-08-16 18:59:00,0,,,2,False,1,PRIORITY_DISPATCH,2026-08-16 19:07:00.000000,operations,True,True,False,False
O00413,C0463,R017,D044,delivered,True,1.0,1.0,11.09,delivered_late,False,,2026-08-14 17:29:00,2026-08-14 18:48:48.000000,2026-08-14 18:59:53.343732,2,2,False,False,2026-08-14 17:36:00,0,,,2,False,0,,,,False,False,False,False
O00414,C0794,R045,D077,delivered,True,0.0,0.0,-1.1,delivered_on_time,False,RG-03,2026-08-23 16:37:00,2026-08-23 17:36:16.732852,2026-08-23 17:35:10.727789,0,0,False,False,,0,,,0,False,0,,,,False,False,False,False
O00415,C0339,R040,D072,delivered,True,1.0,0.0,5.48,delivered_late,False,,2026-08-04 11:41:00,2026-08-04 12:56:36.000000,2026-08-04 13:02:04.576882,2,2,False,False,2026-08-04 11:49:00,0,,,2,False,0,,,,False,False,False,False
O00416,C0662,R020,D056,delivered,True,1.0,1.0,17.6,delivered_late,False,,2026-08-23 23:54:00,2026-08-24 00:44:27.031961,2026-08-24 01:02:02.845479,1,1,False,False,2026-08-23 23:58:00,0,,,1,False,1,RESTAURANT_CONTACT,2026-08-24 00:13:00.000000,support,True,True,False,False
O00417,C0302,R022,D035,delivered,False,,,,unknown_missing_timestamp,False,TS-04,2026-08-16 11:28:00,2026-08-16 12:43:36.000000,,0,0,False,False,,0,,,0,False,1,RESTAURANT_CONTACT,2026-08-16 11:41:00.000000,support,True,False,False,False
O00418,C0476,R057,D032,delivered,True,0.0,0.0,-8.76,delivered_on_time,False,,2026-08-16 18:46:00,2026-08-16 19:49:46.772563,2026-08-16 19:41:01.155907,1,1,False,False,2026-08-16 18:59:00,0,,,1,False,0,,,,False,False,False,False
O00419,C0729,R032,D046,delivered,True,0.0,0.0,-6.98,delivered_on_time,False,,2026-08-21 17:44:00,2026-08-21 18:59:36.000000,2026-08-21 18:52:37.016518,3,3,False,False,2026-08-21 17:57:00,0,,,3,False,0,,,,False,False,False,False
O00420,C0696,R010,D072,delivered,True,0.0,0.0,-12.91,delivered_on_time,False,,2026-08-22 19:23:00,2026-08-22 20:25:52.048553,2026-08-22 20:12:57.582167,1,1,False,False,2026-08-22 19:43:00,0,,,1,False,0,,,,False,False,False,False
O00421,C0246,R045,D049,delivered,True,0.0,0.0,-8.29,delivered_on_time,False,,2026-08-16 16:13:00,2026-08-16 17:30:19.761307,2026-08-16 17:22:02.337957,0,0,False,False,,0,,,0,False,0,,,,False,False,False,False
O00422,C0193,R024,D068,delivered,True,1.0,0.0,5.63,delivered_late,False,,2026-08-09 23:50:00,2026-08-10 01:05:36.000000,2026-08-10 01:11:13.941923,0,0,False,False,,0,,,0,False,0,,,,False,False,False,False
O00423,C0757,R054,D046,delivered,True,1.0,0.0,9.36,delivered_late,False,,2026-08-20 20:06:00,2026-08-20 21:14:47.938614,2026-08-20 21:24:09.603263,2,1,True,False,2026-08-20 20:15:00,0,,,2,True,0,,,,False,False,True,False
O00424,C0205,R036,D072,delivered,True,0.0,0.0,-5.52,delivered_on_time,False,,2026-08-28 14:26:00,2026-08-28 15:42:26.121250,2026-08-28 15:36:54.841762,2,2,False,False,2026-08-28 14:31:00,1,ready_but_waiting,2026-08-28 14:45:00,3,True,0,,,,False,False,True,False
O00425,C0173,R027,D019,delivered,True,0.0,0.0,-3.18,delivered_on_time,True,CX-01;CX-03,2026-08-08 13:27:00,2026-08-08 14:32:01.304358,2026-08-08 14:28:50.303810,3,3,False,False,2026-08-08 13:41:00,0,,,3,False,0,,,,False,False,False,False
O00426,C0023,R034,D120,delivered,True,0.0,0.0,-9.4,delivered_on_time,False,,2026-08-02 19:41:00,2026-08-02 20:53:48.000000,2026-08-02 20:44:23.948590,0,0,False,False,,0,,,0,False,0,,,,False,False,False,False
O00427,C0894,R015,D024,delivered,True,0.0,0.0,-17.32,delivered_on_time,False,TS-07,2026-08-17 19:09:00,2026-08-17 20:07:43.943480,2026-08-17 19:50:24.964047,0,0,False,False,,0,,,0,False,0,,,,False,False,False,False
O00428,C0882,R007,D103,delivered,True,1.0,0.0,8.51,delivered_late,True,RG-03;CX-01,2026-08-05 18:34:00,2026-08-05 19:49:36.000000,2026-08-05 19:58:06.809822,0,0,False,False,,1,restaurant_delay,2026-08-05 18:53:00,1,True,1,DRIVER_REASSIGNMENT,2026-08-05 18:42:00.000000,dispatch,True,True,False,True
O00429,C0002,R044,D003,delivered,True,0.0,0.0,-9.93,delivered_on_time,False,CX-03,2026-08-12 15:32:00,2026-08-12 16:47:36.000000,2026-08-12 16:37:40.219550,1,1,False,False,2026-08-12 15:37:00,0,,,1,False,1,DRIVER_REASSIGNMENT,2026-08-12 15:52:00.000000,dispatch,True,True,False,False
O00430,C0202,R030,D012,delivered,True,1.0,0.0,9.26,delivered_late,False,,2026-08-23 18:08:00,2026-08-23 18:59:04.338422,2026-08-23 19:08:20.075743,1,1,False,False,2026-08-23 18:33:00,1,eta_changed,2026-08-23 18:54:00,2,True,1,RESTAURANT_CONTACT,2026-08-23 18:43:00.000000,support,True,True,False,True
O00431,C0502,R029,D002,delivered,True,1.0,1.0,14.34,delivered_late,False,,2026-08-15 12:43:00,2026-08-15 13:55:24.648274,2026-08-15 14:09:44.999580,3,3,False,False,2026-08-15 12:53:00,0,,,3,False,1,PRIORITY_DISPATCH,2026-08-15 12:55:00.000000,operations,True,True,False,False
O00432,C0381,R008,D030,cancelled,False,,,,cancelled,False,,2026-08-15 13:45:00,2026-08-15 14:48:20.523075,,0,0,False,False,,0,,,0,False,1,PRIORITY_DISPATCH,2026-08-15 14:01:00.000000,operations,True,False,False,False
O00433,C0336,R050,D051,delivered,True,1.0,0.0,9.35,delivered_late,False,,2026-08-04 19:26:00,2026-08-04 20:38:48.000000,2026-08-04 20:48:09.272928,0,0,False,False,,0,,,0,False,0,,,,False,False,False,False
O00434,C0101,R060,D102,delivered,True,1.0,0.0,7.3,delivered_late,False,,2026-08-10 21:13:00,2026-08-10 22:14:23.774461,2026-08-10 22:21:41.776640,1,1,False,False,2026-08-10 21:26:00,0,,,1,False,0,,,,False,False,False,False
O00435,C0132,R024,D039,delivered,True,1.0,0.0,6.19,delivered_late,False,,2026-08-25 18:28:00,2026-08-25 19:40:48.000000,2026-08-25 19:46:59.243904,0,0,False,False,,0,,,0,False,0,,,,False,False,False,False
O00436,C0841,R020,D074,delivered,True,1.0,0.0,0.6,delivered_late,True,CX-01;CX-03,2026-08-26 20:19:00,2026-08-26 21:07:14.832222,2026-08-26 21:07:50.694054,2,2,False,False,2026-08-26 20:36:00,0,,,2,False,1,CUSTOMER_CREDIT,2026-08-26 21:25:14.832222,support,True,False,False,False
O00437,C0685,R008,D057,delivered,True,1.0,0.0,6.12,delivered_late,False,,2026-08-06 23:17:00,2026-08-07 00:03:37.872613,2026-08-07 00:09:45.053104,2,2,False,False,2026-08-06 23:26:00,1,late_delivery,2026-08-07 00:02:00,3,True,0,,,,False,False,True,False
O00438,C0376,R022,D111,delivered,True,0.0,0.0,-7.03,delivered_on_time,False,,2026-08-11 17:05:00,2026-08-11 18:11:10.630939,2026-08-11 18:04:08.838969,3,3,False,False,2026-08-11 17:11:00,0,,,3,False,0,,,,False,False,False,False
O00439,C0642,R053,D037,delivered,True,0.0,0.0,-8.63,delivered_on_time,False,,2026-08-01 19:19:00,2026-08-01 20:16:27.122711,2026-08-01 20:07:49.250300,2,2,False,False,2026-08-01 19:36:00,0,,,2,False,0,,,,False,False,False,False
O00440,C0531,R017,D061,delivered,True,0.0,0.0,-1.31,delivered_on_time,False,,2026-08-04 15:20:00,2026-08-04 16:35:36.000000,2026-08-04 16:34:17.163086,1,1,False,False,2026-08-04 15:48:00,0,,,1,False,0,,,,False,False,False,False
O00441,C0294,R016,D005,delivered,True,1.0,0.0,0.02,delivered_late,False,,2026-08-21 18:50:00,2026-08-21 20:13:53.409808,2026-08-21 20:13:54.660469,0,0,False,False,,0,,,0,False,0,,,,False,False,False,False
O00442,C0758,R058,D096,delivered,True,1.0,0.0,5.53,delivered_late,True,CX-01;CX-03,2026-08-16 15:16:00,2026-08-16 16:35:48.000000,2026-08-16 16:41:19.586539,0,0,False,False,,1,status_mismatch,2026-08-16 15:43:00,1,True,0,,,,False,False,True,False
O00443,C0495,R053,D120,delivered,True,1.0,0.0,0.21,delivered_late,False,,2026-08-07 19:51:00,2026-08-07 20:39:40.493123,2026-08-07 20:39:53.336758,2,2,False,False,2026-08-07 19:59:00,0,,,2,False,0,,,,False,False,False,False
O00444,C0307,R026,D081,delivered,True,1.0,0.0,3.58,delivered_late,False,,2026-08-20 18:57:00,2026-08-20 20:09:48.000000,2026-08-20 20:13:22.809956,3,3,False,False,2026-08-20 19:19:00,0,,,3,False,0,,,,False,False,False,False
O00445,C0741,R060,D036,delivered,True,1.0,0.0,2.93,delivered_late,True,CX-01;CX-03,2026-08-06 21:51:00,2026-08-06 22:52:49.650682,2026-08-06 22:55:45.658926,1,1,False,False,2026-08-06 22:02:00,0,,,1,False,1,CUSTOMER_CREDIT,2026-08-06 23:07:49.650682,support,True,False,False,False
O00446,C0780,R045,D081,delivered,True,1.0,1.0,21.11,delivered_late,False,,2026-08-02 15:57:00,2026-08-02 17:16:48.000000,2026-08-02 17:37:54.470187,2,1,True,False,2026-08-02 16:11:00,0,,,2,True,0,,,,False,False,True,False
O00447,C0725,R048,D036,delivered,True,0.0,0.0,-5.06,delivered_on_time,False,RG-03,2026-08-09 22:54:00,2026-08-10 00:01:40.137664,2026-08-09 23:56:36.830649,3,3,False,False,2026-08-09 23:09:00,0,,,3,False,0,,,,False,False,False,False
O00448,C0284,R026,D028,delivered,True,0.0,0.0,-13.01,delivered_on_time,False,,2026-08-11 17:26:00,2026-08-11 18:41:36.000000,2026-08-11 18:28:35.108836,1,1,False,False,2026-08-11 17:39:00,0,,,1,False,0,,,,False,False,False,False
O00449,C0070,R035,D008,delivered,True,1.0,0.0,3.92,delivered_late,False,,2026-08-24 14:44:00,2026-08-24 15:59:36.000000,2026-08-24 16:03:31.310257,1,1,False,False,2026-08-24 15:06:00,0,,,1,False,0,,,,False,False,False,False
O00450,C0202,R007,D094,delivered,True,1.0,0.0,0.27,delivered_late,False,RG-03,2026-08-11 21:15:00,2026-08-11 22:27:48.000000,2026-08-11 22:28:04.340517,0,0,False,False,,0,,,0,False,0,,,,False,False,False,False
O00451,C0549,R018,D088,delivered,True,0.0,0.0,-14.31,delivered_on_time,False,,2026-08-28 19:50:00,2026-08-28 21:05:18.000000,2026-08-28 20:50:59.561341,1,1,False,False,2026-08-28 19:56:00,0,,,1,False,0,,,,False,False,False,False
O00452,C0020,R057,D067,delivered,True,0.0,0.0,-9.64,delivered_on_time,True,CX-01;CX-03,2026-08-20 11:24:00,2026-08-20 12:39:36.000000,2026-08-20 12:29:57.824096,0,0,False,False,,0,,,0,False,1,PRIORITY_DISPATCH,2026-08-20 11:51:00.000000,operations,True,True,False,False
O00453,C0546,R057,D095,delivered,True,0.0,0.0,-7.74,delivered_on_time,False,,2026-08-26 21:57:00,2026-08-26 22:56:53.748975,2026-08-26 22:49:09.630432,2,2,False,False,2026-08-26 22:08:00,0,,,2,False,0,,,,False,False,False,False
O00454,C0179,R036,D027,delivered,True,0.0,0.0,-1.08,delivered_on_time,False,,2026-08-19 21:49:00,2026-08-19 22:51:28.955751,2026-08-19 22:50:24.317720,2,2,False,False,2026-08-19 22:10:00,0,,,2,False,1,PRIORITY_DISPATCH,2026-08-19 22:06:00.000000,operations,True,True,False,False
O00455,C0202,R024,D003,delivered,True,0.0,0.0,-7.84,delivered_on_time,False,,2026-08-07 19:12:00,2026-08-07 20:31:48.000000,2026-08-07 20:23:57.360990,0,0,False,False,,0,,,0,False,0,,,,False,False,False,False
O00456,C0746,R009,D053,delivered,True,0.0,0.0,-9.0,delivered_on_time,False,,2026-08-01 19:44:00,2026-08-01 20:59:36.000000,2026-08-01 20:50:35.703316,2,2,False,False,2026-08-01 19:48:00,0,,,2,False,0,,,,False,False,False,False
O00457,C0168,R037,D026,cancelled,False,,,,cancelled,True,CX-01;CX-03,2026-08-01 18:09:00,2026-08-01 19:23:01.963181,,0,0,False,False,,0,,,0,False,0,,,,False,False,False,False
O00458,C0438,R012,D032,delivered,True,1.0,0.0,5.44,delivered_late,False,,2026-08-09 20:21:00,2026-08-09 21:40:48.000000,2026-08-09 21:46:14.169158,0,0,False,False,,0,,,0,False,0,,,,False,False,False,False
O00459,C0468,R041,D002,delivered,True,1.0,0.0,3.95,delivered_late,False,,2026-08-15 15:51:00,2026-08-15 17:06:36.000000,2026-08-15 17:10:33.050292,1,1,False,False,2026-08-15 15:56:00,0,,,1,False,1,RESTAURANT_CONTACT,2026-08-15 16:18:00.000000,support,True,True,False,False
O00460,C0087,R026,D104,delivered,True,1.0,1.0,36.88,delivered_late,False,,2026-08-12 16:27:00,2026-08-12 17:52:24.000000,2026-08-12 18:29:16.970368,3,3,False,False,2026-08-12 16:32:00,0,,,3,False,0,,,,False,False,False,False
O00461,C0106,R051,D094,delivered,True,1.0,1.0,11.38,delivered_late,False,,2026-08-07 20:50:00,2026-08-07 22:00:29.282287,2026-08-07 22:11:51.984216,2,2,False,False,2026-08-07 21:05:00,0,,,2,False,0,,,,False,False,False,False
O00462,C0013,R014,D008,delivered,True,0.0,0.0,-1.25,delivered_on_time,False,,2026-08-19 17:58:00,2026-08-19 19:16:51.095938,2026-08-19 19:15:36.063975,3,3,False,False,2026-08-19 18:08:00,1,eta_changed,2026-08-19 18:45:00,4,True,0,,,,False,False,True,False
O00463,C0046,R043,D094,delivered,True,0.0,0.0,-9.91,delivered_on_time,False,,2026-08-05 20:18:00,2026-08-05 21:09:20.034501,2026-08-05 20:59:25.548003,1,1,False,False,2026-08-05 20:25:00,0,,,1,False,0,,,,False,False,False,False
O00464,C0113,R006,D053,delivered,True,1.0,0.0,1.6,delivered_late,False,CX-03,2026-08-12 22:18:00,2026-08-12 23:19:16.349188,2026-08-12 23:20:52.276320,1,1,False,False,2026-08-12 22:39:00,0,,,1,False,1,DRIVER_REASSIGNMENT,2026-08-12 22:34:00.000000,dispatch,True,True,False,False
O00465,C0061,R038,D039,delivered,True,1.0,0.0,6.57,delivered_late,True,CX-01;CX-03,2026-08-22 21:12:00,2026-08-22 22:37:48.000000,2026-08-22 22:44:22.405513,2,2,False,False,2026-08-22 21:17:00,0,,,2,False,0,,,,False,False,False,False
O00466,C0746,R007,D088,delivered,True,0.0,0.0,-16.42,delivered_on_time,False,RG-03,2026-08-25 22:55:00,2026-08-26 00:10:36.000000,2026-08-25 23:54:10.521612,0,0,False,False,,0,,,0,False,1,PRIORITY_DISPATCH,2026-08-25 23:12:00.000000,operations,True,True,False,False
O00467,C0778,R006,D016,delivered,True,0.0,0.0,-12.16,delivered_on_time,False,,2026-08-25 22:26:00,2026-08-25 23:09:25.878898,2026-08-25 22:57:16.469139,0,0,False,False,,0,,,0,False,0,,,,False,False,False,False
O00468,C0736,R004,D003,delivered,True,0.0,0.0,-1.85,delivered_on_time,False,,2026-08-25 19:19:00,2026-08-25 20:28:18.813867,2026-08-25 20:26:28.040733,2,2,False,False,2026-08-25 19:30:00,0,,,2,False,1,RESTAURANT_CONTACT,2026-08-25 19:33:00.000000,support,True,True,False,False
O00469,C0266,R041,D005,delivered,True,0.0,0.0,-4.38,delivered_on_time,False,,2026-08-16 12:36:00,2026-08-16 14:01:24.000000,2026-08-16 13:57:01.320777,1,1,False,False,2026-08-16 13:02:00,0,,,1,False,0,,,,False,False,False,False
O00470,C0897,R030,D083,delivered,True,1.0,0.0,0.79,delivered_late,False,,2026-08-08 16:33:00,2026-08-08 17:21:01.861986,2026-08-08 17:21:49.192249,2,2,False,False,2026-08-08 16:40:00,0,,,2,False,0,,,,False,False,False,False
O00471,C0099,R010,D007,delivered,True,1.0,0.0,7.43,delivered_late,False,,2026-08-07 16:52:00,2026-08-07 18:05:01.715169,2026-08-07 18:12:27.727545,2,2,False,False,2026-08-07 17:04:00,1,eta_changed,2026-08-07 17:14:00,3,True,0,,,,False,False,True,False
O00472,C0448,R056,D109,delivered,True,1.0,1.0,14.24,delivered_late,False,,2026-08-08 18:58:00,2026-08-08 20:13:36.000000,2026-08-08 20:27:50.690781,4,3,True,False,2026-08-08 19:02:00,1,eta_changed,2026-08-08 19:45:00,5,True,0,,,,False,False,True,False
O00473,C0719,R002,D064,delivered,True,1.0,1.0,46.21,delivered_late,False,,2026-08-14 18:58:00,2026-08-14 20:17:48.000000,2026-08-14 21:04:00.769224,0,0,False,False,,0,,,0,False,1,CUSTOMER_CREDIT,2026-08-14 20:30:48.000000,support,True,True,False,False
O00474,C0127,R021,D004,delivered,True,0.0,0.0,-6.21,delivered_on_time,True,CX-01;CX-03,2026-08-04 23:04:00,2026-08-05 00:23:48.000000,2026-08-05 00:17:35.652368,1,1,False,False,2026-08-04 23:10:00,0,,,1,False,0,,,,False,False,False,False
O00475,C0883,R056,D058,delivered,True,0.0,0.0,-6.81,delivered_on_time,False,CX-03,2026-08-11 19:29:00,2026-08-11 20:44:36.000000,2026-08-11 20:37:47.131885,0,0,False,False,,0,,,0,False,1,DRIVER_REASSIGNMENT,2026-08-11 19:51:00.000000,dispatch,True,True,False,False
O00476,C0889,R054,D117,delivered,True,1.0,1.0,14.15,delivered_late,False,CX-03,2026-08-04 18:25:00,2026-08-04 19:37:48.000000,2026-08-04 19:51:57.232492,2,2,False,False,2026-08-04 18:41:00,0,,,2,False,1,DRIVER_REASSIGNMENT,2026-08-04 18:47:00.000000,dispatch,True,True,False,False
O00477,C0117,R007,D011,delivered,True,1.0,0.0,8.37,delivered_late,False,RG-03,2026-08-21 19:42:00,2026-08-21 21:01:48.000000,2026-08-21 21:10:10.485830,3,2,True,False,2026-08-21 19:51:00,0,,,3,True,0,,,,False,False,True,False
O00478,C0264,R045,D096,delivered,True,0.0,0.0,-6.04,delivered_on_time,False,,2026-08-11 20:43:00,2026-08-11 21:47:16.786315,2026-08-11 21:41:14.596300,1,1,False,False,2026-08-11 21:01:00,0,,,1,False,1,RESTAURANT_CONTACT,2026-08-11 20:58:00.000000,support,True,True,False,False
O00479,C0477,R038,D023,cancelled,False,,,,cancelled,False,CX-03,2026-08-13 22:07:00,2026-08-13 23:22:36.000000,,2,2,False,False,2026-08-13 22:14:00,0,,,2,False,1,DRIVER_REASSIGNMENT,2026-08-13 22:29:00.000000,dispatch,True,False,False,False
O00480,C0718,R045,D119,delivered,True,1.0,1.0,15.47,delivered_late,False,,2026-08-03 19:17:00,2026-08-03 20:09:31.086534,2026-08-03 20:24:59.005306,4,3,True,False,2026-08-03 19:24:00,0,,,4,True,1,PRIORITY_DISPATCH,2026-08-03 19:31:00.000000,operations,True,True,False,True
O00481,C0811,R014,D036,delivered,True,1.0,0.0,4.43,delivered_late,False,,2026-08-23 17:59:00,2026-08-23 19:24:24.000000,2026-08-23 19:28:49.624756,1,1,False,False,2026-08-23 18:05:00,0,,,1,False,0,,,,False,False,False,False
O00482,C0093,R043,D073,delivered,True,0.0,0.0,-6.11,delivered_on_time,False,,2026-08-13 18:47:00,2026-08-13 19:33:41.196323,2026-08-13 19:27:34.860111,2,2,False,False,2026-08-13 19:13:00,0,,,2,False,0,,,,False,False,False,False
O00483,C0670,R004,D079,delivered,True,0.0,0.0,-3.89,delivered_on_time,False,,2026-08-10 14:24:00,2026-08-10 15:16:30.689606,2026-08-10 15:12:37.375389,2,2,False,False,2026-08-10 14:29:00,0,,,2,False,1,RESTAURANT_CONTACT,2026-08-10 14:41:00.000000,support,True,True,False,False
O00484,C0028,R057,D065,delivered,True,1.0,0.0,0.48,delivered_late,False,,2026-08-21 20:48:00,2026-08-21 21:34:23.305353,2026-08-21 21:34:51.865762,1,1,False,False,2026-08-21 21:05:00,0,,,1,False,0,,,,False,False,False,False
O00485,C0864,R026,D005,delivered,True,1.0,0.0,1.18,delivered_late,False,,2026-08-15 19:04:00,2026-08-15 20:14:10.687624,2026-08-15 20:15:21.486824,3,3,False,False,2026-08-15 19:08:00,0,,,3,False,0,,,,False,False,False,False
O00486,C0464,R043,D073,delivered,True,1.0,0.0,2.23,delivered_late,False,,2026-08-06 20:15:00,2026-08-06 21:03:54.308146,2026-08-06 21:06:08.388424,3,3,False,False,2026-08-06 20:35:00,0,,,3,False,0,,,,False,False,False,False
O00487,C0894,R041,D024,delivered,True,1.0,1.0,11.35,delivered_late,False,,2026-08-24 17:09:00,2026-08-24 18:31:18.000000,2026-08-24 18:42:38.911522,2,2,False,False,2026-08-24 17:20:00,0,,,2,False,0,,,,False,False,False,False
O00488,C0774,R018,D055,delivered,False,,,,unknown_missing_timestamp,False,TS-04,2026-08-13 18:30:00,2026-08-13 19:11:11.200279,,0,0,False,False,,0,,,0,False,1,PRIORITY_DISPATCH,2026-08-13 18:50:00.000000,operations,True,False,False,False
O00489,C0344,R017,D083,delivered,True,1.0,0.0,4.51,delivered_late,False,CX-03,2026-08-19 12:56:00,2026-08-19 14:06:14.792264,2026-08-19 14:10:45.484437,2,2,False,False,2026-08-19 13:02:00,0,,,2,False,1,DRIVER_REASSIGNMENT,2026-08-19 13:13:00.000000,dispatch,True,True,False,False
O00490,C0579,R016,D018,delivered,True,1.0,0.0,6.25,delivered_late,False,,2026-08-08 15:02:00,2026-08-08 16:27:24.000000,2026-08-08 16:33:39.027665,3,3,False,False,2026-08-08 15:10:00,0,,,3,False,0,,,,False,False,False,False
O00491,C0003,R045,D010,delivered,True,1.0,1.0,14.34,delivered_late,False,,2026-08-13 17:37:00,2026-08-13 18:32:57.974230,2026-08-13 18:47:18.156455,0,0,False,False,,1,status_mismatch,2026-08-13 17:55:00,1,True,0,,,,False,False,True,False
O00492,C0015,R023,D101,cancelled,False,,,,cancelled,False,CX-03,2026-08-26 17:09:00,2026-08-26 18:12:37.192858,,0,0,False,False,,0,,,0,False,1,DRIVER_REASSIGNMENT,2026-08-26 17:21:00.000000,dispatch,True,False,False,False
O00493,C0243,R026,D032,delivered,True,0.0,0.0,-3.76,delivered_on_time,False,CX-03,2026-08-01 12:49:00,2026-08-01 14:08:48.000000,2026-08-01 14:05:02.111690,3,3,False,False,2026-08-01 13:06:00,0,,,3,False,1,DRIVER_REASSIGNMENT,2026-08-01 13:17:00.000000,dispatch,True,True,False,False
O00494,C0055,R048,D119,delivered,True,0.0,0.0,-6.73,delivered_on_time,False,,2026-08-06 14:47:00,2026-08-06 15:32:52.726833,2026-08-06 15:26:09.157721,3,3,False,False,2026-08-06 14:55:00,0,,,3,False,0,,,,False,False,False,False
O00495,C0209,R031,D062,cancelled,False,,,,cancelled,False,,2026-08-11 11:15:00,2026-08-11 12:30:36.000000,,1,1,False,False,2026-08-11 11:34:00,0,,,1,False,0,,,,False,False,False,False
O00496,C0033,R028,D001,delivered,True,0.0,0.0,-13.84,delivered_on_time,False,TS-07;CX-03,2026-08-04 14:50:00,2026-08-04 16:02:48.000000,2026-08-04 15:48:57.375761,3,3,False,False,2026-08-04 14:56:00,0,,,3,False,1,DRIVER_REASSIGNMENT,2026-08-04 15:09:00.000000,dispatch,True,True,False,False
O00497,C0482,R032,D016,delivered,True,1.0,1.0,31.78,delivered_late,True,CX-01;CX-03,2026-08-13 19:22:00,2026-08-13 20:44:18.000000,2026-08-13 21:16:04.765594,0,0,False,False,,1,restaurant_delay,2026-08-13 20:07:00,1,True,1,PRIORITY_DISPATCH,2026-08-13 19:36:00.000000,operations,True,True,False,True
O00498,C0888,R033,D119,cancelled,False,,,,cancelled,False,,2026-08-16 18:42:00,2026-08-16 20:00:48.000000,,0,0,False,False,,0,,,0,False,0,,,,False,False,False,False
O00499,C0277,R002,D104,delivered,True,1.0,0.0,7.12,delivered_late,False,,2026-08-26 20:43:00,2026-08-26 21:58:36.000000,2026-08-26 22:05:43.231907,2,2,False,False,2026-08-26 21:00:00,0,,,2,False,0,,,,False,False,False,False
O00500,C0822,R056,D007,delivered,True,0.0,0.0,-11.3,delivered_on_time,False,,2026-08-07 19:55:00,2026-08-07 21:10:36.000000,2026-08-07 20:59:18.080821,3,3,False,False,2026-08-07 20:03:00,0,,,3,False,0,,,,False,False,False,False
O00501,C0509,R033,D087,delivered,True,1.0,0.0,0.77,delivered_late,False,,2026-08-22 19:06:00,2026-08-22 20:21:36.000000,2026-08-22 20:22:22.012259,0,0,False,False,,0,,,0,False,0,,,,False,False,False,False
O00502,C0148,R051,D098,delivered,True,1.0,0.0,0.49,delivered_late,False,,2026-08-21 20:05:00,2026-08-21 20:58:47.101348,2026-08-21 20:59:16.781520,1,1,False,False,2026-08-21 20:24:00,0,,,1,False,1,RESTAURANT_CONTACT,2026-08-21 20:25:00.000000,support,True,True,False,False
O00503,C0881,R020,D008,delivered,True,0.0,0.0,-0.79,delivered_on_time,True,CX-01;CX-03,2026-08-24 19:12:00,2026-08-24 20:31:48.000000,2026-08-24 20:31:00.878093,0,0,False,False,,0,,,0,False,0,,,,False,False,False,False
O00504,C0716,R039,D023,delivered,True,1.0,0.0,8.18,delivered_late,False,,2026-08-20 19:06:00,2026-08-20 20:14:13.426543,2026-08-20 20:22:24.409143,2,2,False,False,2026-08-20 19:20:00,0,,,2,False,0,,,,False,False,False,False
O00505,C0479,R012,D081,delivered,True,1.0,0.0,4.26,delivered_late,False,,2026-08-20 16:32:00,2026-08-20 17:48:32.813282,2026-08-20 17:52:48.639434,1,1,False,False,2026-08-20 16:36:00,0,,,1,False,0,,,,False,False,False,False
O00506,C0274,R013,D105,delivered,True,0.0,0.0,-7.33,delivered_on_time,False,,2026-08-08 19:03:00,2026-08-08 20:07:52.391855,2026-08-08 20:00:32.805129,2,2,False,False,2026-08-08 19:07:00,0,,,2,False,1,CUSTOMER_CREDIT,2026-08-08 20:22:52.391855,support,True,False,False,False
O00507,C0399,R050,D059,delivered,True,0.0,0.0,-0.95,delivered_on_time,False,,2026-08-17 20:18:00,2026-08-17 21:26:22.799209,2026-08-17 21:25:25.528884,0,0,False,False,,0,,,0,False,1,PRIORITY_DISPATCH,2026-08-17 20:28:00.000000,operations,True,True,False,False
O00508,C0499,R033,D051,delivered,True,1.0,1.0,11.88,delivered_late,False,,2026-08-10 21:13:00,2026-08-10 22:25:48.000000,2026-08-10 22:37:41.070276,0,0,False,False,,1,status_mismatch,2026-08-10 22:01:00,1,True,0,,,,False,False,True,False
O00509,C0519,R030,D052,delivered,True,0.0,0.0,-8.56,delivered_on_time,False,,2026-08-02 12:32:00,2026-08-02 13:51:48.000000,2026-08-02 13:43:14.227492,2,2,False,False,2026-08-02 12:39:00,0,,,2,False,0,,,,False,False,False,False
O00510,C0797,R029,D065,delivered,True,1.0,0.0,5.23,delivered_late,False,CX-03,2026-08-26 19:05:00,2026-08-26 20:25:41.022620,2026-08-26 20:30:54.899123,0,0,False,False,,0,,,0,False,1,DRIVER_REASSIGNMENT,2026-08-26 19:18:00.000000,dispatch,True,True,False,False
O00511,C0064,R038,D015,delivered,True,0.0,0.0,-1.56,delivered_on_time,False,,2026-08-09 19:06:00,2026-08-09 20:25:48.000000,2026-08-09 20:24:14.113395,1,1,False,False,2026-08-09 19:30:00,0,,,1,False,0,,,,False,False,False,False
O00512,C0190,R012,D062,delivered,True,0.0,0.0,-3.35,delivered_on_time,False,,2026-08-27 18:51:00,2026-08-27 20:06:36.000000,2026-08-27 20:03:15.140941,2,2,False,False,2026-08-27 19:18:00,0,,,2,False,0,,,,False,False,False,False
O00513,C0109,R024,D016,delivered,True,1.0,1.0,22.82,delivered_late,True,RG-03;CX-01;CX-03,2026-08-06 11:28:00,2026-08-06 12:47:48.000000,2026-08-06 13:10:37.271716,4,2,True,True,2026-08-06 11:46:00,1,late_delivery,2026-08-06 12:19:00,5,True,0,,,,False,False,True,False
O00514,C0419,R053,D014,delivered,True,0.0,0.0,-0.32,delivered_on_time,False,CX-03,2026-08-10 11:33:00,2026-08-10 12:52:48.000000,2026-08-10 12:52:29.021367,0,0,False,False,,0,,,0,False,1,DRIVER_REASSIGNMENT,2026-08-10 11:45:00.000000,dispatch,True,True,False,False
O00515,C0672,R025,D033,delivered,True,1.0,0.0,6.63,delivered_late,False,,2026-08-02 13:19:00,2026-08-02 14:21:51.106890,2026-08-02 14:28:28.839181,1,1,False,False,2026-08-02 13:41:00,0,,,1,False,0,,,,False,False,False,False
O00516,C0001,R011,D119,delivered,True,0.0,0.0,-9.13,delivered_on_time,False,,2026-08-14 22:09:00,2026-08-14 23:01:21.831360,2026-08-14 22:52:14.077541,3,3,False,False,2026-08-14 22:13:00,0,,,3,False,0,,,,False,False,False,False
O00517,C0328,R035,D076,delivered,True,1.0,0.0,4.98,delivered_late,False,,2026-08-20 15:17:00,2026-08-20 16:29:48.000000,2026-08-20 16:34:46.946537,1,1,False,False,2026-08-20 15:24:00,0,,,1,False,1,RESTAURANT_CONTACT,2026-08-20 15:36:00.000000,support,True,True,False,False
O00518,C0493,R041,D102,delivered,True,0.0,0.0,-1.48,delivered_on_time,False,FR-01,2026-08-13 22:50:00,2026-08-14 00:15:24.000000,2026-08-14 00:13:54.923342,0,0,False,False,,0,,,0,False,0,,,,False,False,False,False
O00519,C0864,R011,D083,delivered,True,1.0,0.0,5.08,delivered_late,False,,2026-08-25 17:22:00,2026-08-25 18:20:59.008918,2026-08-25 18:26:03.977828,2,2,False,False,2026-08-25 17:27:00,0,,,2,False,0,,,,False,False,False,False
O00520,C0489,R050,D089,delivered,True,1.0,0.0,2.21,delivered_late,False,,2026-08-09 11:46:00,2026-08-09 13:05:48.000000,2026-08-09 13:08:00.653735,3,3,False,False,2026-08-09 11:52:00,0,,,3,False,0,,,,False,False,False,False
O00521,C0854,R026,D038,delivered,True,0.0,0.0,-1.1,delivered_on_time,False,,2026-08-27 14:40:00,2026-08-27 15:55:17.426533,2026-08-27 15:54:11.349727,1,1,False,False,2026-08-27 14:50:00,0,,,1,False,0,,,,False,False,False,False
O00522,C0748,R027,D015,delivered,True,1.0,0.0,4.28,delivered_late,False,,2026-08-16 20:00:00,2026-08-16 21:25:24.000000,2026-08-16 21:29:40.702440,1,1,False,False,2026-08-16 20:14:00,0,,,1,False,0,,,,False,False,False,False
O00523,C0865,R056,D039,delivered,True,1.0,1.0,10.29,delivered_late,False,,2026-08-23 18:22:00,2026-08-23 19:37:36.000000,2026-08-23 19:47:53.336916,1,1,False,False,2026-08-23 18:30:00,0,,,1,False,0,,,,False,False,False,False
O00524,C0611,R042,D015,delivered,True,1.0,0.0,0.9,delivered_late,False,,2026-08-12 22:27:00,2026-08-12 23:27:04.414916,2026-08-12 23:27:58.269309,0,0,False,False,,0,,,0,False,0,,,,False,False,False,False
O00525,C0280,R022,D059,delivered,True,1.0,0.0,6.9,delivered_late,True,CX-01;CX-03,2026-08-10 22:41:00,2026-08-10 23:46:04.170706,2026-08-10 23:52:57.894133,1,1,False,False,2026-08-10 23:07:00,1,ready_but_waiting,2026-08-10 23:04:00,2,True,0,,,,False,False,True,False
O00526,C0833,R006,D100,delivered,True,1.0,1.0,22.59,delivered_late,False,,2026-08-16 14:33:00,2026-08-16 15:48:36.000000,2026-08-16 16:11:11.602959,0,0,False,False,,0,,,0,False,1,PRIORITY_DISPATCH,2026-08-16 15:02:00.000000,operations,True,True,False,False
O00527,C0480,R020,D050,delivered,True,1.0,1.0,16.88,delivered_late,False,,2026-08-22 21:10:00,2026-08-22 22:04:26.146473,2026-08-22 22:21:18.666861,3,3,False,False,2026-08-22 21:16:00,0,,,3,False,0,,,,False,False,False,False
O00528,C0367,R043,D020,delivered,True,0.0,0.0,-13.92,delivered_on_time,False,,2026-08-16 23:17:00,2026-08-17 00:29:48.000000,2026-08-17 00:15:52.556292,3,3,False,False,2026-08-16 23:27:00,0,,,3,False,0,,,,False,False,False,False
O00529,C0828,R041,D089,cancelled,False,,,,cancelled,False,,2026-08-01 20:15:00,2026-08-01 21:30:18.000000,,3,3,False,False,2026-08-01 20:33:00,0,,,3,False,0,,,,False,False,False,False
O00530,C0634,R010,D010,delivered,True,0.0,0.0,-9.44,delivered_on_time,False,,2026-08-16 12:27:00,2026-08-16 13:11:23.957324,2026-08-16 13:01:57.626904,2,2,False,False,2026-08-16 12:32:00,0,,,2,False,1,PRIORITY_DISPATCH,2026-08-16 12:54:00.000000,operations,True,True,False,False
O00531,C0586,R026,D081,cancelled,False,,,,cancelled,False,,2026-08-06 13:54:00,2026-08-06 15:09:36.000000,,2,2,False,False,2026-08-06 14:03:00,0,,,2,False,0,,,,False,False,False,False
O00532,C0381,R043,D007,delivered,True,0.0,0.0,-3.23,delivered_on_time,False,,2026-08-14 11:12:00,2026-08-14 11:59:16.434888,2026-08-14 11:56:02.760445,3,3,False,False,2026-08-14 11:17:00,0,,,3,False,0,,,,False,False,False,False
O00533,C0095,R040,D072,delivered,True,1.0,1.0,12.37,delivered_late,False,,2026-08-14 15:57:00,2026-08-14 16:59:11.129602,2026-08-14 17:11:33.220021,3,2,True,False,2026-08-14 16:17:00,1,restaurant_delay,2026-08-14 16:34:00,4,True,0,,,,False,False,True,False
O00534,C0320,R051,D111,delivered,True,1.0,0.0,2.03,delivered_late,False,,2026-08-28 13:23:00,2026-08-28 14:42:48.000000,2026-08-28 14:44:49.614480,0,0,False,False,,0,,,0,False,0,,,,False,False,False,False
O00535,C0299,R046,D010,delivered,True,1.0,0.0,6.83,delivered_late,False,,2026-08-04 11:58:00,2026-08-04 13:10:52.866721,2026-08-04 13:17:42.377460,3,3,False,False,2026-08-04 12:04:00,0,,,3,False,0,,,,False,False,False,False
O00536,C0056,R044,D030,delivered,True,0.0,0.0,-4.81,delivered_on_time,False,,2026-08-14 18:16:00,2026-08-14 19:20:50.458342,2026-08-14 19:16:01.586065,1,1,False,False,2026-08-14 18:23:00,0,,,1,False,0,,,,False,False,False,False
O00537,C0649,R041,D048,delivered,True,0.0,0.0,-2.42,delivered_on_time,False,,2026-08-17 20:10:00,2026-08-17 21:25:36.000000,2026-08-17 21:23:10.761992,3,3,False,False,2026-08-17 20:18:00,0,,,3,False,0,,,,False,False,False,False
O00538,C0053,R047,D041,delivered,True,0.0,0.0,-2.5,delivered_on_time,False,,2026-08-13 18:24:00,2026-08-13 19:15:21.924250,2026-08-13 19:12:51.930961,1,1,False,False,2026-08-13 18:31:00,0,,,1,False,0,,,,False,False,False,False
O00539,C0221,R044,D083,delivered,True,1.0,1.0,23.28,delivered_late,False,RG-03;CX-03,2026-08-06 14:34:00,2026-08-06 15:42:26.914278,2026-08-06 16:05:43.810322,4,3,False,True,2026-08-06 14:53:00,1,restaurant_delay,2026-08-06 15:05:00,5,True,1,DRIVER_REASSIGNMENT,2026-08-06 14:42:00.000000,dispatch,True,True,False,True
O00540,C0131,R058,D037,delivered,True,1.0,0.0,3.84,delivered_late,False,,2026-08-20 23:20:00,2026-08-21 00:23:44.226468,2026-08-21 00:27:34.705324,0,0,False,False,,0,,,0,False,1,CUSTOMER_CREDIT,2026-08-21 00:32:44.226468,support,True,False,False,False
O00541,C0447,R057,D094,delivered,True,1.0,0.0,0.07,delivered_late,False,,2026-08-09 13:01:00,2026-08-09 13:58:17.316493,2026-08-09 13:58:21.685308,3,3,False,False,2026-08-09 13:13:00,0,,,3,False,0,,,,False,False,False,False
O00542,C0220,R036,D004,delivered,True,0.0,0.0,-11.67,delivered_on_time,False,FR-01,2026-08-19 19:54:00,2026-08-19 20:44:58.420796,2026-08-19 20:33:18.355194,2,2,False,False,2026-08-19 20:05:00,0,,,2,False,0,,,,False,False,False,False
O00543,C0305,R008,D048,delivered,True,0.0,0.0,-1.74,delivered_on_time,False,,2026-08-21 16:19:00,2026-08-21 17:31:48.000000,2026-08-21 17:30:03.893237,1,1,False,False,2026-08-21 16:33:00,0,,,1,False,1,RESTAURANT_CONTACT,2026-08-21 16:36:00.000000,support,True,True,False,False
O00544,C0895,R023,D029,delivered,True,1.0,1.0,24.92,delivered_late,False,CX-03,2026-08-13 17:07:00,2026-08-13 18:26:48.000000,2026-08-13 18:51:42.909258,0,0,False,False,,1,late_delivery,2026-08-13 17:31:00,1,True,1,DRIVER_REASSIGNMENT,2026-08-13 17:18:00.000000,dispatch,True,True,False,True
O00545,C0030,R014,D014,delivered,True,0.0,0.0,-4.57,delivered_on_time,False,,2026-08-24 20:54:00,2026-08-24 22:13:34.697384,2026-08-24 22:09:00.757942,1,1,False,False,2026-08-24 21:03:00,0,,,1,False,0,,,,False,False,False,False
O00546,C0804,R054,D027,delivered,True,1.0,1.0,13.51,delivered_late,False,,2026-08-10 12:56:00,2026-08-10 14:15:48.000000,2026-08-10 14:29:18.720959,0,0,False,False,,0,,,0,False,0,,,,False,False,False,False
O00547,C0186,R022,D027,delivered,True,1.0,1.0,14.94,delivered_late,False,,2026-08-08 12:18:00,2026-08-08 13:12:16.482329,2026-08-08 13:27:12.771378,1,1,False,False,2026-08-08 12:22:00,0,,,1,False,0,,,,False,False,False,False
O00548,C0886,R024,D113,delivered,False,,,,unknown_missing_timestamp,False,TS-04,2026-08-04 15:31:00,2026-08-04 16:53:18.000000,,2,2,False,False,2026-08-04 15:47:00,0,,,2,False,0,,,,False,False,False,False
O00549,C0245,R010,D073,delivered,True,0.0,0.0,-15.56,delivered_on_time,False,CX-03,2026-08-26 23:52:00,2026-08-27 01:04:48.000000,2026-08-27 00:49:14.246949,3,3,False,False,2026-08-26 23:58:00,0,,,3,False,1,DRIVER_REASSIGNMENT,2026-08-27 00:20:00.000000,dispatch,True,True,False,False
O00550,C0638,R043,D013,delivered,True,0.0,0.0,-3.73,delivered_on_time,False,RG-03,2026-08-26 22:58:00,2026-08-27 00:02:15.399314,2026-08-26 23:58:31.592815,0,0,False,False,,0,,,0,False,1,RESTAURANT_CONTACT,2026-08-26 23:25:00.000000,support,True,True,False,False
O00551,C0262,R031,D046,delivered,True,1.0,1.0,11.74,delivered_late,False,,2026-08-28 11:35:00,2026-08-28 12:26:17.600872,2026-08-28 12:38:02.209787,3,2,True,False,2026-08-28 11:47:00,0,,,3,True,0,,,,False,False,True,False
O00552,C0509,R027,D112,delivered,True,0.0,0.0,-4.0,delivered_on_time,False,,2026-08-23 13:46:00,2026-08-23 15:04:05.694018,2026-08-23 15:00:05.809129,2,2,False,False,2026-08-23 13:57:00,0,,,2,False,1,PRIORITY_DISPATCH,2026-08-23 14:08:00.000000,operations,True,True,False,False
O00553,C0398,R025,D111,delivered,True,1.0,0.0,0.09,delivered_late,False,,2026-08-14 13:11:00,2026-08-14 14:26:36.000000,2026-08-14 14:26:41.202511,2,2,False,False,2026-08-14 13:25:00,0,,,2,False,1,RESTAURANT_CONTACT,2026-08-14 13:36:00.000000,support,True,True,False,False
O00554,C0172,R057,D106,delivered,True,0.0,0.0,-0.44,delivered_on_time,False,CX-03,2026-08-06 18:00:00,2026-08-06 19:03:28.549685,2026-08-06 19:03:02.191603,1,1,False,False,2026-08-06 18:27:00,1,restaurant_delay,2026-08-06 18:27:00,2,True,1,DRIVER_REASSIGNMENT,2026-08-06 18:25:00.000000,dispatch,True,True,False,False
O00555,C0455,R031,D061,delivered,True,1.0,0.0,6.99,delivered_late,False,,2026-08-24 14:39:00,2026-08-24 15:44:09.798382,2026-08-24 15:51:09.292316,0,0,False,False,,1,late_delivery,2026-08-24 15:31:00,1,True,0,,,,False,False,True,False
O00556,C0325,R003,D016,delivered,True,1.0,1.0,16.78,delivered_late,False,CX-03,2026-08-04 12:23:00,2026-08-04 13:41:06.000000,2026-08-04 13:57:53.064292,0,0,False,False,,1,late_delivery,2026-08-04 12:54:00,1,True,1,DRIVER_REASSIGNMENT,2026-08-04 12:43:00.000000,dispatch,True,True,False,True
O00557,C0751,R029,D078,delivered,True,1.0,1.0,15.0,delivered_late,False,,2026-08-19 18:36:00,2026-08-19 19:43:04.203413,2026-08-19 19:58:04.366853,0,0,False,False,,0,,,0,False,0,,,,False,False,False,False
O00558,C0391,R054,D034,delivered,True,0.0,0.0,-1.33,delivered_on_time,False,,2026-08-24 18:32:00,2026-08-24 19:51:48.000000,2026-08-24 19:50:28.349175,2,2,False,False,2026-08-24 18:55:00,0,,,2,False,1,PRIORITY_DISPATCH,2026-08-24 18:51:00.000000,operations,True,True,False,False
O00559,C0058,R033,D011,delivered,True,1.0,1.0,12.12,delivered_late,False,,2026-08-23 14:13:00,2026-08-23 15:32:48.000000,2026-08-23 15:44:54.960918,4,3,True,False,2026-08-23 14:24:00,0,,,4,True,0,,,,False,False,True,False
O00560,C0826,R005,D088,delivered,True,0.0,0.0,-5.89,delivered_on_time,False,,2026-08-14 11:45:00,2026-08-14 13:04:48.000000,2026-08-14 12:58:54.609834,0,0,False,False,,0,,,0,False,0,,,,False,False,False,False
O00561,C0425,R040,D118,delivered,True,1.0,1.0,17.6,delivered_late,False,,2026-08-18 21:51:00,2026-08-18 23:03:26.147596,2026-08-18 23:21:02.274774,0,0,False,False,,1,restaurant_delay,2026-08-18 22:40:00,1,True,1,RESTAURANT_CONTACT,2026-08-18 22:11:00.000000,support,True,True,False,True
O00562,C0897,R014,D119,delivered,True,1.0,0.0,4.66,delivered_late,False,,2026-08-05 22:36:00,2026-08-05 23:46:03.450941,2026-08-05 23:50:42.831947,3,3,False,False,2026-08-05 22:46:00,0,,,3,False,0,,,,False,False,False,False
O00563,C0231,R014,D071,delivered,True,1.0,1.0,15.67,delivered_late,False,,2026-08-21 12:50:00,2026-08-21 14:08:06.000000,2026-08-21 14:23:46.045714,0,0,False,False,,1,status_mismatch,2026-08-21 13:16:00,1,True,1,CUSTOMER_CREDIT,2026-08-21 14:23:06.000000,support,True,True,False,True
O00564,C0394,R060,D045,delivered,True,1.0,1.0,20.33,delivered_late,True,CX-01;CX-03,2026-08-18 21:29:00,2026-08-18 22:34:35.213517,2026-08-18 22:54:54.726945,0,0,False,False,,1,eta_changed,2026-08-18 22:03:00,1,True,0,,,,False,False,True,False
O00565,C0143,R023,D073,delivered,True,1.0,1.0,26.24,delivered_late,False,,2026-08-07 16:02:00,2026-08-07 17:27:24.000000,2026-08-07 17:53:38.229136,0,0,False,False,,0,,,0,False,0,,,,False,False,False,False
O00566,C0857,R015,D038,delivered,True,0.0,0.0,-10.99,delivered_on_time,False,,2026-08-10 21:28:00,2026-08-10 22:47:48.000000,2026-08-10 22:36:48.335511,2,2,False,False,2026-08-10 21:51:00,0,,,2,False,0,,,,False,False,False,False
O00567,C0426,R019,D119,delivered,True,0.0,0.0,-8.5,delivered_on_time,False,RG-03,2026-08-23 20:44:00,2026-08-23 22:02:06.000000,2026-08-23 21:53:35.758674,1,1,False,False,2026-08-23 21:03:00,0,,,1,False,0,,,,False,False,False,False
O00568,C0008,R050,D025,delivered,True,1.0,1.0,12.43,delivered_late,False,,2026-08-11 12:43:00,2026-08-11 13:58:36.000000,2026-08-11 14:11:01.696364,0,0,False,False,,0,,,0,False,0,,,,False,False,False,False
O00569,C0655,R021,D082,cancelled,False,,,,cancelled,False,CX-03,2026-08-13 14:13:00,2026-08-13 15:44:24.000000,,3,3,False,False,2026-08-13 14:22:00,0,,,3,False,1,DRIVER_REASSIGNMENT,2026-08-13 14:23:00.000000,dispatch,True,False,False,False
O00570,C0579,R034,D059,delivered,True,0.0,0.0,-4.09,delivered_on_time,False,,2026-08-23 18:29:00,2026-08-23 19:44:36.000000,2026-08-23 19:40:30.359754,0,0,False,False,,0,,,0,False,0,,,,False,False,False,False
O00571,C0189,R038,D068,delivered,True,0.0,0.0,-3.7,delivered_on_time,False,,2026-08-10 21:44:00,2026-08-10 23:00:33.341558,2026-08-10 22:56:51.582778,1,1,False,False,2026-08-10 22:00:00,0,,,1,False,1,RESTAURANT_CONTACT,2026-08-10 22:04:00.000000,support,True,True,False,False
O00572,C0633,R004,D070,cancelled,False,,,,cancelled,False,,2026-08-16 20:39:00,2026-08-16 22:04:24.000000,,2,2,False,False,2026-08-16 20:49:00,0,,,2,False,0,,,,False,False,False,False
O00573,C0274,R019,D081,delivered,True,0.0,0.0,-7.55,delivered_on_time,False,RG-03,2026-08-07 14:29:00,2026-08-07 15:44:36.000000,2026-08-07 15:37:03.177501,0,0,False,False,,0,,,0,False,0,,,,False,False,False,False
O00574,C0551,R045,D033,delivered,True,1.0,1.0,29.9,delivered_late,False,,2026-08-10 21:50:00,2026-08-10 23:09:48.000000,2026-08-10 23:39:42.075043,2,1,True,False,2026-08-10 22:05:00,1,driver_not_moving,2026-08-10 22:32:00,3,True,0,,,,False,False,True,False
O00575,C0327,R059,D062,delivered,True,0.0,0.0,-3.5,delivered_on_time,False,,2026-08-26 22:27:00,2026-08-26 23:18:06.086773,2026-08-26 23:14:35.812322,3,3,False,False,2026-08-26 22:31:00,1,eta_changed,2026-08-26 23:17:00,4,True,0,,,,False,False,True,False
O00576,C0064,R033,D063,delivered,True,0.0,0.0,-22.15,delivered_on_time,False,,2026-08-27 20:58:00,2026-08-27 22:13:36.000000,2026-08-27 21:51:27.110822,2,2,False,False,2026-08-27 21:10:00,0,,,2,False,0,,,,False,False,False,False
O00577,C0898,R007,D017,delivered,True,1.0,0.0,7.24,delivered_late,False,RG-03,2026-08-24 13:29:00,2026-08-24 14:48:48.000000,2026-08-24 14:56:02.387591,0,0,False,False,,0,,,0,False,0,,,,False,False,False,False
O00578,C0789,R004,D065,delivered,True,1.0,0.0,8.78,delivered_late,False,,2026-08-21 11:37:00,2026-08-21 12:56:48.000000,2026-08-21 13:05:34.778572,2,2,False,False,2026-08-21 11:53:00,0,,,2,False,0,,,,False,False,False,False
O00579,C0541,R013,D087,delivered,True,1.0,0.0,6.29,delivered_late,False,CX-03,2026-08-14 12:40:00,2026-08-14 13:36:46.357991,2026-08-14 13:43:03.828669,2,2,False,False,2026-08-14 12:46:00,0,,,2,False,1,DRIVER_REASSIGNMENT,2026-08-14 12:48:00.000000,dispatch,True,True,False,False
O00580,C0780,R059,D090,delivered,True,1.0,0.0,3.62,delivered_late,False,,2026-08-12 18:39:00,2026-08-12 19:54:36.000000,2026-08-12 19:58:13.239126,0,0,False,False,,0,,,0,False,0,,,,False,False,False,False
O00581,C0537,R023,D001,delivered,True,1.0,0.0,3.23,delivered_late,False,,2026-08-24 19:08:00,2026-08-24 19:48:25.867269,2026-08-24 19:51:39.594852,2,2,False,False,2026-08-24 19:21:00,0,,,2,False,0,,,,False,False,False,False
O00582,C0547,R001,D027,delivered,True,1.0,0.0,1.16,delivered_late,False,,2026-08-13 12:50:00,2026-08-13 14:04:44.067480,2026-08-13 14:05:53.849772,3,3,False,False,2026-08-13 13:13:00,1,ready_but_waiting,2026-08-13 13:38:00,4,True,0,,,,False,False,True,False
O00583,C0244,R004,D058,delivered,True,1.0,0.0,8.72,delivered_late,False,,2026-08-19 17:57:00,2026-08-19 19:16:48.000000,2026-08-19 19:25:31.004172,3,3,False,False,2026-08-19 18:01:00,0,,,3,False,0,,,,False,False,False,False
O00584,C0107,R014,D043,delivered,True,0.0,0.0,-15.21,delivered_on_time,True,CX-01;CX-03,2026-08-26 13:15:00,2026-08-26 14:27:48.000000,2026-08-26 14:12:35.173953,3,3,False,False,2026-08-26 13:24:00,0,,,3,False,0,,,,False,False,False,False
O00585,C0096,R042,D076,delivered,True,0.0,0.0,-7.06,delivered_on_time,False,CX-03,2026-08-17 14:35:00,2026-08-17 15:50:36.000000,2026-08-17 15:43:32.651260,1,1,False,False,2026-08-17 14:47:00,0,,,1,False,1,DRIVER_REASSIGNMENT,2026-08-17 14:59:00.000000,dispatch,True,True,False,False
O00586,C0894,R044,D102,cancelled,False,,,,cancelled,True,CX-01;CX-03,2026-08-09 17:07:00,2026-08-09 18:14:40.537771,,3,3,False,False,2026-08-09 17:25:00,0,,,3,False,0,,,,False,False,False,False
O00587,C0036,R041,D069,delivered,False,,,,unknown_missing_timestamp,False,TS-04,2026-08-15 16:53:00,2026-08-15 17:59:18.975325,,2,2,False,False,2026-08-15 17:00:00,0,,,2,False,0,,,,False,False,False,False
O00588,C0740,R060,D102,delivered,True,1.0,0.0,3.26,delivered_late,False,CX-03,2026-08-16 19:25:00,2026-08-16 20:23:27.118820,2026-08-16 20:26:42.890591,1,1,False,False,2026-08-16 19:44:00,0,,,1,False,1,DRIVER_REASSIGNMENT,2026-08-16 19:51:00.000000,dispatch,True,True,False,False
O00589,C0131,R008,D040,delivered,True,1.0,0.0,2.98,delivered_late,False,,2026-08-11 21:46:00,2026-08-11 22:48:29.456363,2026-08-11 22:51:28.197529,0,0,False,False,,0,,,0,False,0,,,,False,False,False,False
O00590,C0539,R034,D027,delivered,True,1.0,0.0,8.54,delivered_late,False,CX-03,2026-08-03 15:44:00,2026-08-03 17:06:18.000000,2026-08-03 17:14:50.572525,2,2,False,False,2026-08-03 15:48:00,1,ready_but_waiting,2026-08-03 16:32:00,3,True,1,DRIVER_REASSIGNMENT,2026-08-03 16:12:00.000000,dispatch,True,True,False,True
O00591,C0799,R060,D016,delivered,True,1.0,1.0,16.64,delivered_late,False,,2026-08-16 23:20:00,2026-08-17 00:39:48.000000,2026-08-17 00:56:26.421266,0,0,False,False,,0,,,0,False,1,PRIORITY_DISPATCH,2026-08-16 23:47:00.000000,operations,True,True,False,False
O00592,C0378,R024,D084,delivered,True,1.0,1.0,12.16,delivered_late,False,,2026-08-01 19:29:00,2026-08-01 20:48:48.000000,2026-08-01 21:00:57.728203,2,2,False,False,2026-08-01 19:54:00,1,ready_but_waiting,2026-08-01 19:58:00,3,True,0,,,,False,False,True,False
O00593,C0854,R017,D079,delivered,True,1.0,0.0,8.22,delivered_late,False,,2026-08-12 17:28:00,2026-08-12 18:44:04.783392,2026-08-12 18:52:18.250394,0,0,False,False,,0,,,0,False,0,,,,False,False,False,False
O00594,C0833,R036,D092,delivered,True,1.0,0.0,1.2,delivered_late,False,,2026-08-15 13:01:00,2026-08-15 14:16:36.000000,2026-08-15 14:17:47.752027,1,1,False,False,2026-08-15 13:09:00,0,,,1,False,0,,,,False,False,False,False
O00595,C0813,R034,D117,delivered,True,0.0,0.0,-12.25,delivered_on_time,False,,2026-08-24 22:12:00,2026-08-24 23:04:17.325140,2026-08-24 22:52:02.200041,0,0,False,False,,1,late_delivery,2026-08-24 23:03:00,1,True,0,,,,False,False,True,False
O00596,C0241,R001,D046,delivered,True,1.0,0.0,6.53,delivered_late,False,,2026-08-08 12:06:00,2026-08-08 13:24:06.000000,2026-08-08 13:30:38.018411,0,0,False,False,,0,,,0,False,1,CUSTOMER_CREDIT,2026-08-08 13:29:06.000000,support,True,True,False,False
O00597,C0060,R030,D100,delivered,True,0.0,0.0,-4.92,delivered_on_time,False,,2026-08-20 16:00:00,2026-08-20 16:54:05.731215,2026-08-20 16:49:10.321084,1,1,False,False,2026-08-20 16:12:00,0,,,1,False,0,,,,False,False,False,False
O00598,C0700,R047,D076,delivered,True,1.0,1.0,10.45,delivered_late,False,,2026-08-01 19:27:00,2026-08-01 20:42:36.000000,2026-08-01 20:53:03.060462,3,3,False,False,2026-08-01 19:35:00,1,restaurant_delay,2026-08-01 19:51:00,4,True,0,,,,False,False,True,False
O00599,C0293,R051,D097,delivered,True,1.0,0.0,4.71,delivered_late,False,CX-03,2026-08-22 23:53:00,2026-08-23 00:50:08.290900,2026-08-23 00:54:50.763107,0,0,False,False,,0,,,0,False,1,DRIVER_REASSIGNMENT,2026-08-23 00:19:00.000000,dispatch,True,True,False,False
O00600,C0458,R023,D042,delivered,True,1.0,0.0,4.85,delivered_late,False,,2026-08-10 19:57:00,2026-08-10 21:07:04.545520,2026-08-10 21:11:55.323320,0,0,False,False,,0,,,0,False,0,,,,False,False,False,False
O00601,C0079,R027,D106,delivered,True,0.0,0.0,-6.76,delivered_on_time,False,,2026-08-24 19:27:00,2026-08-24 20:42:36.000000,2026-08-24 20:35:50.570682,0,0,False,False,,0,,,0,False,0,,,,False,False,False,False
O00602,C0556,R047,D063,delivered,True,1.0,0.0,0.31,delivered_late,False,,2026-08-13 19:17:00,2026-08-13 20:04:55.259090,2026-08-13 20:05:13.933308,1,1,False,False,2026-08-13 19:21:00,0,,,1,False,0,,,,False,False,False,False
O00603,C0367,R011,D006,delivered,True,1.0,0.0,7.12,delivered_late,True,RG-03;CX-01;CX-03,2026-08-15 19:33:00,2026-08-15 20:58:24.000000,2026-08-15 21:05:30.932046,0,0,False,False,,0,,,0,False,1,PRIORITY_DISPATCH,2026-08-15 19:51:00.000000,operations,True,True,False,False
O00604,C0250,R011,D046,delivered,True,1.0,0.0,1.8,delivered_late,False,,2026-08-05 17:18:00,2026-08-05 18:34:24.500458,2026-08-05 18:36:12.749189,3,3,False,False,2026-08-05 17:30:00,0,,,3,False,0,,,,False,False,False,False
O00605,C0478,R004,D098,delivered,True,1.0,1.0,16.8,delivered_late,False,,2026-08-12 15:43:00,2026-08-12 16:38:34.864652,2026-08-12 16:55:22.569694,0,0,False,False,,0,,,0,False,0,,,,False,False,False,False
O00606,C0754,R037,D101,delivered,True,0.0,0.0,-9.46,delivered_on_time,False,,2026-08-18 14:19:00,2026-08-18 15:16:23.430265,2026-08-18 15:06:55.815908,0,0,False,False,,0,,,0,False,0,,,,False,False,False,False
O00607,C0569,R058,D060,delivered,True,1.0,1.0,27.64,delivered_late,False,,2026-08-15 17:26:00,2026-08-15 18:44:06.000000,2026-08-15 19:11:44.274885,1,1,False,False,2026-08-15 17:43:00,0,,,1,False,0,,,,False,False,False,False
O00608,C0752,R050,D054,delivered,True,1.0,0.0,1.8,delivered_late,False,,2026-08-15 20:55:00,2026-08-15 22:07:28.291902,2026-08-15 22:09:16.438376,3,3,False,False,2026-08-15 20:59:00,0,,,3,False,0,,,,False,False,False,False
O00609,C0292,R008,D016,delivered,True,0.0,0.0,-6.03,delivered_on_time,False,,2026-08-17 20:03:00,2026-08-17 21:22:48.000000,2026-08-17 21:16:46.379657,1,1,False,False,2026-08-17 20:07:00,0,,,1,False,0,,,,False,False,False,False
O00610,C0223,R043,D109,delivered,False,,,,unknown_missing_timestamp,False,TS-04,2026-08-07 12:00:00,2026-08-07 13:05:07.672479,,0,0,False,False,,0,,,0,False,0,,,,False,False,False,False
O00611,C0655,R054,D092,delivered,True,1.0,0.0,2.0,delivered_late,False,,2026-08-06 20:53:00,2026-08-06 22:12:48.000000,2026-08-06 22:14:48.127885,1,1,False,False,2026-08-06 21:07:00,0,,,1,False,1,RESTAURANT_CONTACT,2026-08-06 21:16:00.000000,support,True,True,False,False
O00612,C0519,R012,D017,delivered,True,0.0,0.0,-3.13,delivered_on_time,False,,2026-08-16 18:18:00,2026-08-16 19:30:40.546638,2026-08-16 19:27:32.641399,2,2,False,False,2026-08-16 18:25:00,0,,,2,False,0,,,,False,False,False,False
O00613,C0641,R023,D065,delivered,True,1.0,1.0,27.18,delivered_late,False,,2026-08-01 19:02:00,2026-08-01 20:09:11.598125,2026-08-01 20:36:22.506994,2,2,False,False,2026-08-01 19:06:00,1,status_mismatch,2026-08-01 19:34:00,3,True,1,PRIORITY_DISPATCH,2026-08-01 19:26:00.000000,operations,True,True,False,True
O00614,C0252,R026,D027,delivered,True,0.0,0.0,-10.18,delivered_on_time,False,CX-03,2026-08-12 22:33:00,2026-08-12 23:46:10.415811,2026-08-12 23:35:59.692498,3,3,False,False,2026-08-12 22:53:00,0,,,3,False,1,DRIVER_REASSIGNMENT,2026-08-12 22:42:00.000000,dispatch,True,True,False,False
O00615,C0486,R043,D101,delivered,True,0.0,0.0,-2.03,delivered_on_time,False,,2026-08-16 19:11:00,2026-08-16 20:12:53.492482,2026-08-16 20:10:51.398826,2,2,False,False,2026-08-16 19:15:00,1,restaurant_delay,2026-08-16 20:05:00,3,True,0,,,,False,False,True,False
O00616,C0501,R046,D004,delivered,True,0.0,0.0,-6.37,delivered_on_time,False,,2026-08-16 22:30:00,2026-08-16 23:32:34.279011,2026-08-16 23:26:12.055837,0,0,False,False,,1,late_delivery,2026-08-16 23:19:00,1,True,0,,,,False,False,True,False
O00617,C0638,R010,D101,delivered,True,0.0,0.0,-7.68,delivered_on_time,False,,2026-08-15 20:38:00,2026-08-15 21:57:48.000000,2026-08-15 21:50:07.455398,2,2,False,False,2026-08-15 20:48:00,0,,,2,False,0,,,,False,False,False,False
O00618,C0175,R047,D074,delivered,True,0.0,0.0,-12.63,delivered_on_time,False,,2026-08-26 20:05:00,2026-08-26 20:47:14.184302,2026-08-26 20:34:36.462914,1,1,False,False,2026-08-26 20:20:00,0,,,1,False,1,RESTAURANT_CONTACT,2026-08-26 20:20:00.000000,support,True,True,False,False
O00619,C0384,R017,D028,delivered,True,1.0,0.0,6.48,delivered_late,False,,2026-08-24 19:31:00,2026-08-24 20:43:48.000000,2026-08-24 20:50:16.566725,2,2,False,False,2026-08-24 19:53:00,1,status_mismatch,2026-08-24 19:56:00,3,True,1,RESTAURANT_CONTACT,2026-08-24 19:57:00.000000,support,True,True,False,True
O00620,C0770,R052,D070,delivered,True,0.0,0.0,-0.41,delivered_on_time,False,,2026-08-16 14:38:00,2026-08-16 15:53:36.000000,2026-08-16 15:53:11.448940,0,0,False,False,,0,,,0,False,0,,,,False,False,False,False
O00621,C0242,R031,D097,delivered,True,1.0,0.0,5.19,delivered_late,False,,2026-08-17 22:32:00,2026-08-17 23:44:10.371988,2026-08-17 23:49:21.763184,1,1,False,False,2026-08-17 22:44:00,0,,,1,False,0,,,,False,False,False,False
O00622,C0024,R024,D083,delivered,True,1.0,1.0,20.08,delivered_late,False,,2026-08-24 16:48:00,2026-08-24 18:10:18.000000,2026-08-24 18:30:23.066946,0,0,False,False,,0,,,0,False,0,,,,False,False,False,False
O00623,C0004,R024,D088,delivered,True,1.0,1.0,15.76,delivered_late,False,CX-03,2026-08-20 22:56:00,2026-08-21 00:14:06.000000,2026-08-21 00:29:51.744274,2,1,True,False,2026-08-20 23:15:00,1,eta_changed,2026-08-20 23:37:00,3,True,1,DRIVER_REASSIGNMENT,2026-08-20 23:10:00.000000,dispatch,True,True,False,True
O00624,C0464,R035,D003,delivered,True,0.0,0.0,-10.71,delivered_on_time,False,,2026-08-26 13:38:00,2026-08-26 14:44:06.388390,2026-08-26 14:33:23.868172,1,1,False,False,2026-08-26 13:46:00,0,,,1,False,0,,,,False,False,False,False
O00625,C0183,R023,D114,delivered,True,0.0,0.0,-10.74,delivered_on_time,False,,2026-08-12 17:21:00,2026-08-12 18:19:08.552886,2026-08-12 18:08:24.260633,3,3,False,False,2026-08-12 17:31:00,0,,,3,False,0,,,,False,False,False,False
O00626,C0762,R034,D064,delivered,True,1.0,0.0,2.14,delivered_late,False,CX-03,2026-08-02 12:08:00,2026-08-02 13:23:36.000000,2026-08-02 13:25:44.550368,1,1,False,False,2026-08-02 12:30:00,0,,,1,False,1,DRIVER_REASSIGNMENT,2026-08-02 12:17:00.000000,dispatch,True,True,False,False
O00627,C0194,R011,D041,delivered,True,1.0,0.0,7.26,delivered_late,False,,2026-08-18 14:45:00,2026-08-18 16:04:48.000000,2026-08-18 16:12:03.440002,0,0,False,False,,0,,,0,False,0,,,,False,False,False,False
O00628,C0551,R008,D071,delivered,True,0.0,0.0,-2.57,delivered_on_time,False,,2026-08-17 12:22:00,2026-08-17 13:41:48.000000,2026-08-17 13:39:13.750030,1,1,False,False,2026-08-17 12:49:00,0,,,1,False,0,,,,False,False,False,False
O00629,C0336,R010,D031,delivered,True,1.0,1.0,12.57,delivered_late,False,,2026-08-02 23:44:00,2026-08-03 00:58:23.365798,2026-08-03 01:10:57.355045,0,0,False,False,,0,,,0,False,0,,,,False,False,False,False
O00630,C0348,R055,D071,cancelled,False,,,,cancelled,False,,2026-08-06 19:34:00,2026-08-06 20:46:48.000000,,3,3,False,False,2026-08-06 19:39:00,0,,,3,False,1,RESTAURANT_CONTACT,2026-08-06 20:03:00.000000,support,True,False,False,False
O00631,C0549,R060,D031,delivered,True,1.0,1.0,11.34,delivered_late,False,,2026-08-27 22:51:00,2026-08-28 00:03:35.467488,2026-08-28 00:14:56.052163,3,2,True,False,2026-08-27 22:57:00,1,restaurant_delay,2026-08-27 23:20:00,4,True,0,,,,False,False,True,False
O00632,C0869,R041,D080,delivered,True,1.0,0.0,2.84,delivered_late,False,,2026-08-14 18:36:00,2026-08-14 19:55:48.000000,2026-08-14 19:58:38.397358,3,3,False,False,2026-08-14 18:41:00,0,,,3,False,1,RESTAURANT_CONTACT,2026-08-14 18:51:00.000000,support,True,True,False,False
O00633,C0257,R049,D116,delivered,True,0.0,0.0,-0.93,delivered_on_time,False,,2026-08-13 11:17:00,2026-08-13 12:32:36.000000,2026-08-13 12:31:40.225124,1,1,False,False,2026-08-13 11:31:00,0,,,1,False,0,,,,False,False,False,False
O00634,C0366,R040,D034,delivered,True,0.0,0.0,-2.08,delivered_on_time,False,,2026-08-02 23:30:00,2026-08-03 00:49:48.000000,2026-08-03 00:47:43.324669,1,1,False,False,2026-08-02 23:50:00,0,,,1,False,0,,,,False,False,False,False
O00635,C0101,R015,D093,delivered,True,1.0,0.0,2.68,delivered_late,True,CX-01;CX-03,2026-08-21 13:55:00,2026-08-21 14:52:04.560565,2026-08-21 14:54:45.250738,0,0,False,False,,0,,,0,False,1,PRIORITY_DISPATCH,2026-08-21 14:20:00.000000,operations,True,True,False,False
O00636,C0824,R050,D099,delivered,True,1.0,0.0,6.22,delivered_late,False,,2026-08-12 18:02:00,2026-08-12 19:13:12.502887,2026-08-12 19:19:25.788140,2,2,False,False,2026-08-12 18:13:00,0,,,2,False,0,,,,False,False,False,False
O00637,C0028,R021,D105,cancelled,False,,,,cancelled,False,,2026-08-14 21:23:00,2026-08-14 22:44:36.000000,,2,2,False,False,2026-08-14 21:39:00,0,,,2,False,0,,,,False,False,False,False
O00638,C0060,R006,D039,delivered,True,0.0,0.0,-4.88,delivered_on_time,False,,2026-08-04 19:51:00,2026-08-04 21:06:36.000000,2026-08-04 21:01:43.274861,1,1,False,False,2026-08-04 19:58:00,0,,,1,False,0,,,,False,False,False,False
O00639,C0234,R050,D104,delivered,True,0.0,0.0,-2.35,delivered_on_time,False,TS-07,2026-08-03 23:14:00,2026-08-04 00:21:09.021818,2026-08-04 00:18:48.317911,0,0,False,False,,0,,,0,False,0,,,,False,False,False,False
O00640,C0022,R058,D013,delivered,True,0.0,0.0,-8.48,delivered_on_time,False,CX-03,2026-08-26 20:23:00,2026-08-26 21:38:36.000000,2026-08-26 21:30:07.337565,0,0,False,False,,0,,,0,False,1,DRIVER_REASSIGNMENT,2026-08-26 20:34:00.000000,dispatch,True,True,False,False
O00641,C0796,R038,D109,delivered,True,0.0,0.0,-8.28,delivered_on_time,False,,2026-08-20 14:50:00,2026-08-20 16:05:36.000000,2026-08-20 15:57:18.982115,1,1,False,False,2026-08-20 15:00:00,0,,,1,False,0,,,,False,False,False,False
O00642,C0072,R035,D003,delivered,True,1.0,0.0,0.98,delivered_late,False,,2026-08-05 18:40:00,2026-08-05 19:37:31.653840,2026-08-05 19:38:30.304028,2,2,False,False,2026-08-05 18:44:00,0,,,2,False,0,,,,False,False,False,False
O00643,C0070,R003,D068,delivered,True,0.0,0.0,-14.73,delivered_on_time,False,,2026-08-06 23:08:00,2026-08-07 00:23:36.000000,2026-08-07 00:08:52.402038,2,2,False,False,2026-08-06 23:23:00,1,driver_not_moving,2026-08-06 23:33:00,3,True,0,,,,False,False,True,False
O00644,C0324,R047,D060,delivered,True,0.0,0.0,-1.91,delivered_on_time,False,,2026-08-24 22:28:00,2026-08-24 23:53:24.000000,2026-08-24 23:51:29.384358,2,2,False,False,2026-08-24 22:33:00,0,,,2,False,1,CUSTOMER_CREDIT,2026-08-25 00:08:24.000000,support,True,False,False,False
O00645,C0754,R026,D051,delivered,True,1.0,0.0,3.71,delivered_late,False,,2026-08-21 18:20:00,2026-08-21 19:35:36.000000,2026-08-21 19:39:18.353832,2,2,False,False,2026-08-21 18:35:00,0,,,2,False,0,,,,False,False,False,False
O00646,C0468,R011,D054,delivered,True,1.0,0.0,4.23,delivered_late,False,,2026-08-24 14:33:00,2026-08-24 15:30:59.032573,2026-08-24 15:35:12.728665,2,2,False,False,2026-08-24 14:43:00,0,,,2,False,0,,,,False,False,False,False
O00647,C0625,R026,D046,delivered,True,0.0,0.0,-17.54,delivered_on_time,False,TS-07,2026-08-08 19:09:00,2026-08-08 20:21:48.000000,2026-08-08 20:04:15.319432,0,0,False,False,,0,,,0,False,0,,,,False,False,False,False
O00648,C0724,R004,D032,delivered,True,0.0,0.0,-9.31,delivered_on_time,False,,2026-08-19 17:28:00,2026-08-19 18:26:08.386830,2026-08-19 18:16:49.536337,0,0,False,False,,0,,,0,False,0,,,,False,False,False,False
O00649,C0501,R031,D071,delivered,True,1.0,1.0,12.71,delivered_late,False,,2026-08-24 19:22:00,2026-08-24 20:36:47.203577,2026-08-24 20:49:29.507619,2,2,False,False,2026-08-24 19:26:00,0,,,2,False,0,,,,False,False,False,False
O00650,C0580,R032,D088,delivered,True,1.0,0.0,2.77,delivered_late,False,,2026-08-17 16:53:00,2026-08-17 18:10:29.356299,2026-08-17 18:13:15.799996,3,3,False,False,2026-08-17 17:10:00,0,,,3,False,0,,,,False,False,False,False
O00651,C0388,R046,D063,delivered,True,1.0,0.0,1.65,delivered_late,False,CX-03,2026-08-05 14:56:00,2026-08-05 16:04:05.562796,2026-08-05 16:05:44.614900,3,3,False,False,2026-08-05 15:10:00,1,late_delivery,2026-08-05 15:28:00,4,True,1,DRIVER_REASSIGNMENT,2026-08-05 15:21:00.000000,dispatch,True,True,False,True
O00652,C0313,R018,D070,delivered,True,1.0,0.0,4.02,delivered_late,False,CX-03,2026-08-17 19:11:00,2026-08-17 20:33:18.000000,2026-08-17 20:37:19.431933,1,1,False,False,2026-08-17 19:34:00,0,,,1,False,1,DRIVER_REASSIGNMENT,2026-08-17 19:28:00.000000,dispatch,True,True,False,False
O00653,C0004,R027,D031,delivered,True,1.0,1.0,12.74,delivered_late,False,,2026-08-10 17:28:00,2026-08-10 18:43:36.000000,2026-08-10 18:56:20.354889,0,0,False,False,,0,,,0,False,1,PRIORITY_DISPATCH,2026-08-10 17:48:00.000000,operations,True,True,False,False
O00654,C0355,R046,D021,delivered,True,0.0,0.0,-13.14,delivered_on_time,False,TS-07,2026-08-28 20:03:00,2026-08-28 21:18:36.000000,2026-08-28 21:05:27.717699,2,2,False,False,2026-08-28 20:13:00,0,,,2,False,1,CUSTOMER_CREDIT,2026-08-28 21:29:36.000000,support,True,False,False,False
O00655,C0087,R036,D040,delivered,True,0.0,0.0,-8.34,delivered_on_time,False,,2026-08-14 14:56:00,2026-08-14 16:00:05.737524,2026-08-14 15:51:45.158735,2,2,False,False,2026-08-14 15:01:00,0,,,2,False,0,,,,False,False,False,False
O00656,C0601,R008,D102,delivered,True,1.0,0.0,0.92,delivered_late,False,,2026-08-23 16:22:00,2026-08-23 17:20:22.945690,2026-08-23 17:21:18.254018,3,3,False,False,2026-08-23 16:35:00,0,,,3,False,0,,,,False,False,False,False
O00657,C0423,R007,D059,delivered,True,0.0,0.0,-10.33,delivered_on_time,False,RG-03,2026-08-14 14:46:00,2026-08-14 16:01:36.000000,2026-08-14 15:51:16.486355,3,3,False,False,2026-08-14 14:52:00,0,,,3,False,0,,,,False,False,False,False
O00658,C0571,R027,D062,delivered,True,0.0,0.0,-1.37,delivered_on_time,False,,2026-08-24 12:50:00,2026-08-24 13:52:18.432766,2026-08-24 13:50:56.507933,0,0,False,False,,0,,,0,False,0,,,,False,False,False,False
O00659,C0459,R025,D067,delivered,True,0.0,0.0,-5.53,delivered_on_time,False,CX-03,2026-08-27 19:19:00,2026-08-27 20:14:31.204656,2026-08-27 20:08:59.514658,0,0,False,False,,0,,,0,False,1,DRIVER_REASSIGNMENT,2026-08-27 19:36:00.000000,dispatch,True,True,False,False
O00660,C0512,R049,D075,delivered,True,0.0,0.0,-15.48,delivered_on_time,False,,2026-08-18 18:24:00,2026-08-18 19:06:37.574738,2026-08-18 18:51:08.724287,3,3,False,False,2026-08-18 18:29:00,1,restaurant_delay,2026-08-18 19:10:00,4,True,0,,,,False,False,True,False
O00661,C0302,R040,D004,delivered,True,0.0,0.0,-9.37,delivered_on_time,False,,2026-08-10 16:51:00,2026-08-10 18:10:48.000000,2026-08-10 18:01:25.931589,0,0,False,False,,0,,,0,False,0,,,,False,False,False,False
O00662,C0597,R012,D035,delivered,True,0.0,0.0,-12.61,delivered_on_time,False,,2026-08-14 16:21:00,2026-08-14 17:27:05.279303,2026-08-14 17:14:28.554403,1,1,False,False,2026-08-14 16:25:00,0,,,1,False,0,,,,False,False,False,False
O00663,C0062,R025,D041,delivered,True,0.0,0.0,-4.29,delivered_on_time,False,,2026-08-18 21:46:00,2026-08-18 22:58:48.000000,2026-08-18 22:54:30.736366,2,2,False,False,2026-08-18 21:51:00,0,,,2,False,0,,,,False,False,False,False
O00664,C0807,R025,D109,delivered,True,0.0,0.0,-8.49,delivered_on_time,False,,2026-08-06 19:33:00,2026-08-06 20:24:30.499027,2026-08-06 20:16:01.047215,0,0,False,False,,0,,,0,False,0,,,,False,False,False,False
O00665,C0127,R040,D010,delivered,True,1.0,0.0,4.82,delivered_late,False,,2026-08-26 19:45:00,2026-08-26 21:00:36.000000,2026-08-26 21:05:25.365216,3,3,False,False,2026-08-26 19:51:00,0,,,3,False,0,,,,False,False,False,False
O00666,C0456,R027,D007,delivered,True,1.0,1.0,17.67,delivered_late,False,,2026-08-10 19:12:00,2026-08-10 20:24:01.157591,2026-08-10 20:41:41.404723,3,3,False,False,2026-08-10 19:20:00,1,late_delivery,2026-08-10 19:43:00,4,True,1,CUSTOMER_CREDIT,2026-08-10 20:39:01.157591,support,True,True,False,True
O00667,C0660,R017,D069,delivered,True,0.0,0.0,-9.21,delivered_on_time,False,,2026-08-27 22:27:00,2026-08-27 23:42:36.000000,2026-08-27 23:33:23.327084,2,2,False,False,2026-08-27 22:46:00,0,,,2,False,0,,,,False,False,False,False
O00668,C0839,R030,D008,delivered,True,1.0,0.0,4.61,delivered_late,False,,2026-08-09 18:08:00,2026-08-09 19:21:15.312913,2026-08-09 19:25:51.974151,2,2,False,False,2026-08-09 18:18:00,0,,,2,False,1,RESTAURANT_CONTACT,2026-08-09 18:35:00.000000,support,True,True,False,False
O00669,C0149,R021,D055,delivered,True,0.0,0.0,-5.43,delivered_on_time,False,,2026-08-03 22:39:00,2026-08-03 23:51:48.000000,2026-08-03 23:46:22.238162,0,0,False,False,,0,,,0,False,0,,,,False,False,False,False
O00670,C0560,R010,D036,delivered,True,1.0,0.0,2.71,delivered_late,False,,2026-08-13 19:22:00,2026-08-13 20:37:36.000000,2026-08-13 20:40:18.554366,0,0,False,False,,0,,,0,False,0,,,,False,False,False,False
O00671,C0270,R004,D034,delivered,True,0.0,0.0,-7.68,delivered_on_time,False,,2026-08-14 19:11:00,2026-08-14 20:14:45.651482,2026-08-14 20:07:04.825586,3,3,False,False,2026-08-14 19:28:00,0,,,3,False,0,,,,False,False,False,False
O00672,C0743,R053,D070,delivered,False,,,,unknown_missing_timestamp,False,TS-04,2026-08-12 18:00:00,2026-08-12 18:48:55.594127,,3,3,False,False,2026-08-12 18:04:00,0,,,3,False,0,,,,False,False,False,False
O00673,C0311,R025,D068,delivered,True,1.0,1.0,10.49,delivered_late,False,CX-03,2026-08-27 11:45:00,2026-08-27 13:16:24.000000,2026-08-27 13:26:53.590387,0,0,False,False,,0,,,0,False,1,DRIVER_REASSIGNMENT,2026-08-27 12:13:00.000000,dispatch,True,True,False,False
O00674,C0657,R003,D073,delivered,True,0.0,0.0,-12.83,delivered_on_time,False,,2026-08-23 20:55:00,2026-08-23 22:14:48.000000,2026-08-23 22:01:58.023233,1,1,False,False,2026-08-23 21:18:00,0,,,1,False,0,,,,False,False,False,False
O00675,C0415,R012,D004,delivered,False,,,,unknown_missing_timestamp,False,TS-04,2026-08-22 21:20:00,2026-08-22 22:12:54.791369,,1,1,False,False,2026-08-22 21:24:00,0,,,1,False,0,,,,False,False,False,False
O00676,C0496,R040,D012,delivered,True,1.0,0.0,2.12,delivered_late,False,,2026-08-17 13:17:00,2026-08-17 14:29:48.000000,2026-08-17 14:31:55.386814,0,0,False,False,,0,,,0,False,0,,,,False,False,False,False
O00677,C0671,R052,D055,delivered,True,0.0,0.0,-21.26,delivered_on_time,False,,2026-08-15 12:58:00,2026-08-15 14:00:46.300536,2026-08-15 13:39:30.933555,2,2,False,False,2026-08-15 13:09:00,0,,,2,False,0,,,,False,False,False,False
O00678,C0075,R017,D113,delivered,True,1.0,1.0,12.15,delivered_late,False,,2026-08-28 13:48:00,2026-08-28 14:43:05.777129,2026-08-28 14:55:15.036102,0,0,False,False,,0,,,0,False,0,,,,False,False,False,False
O00679,C0448,R007,D108,delivered,True,0.0,0.0,-0.44,delivered_on_time,True,RG-03;CX-01;CX-03,2026-08-09 12:22:00,2026-08-09 13:37:36.000000,2026-08-09 13:37:09.813470,0,0,False,False,,0,,,0,False,1,RESTAURANT_CONTACT,2026-08-09 12:35:00.000000,support,True,True,False,False
O00680,C0672,R054,D050,delivered,True,0.0,0.0,-5.99,delivered_on_time,False,,2026-08-22 20:13:00,2026-08-22 21:34:36.000000,2026-08-22 21:28:36.747943,2,2,False,False,2026-08-22 20:21:00,0,,,2,False,0,,,,False,False,False,False
O00681,C0375,R011,D064,delivered,True,1.0,0.0,1.02,delivered_late,False,,2026-08-21 13:08:00,2026-08-21 14:18:38.536581,2026-08-21 14:19:39.550357,3,3,False,False,2026-08-21 13:21:00,0,,,3,False,1,RESTAURANT_CONTACT,2026-08-21 13:24:00.000000,support,True,True,False,False
O00682,C0579,R011,D070,delivered,True,1.0,0.0,9.34,delivered_late,False,,2026-08-11 19:06:00,2026-08-11 20:18:48.000000,2026-08-11 20:28:08.675678,0,0,False,False,,0,,,0,False,0,,,,False,False,False,False
O00683,C0612,R003,D079,delivered,True,0.0,0.0,-10.81,delivered_on_time,False,,2026-08-10 11:59:00,2026-08-10 13:18:48.000000,2026-08-10 13:07:59.666191,2,2,False,False,2026-08-10 12:06:00,0,,,2,False,1,CUSTOMER_CREDIT,2026-08-10 13:21:48.000000,support,True,False,False,False
O00684,C0331,R002,D043,delivered,True,1.0,1.0,12.08,delivered_late,False,,2026-08-23 22:12:00,2026-08-23 23:26:50.748754,2026-08-23 23:38:55.550446,2,1,True,False,2026-08-23 22:33:00,0,,,2,True,0,,,,False,False,True,False
O00685,C0447,R052,D022,delivered,True,1.0,1.0,14.64,delivered_late,True,CX-01;CX-03,2026-08-10 12:15:00,2026-08-10 13:13:49.086225,2026-08-10 13:28:27.437930,0,0,False,False,,0,,,0,False,0,,,,False,False,False,False
O00686,C0704,R003,D076,delivered,True,1.0,1.0,16.31,delivered_late,False,,2026-08-25 22:24:00,2026-08-25 23:36:48.000000,2026-08-25 23:53:06.895848,2,1,True,False,2026-08-25 22:34:00,0,,,2,True,0,,,,False,False,True,False
O00687,C0150,R023,D068,delivered,True,0.0,0.0,-4.2,delivered_on_time,False,,2026-08-20 13:15:00,2026-08-20 14:30:36.000000,2026-08-20 14:26:24.003040,1,1,False,False,2026-08-20 13:34:00,0,,,1,False,0,,,,False,False,False,False
O00688,C0221,R057,D062,cancelled,False,,,,cancelled,False,,2026-08-11 17:11:00,2026-08-11 18:04:19.003665,,0,0,False,False,,0,,,0,False,0,,,,False,False,False,False
O00689,C0876,R031,D117,delivered,True,1.0,0.0,5.08,delivered_late,False,,2026-08-06 13:43:00,2026-08-06 14:58:36.000000,2026-08-06 15:03:40.794540,3,3,False,False,2026-08-06 13:50:00,1,ready_but_waiting,2026-08-06 14:06:00,4,True,0,,,,False,False,True,False
O00690,C0667,R041,D112,delivered,True,0.0,0.0,-15.13,delivered_on_time,False,,2026-08-16 19:42:00,2026-08-16 20:50:05.375812,2026-08-16 20:34:57.537609,1,1,False,False,2026-08-16 20:06:00,0,,,1,False,1,PRIORITY_DISPATCH,2026-08-16 20:00:00.000000,operations,True,True,False,False
O00691,C0153,R005,D047,delivered,True,1.0,1.0,13.21,delivered_late,False,,2026-08-14 18:24:00,2026-08-14 19:43:48.000000,2026-08-14 19:57:00.665974,0,0,False,False,,0,,,0,False,0,,,,False,False,False,False
O00692,C0838,R050,D042,delivered,True,1.0,0.0,9.85,delivered_late,True,CX-01;CX-03,2026-08-22 17:27:00,2026-08-22 18:24:35.950824,2026-08-22 18:34:26.876100,1,1,False,False,2026-08-22 17:46:00,1,restaurant_delay,2026-08-22 18:11:00,2,True,0,,,,False,False,True,False
O00693,C0492,R060,D042,delivered,True,0.0,0.0,-14.24,delivered_on_time,False,,2026-08-18 12:46:00,2026-08-18 13:40:24.287274,2026-08-18 13:26:09.934731,1,1,False,False,2026-08-18 12:53:00,0,,,1,False,1,PRIORITY_DISPATCH,2026-08-18 13:06:00.000000,operations,True,True,False,False
O00694,C0853,R042,D087,cancelled,False,,,,cancelled,False,,2026-08-04 17:46:00,2026-08-04 19:01:18.000000,,3,3,False,False,2026-08-04 17:52:00,0,,,3,False,0,,,,False,False,False,False
O00695,C0311,R023,D027,delivered,True,1.0,0.0,1.19,delivered_late,False,,2026-08-24 19:56:00,2026-08-24 21:11:18.000000,2026-08-24 21:12:29.234492,0,0,False,False,,0,,,0,False,1,CUSTOMER_CREDIT,2026-08-24 21:22:18.000000,support,True,False,False,False
O00696,C0898,R058,D048,delivered,True,1.0,0.0,2.28,delivered_late,False,,2026-08-25 22:17:00,2026-08-25 23:36:48.000000,2026-08-25 23:39:04.674316,0,0,False,False,,0,,,0,False,0,,,,False,False,False,False
O00697,C0865,R049,D032,delivered,True,1.0,0.0,3.03,delivered_late,False,,2026-08-09 18:50:00,2026-08-09 19:51:56.021285,2026-08-09 19:54:57.574359,0,0,False,False,,0,,,0,False,0,,,,False,False,False,False
O00698,C0480,R005,D044,delivered,True,1.0,0.0,7.53,delivered_late,False,,2026-08-11 17:28:00,2026-08-11 18:43:18.000000,2026-08-11 18:50:49.771908,0,0,False,False,,1,status_mismatch,2026-08-11 18:10:00,1,True,0,,,,False,False,True,False
O00699,C0805,R022,D064,delivered,True,0.0,0.0,-18.08,delivered_on_time,False,,2026-08-25 16:43:00,2026-08-25 17:42:46.708511,2026-08-25 17:24:42.021807,3,3,False,False,2026-08-25 16:59:00,1,eta_changed,2026-08-25 17:26:00,4,True,0,,,,False,False,True,False
O00700,C0750,R020,D096,delivered,True,0.0,0.0,-3.56,delivered_on_time,False,,2026-08-04 12:13:00,2026-08-04 13:16:28.765091,2026-08-04 13:12:55.297232,0,0,False,False,,0,,,0,False,1,PRIORITY_DISPATCH,2026-08-04 12:36:00.000000,operations,True,True,False,False
O00701,C0049,R042,D043,delivered,True,1.0,1.0,23.29,delivered_late,False,,2026-08-12 19:42:00,2026-08-12 21:07:48.000000,2026-08-12 21:31:05.478888,3,3,False,False,2026-08-12 19:51:00,0,,,3,False,0,,,,False,False,False,False
O00702,C0532,R045,D097,delivered,True,0.0,0.0,-1.6,delivered_on_time,False,CX-03,2026-08-10 11:53:00,2026-08-10 13:08:36.000000,2026-08-10 13:06:59.951589,1,1,False,False,2026-08-10 12:20:00,0,,,1,False,1,DRIVER_REASSIGNMENT,2026-08-10 12:14:00.000000,dispatch,True,True,False,False
O00703,C0740,R044,D056,delivered,True,1.0,0.0,0.7,delivered_late,False,,2026-08-20 18:05:00,2026-08-20 19:02:43.236342,2026-08-20 19:03:25.516936,2,2,False,False,2026-08-20 18:22:00,0,,,2,False,0,,,,False,False,False,False
O00704,C0167,R007,D010,delivered,True,1.0,0.0,4.29,delivered_late,False,RG-03,2026-08-21 17:32:00,2026-08-21 18:54:18.000000,2026-08-21 18:58:35.354887,3,3,False,False,2026-08-21 17:44:00,0,,,3,False,1,PRIORITY_DISPATCH,2026-08-21 17:46:00.000000,operations,True,True,False,False
O00705,C0359,R051,D063,delivered,True,1.0,0.0,6.76,delivered_late,False,,2026-08-22 19:15:00,2026-08-22 20:22:03.744202,2026-08-22 20:28:49.296173,3,3,False,False,2026-08-22 19:33:00,0,,,3,False,0,,,,False,False,False,False
O00706,C0855,R035,D020,delivered,True,1.0,1.0,29.59,delivered_late,False,,2026-08-22 17:33:00,2026-08-22 18:49:47.434100,2026-08-22 19:19:23.063748,0,0,False,False,,1,late_delivery,2026-08-22 18:07:00,1,True,0,,,,False,False,True,False
O00707,C0182,R007,D070,delivered,True,0.0,0.0,-8.85,delivered_on_time,False,RG-03,2026-08-27 20:02:00,2026-08-27 21:17:36.000000,2026-08-27 21:08:44.825761,0,0,False,False,,0,,,0,False,0,,,,False,False,False,False
O00708,C0722,R034,D120,delivered,True,0.0,0.0,-9.39,delivered_on_time,False,,2026-08-22 17:58:00,2026-08-22 19:13:36.000000,2026-08-22 19:04:12.618710,0,0,False,False,,0,,,0,False,0,,,,False,False,False,False
O00709,C0221,R025,D080,delivered,True,0.0,0.0,-7.06,delivered_on_time,False,,2026-08-19 15:02:00,2026-08-19 16:03:57.835297,2026-08-19 15:56:54.354474,0,0,False,False,,0,,,0,False,0,,,,False,False,False,False
O00710,C0075,R024,D110,delivered,True,1.0,1.0,20.08,delivered_late,False,,2026-08-23 13:38:00,2026-08-23 14:50:46.665400,2026-08-23 15:10:51.738795,2,1,True,False,2026-08-23 14:04:00,0,,,2,True,0,,,,False,False,True,False
O00711,C0786,R055,D001,delivered,True,1.0,0.0,3.73,delivered_late,False,,2026-08-17 16:23:00,2026-08-17 17:41:06.000000,2026-08-17 17:44:49.825297,3,3,False,False,2026-08-17 16:33:00,0,,,3,False,0,,,,False,False,False,False
O00712,C0266,R053,D108,delivered,True,1.0,0.0,5.99,delivered_late,False,,2026-08-04 19:22:00,2026-08-04 20:37:36.000000,2026-08-04 20:43:35.540849,1,1,False,False,2026-08-04 19:40:00,0,,,1,False,0,,,,False,False,False,False
O00713,C0860,R032,D100,delivered,True,0.0,0.0,-11.91,delivered_on_time,False,,2026-08-11 18:17:00,2026-08-11 19:30:02.075895,2026-08-11 19:18:07.358062,2,2,False,False,2026-08-11 18:24:00,0,,,2,False,0,,,,False,False,False,False
O00714,C0373,R060,D101,delivered,True,0.0,0.0,-9.64,delivered_on_time,False,,2026-08-23 19:11:00,2026-08-23 20:01:28.359327,2026-08-23 19:51:50.052904,0,0,False,False,,1,restaurant_delay,2026-08-23 19:43:00,1,True,1,RESTAURANT_CONTACT,2026-08-23 19:26:00.000000,support,True,True,False,False
O00715,C0215,R040,D005,delivered,True,1.0,1.0,18.09,delivered_late,False,,2026-08-04 18:50:00,2026-08-04 20:05:18.000000,2026-08-04 20:23:23.526089,3,2,True,False,2026-08-04 19:04:00,1,status_mismatch,2026-08-04 19:45:00,4,True,0,,,,False,False,True,False
O00716,C0604,R010,D050,delivered,False,,,,unknown_missing_timestamp,False,TS-04,2026-08-04 20:28:00,2026-08-04 21:24:26.207942,,1,1,False,False,2026-08-04 20:56:00,0,,,1,False,0,,,,False,False,False,False
O00717,C0407,R034,D110,delivered,True,0.0,0.0,-2.82,delivered_on_time,False,,2026-08-21 16:55:00,2026-08-21 17:57:25.091415,2026-08-21 17:54:36.109108,1,1,False,False,2026-08-21 17:10:00,0,,,1,False,1,PRIORITY_DISPATCH,2026-08-21 17:08:00.000000,operations,True,True,False,False
O00718,C0225,R050,D011,delivered,True,0.0,0.0,-8.06,delivered_on_time,False,,2026-08-25 17:19:00,2026-08-25 18:25:28.563290,2026-08-25 18:17:24.831645,0,0,False,False,,0,,,0,False,1,PRIORITY_DISPATCH,2026-08-25 17:35:00.000000,operations,True,True,False,False
O00719,C0365,R027,D019,delivered,True,0.0,0.0,-3.14,delivered_on_time,False,,2026-08-20 14:43:00,2026-08-20 15:55:48.000000,2026-08-20 15:52:39.429944,3,3,False,False,2026-08-20 14:51:00,0,,,3,False,0,,,,False,False,False,False
O00720,C0402,R017,D083,delivered,True,0.0,0.0,-3.76,delivered_on_time,False,,2026-08-10 17:19:00,2026-08-10 18:24:33.153874,2026-08-10 18:20:47.303443,0,0,False,False,,0,,,0,False,0,,,,False,False,False,False
O00721,C0346,R045,D051,delivered,True,1.0,0.0,0.14,delivered_late,False,,2026-08-23 14:42:00,2026-08-23 15:49:03.249046,2026-08-23 15:49:11.461488,1,1,False,False,2026-08-23 14:54:00,0,,,1,False,1,CUSTOMER_CREDIT,2026-08-23 16:00:03.249046,support,True,False,False,False
O00722,C0351,R026,D117,delivered,True,0.0,0.0,-16.5,delivered_on_time,False,FR-01,2026-08-24 19:02:00,2026-08-24 20:07:17.182992,2026-08-24 19:50:47.388114,3,3,False,False,2026-08-24 19:08:00,0,,,3,False,0,,,,False,False,False,False
O00723,C0467,R028,D068,delivered,True,0.0,0.0,-15.08,delivered_on_time,False,,2026-08-05 21:04:00,2026-08-05 22:19:36.000000,2026-08-05 22:04:30.928322,0,0,False,False,,0,,,0,False,0,,,,False,False,False,False
O00724,C0188,R054,D026,delivered,True,0.0,0.0,-4.33,delivered_on_time,False,,2026-08-10 19:08:00,2026-08-10 20:27:48.000000,2026-08-10 20:23:28.350600,0,0,False,False,,0,,,0,False,0,,,,False,False,False,False
O00725,C0812,R041,D087,delivered,True,1.0,0.0,5.48,delivered_late,False,,2026-08-11 14:45:00,2026-08-11 16:00:36.000000,2026-08-11 16:06:04.781484,2,2,False,False,2026-08-11 14:49:00,1,late_delivery,2026-08-11 15:29:00,3,True,0,,,,False,False,True,False
O00726,C0638,R004,D108,delivered,True,1.0,1.0,22.89,delivered_late,False,,2026-08-01 18:02:00,2026-08-01 19:13:15.838996,2026-08-01 19:36:09.046726,4,3,True,False,2026-08-01 18:07:00,0,,,4,True,0,,,,False,False,True,False
O00727,C0435,R020,D097,delivered,True,0.0,0.0,-3.26,delivered_on_time,False,,2026-08-28 21:36:00,2026-08-28 23:01:24.000000,2026-08-28 22:58:08.128808,3,3,False,False,2026-08-28 21:43:00,0,,,3,False,1,RESTAURANT_CONTACT,2026-08-28 22:03:00.000000,support,True,True,False,False
O00728,C0557,R024,D063,cancelled,False,,,,cancelled,False,,2026-08-11 18:49:00,2026-08-11 20:08:27.108654,,3,3,False,False,2026-08-11 19:05:00,0,,,3,False,0,,,,False,False,False,False
O00729,C0448,R031,D089,delivered,True,0.0,0.0,-2.28,delivered_on_time,False,,2026-08-01 14:27:00,2026-08-01 15:37:36.925134,2026-08-01 15:35:20.137360,1,1,False,False,2026-08-01 14:38:00,0,,,1,False,0,,,,False,False,False,False
O00730,C0484,R036,D052,delivered,True,1.0,1.0,27.12,delivered_late,False,,2026-08-04 11:38:00,2026-08-04 13:03:24.000000,2026-08-04 13:30:31.284573,0,0,False,False,,0,,,0,False,0,,,,False,False,False,False
O00731,C0760,R045,D052,delivered,True,1.0,0.0,9.52,delivered_late,False,,2026-08-15 12:24:00,2026-08-15 13:39:18.000000,2026-08-15 13:48:49.162171,0,0,False,False,,0,,,0,False,0,,,,False,False,False,False
O00732,C0789,R011,D070,delivered,True,0.0,0.0,-6.51,delivered_on_time,False,,2026-08-19 20:07:00,2026-08-19 21:19:48.000000,2026-08-19 21:13:17.315605,0,0,False,False,,0,,,0,False,1,RESTAURANT_CONTACT,2026-08-19 20:35:00.000000,support,True,True,False,False
O00733,C0189,R036,D045,delivered,True,0.0,0.0,-0.84,delivered_on_time,False,,2026-08-13 20:25:00,2026-08-13 21:50:24.000000,2026-08-13 21:49:33.606687,1,1,False,False,2026-08-13 20:39:00,0,,,1,False,0,,,,False,False,False,False
O00734,C0127,R013,D065,cancelled,False,,,,cancelled,False,,2026-08-16 11:17:00,2026-08-16 12:39:18.000000,,1,1,False,False,2026-08-16 11:44:00,0,,,1,False,0,,,,False,False,False,False
O00735,C0027,R041,D118,delivered,True,0.0,0.0,-1.32,delivered_on_time,False,FR-01,2026-08-23 18:02:00,2026-08-23 19:17:18.000000,2026-08-23 19:15:59.094478,0,0,False,False,,0,,,0,False,0,,,,False,False,False,False
O00736,C0657,R032,D055,delivered,True,1.0,0.0,6.2,delivered_late,False,,2026-08-04 20:01:00,2026-08-04 21:16:36.000000,2026-08-04 21:22:48.158388,1,1,False,False,2026-08-04 20:15:00,1,eta_changed,2026-08-04 20:38:00,2,True,0,,,,False,False,True,False
O00737,C0824,R027,D048,delivered,True,1.0,1.0,36.28,delivered_late,False,,2026-08-20 20:10:00,2026-08-20 21:11:15.896462,2026-08-20 21:47:32.398594,3,2,True,False,2026-08-20 20:20:00,0,,,3,True,0,,,,False,False,True,False
O00738,C0299,R009,D067,delivered,True,1.0,1.0,19.99,delivered_late,False,,2026-08-09 13:42:00,2026-08-09 15:03:36.000000,2026-08-09 15:23:35.138833,3,2,True,False,2026-08-09 13:57:00,0,,,3,True,0,,,,False,False,True,False
O00739,C0291,R025,D034,delivered,True,1.0,1.0,13.71,delivered_late,False,,2026-08-13 16:39:00,2026-08-13 17:40:02.990505,2026-08-13 17:53:45.742225,0,0,False,False,,0,,,0,False,1,PRIORITY_DISPATCH,2026-08-13 16:50:00.000000,operations,True,True,False,False
O00740,C0583,R011,D036,delivered,False,,,,unknown_missing_timestamp,False,TS-04,2026-08-24 22:02:00,2026-08-24 23:24:18.000000,,3,3,False,False,2026-08-24 22:06:00,0,,,3,False,0,,,,False,False,False,False
O00741,C0617,R043,D108,delivered,True,1.0,0.0,6.97,delivered_late,False,,2026-08-28 20:36:00,2026-08-28 21:57:36.000000,2026-08-28 22:04:34.315050,0,0,False,False,,0,,,0,False,0,,,,False,False,False,False
O00742,C0474,R024,D049,delivered,True,1.0,0.0,1.65,delivered_late,False,,2026-08-18 18:06:00,2026-08-18 19:25:48.000000,2026-08-18 19:27:27.003529,1,1,False,False,2026-08-18 18:34:00,0,,,1,False,0,,,,False,False,False,False
O00743,C0733,R018,D110,delivered,True,0.0,0.0,-3.48,delivered_on_time,False,,2026-08-05 21:19:00,2026-08-05 22:01:23.249920,2026-08-05 21:57:54.570280,1,1,False,False,2026-08-05 21:32:00,0,,,1,False,0,,,,False,False,False,False
O00744,C0623,R040,D036,delivered,True,1.0,1.0,15.02,delivered_late,False,,2026-08-17 19:09:00,2026-08-17 20:16:05.244459,2026-08-17 20:31:06.521654,2,2,False,False,2026-08-17 19:32:00,1,eta_changed,2026-08-17 20:01:00,3,True,0,,,,False,False,True,False
O00745,C0373,R006,D093,delivered,True,0.0,0.0,-7.36,delivered_on_time,False,CX-03,2026-08-25 19:34:00,2026-08-25 20:51:24.592917,2026-08-25 20:44:02.820432,0,0,False,False,,0,,,0,False,1,DRIVER_REASSIGNMENT,2026-08-25 19:55:00.000000,dispatch,True,True,False,False
O00746,C0834,R025,D120,delivered,True,1.0,1.0,14.68,delivered_late,False,,2026-08-22 16:59:00,2026-08-22 18:18:48.000000,2026-08-22 18:33:28.728529,3,3,False,False,2026-08-22 17:05:00,0,,,3,False,1,CUSTOMER_CREDIT,2026-08-22 18:29:48.000000,support,True,True,False,False
O00747,C0764,R007,D106,delivered,True,1.0,1.0,16.86,delivered_late,False,RG-03,2026-08-27 17:14:00,2026-08-27 18:39:24.000000,2026-08-27 18:56:15.803340,4,3,True,False,2026-08-27 17:23:00,1,restaurant_delay,2026-08-27 17:50:00,5,True,0,,,,False,False,True,False
O00748,C0576,R017,D059,delivered,True,0.0,0.0,-6.08,delivered_on_time,False,,2026-08-04 20:38:00,2026-08-04 21:53:36.000000,2026-08-04 21:47:31.311921,3,3,False,False,2026-08-04 20:51:00,0,,,3,False,0,,,,False,False,False,False
O00749,C0597,R056,D077,delivered,True,0.0,0.0,-2.12,delivered_on_time,False,,2026-08-04 19:27:00,2026-08-04 20:45:06.000000,2026-08-04 20:42:58.892445,0,0,False,False,,0,,,0,False,1,PRIORITY_DISPATCH,2026-08-04 19:48:00.000000,operations,True,True,False,False
O00750,C0792,R037,D054,delivered,True,0.0,0.0,-14.68,delivered_on_time,False,,2026-08-09 21:46:00,2026-08-09 22:46:36.078780,2026-08-09 22:31:55.191315,1,1,False,False,2026-08-09 22:12:00,0,,,1,False,1,PRIORITY_DISPATCH,2026-08-09 22:11:00.000000,operations,True,True,False,False
O00751,C0153,R005,D005,delivered,True,0.0,0.0,-2.7,delivered_on_time,False,,2026-08-25 20:31:00,2026-08-25 21:49:06.000000,2026-08-25 21:46:24.179864,0,0,False,False,,0,,,0,False,1,RESTAURANT_CONTACT,2026-08-25 20:54:00.000000,support,True,True,False,False
O00752,C0879,R029,D075,delivered,True,1.0,1.0,23.66,delivered_late,False,,2026-08-19 19:57:00,2026-08-19 21:15:06.000000,2026-08-19 21:38:45.600934,3,2,True,False,2026-08-19 20:07:00,0,,,3,True,0,,,,False,False,True,False
O00753,C0446,R013,D108,delivered,True,0.0,0.0,-5.07,delivered_on_time,False,,2026-08-04 16:26:00,2026-08-04 17:20:59.336629,2026-08-04 17:15:55.030876,1,1,False,False,2026-08-04 16:39:00,0,,,1,False,0,,,,False,False,False,False
O00754,C0725,R040,D106,delivered,True,0.0,0.0,-15.84,delivered_on_time,False,,2026-08-21 15:50:00,2026-08-21 17:02:48.000000,2026-08-21 16:46:57.316552,0,0,False,False,,0,,,0,False,1,RESTAURANT_CONTACT,2026-08-21 16:15:00.000000,support,True,True,False,False
O00755,C0710,R004,D108,delivered,True,1.0,1.0,13.11,delivered_late,False,,2026-08-24 20:14:00,2026-08-24 21:17:15.438321,2026-08-24 21:30:22.228010,3,2,True,False,2026-08-24 20:22:00,0,,,3,True,1,RESTAURANT_CONTACT,2026-08-24 20:29:00.000000,support,True,True,False,True
O00756,C0693,R037,D118,delivered,True,1.0,1.0,13.98,delivered_late,False,,2026-08-11 11:12:00,2026-08-11 12:19:11.380514,2026-08-11 12:33:10.430233,3,2,True,False,2026-08-11 11:22:00,0,,,3,True,0,,,,False,False,True,False
O00757,C0785,R020,D055,delivered,True,0.0,0.0,-15.01,delivered_on_time,False,,2026-08-22 17:16:00,2026-08-22 18:23:30.486647,2026-08-22 18:08:29.719161,2,2,False,False,2026-08-22 17:39:00,0,,,2,False,1,PRIORITY_DISPATCH,2026-08-22 17:44:00.000000,operations,True,True,False,False
O00758,C0726,R014,D035,delivered,True,1.0,1.0,11.73,delivered_late,False,,2026-08-27 11:35:00,2026-08-27 12:49:57.848279,2026-08-27 13:01:41.495780,0,0,False,False,,1,eta_changed,2026-08-27 11:56:00,1,True,0,,,,False,False,True,False
O00759,C0732,R022,D105,delivered,True,0.0,0.0,-1.94,delivered_on_time,False,,2026-08-14 18:36:00,2026-08-14 19:33:16.109887,2026-08-14 19:31:19.440433,0,0,False,False,,0,,,0,False,0,,,,False,False,False,False
O00760,C0020,R029,D019,delivered,True,0.0,0.0,-18.75,delivered_on_time,False,,2026-08-08 16:22:00,2026-08-08 17:34:48.000000,2026-08-08 17:16:03.127967,3,3,False,False,2026-08-08 16:31:00,0,,,3,False,0,,,,False,False,False,False
O00761,C0636,R029,D037,delivered,True,1.0,0.0,3.46,delivered_late,False,,2026-08-23 19:35:00,2026-08-23 20:39:37.101339,2026-08-23 20:43:04.841933,0,0,False,False,,0,,,0,False,0,,,,False,False,False,False
O00762,C0653,R055,D018,delivered,True,1.0,1.0,17.38,delivered_late,False,,2026-08-12 18:45:00,2026-08-12 19:57:48.000000,2026-08-12 20:15:10.932354,2,2,False,False,2026-08-12 19:05:00,1,ready_but_waiting,2026-08-12 19:26:00,3,True,0,,,,False,False,True,False
O00763,C0790,R001,D008,delivered,True,1.0,0.0,5.45,delivered_late,False,,2026-08-18 19:19:00,2026-08-18 20:34:36.000000,2026-08-18 20:40:02.777993,2,2,False,False,2026-08-18 19:32:00,0,,,2,False,0,,,,False,False,False,False
O00764,C0097,R020,D097,delivered,True,1.0,0.0,3.46,delivered_late,False,,2026-08-04 20:04:00,2026-08-04 21:07:33.240327,2026-08-04 21:11:01.062942,0,0,False,False,,0,,,0,False,0,,,,False,False,False,False
O00765,C0359,R002,D045,delivered,True,1.0,1.0,13.5,delivered_late,False,,2026-08-04 16:06:00,2026-08-04 17:31:24.000000,2026-08-04 17:44:53.730909,0,0,False,False,,0,,,0,False,0,,,,False,False,False,False
O00766,C0864,R060,D079,delivered,True,0.0,0.0,-4.5,delivered_on_time,True,CX-01;CX-03,2026-08-06 15:12:00,2026-08-06 16:25:27.791776,2026-08-06 16:20:57.640517,0,0,False,False,,0,,,0,False,0,,,,False,False,False,False
O00767,C0425,R005,D012,delivered,True,0.0,0.0,-2.34,delivered_on_time,False,CX-03,2026-08-17 11:20:00,2026-08-17 12:35:36.000000,2026-08-17 12:33:15.486807,1,1,False,False,2026-08-17 11:36:00,0,,,1,False,1,DRIVER_REASSIGNMENT,2026-08-17 11:34:00.000000,dispatch,True,True,False,False
O00768,C0772,R050,D063,delivered,True,0.0,0.0,-13.08,delivered_on_time,False,,2026-08-05 19:36:00,2026-08-05 20:31:51.738157,2026-08-05 20:18:47.085068,2,2,False,False,2026-08-05 19:52:00,0,,,2,False,0,,,,False,False,False,False
O00769,C0318,R036,D093,delivered,True,0.0,0.0,-5.49,delivered_on_time,False,CX-03,2026-08-10 12:43:00,2026-08-10 13:48:01.621138,2026-08-10 13:42:32.216168,1,1,False,False,2026-08-10 13:10:00,0,,,1,False,1,DRIVER_REASSIGNMENT,2026-08-10 13:04:00.000000,dispatch,True,True,False,False
O00770,C0003,R003,D007,delivered,True,1.0,1.0,21.32,delivered_late,False,,2026-08-05 15:52:00,2026-08-05 17:10:06.000000,2026-08-05 17:31:25.050399,0,0,False,False,,0,,,0,False,0,,,,False,False,False,False
O00771,C0474,R006,D018,delivered,True,0.0,0.0,-2.92,delivered_on_time,False,,2026-08-17 18:44:00,2026-08-17 19:48:44.450797,2026-08-17 19:45:49.263517,0,0,False,False,,0,,,0,False,0,,,,False,False,False,False
O00772,C0833,R044,D030,cancelled,False,,,,cancelled,False,,2026-08-10 18:50:00,2026-08-10 20:09:48.000000,,3,3,False,False,2026-08-10 18:55:00,0,,,3,False,1,PRIORITY_DISPATCH,2026-08-10 19:13:00.000000,operations,True,False,False,False
O00773,C0030,R014,D018,delivered,True,0.0,0.0,-8.58,delivered_on_time,False,,2026-08-19 20:36:00,2026-08-19 21:51:22.697384,2026-08-19 21:42:47.957262,0,0,False,False,,0,,,0,False,0,,,,False,False,False,False
O00774,C0260,R028,D011,delivered,False,,,,unknown_missing_timestamp,False,TS-04;RG-03,2026-08-07 12:11:00,2026-08-07 13:30:48.000000,,3,3,False,False,2026-08-07 12:24:00,0,,,3,False,0,,,,False,False,False,False
O00775,C0072,R049,D019,delivered,True,1.0,1.0,23.03,delivered_late,True,CX-01;CX-03,2026-08-08 19:58:00,2026-08-08 21:23:48.000000,2026-08-08 21:46:49.642917,3,2,True,False,2026-08-08 20:08:00,0,,,3,True,0,,,,False,False,True,False
O00776,C0554,R057,D085,delivered,True,1.0,0.0,3.01,delivered_late,False,,2026-08-21 20:17:00,2026-08-21 21:29:38.238547,2026-08-21 21:32:38.791439,1,1,False,False,2026-08-21 20:29:00,0,,,1,False,1,RESTAURANT_CONTACT,2026-08-21 20:44:00.000000,support,True,True,False,False
O00777,C0525,R030,D009,delivered,True,1.0,0.0,5.37,delivered_late,False,CX-03,2026-08-04 12:57:00,2026-08-04 14:11:37.510782,2026-08-04 14:16:59.926145,0,0,False,False,,0,,,0,False,1,DRIVER_REASSIGNMENT,2026-08-04 13:23:00.000000,dispatch,True,True,False,False
O00778,C0068,R059,D015,delivered,True,0.0,0.0,-6.8,delivered_on_time,False,,2026-08-27 21:12:00,2026-08-27 22:37:24.000000,2026-08-27 22:30:35.745486,2,2,False,False,2026-08-27 21:28:00,0,,,2,False,0,,,,False,False,False,False
O00779,C0105,R048,D012,delivered,True,0.0,0.0,-4.22,delivered_on_time,False,,2026-08-15 20:28:00,2026-08-15 21:43:36.000000,2026-08-15 21:39:22.881851,2,2,False,False,2026-08-15 20:44:00,0,,,2,False,1,RESTAURANT_CONTACT,2026-08-15 20:43:00.000000,support,True,True,False,False
O00780,C0580,R036,D027,delivered,True,1.0,1.0,10.94,delivered_late,False,,2026-08-21 12:24:00,2026-08-21 13:36:48.000000,2026-08-21 13:47:44.301327,3,3,False,False,2026-08-21 12:40:00,0,,,3,False,0,,,,False,False,False,False
O00781,C0103,R019,D103,delivered,True,1.0,1.0,13.07,delivered_late,False,RG-03,2026-08-22 12:33:00,2026-08-22 13:48:36.000000,2026-08-22 14:01:40.289785,1,1,False,False,2026-08-22 12:54:00,0,,,1,False,1,PRIORITY_DISPATCH,2026-08-22 12:57:00.000000,operations,True,True,False,False
O00782,C0559,R053,D092,delivered,True,1.0,1.0,16.86,delivered_late,False,CX-03,2026-08-25 18:54:00,2026-08-25 20:09:36.000000,2026-08-25 20:26:27.625735,2,1,True,False,2026-08-25 19:11:00,0,,,2,True,1,DRIVER_REASSIGNMENT,2026-08-25 19:02:00.000000,dispatch,True,True,False,True
O00783,C0572,R053,D103,delivered,True,0.0,0.0,-1.33,delivered_on_time,False,,2026-08-21 18:58:00,2026-08-21 19:48:38.615429,2026-08-21 19:47:18.538610,0,0,False,False,,0,,,0,False,0,,,,False,False,False,False
O00784,C0825,R027,D030,delivered,True,0.0,0.0,-12.59,delivered_on_time,False,,2026-08-05 11:26:00,2026-08-05 12:45:48.000000,2026-08-05 12:33:12.348862,2,2,False,False,2026-08-05 11:31:00,0,,,2,False,0,,,,False,False,False,False
O00785,C0384,R015,D036,delivered,True,0.0,0.0,-12.89,delivered_on_time,False,,2026-08-13 13:33:00,2026-08-13 14:44:41.801794,2026-08-13 14:31:48.226974,1,1,False,False,2026-08-13 13:46:00,0,,,1,False,0,,,,False,False,False,False
O00786,C0058,R052,D090,delivered,True,1.0,1.0,16.09,delivered_late,False,,2026-08-15 16:53:00,2026-08-15 18:16:50.039491,2026-08-15 18:32:55.357258,1,1,False,False,2026-08-15 17:19:00,0,,,1,False,0,,,,False,False,False,False
O00787,C0418,R025,D105,delivered,True,1.0,1.0,17.03,delivered_late,False,,2026-08-22 18:09:00,2026-08-22 19:16:49.628537,2026-08-22 19:33:51.211983,3,3,False,False,2026-08-22 18:22:00,0,,,3,False,0,,,,False,False,False,False
O00788,C0500,R004,D001,delivered,True,0.0,0.0,-5.41,delivered_on_time,False,FR-01,2026-08-03 11:58:00,2026-08-03 12:58:44.604010,2026-08-03 12:53:19.748456,3,3,False,False,2026-08-03 12:03:00,0,,,3,False,0,,,,False,False,False,False
O00789,C0534,R037,D010,delivered,True,1.0,0.0,1.05,delivered_late,False,,2026-08-19 22:28:00,2026-08-19 23:25:47.500868,2026-08-19 23:26:50.309739,3,3,False,False,2026-08-19 22:34:00,0,,,3,False,0,,,,False,False,False,False
O00790,C0587,R013,D115,delivered,True,1.0,1.0,32.77,delivered_late,False,,2026-08-08 23:42:00,2026-08-09 00:44:42.126566,2026-08-09 01:17:28.350692,0,0,False,False,,0,,,0,False,0,,,,False,False,False,False
O00791,C0666,R052,D054,delivered,True,1.0,0.0,6.7,delivered_late,False,CX-03,2026-08-22 18:56:00,2026-08-22 19:50:15.468385,2026-08-22 19:56:57.274536,1,1,False,False,2026-08-22 19:01:00,0,,,1,False,1,DRIVER_REASSIGNMENT,2026-08-22 19:10:00.000000,dispatch,True,True,False,False
O00792,C0871,R007,D071,delivered,True,0.0,0.0,-11.33,delivered_on_time,False,RG-03,2026-08-26 12:38:00,2026-08-26 14:03:24.000000,2026-08-26 13:52:04.417150,1,1,False,False,2026-08-26 13:06:00,0,,,1,False,0,,,,False,False,False,False
O00793,C0830,R060,D003,delivered,True,1.0,1.0,19.58,delivered_late,False,,2026-08-02 19:44:00,2026-08-02 20:59:36.000000,2026-08-02 21:19:10.505173,1,1,False,False,2026-08-02 20:09:00,1,driver_not_moving,2026-08-02 20:28:00,2,True,0,,,,False,False,True,False
O00794,C0613,R012,D066,delivered,True,1.0,1.0,11.63,delivered_late,False,,2026-08-13 14:30:00,2026-08-13 15:21:32.869605,2026-08-13 15:33:10.618217,2,2,False,False,2026-08-13 14:34:00,0,,,2,False,0,,,,False,False,False,False
O00795,C0254,R021,D017,delivered,True,1.0,0.0,1.96,delivered_late,True,CX-01;CX-03,2026-08-10 15:58:00,2026-08-10 17:06:26.846220,2026-08-10 17:08:24.326801,0,0,False,False,,0,,,0,False,0,,,,False,False,False,False
O00796,C0417,R031,D106,delivered,True,0.0,0.0,-8.94,delivered_on_time,False,CX-03,2026-08-25 12:04:00,2026-08-25 13:16:48.000000,2026-08-25 13:07:51.497438,0,0,False,False,,0,,,0,False,1,DRIVER_REASSIGNMENT,2026-08-25 12:20:00.000000,dispatch,True,True,False,False
O00797,C0011,R020,D075,delivered,True,1.0,1.0,19.58,delivered_late,False,,2026-08-07 22:59:00,2026-08-08 00:05:37.188606,2026-08-08 00:25:12.099724,0,0,False,False,,0,,,0,False,0,,,,False,False,False,False
O00798,C0371,R027,D033,cancelled,False,,,,cancelled,False,,2026-08-20 19:30:00,2026-08-20 20:45:36.000000,,2,2,False,False,2026-08-20 19:51:00,0,,,2,False,0,,,,False,False,False,False
O00799,C0009,R031,D077,delivered,True,1.0,1.0,13.3,delivered_late,False,,2026-08-09 13:34:00,2026-08-09 14:34:23.826486,2026-08-09 14:47:41.983965,0,0,False,False,,0,,,0,False,1,CUSTOMER_CREDIT,2026-08-09 14:37:23.826486,support,True,True,False,False
O00800,C0723,R008,D045,delivered,True,0.0,0.0,-1.72,delivered_on_time,True,CX-01;CX-03,2026-08-27 17:15:00,2026-08-27 18:10:18.736927,2026-08-27 18:08:35.250131,3,3,False,False,2026-08-27 17:30:00,0,,,3,False,0,,,,False,False,False,False
O00801,C0331,R058,D079,delivered,True,1.0,1.0,15.04,delivered_late,False,,2026-08-03 16:49:00,2026-08-03 18:10:00.692513,2026-08-03 18:25:02.853593,0,0,False,False,,0,,,0,False,0,,,,False,False,False,False
O00802,C0888,R048,D082,delivered,True,0.0,0.0,-9.46,delivered_on_time,False,,2026-08-08 19:02:00,2026-08-08 20:06:42.929344,2026-08-08 19:57:15.530533,3,3,False,False,2026-08-08 19:16:00,0,,,3,False,0,,,,False,False,False,False
O00803,C0880,R046,D055,delivered,True,1.0,1.0,12.39,delivered_late,False,,2026-08-28 13:20:00,2026-08-28 14:34:17.043488,2026-08-28 14:46:40.708937,1,1,False,False,2026-08-28 13:48:00,1,status_mismatch,2026-08-28 13:51:00,2,True,0,,,,False,False,True,False
O00804,C0031,R057,D092,delivered,True,1.0,0.0,1.85,delivered_late,False,,2026-08-11 14:31:00,2026-08-11 15:39:42.615644,2026-08-11 15:41:33.345375,2,2,False,False,2026-08-11 14:37:00,0,,,2,False,0,,,,False,False,False,False
O00805,C0661,R057,D025,delivered,True,1.0,0.0,9.58,delivered_late,False,,2026-08-04 12:20:00,2026-08-04 13:16:57.835589,2026-08-04 13:26:32.600756,0,0,False,False,,0,,,0,False,0,,,,False,False,False,False
O00806,C0885,R023,D024,delivered,True,0.0,0.0,-0.37,delivered_on_time,False,,2026-08-10 17:23:00,2026-08-10 18:44:56.888901,2026-08-10 18:44:34.522024,0,0,False,False,,0,,,0,False,0,,,,False,False,False,False
O00807,C0327,R056,D077,delivered,True,1.0,0.0,1.39,delivered_late,False,,2026-08-16 20:35:00,2026-08-16 21:53:06.000000,2026-08-16 21:54:29.554123,2,2,False,False,2026-08-16 20:40:00,0,,,2,False,0,,,,False,False,False,False
O00808,C0392,R032,D071,delivered,True,1.0,1.0,28.4,delivered_late,False,,2026-08-01 16:56:00,2026-08-01 18:08:48.000000,2026-08-01 18:37:12.128398,0,0,False,False,,0,,,0,False,1,PRIORITY_DISPATCH,2026-08-01 17:22:00.000000,operations,True,True,False,False
O00809,C0864,R002,D008,delivered,True,0.0,0.0,-10.28,delivered_on_time,False,,2026-08-02 18:14:00,2026-08-02 19:33:48.000000,2026-08-02 19:23:30.952729,2,2,False,False,2026-08-02 18:24:00,0,,,2,False,0,,,,False,False,False,False
O00810,C0274,R013,D111,delivered,True,0.0,0.0,-4.56,delivered_on_time,False,,2026-08-20 19:18:00,2026-08-20 20:17:16.391855,2026-08-20 20:12:43.050330,0,0,False,False,,0,,,0,False,0,,,,False,False,False,False
O00811,C0729,R018,D024,delivered,True,1.0,1.0,13.99,delivered_late,False,CX-03,2026-08-25 17:23:00,2026-08-25 18:34:34.384124,2026-08-25 18:48:33.957100,0,0,False,False,,0,,,0,False,1,DRIVER_REASSIGNMENT,2026-08-25 17:34:00.000000,dispatch,True,True,False,False
O00812,C0575,R023,D094,delivered,True,0.0,0.0,-11.62,delivered_on_time,False,,2026-08-05 16:01:00,2026-08-05 17:09:02.949961,2026-08-05 16:57:25.524261,2,2,False,False,2026-08-05 16:17:00,0,,,2,False,1,RESTAURANT_CONTACT,2026-08-05 16:35:00.000000,support,True,True,False,False
O00813,C0304,R034,D087,delivered,True,0.0,0.0,-4.64,delivered_on_time,False,,2026-08-25 18:56:00,2026-08-25 20:11:36.000000,2026-08-25 20:06:57.402485,3,3,False,False,2026-08-25 19:08:00,0,,,3,False,0,,,,False,False,False,False
O00814,C0765,R008,D011,delivered,True,1.0,1.0,22.38,delivered_late,False,,2026-08-03 17:48:00,2026-08-03 18:26:39.219860,2026-08-03 18:49:02.169069,3,3,False,False,2026-08-03 17:55:00,0,,,3,False,0,,,,False,False,False,False
O00815,C0873,R032,D074,delivered,True,0.0,0.0,-1.69,delivered_on_time,False,,2026-08-08 14:41:00,2026-08-08 16:00:48.000000,2026-08-08 15:59:06.699578,3,3,False,False,2026-08-08 14:54:00,0,,,3,False,0,,,,False,False,False,False
O00816,C0306,R053,D102,delivered,True,1.0,0.0,7.0,delivered_late,False,,2026-08-22 17:32:00,2026-08-22 18:34:36.897195,2026-08-22 18:41:37.075833,3,3,False,False,2026-08-22 17:47:00,0,,,3,False,0,,,,False,False,False,False
O00817,C0727,R030,D035,delivered,True,0.0,0.0,-6.47,delivered_on_time,False,,2026-08-06 17:09:00,2026-08-06 18:27:06.000000,2026-08-06 18:20:37.792251,3,3,False,False,2026-08-06 17:18:00,0,,,3,False,0,,,,False,False,False,False
O00818,C0790,R053,D089,delivered,True,0.0,0.0,-11.29,delivered_on_time,False,,2026-08-10 18:28:00,2026-08-10 19:36:47.165486,2026-08-10 19:25:30.039218,0,0,False,False,,0,,,0,False,0,,,,False,False,False,False
O00819,C0342,R054,D021,delivered,True,1.0,1.0,20.04,delivered_late,False,CX-03,2026-08-12 18:41:00,2026-08-12 20:00:48.000000,2026-08-12 20:20:50.220152,4,3,True,False,2026-08-12 18:47:00,1,late_delivery,2026-08-12 19:25:00,5,True,1,DRIVER_REASSIGNMENT,2026-08-12 19:02:00.000000,dispatch,True,True,False,True
O00820,C0783,R031,D056,delivered,True,1.0,0.0,3.96,delivered_late,False,,2026-08-15 23:38:00,2026-08-16 00:54:51.718652,2026-08-16 00:58:49.331485,1,1,False,False,2026-08-15 23:53:00,0,,,1,False,0,,,,False,False,False,False
O00821,C0642,R006,D095,delivered,True,0.0,0.0,-4.15,delivered_on_time,False,CX-03,2026-08-28 11:17:00,2026-08-28 12:36:12.611291,2026-08-28 12:32:03.677063,3,3,False,False,2026-08-28 11:21:00,0,,,3,False,1,DRIVER_REASSIGNMENT,2026-08-28 11:44:00.000000,dispatch,True,True,False,False
O00822,C0095,R010,D017,delivered,True,0.0,0.0,-7.09,delivered_on_time,False,,2026-08-04 16:16:00,2026-08-04 17:10:33.398140,2026-08-04 17:03:27.894153,2,2,False,False,2026-08-04 16:22:00,1,late_delivery,2026-08-04 16:44:00,3,True,0,,,,False,False,True,False
O00823,C0301,R001,D056,delivered,True,1.0,1.0,12.2,delivered_late,True,CX-01;CX-03,2026-08-23 18:17:00,2026-08-23 19:28:38.013519,2026-08-23 19:40:50.028972,3,2,True,False,2026-08-23 18:23:00,0,,,3,True,0,,,,False,False,True,False
O00824,C0399,R035,D023,cancelled,False,,,,cancelled,False,,2026-08-03 23:56:00,2026-08-04 01:10:05.646384,,0,0,False,False,,0,,,0,False,0,,,,False,False,False,False
O00825,C0023,R021,D026,delivered,True,0.0,0.0,-8.82,delivered_on_time,False,CX-03,2026-08-08 19:51:00,2026-08-08 21:03:48.000000,2026-08-08 20:54:58.768926,2,2,False,False,2026-08-08 20:16:00,0,,,2,False,1,DRIVER_REASSIGNMENT,2026-08-08 20:17:00.000000,dispatch,True,True,False,False
O00826,C0625,R025,D010,delivered,True,1.0,0.0,5.1,delivered_late,False,,2026-08-12 18:30:00,2026-08-12 19:45:36.000000,2026-08-12 19:50:42.166666,0,0,False,False,,0,,,0,False,0,,,,False,False,False,False
O00827,C0332,R005,D081,delivered,True,0.0,0.0,-1.17,delivered_on_time,False,,2026-08-16 19:26:00,2026-08-16 20:41:36.000000,2026-08-16 20:40:25.871737,3,3,False,False,2026-08-16 19:33:00,0,,,3,False,0,,,,False,False,False,False
O00828,C0838,R038,D094,delivered,True,1.0,0.0,9.92,delivered_late,False,,2026-08-18 19:47:00,2026-08-18 21:02:18.000000,2026-08-18 21:12:13.348606,2,2,False,False,2026-08-18 19:53:00,0,,,2,False,1,CUSTOMER_CREDIT,2026-08-18 21:20:18.000000,support,True,False,False,False
O00829,C0155,R049,D067,delivered,True,1.0,0.0,1.41,delivered_late,False,,2026-08-09 22:42:00,2026-08-10 00:07:24.000000,2026-08-10 00:08:48.638223,1,1,False,False,2026-08-09 22:56:00,0,,,1,False,0,,,,False,False,False,False
O00830,C0553,R020,D046,delivered,False,,,,unknown_missing_timestamp,False,TS-04,2026-08-25 23:14:00,2026-08-26 00:25:15.186786,,3,3,False,False,2026-08-25 23:25:00,0,,,3,False,0,,,,False,False,False,False
O00831,C0880,R019,D037,cancelled,False,,,,cancelled,False,,2026-08-25 17:52:00,2026-08-25 19:04:48.000000,,1,1,False,False,2026-08-25 18:15:00,0,,,1,False,0,,,,False,False,False,False
O00832,C0643,R017,D045,delivered,True,0.0,0.0,-3.65,delivered_on_time,False,,2026-08-06 20:43:00,2026-08-06 21:55:48.000000,2026-08-06 21:52:08.761503,1,1,False,False,2026-08-06 20:57:00,0,,,1,False,0,,,,False,False,False,False
O00833,C0343,R045,D094,delivered,True,1.0,0.0,7.44,delivered_late,False,,2026-08-20 19:43:00,2026-08-20 20:41:21.792437,2026-08-20 20:48:48.295012,3,3,False,False,2026-08-20 19:55:00,0,,,3,False,0,,,,False,False,False,False
O00834,C0398,R016,D032,delivered,True,1.0,0.0,9.54,delivered_late,False,,2026-08-16 20:05:00,2026-08-16 21:20:36.000000,2026-08-16 21:30:08.134635,2,2,False,False,2026-08-16 20:15:00,0,,,2,False,0,,,,False,False,False,False
O00835,C0803,R013,D014,delivered,True,1.0,0.0,0.66,delivered_late,False,CX-03,2026-08-14 12:43:00,2026-08-14 13:54:46.487263,2026-08-14 13:55:26.155154,1,1,False,False,2026-08-14 13:00:00,1,ready_but_waiting,2026-08-14 13:02:00,2,True,1,DRIVER_REASSIGNMENT,2026-08-14 13:06:00.000000,dispatch,True,True,False,True
O00836,C0263,R029,D070,delivered,True,1.0,1.0,20.89,delivered_late,False,,2026-08-17 18:57:00,2026-08-17 20:15:06.000000,2026-08-17 20:35:59.649573,0,0,False,False,,0,,,0,False,0,,,,False,False,False,False
O00837,C0343,R033,D067,delivered,True,1.0,0.0,3.92,delivered_late,False,,2026-08-21 22:49:00,2026-08-22 00:04:36.000000,2026-08-22 00:08:31.250876,0,0,False,False,,0,,,0,False,0,,,,False,False,False,False
O00838,C0276,R030,D014,delivered,True,0.0,0.0,-11.0,delivered_on_time,False,,2026-08-01 18:23:00,2026-08-01 19:16:13.742166,2026-08-01 19:05:13.824800,3,3,False,False,2026-08-01 18:29:00,0,,,3,False,0,,,,False,False,False,False
O00839,C0526,R004,D037,delivered,True,1.0,0.0,3.53,delivered_late,False,,2026-08-17 22:58:00,2026-08-18 00:05:58.318565,2026-08-18 00:09:30.201692,1,1,False,False,2026-08-17 23:07:00,0,,,1,False,0,,,,False,False,False,False
O00840,C0016,R009,D011,cancelled,False,,,,cancelled,False,,2026-08-07 13:08:00,2026-08-07 14:27:48.000000,,3,3,False,False,2026-08-07 13:13:00,0,,,3,False,0,,,,False,False,False,False
O00841,C0118,R031,D083,delivered,True,1.0,0.0,1.64,delivered_late,False,,2026-08-19 18:19:00,2026-08-19 19:38:48.000000,2026-08-19 19:40:26.637445,3,3,False,False,2026-08-19 18:25:00,0,,,3,False,0,,,,False,False,False,False
O00842,C0660,R042,D116,delivered,True,1.0,1.0,17.75,delivered_late,False,,2026-08-26 12:42:00,2026-08-26 13:38:20.981075,2026-08-26 13:56:06.259045,2,2,False,False,2026-08-26 12:53:00,1,eta_changed,2026-08-26 13:25:00,3,True,1,RESTAURANT_CONTACT,2026-08-26 13:17:00.000000,support,True,True,False,True
O00843,C0439,R036,D100,delivered,True,1.0,0.0,4.61,delivered_late,False,,2026-08-02 21:49:00,2026-08-02 22:46:34.120516,2026-08-02 22:51:10.627848,2,2,False,False,2026-08-02 22:03:00,0,,,2,False,0,,,,False,False,False,False
O00844,C0588,R013,D099,delivered,True,1.0,0.0,7.36,delivered_late,False,,2026-08-25 12:38:00,2026-08-25 13:39:18.931456,2026-08-25 13:46:40.829338,2,2,False,False,2026-08-25 12:44:00,0,,,2,False,0,,,,False,False,False,False
O00845,C0597,R006,D077,delivered,True,1.0,1.0,11.34,delivered_late,False,,2026-08-16 18:24:00,2026-08-16 19:11:32.755501,2026-08-16 19:22:52.966966,0,0,False,False,,1,ready_but_waiting,2026-08-16 19:16:00,1,True,1,PRIORITY_DISPATCH,2026-08-16 18:49:00.000000,operations,True,True,False,True
O00846,C0140,R042,D082,delivered,True,0.0,0.0,-3.21,delivered_on_time,False,,2026-08-18 18:40:00,2026-08-18 19:48:16.754904,2026-08-18 19:45:04.036445,0,0,False,False,,0,,,0,False,0,,,,False,False,False,False
O00847,C0481,R013,D035,delivered,True,1.0,0.0,2.32,delivered_late,False,,2026-08-17 19:17:00,2026-08-17 20:13:55.935743,2026-08-17 20:16:15.230207,3,3,False,False,2026-08-17 19:24:00,0,,,3,False,0,,,,False,False,False,False
O00848,C0682,R001,D043,delivered,True,0.0,0.0,-2.43,delivered_on_time,False,,2026-08-17 13:46:00,2026-08-17 15:05:48.000000,2026-08-17 15:03:22.390052,0,0,False,False,,0,,,0,False,0,,,,False,False,False,False
O00849,C0739,R024,D117,delivered,True,1.0,1.0,10.48,delivered_late,False,,2026-08-20 12:07:00,2026-08-20 13:34:54.000000,2026-08-20 13:45:22.878021,2,1,True,False,2026-08-20 12:28:00,0,,,2,True,0,,,,False,False,True,False
O00850,C0412,R028,D002,delivered,True,0.0,0.0,-8.24,delivered_on_time,False,,2026-08-16 18:20:00,2026-08-16 19:19:51.236850,2026-08-16 19:11:36.841928,1,1,False,False,2026-08-16 18:31:00,0,,,1,False,0,,,,False,False,False,False
O00851,C0584,R015,D083,delivered,True,0.0,0.0,-10.8,delivered_on_time,False,,2026-08-07 11:42:00,2026-08-07 12:53:19.986771,2026-08-07 12:42:31.839199,0,0,False,False,,0,,,0,False,0,,,,False,False,False,False
O00852,C0808,R043,D118,delivered,True,1.0,1.0,16.21,delivered_late,False,,2026-08-08 13:52:00,2026-08-08 15:07:36.000000,2026-08-08 15:23:48.566562,3,3,False,False,2026-08-08 14:00:00,0,,,3,False,1,PRIORITY_DISPATCH,2026-08-08 14:11:00.000000,operations,True,True,False,False
O00853,C0335,R005,D036,delivered,True,1.0,0.0,9.46,delivered_late,False,CX-03,2026-08-04 11:42:00,2026-08-04 12:35:37.707596,2026-08-04 12:45:05.247031,1,1,False,False,2026-08-04 12:10:00,0,,,1,False,1,DRIVER_REASSIGNMENT,2026-08-04 11:53:00.000000,dispatch,True,True,False,False
O00854,C0575,R018,D094,delivered,True,1.0,1.0,17.82,delivered_late,False,,2026-08-22 18:50:00,2026-08-22 20:09:48.000000,2026-08-22 20:27:37.081650,2,2,False,False,2026-08-22 19:11:00,1,ready_but_waiting,2026-08-22 19:24:00,3,True,0,,,,False,False,True,False
O00855,C0377,R016,D093,delivered,True,1.0,0.0,2.38,delivered_late,True,CX-01;CX-03,2026-08-23 16:14:00,2026-08-23 17:32:06.000000,2026-08-23 17:34:28.591437,3,3,False,False,2026-08-23 16:28:00,0,,,3,False,0,,,,False,False,False,False
O00856,C0735,R048,D086,delivered,True,0.0,0.0,-9.73,delivered_on_time,False,,2026-08-03 18:22:00,2026-08-03 19:29:18.716564,2026-08-03 19:19:34.964724,2,2,False,False,2026-08-03 18:31:00,0,,,2,False,0,,,,False,False,False,False
O00857,C0244,R053,D088,delivered,True,1.0,1.0,10.64,delivered_late,False,,2026-08-23 18:16:00,2026-08-23 19:29:08.492787,2026-08-23 19:39:46.767632,3,2,True,False,2026-08-23 18:33:00,0,,,3,True,0,,,,False,False,True,False
O00858,C0528,R046,D008,delivered,True,1.0,0.0,6.7,delivered_late,False,,2026-08-02 18:50:00,2026-08-02 20:07:03.233589,2026-08-02 20:13:45.040736,3,3,False,False,2026-08-02 18:56:00,0,,,3,False,1,PRIORITY_DISPATCH,2026-08-02 19:08:00.000000,operations,True,True,False,False
O00859,C0841,R017,D059,delivered,True,0.0,0.0,-6.01,delivered_on_time,False,,2026-08-09 20:11:00,2026-08-09 21:06:09.468610,2026-08-09 21:00:09.009957,0,0,False,False,,0,,,0,False,0,,,,False,False,False,False
O00860,C0518,R014,D113,delivered,True,0.0,0.0,-7.87,delivered_on_time,False,,2026-08-17 21:25:00,2026-08-17 22:17:30.618676,2026-08-17 22:09:38.345727,0,0,False,False,,0,,,0,False,1,PRIORITY_DISPATCH,2026-08-17 21:50:00.000000,operations,True,True,False,False
O00861,C0183,R022,D058,delivered,True,1.0,0.0,4.97,delivered_late,False,,2026-08-03 23:08:00,2026-08-04 00:13:17.526173,2026-08-04 00:18:15.808052,3,3,False,False,2026-08-03 23:12:00,0,,,3,False,0,,,,False,False,False,False
O00862,C0067,R025,D096,delivered,True,1.0,1.0,24.1,delivered_late,False,CX-03,2026-08-09 18:26:00,2026-08-09 19:41:18.000000,2026-08-09 20:05:24.298945,2,1,True,False,2026-08-09 18:35:00,1,late_delivery,2026-08-09 19:17:00,3,True,1,DRIVER_REASSIGNMENT,2026-08-09 18:41:00.000000,dispatch,True,True,False,True
O00863,C0657,R032,D103,delivered,True,0.0,0.0,-2.09,delivered_on_time,False,,2026-08-25 19:09:00,2026-08-25 20:24:36.000000,2026-08-25 20:22:30.421397,0,0,False,False,,0,,,0,False,0,,,,False,False,False,False
O00864,C0237,R018,D076,delivered,True,1.0,0.0,2.07,delivered_late,False,,2026-08-15 13:03:00,2026-08-15 14:06:19.178423,2026-08-15 14:08:23.327115,3,3,False,False,2026-08-15 13:09:00,0,,,3,False,0,,,,False,False,False,False
O00865,C0272,R010,D036,delivered,True,0.0,0.0,-9.57,delivered_on_time,False,,2026-08-28 21:04:00,2026-08-28 22:19:36.000000,2026-08-28 22:10:01.532718,0,0,False,False,,0,,,0,False,0,,,,False,False,False,False
O00866,C0342,R029,D119,delivered,True,0.0,0.0,-12.15,delivered_on_time,False,,2026-08-11 20:29:00,2026-08-11 21:44:36.000000,2026-08-11 21:32:27.228041,0,0,False,False,,0,,,0,False,0,,,,False,False,False,False
O00867,C0587,R047,D100,delivered,True,1.0,0.0,0.8,delivered_late,False,,2026-08-24 18:04:00,2026-08-24 19:04:51.843400,2026-08-24 19:05:40.020409,0,0,False,False,,0,,,0,False,0,,,,False,False,False,False
O00868,C0881,R021,D008,delivered,True,1.0,0.0,6.97,delivered_late,False,,2026-08-02 11:00:00,2026-08-02 12:25:24.000000,2026-08-02 12:32:22.041184,0,0,False,False,,0,,,0,False,1,CUSTOMER_CREDIT,2026-08-02 12:40:24.000000,support,True,False,False,False
O00869,C0519,R033,D010,delivered,True,0.0,0.0,-4.78,delivered_on_time,False,,2026-08-09 20:50:00,2026-08-09 22:02:48.000000,2026-08-09 21:58:01.471632,3,3,False,False,2026-08-09 20:57:00,1,driver_not_moving,2026-08-09 21:36:00,4,True,0,,,,False,False,True,False
O00870,C0166,R044,D043,delivered,True,1.0,0.0,3.32,delivered_late,False,,2026-08-27 20:40:00,2026-08-27 21:57:42.489444,2026-08-27 22:01:01.794127,2,2,False,False,2026-08-27 20:56:00,0,,,2,False,0,,,,False,False,False,False
O00871,C0621,R024,D092,delivered,True,0.0,0.0,-7.02,delivered_on_time,False,,2026-08-17 16:46:00,2026-08-17 18:11:24.000000,2026-08-17 18:04:22.619317,0,0,False,False,,0,,,0,False,1,RESTAURANT_CONTACT,2026-08-17 17:03:00.000000,support,True,True,False,False
O00872,C0139,R056,D114,delivered,True,1.0,0.0,2.8,delivered_late,False,,2026-08-18 18:26:00,2026-08-18 19:45:48.000000,2026-08-18 19:48:35.861226,0,0,False,False,,0,,,0,False,1,RESTAURANT_CONTACT,2026-08-18 18:40:00.000000,support,True,True,False,False
O00873,C0301,R060,D010,delivered,True,0.0,0.0,-4.12,delivered_on_time,False,FR-01,2026-08-05 17:01:00,2026-08-05 18:00:16.242666,2026-08-05 17:56:08.815245,3,3,False,False,2026-08-05 17:16:00,0,,,3,False,0,,,,False,False,False,False
O00874,C0133,R018,D008,delivered,True,1.0,1.0,28.01,delivered_late,False,,2026-08-06 19:37:00,2026-08-06 20:51:29.097055,2026-08-06 21:19:29.735858,2,2,False,False,2026-08-06 19:43:00,0,,,2,False,0,,,,False,False,False,False
O00875,C0356,R060,D069,delivered,True,1.0,1.0,12.12,delivered_late,False,,2026-08-10 23:23:00,2026-08-11 00:20:37.298015,2026-08-11 00:32:44.542189,4,3,True,False,2026-08-10 23:37:00,0,,,4,True,1,RESTAURANT_CONTACT,2026-08-10 23:45:00.000000,support,True,True,False,True
O00876,C0754,R007,D095,delivered,True,0.0,0.0,-14.03,delivered_on_time,False,RG-03,2026-08-27 22:50:00,2026-08-28 00:02:48.000000,2026-08-27 23:48:45.962206,2,2,False,False,2026-08-27 23:09:00,0,,,2,False,0,,,,False,False,False,False
O00877,C0612,R005,D073,delivered,True,0.0,0.0,-6.46,delivered_on_time,False,,2026-08-20 14:18:00,2026-08-20 15:33:18.000000,2026-08-20 15:26:50.368469,1,1,False,False,2026-08-20 14:39:00,0,,,1,False,0,,,,False,False,False,False
O00878,C0815,R043,D030,delivered,True,1.0,1.0,15.59,delivered_late,False,,2026-08-07 15:09:00,2026-08-07 16:02:01.870260,2026-08-07 16:17:37.155106,2,2,False,False,2026-08-07 15:14:00,0,,,2,False,1,RESTAURANT_CONTACT,2026-08-07 15:34:00.000000,support,True,True,False,False
O00879,C0049,R049,D005,delivered,True,0.0,0.0,-0.05,delivered_on_time,False,,2026-08-21 19:42:00,2026-08-21 20:56:48.715750,2026-08-21 20:56:45.964326,1,1,False,False,2026-08-21 20:00:00,0,,,1,False,0,,,,False,False,False,False
O00880,C0345,R060,D038,delivered,True,0.0,0.0,-4.38,delivered_on_time,False,,2026-08-09 17:52:00,2026-08-09 18:58:22.514305,2026-08-09 18:53:59.606120,0,0,False,False,,0,,,0,False,0,,,,False,False,False,False
O00881,C0641,R009,D009,delivered,True,1.0,0.0,7.85,delivered_late,False,,2026-08-14 12:56:00,2026-08-14 14:21:24.000000,2026-08-14 14:29:15.196188,3,3,False,False,2026-08-14 13:17:00,0,,,3,False,0,,,,False,False,False,False
O00882,C0155,R009,D104,delivered,True,0.0,0.0,-0.7,delivered_on_time,False,CX-03,2026-08-26 19:21:00,2026-08-26 20:33:48.000000,2026-08-26 20:33:05.772625,2,2,False,False,2026-08-26 19:29:00,0,,,2,False,1,DRIVER_REASSIGNMENT,2026-08-26 19:45:00.000000,dispatch,True,True,False,False
O00883,C0769,R046,D032,delivered,True,1.0,0.0,9.0,delivered_late,False,,2026-08-15 23:37:00,2026-08-16 00:26:30.988001,2026-08-16 00:35:31.174890,3,3,False,False,2026-08-15 23:44:00,1,status_mismatch,2026-08-16 00:32:00,4,True,0,,,,False,False,True,False
O00884,C0177,R011,D011,delivered,True,1.0,1.0,19.59,delivered_late,False,RG-03;CX-03,2026-08-19 14:16:00,2026-08-19 15:15:45.868172,2026-08-19 15:35:21.381588,3,2,True,False,2026-08-19 14:21:00,0,,,3,True,1,DRIVER_REASSIGNMENT,2026-08-19 14:38:00.000000,dispatch,True,True,False,True
O00885,C0316,R044,D078,delivered,True,0.0,0.0,-2.33,delivered_on_time,False,,2026-08-18 20:34:00,2026-08-18 21:47:48.885839,2026-08-18 21:45:28.988525,0,0,False,False,,0,,,0,False,1,RESTAURANT_CONTACT,2026-08-18 20:50:00.000000,support,True,True,False,False
O00886,C0282,R002,D085,delivered,True,0.0,0.0,-3.81,delivered_on_time,False,,2026-08-28 14:24:00,2026-08-28 15:39:36.000000,2026-08-28 15:35:47.311797,1,1,False,False,2026-08-28 14:46:00,0,,,1,False,0,,,,False,False,False,False
O00887,C0579,R048,D044,delivered,True,1.0,0.0,0.06,delivered_late,False,RG-03,2026-08-10 19:26:00,2026-08-10 20:38:48.000000,2026-08-10 20:38:51.484045,1,1,False,False,2026-08-10 19:38:00,0,,,1,False,0,,,,False,False,False,False
O00888,C0774,R056,D086,delivered,True,1.0,0.0,7.14,delivered_late,False,,2026-08-08 12:49:00,2026-08-08 14:11:18.000000,2026-08-08 14:18:26.668317,1,1,False,False,2026-08-08 12:55:00,0,,,1,False,1,RESTAURANT_CONTACT,2026-08-08 13:14:00.000000,support,True,True,False,False
O00889,C0035,R007,D050,delivered,True,0.0,0.0,-2.18,delivered_on_time,False,RG-03;CX-03,2026-08-13 20:34:00,2026-08-13 21:59:24.000000,2026-08-13 21:57:13.014797,0,0,False,False,,0,,,0,False,1,DRIVER_REASSIGNMENT,2026-08-13 21:01:00.000000,dispatch,True,True,False,False
O00890,C0883,R038,D021,delivered,True,0.0,0.0,-5.11,delivered_on_time,False,,2026-08-25 19:01:00,2026-08-25 20:16:36.000000,2026-08-25 20:11:29.181119,2,2,False,False,2026-08-25 19:16:00,0,,,2,False,1,RESTAURANT_CONTACT,2026-08-25 19:33:00.000000,support,True,True,False,False
O00891,C0733,R049,D040,delivered,True,1.0,0.0,1.54,delivered_late,False,CX-03,2026-08-22 22:49:00,2026-08-22 23:55:15.184583,2026-08-22 23:56:47.317381,2,2,False,False,2026-08-22 22:56:00,0,,,2,False,1,DRIVER_REASSIGNMENT,2026-08-22 22:58:00.000000,dispatch,True,True,False,False
O00892,C0385,R025,D054,delivered,True,1.0,1.0,20.87,delivered_late,False,,2026-08-21 17:47:00,2026-08-21 19:12:48.000000,2026-08-21 19:33:40.281369,0,0,False,False,,0,,,0,False,0,,,,False,False,False,False
O00893,C0556,R051,D081,delivered,True,1.0,1.0,30.32,delivered_late,False,,2026-08-08 16:52:00,2026-08-08 17:54:57.666880,2026-08-08 18:25:17.031993,4,3,True,False,2026-08-08 17:01:00,0,,,4,True,0,,,,False,False,True,False
O00894,C0875,R047,D020,delivered,True,1.0,0.0,5.52,delivered_late,False,,2026-08-14 11:18:00,2026-08-14 12:23:52.577265,2026-08-14 12:29:23.728062,1,1,False,False,2026-08-14 11:31:00,0,,,1,False,0,,,,False,False,False,False
O00895,C0346,R043,D068,delivered,True,1.0,0.0,3.29,delivered_late,False,,2026-08-03 14:17:00,2026-08-03 15:13:23.559219,2026-08-03 15:16:40.717322,3,3,False,False,2026-08-03 14:21:00,0,,,3,False,0,,,,False,False,False,False
O00896,C0653,R013,D001,delivered,True,1.0,1.0,30.8,delivered_late,False,CX-03,2026-08-14 12:21:00,2026-08-14 13:29:34.149923,2026-08-14 14:00:22.095090,2,2,False,False,2026-08-14 12:31:00,0,,,2,False,1,DRIVER_REASSIGNMENT,2026-08-14 12:45:00.000000,dispatch,True,True,False,False
O00897,C0149,R055,D028,delivered,True,0.0,0.0,-3.47,delivered_on_time,True,RG-03;CX-01;CX-03,2026-08-18 21:15:00,2026-08-18 22:27:48.000000,2026-08-18 22:24:19.611152,3,3,False,False,2026-08-18 21:35:00,0,,,3,False,0,,,,False,False,False,False
O00898,C0680,R037,D046,delivered,True,1.0,0.0,5.49,delivered_late,False,,2026-08-09 18:46:00,2026-08-09 19:56:07.924199,2026-08-09 20:01:37.346141,1,1,False,False,2026-08-09 19:02:00,0,,,1,False,0,,,,False,False,False,False
O00899,C0577,R044,D093,delivered,True,1.0,0.0,0.58,delivered_late,False,,2026-08-14 15:38:00,2026-08-14 16:59:36.000000,2026-08-14 17:00:11.093410,3,3,False,False,2026-08-14 15:56:00,0,,,3,False,1,RESTAURANT_CONTACT,2026-08-14 16:12:00.000000,support,True,True,False,False
O00900,C0106,R039,D066,delivered,True,1.0,0.0,1.37,delivered_late,False,,2026-08-24 11:04:00,2026-08-24 12:23:48.000000,2026-08-24 12:25:10.238259,3,3,False,False,2026-08-24 11:10:00,0,,,3,False,1,PRIORITY_DISPATCH,2026-08-24 11:32:00.000000,operations,True,True,False,False
O00901,C0629,R015,D100,delivered,True,1.0,0.0,1.99,delivered_late,False,,2026-08-28 17:26:00,2026-08-28 18:41:36.000000,2026-08-28 18:43:35.316572,0,0,False,False,,0,,,0,False,0,,,,False,False,False,False
O00902,C0381,R012,D069,delivered,True,0.0,0.0,-4.27,delivered_on_time,False,,2026-08-09 11:29:00,2026-08-09 12:26:28.417076,2026-08-09 12:22:12.015363,0,0,False,False,,0,,,0,False,0,,,,False,False,False,False
O00903,C0631,R044,D010,delivered,True,1.0,0.0,4.71,delivered_late,False,,2026-08-03 19:22:00,2026-08-03 20:33:11.065545,2026-08-03 20:37:53.421810,3,3,False,False,2026-08-03 19:29:00,0,,,3,False,0,,,,False,False,False,False
O00904,C0311,R057,D088,delivered,True,1.0,1.0,18.12,delivered_late,False,,2026-08-08 23:35:00,2026-08-09 00:48:05.486411,2026-08-09 01:06:12.757872,2,1,True,False,2026-08-08 23:47:00,0,,,2,True,0,,,,False,False,True,False
O00905,C0664,R049,D023,delivered,True,1.0,0.0,7.21,delivered_late,False,,2026-08-04 15:18:00,2026-08-04 16:33:36.000000,2026-08-04 16:40:48.665714,3,3,False,False,2026-08-04 15:29:00,0,,,3,False,0,,,,False,False,False,False
O00906,C0203,R050,D080,delivered,True,1.0,0.0,9.45,delivered_late,False,,2026-08-25 19:35:00,2026-08-25 20:44:02.775957,2026-08-25 20:53:29.750617,3,3,False,False,2026-08-25 19:39:00,0,,,3,False,0,,,,False,False,False,False
O00907,C0631,R015,D046,delivered,True,0.0,0.0,-14.36,delivered_on_time,False,,2026-08-20 13:15:00,2026-08-20 14:09:33.200463,2026-08-20 13:55:11.360812,2,2,False,False,2026-08-20 13:22:00,0,,,2,False,0,,,,False,False,False,False
O00908,C0459,R035,D044,delivered,True,0.0,0.0,-19.67,delivered_on_time,False,TS-07,2026-08-14 21:13:00,2026-08-14 22:28:36.000000,2026-08-14 22:08:55.755524,3,3,False,False,2026-08-14 21:20:00,0,,,3,False,0,,,,False,False,False,False
O00909,C0697,R026,D048,delivered,True,1.0,1.0,23.72,delivered_late,False,,2026-08-19 17:17:00,2026-08-19 18:39:18.000000,2026-08-19 19:03:00.986423,0,0,False,False,,0,,,0,False,1,RESTAURANT_CONTACT,2026-08-19 17:50:00.000000,support,True,True,False,False
O00910,C0464,R057,D106,delivered,False,,,,unknown_missing_timestamp,False,TS-04,2026-08-27 18:13:00,2026-08-27 19:25:42.545080,,2,2,False,False,2026-08-27 18:20:00,0,,,2,False,0,,,,False,False,False,False
O00911,C0396,R053,D055,delivered,True,0.0,0.0,-10.34,delivered_on_time,False,,2026-08-01 19:12:00,2026-08-01 20:00:36.630456,2026-08-01 19:50:16.359030,0,0,False,False,,0,,,0,False,0,,,,False,False,False,False
O00912,C0141,R004,D029,delivered,False,,,,unknown_missing_timestamp,False,TS-04,2026-08-21 20:48:00,2026-08-21 21:30:16.837667,,2,2,False,False,2026-08-21 21:11:00,0,,,2,False,0,,,,False,False,False,False
O00913,C0692,R035,D028,delivered,True,0.0,0.0,-11.9,delivered_on_time,False,,2026-08-08 19:10:00,2026-08-08 20:25:36.000000,2026-08-08 20:13:41.763931,0,0,False,False,,0,,,0,False,0,,,,False,False,False,False
O00914,C0281,R019,D022,delivered,True,1.0,0.0,6.66,delivered_late,False,RG-03;CX-03,2026-08-07 22:27:00,2026-08-07 23:42:18.000000,2026-08-07 23:48:57.849507,2,2,False,False,2026-08-07 22:36:00,0,,,2,False,1,DRIVER_REASSIGNMENT,2026-08-07 22:35:00.000000,dispatch,True,True,False,False
O00915,C0827,R049,D115,delivered,True,0.0,0.0,-3.13,delivered_on_time,False,,2026-08-04 20:08:00,2026-08-04 21:27:48.000000,2026-08-04 21:24:40.009352,1,1,False,False,2026-08-04 20:34:00,0,,,1,False,1,CUSTOMER_CREDIT,2026-08-04 21:32:48.000000,support,True,False,False,False
O00916,C0082,R037,D088,delivered,True,1.0,1.0,10.82,delivered_late,False,,2026-08-02 18:38:00,2026-08-02 19:53:36.000000,2026-08-02 20:04:25.336872,2,1,True,False,2026-08-02 18:55:00,0,,,2,True,0,,,,False,False,True,False
O00917,C0531,R044,D111,delivered,True,0.0,0.0,-5.89,delivered_on_time,False,,2026-08-17 13:28:00,2026-08-17 14:40:48.000000,2026-08-17 14:34:54.491923,1,1,False,False,2026-08-17 13:33:00,0,,,1,False,0,,,,False,False,False,False
O00918,C0694,R046,D005,delivered,True,0.0,0.0,-15.46,delivered_on_time,False,FR-01,2026-08-23 11:51:00,2026-08-23 13:08:17.565553,2026-08-23 12:52:49.800003,3,3,False,False,2026-08-23 12:09:00,0,,,3,False,1,RESTAURANT_CONTACT,2026-08-23 12:07:00.000000,support,True,True,False,False
O00919,C0698,R039,D061,delivered,True,1.0,0.0,6.67,delivered_late,False,,2026-08-21 17:50:00,2026-08-21 18:49:12.592852,2026-08-21 18:55:52.875706,2,2,False,False,2026-08-21 18:00:00,0,,,2,False,0,,,,False,False,False,False
O00920,C0520,R011,D049,delivered,True,1.0,1.0,14.02,delivered_late,True,RG-03;CX-01;CX-03,2026-08-18 18:31:00,2026-08-18 19:30:22.094585,2026-08-18 19:44:23.256844,0,0,False,False,,0,,,0,False,0,,,,False,False,False,False
O00921,C0403,R046,D043,delivered,True,0.0,0.0,-5.87,delivered_on_time,False,,2026-08-09 21:24:00,2026-08-09 22:25:38.137244,2026-08-09 22:19:45.866925,0,0,False,False,,0,,,0,False,0,,,,False,False,False,False
O00922,C0316,R002,D041,delivered,True,1.0,0.0,6.42,delivered_late,False,,2026-08-10 20:50:00,2026-08-10 22:05:36.000000,2026-08-10 22:12:01.457805,1,1,False,False,2026-08-10 21:11:00,0,,,1,False,0,,,,False,False,False,False
O00923,C0426,R038,D097,delivered,True,0.0,0.0,-13.77,delivered_on_time,False,,2026-08-28 22:11:00,2026-08-28 23:23:48.000000,2026-08-28 23:10:01.755244,3,3,False,False,2026-08-28 22:17:00,0,,,3,False,1,CUSTOMER_CREDIT,2026-08-28 23:33:48.000000,support,True,False,False,False
O00924,C0674,R026,D114,delivered,True,1.0,0.0,2.03,delivered_late,False,,2026-08-08 18:24:00,2026-08-08 19:43:48.000000,2026-08-08 19:45:49.739067,3,3,False,False,2026-08-08 18:34:00,1,eta_changed,2026-08-08 18:44:00,4,True,0,,,,False,False,True,False
O00925,C0896,R057,D048,delivered,True,1.0,0.0,9.26,delivered_late,False,FR-01,2026-08-10 17:10:00,2026-08-10 18:25:18.000000,2026-08-10 18:34:33.794477,2,1,True,False,2026-08-10 17:33:00,1,ready_but_waiting,2026-08-10 17:47:00,3,True,0,,,,False,False,True,False
O00926,C0462,R054,D098,delivered,True,0.0,0.0,-0.51,delivered_on_time,False,,2026-08-21 17:22:00,2026-08-21 18:47:24.000000,2026-08-21 18:46:53.310715,1,1,False,False,2026-08-21 17:43:00,0,,,1,False,0,,,,False,False,False,False
O00927,C0705,R046,D106,delivered,True,0.0,0.0,-0.23,delivered_on_time,False,,2026-08-01 19:30:00,2026-08-01 20:29:02.748572,2026-08-01 20:28:48.650446,2,2,False,False,2026-08-01 19:57:00,0,,,2,False,0,,,,False,False,False,False
O00928,C0249,R019,D056,delivered,True,1.0,1.0,12.1,delivered_late,False,RG-03,2026-08-17 18:53:00,2026-08-17 20:18:24.000000,2026-08-17 20:30:29.772368,0,0,False,False,,0,,,0,False,1,CUSTOMER_CREDIT,2026-08-17 20:37:24.000000,support,True,False,False,False
O00929,C0859,R051,D094,delivered,True,0.0,0.0,-4.49,delivered_on_time,False,,2026-08-07 22:13:00,2026-08-07 23:19:24.176783,2026-08-07 23:14:54.509048,1,1,False,False,2026-08-07 22:38:00,0,,,1,False,0,,,,False,False,False,False
O00930,C0220,R022,D120,delivered,True,1.0,1.0,29.48,delivered_late,False,,2026-08-15 18:46:00,2026-08-15 19:50:13.234987,2026-08-15 20:19:42.080527,1,1,False,False,2026-08-15 19:13:00,1,status_mismatch,2026-08-15 19:04:00,2,True,0,,,,False,False,True,False
O00931,C0388,R030,D087,delivered,True,0.0,0.0,-11.48,delivered_on_time,False,,2026-08-03 22:58:00,2026-08-04 00:17:48.000000,2026-08-04 00:06:19.307256,2,2,False,False,2026-08-03 23:11:00,0,,,2,False,0,,,,False,False,False,False
O00932,C0454,R021,D071,delivered,True,0.0,0.0,-1.5,delivered_on_time,False,,2026-08-27 11:51:00,2026-08-27 13:03:48.000000,2026-08-27 13:02:17.700334,1,1,False,False,2026-08-27 12:09:00,0,,,1,False,0,,,,False,False,False,False
O00933,C0645,R051,D010,delivered,True,1.0,0.0,0.48,delivered_late,False,CX-03,2026-08-20 12:46:00,2026-08-20 14:08:18.000000,2026-08-20 14:08:46.929272,2,2,False,False,2026-08-20 13:08:00,0,,,2,False,1,DRIVER_REASSIGNMENT,2026-08-20 13:10:00.000000,dispatch,True,True,False,False
O00934,C0761,R027,D117,delivered,True,1.0,0.0,7.62,delivered_late,False,,2026-08-21 20:18:00,2026-08-21 21:30:48.000000,2026-08-21 21:38:25.193680,0,0,False,False,,0,,,0,False,0,,,,False,False,False,False
O00935,C0094,R060,D060,delivered,True,1.0,0.0,3.44,delivered_late,False,,2026-08-03 15:17:00,2026-08-03 16:12:21.140728,2026-08-03 16:15:47.593295,1,1,False,False,2026-08-03 15:38:00,0,,,1,False,0,,,,False,False,False,False
O00936,C0767,R055,D068,delivered,True,1.0,0.0,0.44,delivered_late,False,,2026-08-25 20:15:00,2026-08-25 21:30:16.538034,2026-08-25 21:30:43.188479,1,1,False,False,2026-08-25 20:22:00,0,,,1,False,0,,,,False,False,False,False
O00937,C0889,R050,D054,delivered,True,0.0,0.0,-3.06,delivered_on_time,False,,2026-08-28 23:33:00,2026-08-29 00:42:47.493150,2026-08-29 00:39:43.777639,3,3,False,False,2026-08-28 23:45:00,0,,,3,False,0,,,,False,False,False,False
O00938,C0321,R055,D119,delivered,True,0.0,0.0,-6.64,delivered_on_time,False,,2026-08-11 17:52:00,2026-08-11 19:07:36.000000,2026-08-11 19:00:57.561680,2,2,False,False,2026-08-11 18:02:00,0,,,2,False,0,,,,False,False,False,False
O00939,C0415,R032,D081,delivered,True,1.0,1.0,15.72,delivered_late,False,,2026-08-18 11:33:00,2026-08-18 13:00:54.000000,2026-08-18 13:16:37.480128,2,1,True,False,2026-08-18 11:52:00,0,,,2,True,1,PRIORITY_DISPATCH,2026-08-18 11:50:00.000000,operations,True,True,False,True
O00940,C0404,R052,D050,delivered,True,1.0,1.0,12.52,delivered_late,False,CX-03,2026-08-02 12:23:00,2026-08-02 13:32:19.563918,2026-08-02 13:44:50.834107,3,3,False,False,2026-08-02 12:37:00,0,,,3,False,1,DRIVER_REASSIGNMENT,2026-08-02 12:33:00.000000,dispatch,True,True,False,False
O00941,C0826,R060,D002,delivered,True,1.0,1.0,14.01,delivered_late,False,,2026-08-09 19:10:00,2026-08-09 20:12:41.162583,2026-08-09 20:26:41.904963,0,0,False,False,,1,restaurant_delay,2026-08-09 19:53:00,1,True,0,,,,False,False,True,False
O00942,C0834,R010,D025,delivered,True,0.0,0.0,-7.1,delivered_on_time,False,,2026-08-21 22:15:00,2026-08-21 23:11:10.781504,2026-08-21 23:04:04.667779,2,2,False,False,2026-08-21 22:19:00,0,,,2,False,0,,,,False,False,False,False
O00943,C0063,R050,D072,delivered,True,1.0,0.0,3.1,delivered_late,True,CX-01;CX-03,2026-08-08 16:09:00,2026-08-08 17:28:48.000000,2026-08-08 17:31:53.980700,2,2,False,False,2026-08-08 16:15:00,0,,,2,False,0,,,,False,False,False,False
O00944,C0276,R030,D115,delivered,True,0.0,0.0,-8.31,delivered_on_time,False,,2026-08-10 18:46:00,2026-08-10 19:35:01.742166,2026-08-10 19:26:43.171400,1,1,False,False,2026-08-10 18:57:00,0,,,1,False,0,,,,False,False,False,False
O00945,C0309,R019,D015,delivered,True,1.0,1.0,23.81,delivered_late,False,RG-03,2026-08-27 11:22:00,2026-08-27 12:49:54.000000,2026-08-27 13:13:42.369252,0,0,False,False,,0,,,0,False,0,,,,False,False,False,False
O00946,C0815,R002,D092,delivered,True,0.0,0.0,-11.42,delivered_on_time,False,,2026-08-18 17:24:00,2026-08-18 18:39:36.000000,2026-08-18 18:28:10.688777,1,1,False,False,2026-08-18 17:44:00,0,,,1,False,0,,,,False,False,False,False
O00947,C0814,R001,D004,delivered,True,1.0,0.0,8.51,delivered_late,True,RG-03;CX-01,2026-08-07 20:25:00,2026-08-07 21:40:36.000000,2026-08-07 21:49:06.516180,3,2,True,False,2026-08-07 20:31:00,0,,,3,True,1,DRIVER_REASSIGNMENT,2026-08-07 20:35:00.000000,dispatch,True,True,False,True
O00948,C0345,R043,D040,delivered,True,1.0,1.0,20.0,delivered_late,False,,2026-08-20 17:56:00,2026-08-20 18:55:33.558731,2026-08-20 19:15:33.413404,1,1,False,False,2026-08-20 18:18:00,0,,,1,False,0,,,,False,False,False,False
O00949,C0265,R008,D093,delivered,True,0.0,0.0,-8.55,delivered_on_time,False,,2026-08-17 11:41:00,2026-08-17 12:31:30.113802,2026-08-17 12:22:57.374211,2,2,False,False,2026-08-17 11:47:00,0,,,2,False,0,,,,False,False,False,False
O00950,C0070,R004,D020,delivered,True,1.0,0.0,8.69,delivered_late,False,,2026-08-09 11:31:00,2026-08-09 12:46:36.000000,2026-08-09 12:55:17.477630,2,2,False,False,2026-08-09 11:36:00,0,,,2,False,0,,,,False,False,False,False
O00951,C0077,R053,D022,delivered,True,0.0,0.0,-4.15,delivered_on_time,False,CX-03,2026-08-28 18:40:00,2026-08-28 19:37:43.523827,2026-08-28 19:33:34.625091,0,0,False,False,,0,,,0,False,1,DRIVER_REASSIGNMENT,2026-08-28 19:00:00.000000,dispatch,True,True,False,False
O00952,C0218,R058,D114,delivered,True,1.0,1.0,12.01,delivered_late,False,,2026-08-05 22:20:00,2026-08-05 23:38:06.000000,2026-08-05 23:50:06.485747,2,1,True,False,2026-08-05 22:31:00,0,,,2,True,0,,,,False,False,True,False
O00953,C0773,R022,D002,delivered,True,0.0,0.0,-11.58,delivered_on_time,False,,2026-08-13 12:48:00,2026-08-13 13:35:53.136545,2026-08-13 13:24:18.376963,1,1,False,False,2026-08-13 13:14:00,0,,,1,False,1,PRIORITY_DISPATCH,2026-08-13 13:15:00.000000,operations,True,True,False,False
O00954,C0217,R016,D050,delivered,True,1.0,1.0,21.62,delivered_late,False,CX-03,2026-08-10 15:03:00,2026-08-10 16:10:13.957678,2026-08-10 16:31:51.246018,3,2,True,False,2026-08-10 15:21:00,0,,,3,True,1,DRIVER_REASSIGNMENT,2026-08-10 15:18:00.000000,dispatch,True,True,False,True
O00955,C0703,R037,D078,delivered,True,1.0,1.0,10.58,delivered_late,False,,2026-08-09 21:25:00,2026-08-09 22:40:36.000000,2026-08-09 22:51:10.800754,3,3,False,False,2026-08-09 21:45:00,1,late_delivery,2026-08-09 22:04:00,4,True,0,,,,False,False,True,False
O00956,C0499,R037,D001,delivered,True,1.0,0.0,0.37,delivered_late,False,,2026-08-19 18:11:00,2026-08-19 19:23:48.000000,2026-08-19 19:24:10.255263,0,0,False,False,,0,,,0,False,0,,,,False,False,False,False
O00957,C0167,R047,D018,delivered,True,1.0,0.0,7.53,delivered_late,False,,2026-08-04 21:11:00,2026-08-04 22:11:48.639080,2026-08-04 22:19:20.156067,3,3,False,False,2026-08-04 21:19:00,0,,,3,False,0,,,,False,False,False,False
O00958,C0295,R015,D031,cancelled,False,,,,cancelled,False,CX-03,2026-08-28 22:15:00,2026-08-28 23:24:08.102596,,0,0,False,False,,0,,,0,False,1,DRIVER_REASSIGNMENT,2026-08-28 22:32:00.000000,dispatch,True,False,False,False
O00959,C0640,R029,D064,delivered,True,1.0,0.0,8.48,delivered_late,False,,2026-08-18 13:42:00,2026-08-18 14:55:03.459602,2026-08-18 15:03:32.210787,0,0,False,False,,0,,,0,False,0,,,,False,False,False,False
O00960,C0682,R025,D062,delivered,True,1.0,0.0,6.8,delivered_late,False,,2026-08-19 13:04:00,2026-08-19 14:19:36.000000,2026-08-19 14:26:24.035836,0,0,False,False,,1,eta_changed,2026-08-19 13:58:00,1,True,0,,,,False,False,True,False
O00961,C0357,R056,D029,delivered,True,1.0,0.0,2.66,delivered_late,False,,2026-08-28 11:10:00,2026-08-28 12:25:18.000000,2026-08-28 12:27:57.361488,3,3,False,False,2026-08-28 11:19:00,0,,,3,False,0,,,,False,False,False,False
O00962,C0484,R038,D072,delivered,True,0.0,0.0,-0.13,delivered_on_time,False,CX-03,2026-08-11 21:39:00,2026-08-11 22:54:36.000000,2026-08-11 22:54:28.443560,2,2,False,False,2026-08-11 22:02:00,0,,,2,False,1,DRIVER_REASSIGNMENT,2026-08-11 21:47:00.000000,dispatch,True,True,False,False
O00963,C0255,R043,D100,delivered,True,0.0,0.0,-7.84,delivered_on_time,False,,2026-08-16 13:49:00,2026-08-16 15:01:07.804303,2026-08-16 14:53:17.179377,2,2,False,False,2026-08-16 14:01:00,0,,,2,False,0,,,,False,False,False,False
O00964,C0092,R005,D080,delivered,True,0.0,0.0,-17.21,delivered_on_time,False,TS-07,2026-08-23 21:53:00,2026-08-23 22:56:20.032107,2026-08-23 22:39:07.148659,2,2,False,False,2026-08-23 21:59:00,0,,,2,False,0,,,,False,False,False,False
O00965,C0396,R058,D026,delivered,True,0.0,0.0,-4.86,delivered_on_time,False,,2026-08-23 15:01:00,2026-08-23 16:23:18.000000,2026-08-23 16:18:26.229890,0,0,False,False,,0,,,0,False,1,RESTAURANT_CONTACT,2026-08-23 15:21:00.000000,support,True,True,False,False
O00966,C0784,R010,D112,delivered,True,0.0,0.0,-2.52,delivered_on_time,False,,2026-08-06 20:21:00,2026-08-06 21:39:17.125658,2026-08-06 21:36:45.910869,1,1,False,False,2026-08-06 20:38:00,0,,,1,False,0,,,,False,False,False,False
O00967,C0317,R051,D024,delivered,True,0.0,0.0,-5.54,delivered_on_time,False,,2026-08-19 21:50:00,2026-08-19 22:51:11.316526,2026-08-19 22:45:39.075386,2,2,False,False,2026-08-19 21:54:00,0,,,2,False,1,RESTAURANT_CONTACT,2026-08-19 22:13:00.000000,support,True,True,False,False
O00968,C0799,R010,D101,delivered,True,0.0,0.0,-5.74,delivered_on_time,False,,2026-08-11 20:59:00,2026-08-11 22:17:06.000000,2026-08-11 22:11:21.764935,3,3,False,False,2026-08-11 21:03:00,0,,,3,False,0,,,,False,False,False,False
O00969,C0326,R031,D042,delivered,True,0.0,0.0,-6.8,delivered_on_time,True,CX-01;CX-03,2026-08-23 17:23:00,2026-08-23 18:35:48.000000,2026-08-23 18:28:59.786797,3,3,False,False,2026-08-23 17:33:00,0,,,3,False,1,PRIORITY_DISPATCH,2026-08-23 17:49:00.000000,operations,True,True,False,False
O00970,C0200,R053,D119,delivered,True,1.0,1.0,12.15,delivered_late,False,,2026-08-22 21:52:00,2026-08-22 22:46:59.517811,2026-08-22 22:59:08.802273,3,2,True,False,2026-08-22 21:58:00,0,,,3,True,0,,,,False,False,True,False
O00971,C0261,R028,D079,delivered,True,0.0,0.0,-2.01,delivered_on_time,False,,2026-08-13 16:20:00,2026-08-13 17:35:36.000000,2026-08-13 17:33:35.396453,1,1,False,False,2026-08-13 16:28:00,0,,,1,False,0,,,,False,False,False,False
O00972,C0506,R051,D022,delivered,True,1.0,1.0,16.11,delivered_late,False,,2026-08-11 11:39:00,2026-08-11 12:35:24.291242,2026-08-11 12:51:30.594031,0,0,False,False,,0,,,0,False,0,,,,False,False,False,False
O00973,C0046,R057,D001,delivered,True,1.0,0.0,0.99,delivered_late,False,CX-03,2026-08-04 19:33:00,2026-08-04 20:26:49.020326,2026-08-04 20:27:48.671877,0,0,False,False,,0,,,0,False,1,DRIVER_REASSIGNMENT,2026-08-04 19:49:00.000000,dispatch,True,True,False,False
O00974,C0500,R052,D106,delivered,True,0.0,0.0,-7.35,delivered_on_time,False,,2026-08-25 17:03:00,2026-08-25 18:30:54.000000,2026-08-25 18:23:32.980052,3,3,False,False,2026-08-25 17:16:00,0,,,3,False,0,,,,False,False,False,False
O00975,C0446,R034,D072,delivered,True,0.0,0.0,-2.48,delivered_on_time,False,,2026-08-21 17:37:00,2026-08-21 18:34:34.442619,2026-08-21 18:32:05.452631,1,1,False,False,2026-08-21 17:51:00,0,,,1,False,1,PRIORITY_DISPATCH,2026-08-21 18:04:00.000000,operations,True,True,False,False
O00976,C0858,R038,D034,delivered,True,1.0,1.0,15.56,delivered_late,False,,2026-08-14 23:01:00,2026-08-15 00:16:18.000000,2026-08-15 00:31:51.538796,0,0,False,False,,0,,,0,False,0,,,,False,False,False,False
O00977,C0254,R051,D016,delivered,True,1.0,1.0,31.92,delivered_late,False,,2026-08-27 12:20:00,2026-08-27 13:33:32.251270,2026-08-27 14:05:27.474032,2,1,True,False,2026-08-27 12:45:00,1,status_mismatch,2026-08-27 13:12:00,3,True,0,,,,False,False,True,False
O00978,C0889,R027,D104,delivered,True,0.0,0.0,-2.05,delivered_on_time,False,,2026-08-23 18:31:00,2026-08-23 19:48:04.050108,2026-08-23 19:46:01.165664,0,0,False,False,,0,,,0,False,0,,,,False,False,False,False
O00979,C0450,R050,D038,delivered,True,0.0,0.0,-12.04,delivered_on_time,False,,2026-08-24 19:58:00,2026-08-24 20:50:36.852790,2026-08-24 20:38:34.692361,1,1,False,False,2026-08-24 20:14:00,0,,,1,False,0,,,,False,False,False,False
O00980,C0015,R028,D016,delivered,True,1.0,1.0,23.88,delivered_late,False,,2026-08-27 19:40:00,2026-08-27 20:55:36.000000,2026-08-27 21:19:28.956202,3,2,True,False,2026-08-27 19:47:00,0,,,3,True,0,,,,False,False,True,False
O00981,C0208,R052,D094,delivered,True,1.0,0.0,3.69,delivered_late,False,CX-03,2026-08-22 18:50:00,2026-08-22 19:58:41.178621,2026-08-22 20:02:22.399277,3,3,False,False,2026-08-22 19:03:00,0,,,3,False,1,DRIVER_REASSIGNMENT,2026-08-22 18:59:00.000000,dispatch,True,True,False,False
O00982,C0798,R027,D067,delivered,True,1.0,0.0,1.79,delivered_late,False,,2026-08-17 20:54:00,2026-08-17 22:13:48.000000,2026-08-17 22:15:35.236687,3,3,False,False,2026-08-17 21:09:00,0,,,3,False,0,,,,False,False,False,False
O00983,C0556,R008,D044,delivered,True,0.0,0.0,-11.96,delivered_on_time,False,,2026-08-15 19:12:00,2026-08-15 20:16:55.406319,2026-08-15 20:04:57.914455,3,3,False,False,2026-08-15 19:17:00,1,eta_changed,2026-08-15 20:06:00,4,True,0,,,,False,False,True,False
O00984,C0075,R014,D053,delivered,True,1.0,0.0,7.08,delivered_late,False,,2026-08-07 20:56:00,2026-08-07 22:08:48.000000,2026-08-07 22:15:52.506467,0,0,False,False,,0,,,0,False,0,,,,False,False,False,False
O00985,C0579,R037,D071,delivered,True,1.0,0.0,1.62,delivered_late,False,CX-03,2026-08-26 19:57:00,2026-08-26 21:03:12.569936,2026-08-26 21:04:49.635612,1,1,False,False,2026-08-26 20:23:00,0,,,1,False,1,DRIVER_REASSIGNMENT,2026-08-26 20:23:00.000000,dispatch,True,True,False,False
O00986,C0713,R008,D056,delivered,True,0.0,0.0,-4.17,delivered_on_time,False,CX-03,2026-08-26 22:31:00,2026-08-26 23:37:09.877250,2026-08-26 23:32:59.520668,2,2,False,False,2026-08-26 22:40:00,0,,,2,False,1,DRIVER_REASSIGNMENT,2026-08-26 22:46:00.000000,dispatch,True,True,False,False
O00987,C0617,R050,D056,delivered,True,0.0,0.0,-14.37,delivered_on_time,False,,2026-08-17 22:46:00,2026-08-17 23:58:48.000000,2026-08-17 23:44:25.577751,2,2,False,False,2026-08-17 22:57:00,0,,,2,False,0,,,,False,False,False,False
O00988,C0389,R023,D063,delivered,True,1.0,0.0,9.94,delivered_late,False,,2026-08-04 13:23:00,2026-08-04 14:31:34.596669,2026-08-04 14:41:31.086690,4,3,True,False,2026-08-04 13:27:00,1,late_delivery,2026-08-04 13:49:00,5,True,0,,,,False,False,True,False
O00989,C0781,R023,D113,delivered,True,0.0,0.0,-8.49,delivered_on_time,False,,2026-08-24 20:56:00,2026-08-24 21:44:55.817829,2026-08-24 21:36:26.466375,3,3,False,False,2026-08-24 21:01:00,0,,,3,False,0,,,,False,False,False,False
O00990,C0637,R011,D066,delivered,True,0.0,0.0,-6.65,delivered_on_time,False,CX-03,2026-08-19 21:36:00,2026-08-19 22:35:13.158780,2026-08-19 22:28:34.066850,3,3,False,False,2026-08-19 21:44:00,0,,,3,False,1,DRIVER_REASSIGNMENT,2026-08-19 22:02:00.000000,dispatch,True,True,False,False
O00991,C0164,R033,D001,delivered,True,1.0,1.0,11.43,delivered_late,False,,2026-08-19 20:42:00,2026-08-19 21:54:48.000000,2026-08-19 22:06:13.971000,2,2,False,False,2026-08-19 20:48:00,1,late_delivery,2026-08-19 21:09:00,3,True,0,,,,False,False,True,False
O00992,C0568,R053,D022,delivered,True,1.0,1.0,25.37,delivered_late,False,,2026-08-04 13:03:00,2026-08-04 13:54:16.308634,2026-08-04 14:19:38.514741,2,2,False,False,2026-08-04 13:24:00,0,,,2,False,0,,,,False,False,False,False
O00993,C0283,R051,D081,delivered,True,1.0,0.0,9.24,delivered_late,False,,2026-08-04 13:11:00,2026-08-04 13:53:39.830237,2026-08-04 14:02:54.204601,0,0,False,False,,0,,,0,False,1,RESTAURANT_CONTACT,2026-08-04 13:24:00.000000,support,True,True,False,False
O00994,C0217,R060,D112,delivered,True,1.0,0.0,0.57,delivered_late,False,,2026-08-11 14:00:00,2026-08-11 15:08:57.638227,2026-08-11 15:09:31.959713,2,2,False,False,2026-08-11 14:19:00,0,,,2,False,0,,,,False,False,False,False
O00995,C0746,R020,D040,delivered,True,1.0,1.0,31.72,delivered_late,False,,2026-08-22 17:33:00,2026-08-22 18:45:48.000000,2026-08-22 19:17:31.238213,2,1,True,False,2026-08-22 17:40:00,1,driver_not_moving,2026-08-22 18:27:00,3,True,0,,,,False,False,True,False
O00996,C0563,R011,D050,delivered,True,0.0,0.0,-3.02,delivered_on_time,False,,2026-08-26 20:41:00,2026-08-26 21:56:18.000000,2026-08-26 21:53:16.778036,0,0,False,False,,0,,,0,False,1,RESTAURANT_CONTACT,2026-08-26 21:08:00.000000,support,True,True,False,False
O00997,C0417,R036,D063,delivered,True,1.0,1.0,12.1,delivered_late,False,,2026-08-14 22:35:00,2026-08-14 23:25:27.484239,2026-08-14 23:37:33.217826,0,0,False,False,,1,restaurant_delay,2026-08-14 23:29:00,1,True,0,,,,False,False,True,False
O00998,C0706,R030,D030,delivered,True,0.0,0.0,-10.09,delivered_on_time,True,CX-01;CX-03,2026-08-16 15:10:00,2026-08-16 16:09:02.489190,2026-08-16 15:58:57.293678,3,3,False,False,2026-08-16 15:16:00,0,,,3,False,1,RESTAURANT_CONTACT,2026-08-16 15:34:00.000000,support,True,True,False,False
O00999,C0845,R039,D032,delivered,True,0.0,0.0,-1.49,delivered_on_time,False,,2026-08-28 13:56:00,2026-08-28 14:58:06.976178,2026-08-28 14:56:37.364735,3,3,False,False,2026-08-28 14:05:00,0,,,3,False,0,,,,False,False,False,False
O01000,C0877,R044,D063,delivered,True,1.0,0.0,3.98,delivered_late,False,,2026-08-26 16:04:00,2026-08-26 17:19:36.000000,2026-08-26 17:23:34.733888,1,1,False,False,2026-08-26 16:10:00,0,,,1,False,1,PRIORITY_DISPATCH,2026-08-26 16:20:00.000000,operations,True,True,False,False
O01001,C0181,R001,D013,delivered,True,1.0,0.0,9.0,delivered_late,False,CX-03,2026-08-15 17:07:00,2026-08-15 18:19:48.000000,2026-08-15 18:28:47.808559,0,0,False,False,,0,,,0,False,1,DRIVER_REASSIGNMENT,2026-08-15 17:35:00.000000,dispatch,True,True,False,False
O01002,C0022,R051,D098,delivered,True,1.0,0.0,7.64,delivered_late,False,,2026-08-03 18:27:00,2026-08-03 19:24:54.020628,2026-08-03 19:32:32.630051,0,0,False,False,,1,eta_changed,2026-08-03 19:06:00,1,True,1,RESTAURANT_CONTACT,2026-08-03 19:01:00.000000,support,True,True,False,True
O01003,C0622,R048,D113,delivered,True,0.0,0.0,-8.76,delivered_on_time,True,CX-01,2026-08-15 12:32:00,2026-08-15 13:22:35.274763,2026-08-15 13:13:49.387835,2,2,False,False,2026-08-15 12:37:00,0,,,2,False,1,DRIVER_REASSIGNMENT,2026-08-15 12:56:00.000000,dispatch,True,True,False,False
O01004,C0502,R002,D028,delivered,True,0.0,0.0,-11.2,delivered_on_time,False,,2026-08-01 11:27:00,2026-08-01 12:33:05.112659,2026-08-01 12:21:53.298595,2,2,False,False,2026-08-01 11:38:00,0,,,2,False,1,RESTAURANT_CONTACT,2026-08-01 11:39:00.000000,support,True,True,False,False
O01005,C0365,R027,D046,delivered,True,1.0,0.0,4.44,delivered_late,False,,2026-08-26 21:12:00,2026-08-26 22:27:36.000000,2026-08-26 22:32:02.413758,0,0,False,False,,0,,,0,False,0,,,,False,False,False,False
O01006,C0582,R041,D093,delivered,True,1.0,1.0,13.66,delivered_late,False,,2026-08-08 20:44:00,2026-08-08 22:03:48.000000,2026-08-08 22:17:27.834470,2,1,True,False,2026-08-08 21:09:00,0,,,2,True,0,,,,False,False,True,False
O01007,C0633,R035,D049,delivered,True,0.0,0.0,-11.08,delivered_on_time,False,,2026-08-22 18:58:00,2026-08-22 20:12:21.690845,2026-08-22 20:01:17.002680,2,2,False,False,2026-08-22 19:03:00,0,,,2,False,1,RESTAURANT_CONTACT,2026-08-22 19:18:00.000000,support,True,True,False,False
O01008,C0027,R019,D058,delivered,True,0.0,0.0,-5.91,delivered_on_time,False,RG-03;CX-03,2026-08-02 15:38:00,2026-08-02 16:56:06.000000,2026-08-02 16:50:11.391252,1,1,False,False,2026-08-02 15:53:00,0,,,1,False,1,DRIVER_REASSIGNMENT,2026-08-02 15:49:00.000000,dispatch,True,True,False,False
O01009,C0148,R047,D097,delivered,True,0.0,0.0,-4.71,delivered_on_time,False,,2026-08-22 12:26:00,2026-08-22 13:25:43.343933,2026-08-22 13:21:00.686457,1,1,False,False,2026-08-22 12:50:00,0,,,1,False,0,,,,False,False,False,False
O01010,C0200,R025,D116,delivered,True,1.0,0.0,4.18,delivered_late,False,,2026-08-06 14:44:00,2026-08-06 16:02:26.635087,2026-08-06 16:06:37.329657,0,0,False,False,,0,,,0,False,0,,,,False,False,False,False
O01011,C0654,R004,D007,delivered,True,0.0,0.0,-0.36,delivered_on_time,False,,2026-08-01 14:03:00,2026-08-01 14:57:40.149024,2026-08-01 14:57:18.254195,2,2,False,False,2026-08-01 14:13:00,0,,,2,False,0,,,,False,False,False,False
O01012,C0895,R022,D062,delivered,True,1.0,0.0,2.06,delivered_late,False,CX-03,2026-08-26 12:23:00,2026-08-26 13:37:56.898491,2026-08-26 13:40:00.505796,0,0,False,False,,0,,,0,False,1,DRIVER_REASSIGNMENT,2026-08-26 12:50:00.000000,dispatch,True,True,False,False
O01013,C0590,R033,D019,delivered,True,0.0,0.0,-4.14,delivered_on_time,False,TS-07,2026-08-24 21:32:00,2026-08-24 22:57:48.000000,2026-08-24 22:53:39.760299,1,1,False,False,2026-08-24 21:58:00,0,,,1,False,0,,,,False,False,False,False
O01014,C0799,R009,D095,delivered,False,,,,unknown_missing_timestamp,False,TS-04,2026-08-12 18:47:00,2026-08-12 20:12:24.000000,,0,0,False,False,,0,,,0,False,0,,,,False,False,False,False
O01015,C0280,R013,D105,delivered,True,0.0,0.0,-11.98,delivered_on_time,False,,2026-08-22 12:53:00,2026-08-22 13:48:21.031547,2026-08-22 13:36:22.156994,1,1,False,False,2026-08-22 13:11:00,0,,,1,False,0,,,,False,False,False,False
O01016,C0080,R035,D024,delivered,True,0.0,0.0,-1.69,delivered_on_time,False,FR-01,2026-08-17 13:46:00,2026-08-17 14:52:13.766304,2026-08-17 14:50:32.520472,2,2,False,False,2026-08-17 13:54:00,0,,,2,False,1,PRIORITY_DISPATCH,2026-08-17 14:05:00.000000,operations,True,True,False,False
O01017,C0693,R045,D109,delivered,True,1.0,0.0,0.19,delivered_late,False,,2026-08-26 19:07:00,2026-08-26 20:13:06.840348,2026-08-26 20:13:18.057704,2,2,False,False,2026-08-26 19:12:00,0,,,2,False,0,,,,False,False,False,False
O01018,C0845,R027,D009,delivered,True,0.0,0.0,-6.11,delivered_on_time,False,,2026-08-22 19:11:00,2026-08-22 20:26:36.000000,2026-08-22 20:20:29.111170,0,0,False,False,,0,,,0,False,1,RESTAURANT_CONTACT,2026-08-22 19:28:00.000000,support,True,True,False,False
O01019,C0815,R009,D001,delivered,True,0.0,0.0,-9.8,delivered_on_time,False,,2026-08-18 16:24:00,2026-08-18 17:42:48.000000,2026-08-18 17:33:00.174458,0,0,False,False,,0,,,0,False,0,,,,False,False,False,False
O01020,C0816,R028,D017,delivered,True,1.0,0.0,7.23,delivered_late,False,,2026-08-08 19:56:00,2026-08-08 20:54:51.628658,2026-08-08 21:02:05.481816,0,0,False,False,,1,restaurant_delay,2026-08-08 20:25:00,1,True,1,PRIORITY_DISPATCH,2026-08-08 20:21:00.000000,operations,True,True,False,True
O01021,C0290,R048,D035,delivered,True,1.0,0.0,1.04,delivered_late,False,,2026-08-27 12:57:00,2026-08-27 14:16:48.000000,2026-08-27 14:17:50.290594,2,2,False,False,2026-08-27 13:10:00,0,,,2,False,0,,,,False,False,False,False
O01022,C0831,R052,D050,delivered,True,0.0,0.0,-19.3,delivered_on_time,False,,2026-08-14 21:21:00,2026-08-14 22:07:55.736861,2026-08-14 21:48:37.916495,2,2,False,False,2026-08-14 21:44:00,0,,,2,False,0,,,,False,False,False,False
O01023,C0116,R039,D084,cancelled,False,,,,cancelled,False,,2026-08-04 19:27:00,2026-08-04 20:14:40.347282,,0,0,False,False,,0,,,0,False,1,RESTAURANT_CONTACT,2026-08-04 19:45:00.000000,support,True,False,False,False
O01024,C0232,R041,D090,delivered,True,1.0,1.0,16.67,delivered_late,False,,2026-08-28 12:48:00,2026-08-28 14:10:18.000000,2026-08-28 14:26:58.138192,0,0,False,False,,0,,,0,False,0,,,,False,False,False,False
O01025,C0392,R019,D015,delivered,True,0.0,0.0,-7.9,delivered_on_time,False,RG-03,2026-08-18 13:17:00,2026-08-18 14:29:48.000000,2026-08-18 14:21:54.223143,1,1,False,False,2026-08-18 13:42:00,0,,,1,False,1,PRIORITY_DISPATCH,2026-08-18 13:33:00.000000,operations,True,True,False,False
O01026,C0786,R014,D115,delivered,True,0.0,0.0,-6.62,delivered_on_time,False,,2026-08-08 19:37:00,2026-08-08 20:52:36.000000,2026-08-08 20:45:58.792666,0,0,False,False,,0,,,0,False,0,,,,False,False,False,False
O01027,C0285,R020,D034,delivered,True,0.0,0.0,-0.59,delivered_on_time,False,,2026-08-05 20:43:00,2026-08-05 21:58:18.000000,2026-08-05 21:57:42.761471,3,3,False,False,2026-08-05 20:50:00,0,,,3,False,0,,,,False,False,False,False
O01028,C0080,R004,D033,delivered,True,1.0,1.0,12.46,delivered_late,False,,2026-08-24 12:53:00,2026-08-24 14:02:33.830992,2026-08-24 14:15:01.674812,0,0,False,False,,0,,,0,False,0,,,,False,False,False,False
O01029,C0605,R044,D101,delivered,True,1.0,0.0,6.82,delivered_late,False,,2026-08-01 19:41:00,2026-08-01 20:48:50.671196,2026-08-01 20:55:39.925033,0,0,False,False,,0,,,0,False,0,,,,False,False,False,False
O01030,C0408,R047,D072,delivered,True,1.0,1.0,21.36,delivered_late,False,,2026-08-16 17:20:00,2026-08-16 18:39:48.000000,2026-08-16 19:01:09.344020,2,1,True,False,2026-08-16 17:48:00,0,,,2,True,0,,,,False,False,True,False
O01031,C0526,R054,D010,delivered,True,1.0,0.0,1.62,delivered_late,False,,2026-08-10 20:14:00,2026-08-10 21:26:48.000000,2026-08-10 21:28:25.181580,3,3,False,False,2026-08-10 20:27:00,0,,,3,False,1,PRIORITY_DISPATCH,2026-08-10 20:41:00.000000,operations,True,True,False,False
O01032,C0605,R057,D053,delivered,True,1.0,0.0,2.72,delivered_late,False,,2026-08-23 16:06:00,2026-08-23 17:21:36.000000,2026-08-23 17:24:19.414600,1,1,False,False,2026-08-23 16:17:00,0,,,1,False,0,,,,False,False,False,False
O01033,C0069,R017,D076,delivered,True,1.0,1.0,20.69,delivered_late,False,,2026-08-25 20:27:00,2026-08-25 21:52:24.000000,2026-08-25 22:13:05.142284,3,3,False,False,2026-08-25 20:31:00,0,,,3,False,0,,,,False,False,False,False
O01034,C0261,R040,D076,delivered,False,,,,unknown_missing_timestamp,False,TS-04,2026-08-28 18:16:00,2026-08-28 19:26:18.874295,,2,2,False,False,2026-08-28 18:37:00,0,,,2,False,0,,,,False,False,False,False
O01035,C0316,R049,D102,delivered,True,1.0,0.0,8.58,delivered_late,False,,2026-08-12 18:50:00,2026-08-12 20:04:38.608651,2026-08-12 20:13:13.561689,4,3,True,False,2026-08-12 18:54:00,0,,,4,True,0,,,,False,False,True,False
O01036,C0276,R018,D099,delivered,True,1.0,1.0,14.23,delivered_late,False,,2026-08-17 15:47:00,2026-08-17 16:50:13.343397,2026-08-17 17:04:27.312581,0,0,False,False,,0,,,0,False,0,,,,False,False,False,False
O01037,C0676,R059,D052,delivered,True,0.0,0.0,-2.77,delivered_on_time,False,,2026-08-17 13:08:00,2026-08-17 14:05:39.545908,2026-08-17 14:02:53.255699,0,0,False,False,,0,,,0,False,0,,,,False,False,False,False
O01038,C0760,R006,D052,delivered,True,0.0,0.0,-9.15,delivered_on_time,False,,2026-08-28 13:56:00,2026-08-28 15:07:23.966076,2026-08-28 14:58:14.885752,0,0,False,False,,0,,,0,False,0,,,,False,False,False,False
O01039,C0186,R009,D067,delivered,True,0.0,0.0,-3.75,delivered_on_time,False,,2026-08-13 20:15:00,2026-08-13 21:34:48.000000,2026-08-13 21:31:02.871233,2,2,False,False,2026-08-13 20:32:00,0,,,2,False,0,,,,False,False,False,False
O01040,C0601,R003,D006,delivered,True,0.0,0.0,-3.16,delivered_on_time,False,,2026-08-01 19:03:00,2026-08-01 20:22:48.000000,2026-08-01 20:19:38.372219,2,2,False,False,2026-08-01 19:13:00,0,,,2,False,0,,,,False,False,False,False
O01041,C0209,R013,D022,delivered,True,1.0,1.0,27.44,delivered_late,False,,2026-08-09 19:14:00,2026-08-09 20:21:25.701997,2026-08-09 20:48:52.180778,2,1,True,False,2026-08-09 19:24:00,0,,,2,True,0,,,,False,False,True,False
O01042,C0275,R017,D021,delivered,True,1.0,1.0,14.95,delivered_late,False,,2026-08-06 15:16:00,2026-08-06 16:35:16.018297,2026-08-06 16:50:13.248466,3,3,False,False,2026-08-06 15:21:00,0,,,3,False,0,,,,False,False,False,False
O01043,C0101,R008,D021,delivered,True,1.0,0.0,2.34,delivered_late,False,,2026-08-22 19:58:00,2026-08-22 21:17:02.677029,2026-08-22 21:19:23.213919,0,0,False,False,,0,,,0,False,0,,,,False,False,False,False
O01044,C0249,R018,D016,delivered,True,1.0,0.0,1.2,delivered_late,False,,2026-08-05 21:48:00,2026-08-05 22:44:32.734576,2026-08-05 22:45:44.697860,1,1,False,False,2026-08-05 22:11:00,0,,,1,False,0,,,,False,False,False,False
O01045,C0608,R024,D070,delivered,True,0.0,0.0,-2.92,delivered_on_time,False,,2026-08-28 20:38:00,2026-08-28 21:59:36.000000,2026-08-28 21:56:40.869201,0,0,False,False,,0,,,0,False,0,,,,False,False,False,False
O01046,C0850,R027,D090,delivered,True,1.0,1.0,13.46,delivered_late,False,,2026-08-05 23:41:00,2026-08-06 01:00:48.000000,2026-08-06 01:14:15.516214,0,0,False,False,,0,,,0,False,0,,,,False,False,False,False
O01047,C0518,R030,D021,delivered,True,1.0,1.0,10.26,delivered_late,False,,2026-08-01 13:11:00,2026-08-01 14:24:40.458655,2026-08-01 14:34:56.220875,2,2,False,False,2026-08-01 13:33:00,0,,,2,False,0,,,,False,False,False,False
O01048,C0848,R012,D051,delivered,True,1.0,0.0,5.2,delivered_late,False,,2026-08-10 13:24:00,2026-08-10 14:43:48.000000,2026-08-10 14:48:59.819170,3,3,False,False,2026-08-10 13:33:00,0,,,3,False,0,,,,False,False,False,False
O01049,C0090,R002,D082,delivered,True,1.0,0.0,6.2,delivered_late,False,,2026-08-26 20:54:00,2026-08-26 22:09:36.000000,2026-08-26 22:15:48.288397,0,0,False,False,,0,,,0,False,0,,,,False,False,False,False
O01050,C0649,R058,D110,delivered,True,0.0,0.0,-2.98,delivered_on_time,False,,2026-08-25 17:11:00,2026-08-25 18:26:18.000000,2026-08-25 18:23:19.142991,0,0,False,False,,0,,,0,False,0,,,,False,False,False,False
O01051,C0571,R028,D042,delivered,True,0.0,0.0,-3.64,delivered_on_time,False,,2026-08-22 17:17:00,2026-08-22 18:29:48.000000,2026-08-22 18:26:09.565846,2,2,False,False,2026-08-22 17:27:00,0,,,2,False,0,,,,False,False,False,False
O01052,C0704,R002,D066,delivered,False,,,,unknown_missing_timestamp,False,TS-04,2026-08-04 17:52:00,2026-08-04 19:17:24.000000,,3,3,False,False,2026-08-04 18:09:00,0,,,3,False,0,,,,False,False,False,False
O01053,C0821,R049,D064,delivered,True,0.0,0.0,-5.32,delivered_on_time,False,,2026-08-19 18:25:00,2026-08-19 19:12:43.812647,2026-08-19 19:07:24.726535,1,1,False,False,2026-08-19 18:40:00,0,,,1,False,0,,,,False,False,False,False
O01054,C0482,R051,D087,delivered,True,1.0,1.0,12.23,delivered_late,False,,2026-08-12 18:04:00,2026-08-12 19:11:09.987654,2026-08-12 19:23:23.520233,0,0,False,False,,0,,,0,False,0,,,,False,False,False,False
O01055,C0076,R013,D108,delivered,True,0.0,0.0,-2.32,delivered_on_time,False,,2026-08-28 11:57:00,2026-08-28 12:41:17.145484,2026-08-28 12:38:58.225538,0,0,False,False,,0,,,0,False,1,RESTAURANT_CONTACT,2026-08-28 12:27:00.000000,support,True,True,False,False
O01056,C0898,R052,D005,delivered,True,0.0,0.0,-9.55,delivered_on_time,False,,2026-08-06 20:06:00,2026-08-06 21:21:45.813685,2026-08-06 21:12:12.535206,3,3,False,False,2026-08-06 20:10:00,0,,,3,False,0,,,,False,False,False,False
O01057,C0278,R023,D089,delivered,True,1.0,0.0,0.22,delivered_late,False,,2026-08-17 19:28:00,2026-08-17 20:20:29.467762,2026-08-17 20:20:42.816056,2,2,False,False,2026-08-17 19:41:00,0,,,2,False,0,,,,False,False,False,False
O01058,C0356,R013,D034,cancelled,False,,,,cancelled,False,,2026-08-14 20:08:00,2026-08-14 20:56:08.930801,,0,0,False,False,,0,,,0,False,1,CUSTOMER_CREDIT,2026-08-14 21:14:08.930801,support,True,False,False,False
O01059,C0505,R042,D105,delivered,True,1.0,1.0,19.91,delivered_late,False,,2026-08-03 19:14:00,2026-08-03 20:41:54.000000,2026-08-03 21:01:48.610929,0,0,False,False,,0,,,0,False,0,,,,False,False,False,False
O01060,C0057,R011,D046,delivered,True,1.0,0.0,3.45,delivered_late,False,CX-03,2026-08-26 15:03:00,2026-08-26 16:15:48.000000,2026-08-26 16:19:14.894808,3,3,False,False,2026-08-26 15:23:00,0,,,3,False,1,DRIVER_REASSIGNMENT,2026-08-26 15:22:00.000000,dispatch,True,True,False,False
O01061,C0683,R012,D075,delivered,True,1.0,0.0,0.43,delivered_late,False,,2026-08-01 18:03:00,2026-08-01 19:20:56.275754,2026-08-01 19:21:21.805305,2,2,False,False,2026-08-01 18:17:00,0,,,2,False,0,,,,False,False,False,False
O01062,C0424,R042,D117,delivered,True,1.0,0.0,3.46,delivered_late,False,RG-03,2026-08-03 20:02:00,2026-08-03 21:21:48.000000,2026-08-03 21:25:15.757529,3,3,False,False,2026-08-03 20:08:00,0,,,3,False,0,,,,False,False,False,False
O01063,C0171,R017,D055,delivered,True,1.0,0.0,0.56,delivered_late,False,,2026-08-27 23:05:00,2026-08-28 00:24:48.000000,2026-08-28 00:25:21.624782,0,0,False,False,,0,,,0,False,0,,,,False,False,False,False
O01064,C0533,R052,D097,delivered,True,1.0,0.0,4.3,delivered_late,False,,2026-08-09 15:30:00,2026-08-09 16:49:48.000000,2026-08-09 16:54:05.901009,0,0,False,False,,0,,,0,False,0,,,,False,False,False,False
O01065,C0689,R022,D040,delivered,True,1.0,0.0,4.26,delivered_late,False,,2026-08-03 11:21:00,2026-08-03 12:15:28.159866,2026-08-03 12:19:43.741016,1,1,False,False,2026-08-03 11:43:00,0,,,1,False,0,,,,False,False,False,False
O01066,C0025,R027,D101,cancelled,False,,,,cancelled,False,,2026-08-28 22:26:00,2026-08-28 23:41:36.000000,,0,0,False,False,,0,,,0,False,0,,,,False,False,False,False
O01067,C0788,R031,D070,delivered,True,1.0,0.0,0.07,delivered_late,False,,2026-08-19 18:45:00,2026-08-19 20:00:01.121441,2026-08-19 20:00:05.273355,3,3,False,False,2026-08-19 18:52:00,0,,,3,False,0,,,,False,False,False,False
O01068,C0244,R014,D079,delivered,True,0.0,0.0,-1.24,delivered_on_time,False,,2026-08-15 20:59:00,2026-08-15 22:14:36.000000,2026-08-15 22:13:21.738057,2,2,False,False,2026-08-15 21:17:00,0,,,2,False,1,RESTAURANT_CONTACT,2026-08-15 21:28:00.000000,support,True,True,False,False
O01069,C0789,R034,D044,delivered,True,0.0,0.0,-2.05,delivered_on_time,False,,2026-08-11 22:20:00,2026-08-11 23:32:48.000000,2026-08-11 23:30:44.700509,3,3,False,False,2026-08-11 22:24:00,0,,,3,False,0,,,,False,False,False,False
O01070,C0436,R020,D026,delivered,True,1.0,0.0,1.04,delivered_late,False,,2026-08-13 12:43:00,2026-08-13 13:29:51.400076,2026-08-13 13:30:53.597260,1,1,False,False,2026-08-13 12:55:00,0,,,1,False,0,,,,False,False,False,False
O01071,C0379,R041,D031,delivered,True,1.0,1.0,10.74,delivered_late,False,,2026-08-23 22:43:00,2026-08-23 23:55:48.000000,2026-08-24 00:06:32.217757,1,1,False,False,2026-08-23 22:48:00,0,,,1,False,1,PRIORITY_DISPATCH,2026-08-23 23:13:00.000000,operations,True,True,False,False
O01072,C0689,R046,D084,delivered,True,1.0,0.0,4.91,delivered_late,False,,2026-08-28 20:11:00,2026-08-28 21:28:14.681007,2026-08-28 21:33:09.454400,0,0,False,False,,0,,,0,False,1,RESTAURANT_CONTACT,2026-08-28 20:27:00.000000,support,True,True,False,False
O01073,C0011,R023,D074,delivered,True,0.0,0.0,-1.79,delivered_on_time,False,,2026-08-07 21:29:00,2026-08-07 22:40:53.074960,2026-08-07 22:39:05.912988,3,3,False,False,2026-08-07 21:45:00,0,,,3,False,0,,,,False,False,False,False
O01074,C0305,R018,D067,delivered,True,1.0,0.0,6.83,delivered_late,False,,2026-08-07 19:37:00,2026-08-07 20:43:14.977310,2026-08-07 20:50:04.555319,0,0,False,False,,0,,,0,False,0,,,,False,False,False,False
O01075,C0491,R025,D089,delivered,True,1.0,0.0,6.58,delivered_late,False,,2026-08-11 21:39:00,2026-08-11 22:35:08.186269,2026-08-11 22:41:42.884375,0,0,False,False,,0,,,0,False,0,,,,False,False,False,False
O01076,C0274,R045,D091,delivered,True,1.0,1.0,12.2,delivered_late,True,CX-01;CX-03,2026-08-21 11:36:00,2026-08-21 12:40:40.333343,2026-08-21 12:52:52.074335,2,1,True,False,2026-08-21 11:47:00,0,,,2,True,0,,,,False,False,True,False
O01077,C0463,R006,D115,cancelled,False,,,,cancelled,False,,2026-08-19 21:19:00,2026-08-19 22:40:36.000000,,3,3,False,False,2026-08-19 21:27:00,0,,,3,False,1,PRIORITY_DISPATCH,2026-08-19 21:43:00.000000,operations,True,False,False,False
O01078,C0563,R029,D018,cancelled,False,,,,cancelled,False,CX-03,2026-08-25 21:10:00,2026-08-25 22:05:33.725893,,2,2,False,False,2026-08-25 21:33:00,0,,,2,False,1,DRIVER_REASSIGNMENT,2026-08-25 21:18:00.000000,dispatch,True,False,False,False
O01079,C0686,R018,D067,delivered,True,0.0,0.0,-0.84,delivered_on_time,False,,2026-08-11 15:57:00,2026-08-11 17:04:04.690433,2026-08-11 17:03:14.578512,1,1,False,False,2026-08-11 16:01:00,0,,,1,False,0,,,,False,False,False,False
O01080,C0625,R054,D009,delivered,False,,,,unknown_missing_timestamp,False,TS-04,2026-08-24 20:36:00,2026-08-24 21:51:18.000000,,0,0,False,False,,0,,,0,False,0,,,,False,False,False,False
O01081,C0554,R048,D082,delivered,True,1.0,1.0,50.27,delivered_late,False,,2026-08-13 17:14:00,2026-08-13 18:15:46.613098,2026-08-13 19:06:02.677891,0,0,False,False,,0,,,0,False,0,,,,False,False,False,False
O01082,C0677,R029,D033,delivered,True,1.0,0.0,5.68,delivered_late,False,,2026-08-14 16:25:00,2026-08-14 17:38:29.634636,2026-08-14 17:44:10.330019,2,2,False,False,2026-08-14 16:41:00,1,eta_changed,2026-08-14 17:09:00,3,True,0,,,,False,False,True,False
O01083,C0281,R011,D117,delivered,True,1.0,1.0,14.1,delivered_late,False,,2026-08-01 19:08:00,2026-08-01 20:20:48.000000,2026-08-01 20:34:53.904706,3,2,True,False,2026-08-01 19:30:00,0,,,3,True,0,,,,False,False,True,False
O01084,C0823,R046,D108,delivered,True,0.0,0.0,-4.12,delivered_on_time,False,,2026-08-06 12:58:00,2026-08-06 14:25:14.337155,2026-08-06 14:21:06.870413,2,2,False,False,2026-08-06 13:14:00,0,,,2,False,0,,,,False,False,False,False
O01085,C0846,R026,D074,delivered,True,0.0,0.0,-9.2,delivered_on_time,False,,2026-08-12 16:35:00,2026-08-12 17:47:48.000000,2026-08-12 17:38:36.002993,0,0,False,False,,0,,,0,False,0,,,,False,False,False,False
O01086,C0273,R046,D049,delivered,True,0.0,0.0,-13.84,delivered_on_time,False,,2026-08-25 17:15:00,2026-08-25 18:30:36.000000,2026-08-25 18:16:45.625876,3,3,False,False,2026-08-25 17:27:00,0,,,3,False,0,,,,False,False,False,False
O01087,C0714,R017,D120,delivered,True,1.0,0.0,8.45,delivered_late,False,,2026-08-02 19:32:00,2026-08-02 20:42:53.850119,2026-08-02 20:51:21.080393,2,1,True,False,2026-08-02 19:48:00,0,,,2,True,0,,,,False,False,True,False
O01088,C0488,R023,D105,delivered,True,1.0,0.0,4.59,delivered_late,False,,2026-08-09 19:46:00,2026-08-09 20:40:12.409675,2026-08-09 20:44:47.958677,0,0,False,False,,0,,,0,False,0,,,,False,False,False,False
O01089,C0424,R013,D112,delivered,True,1.0,0.0,8.58,delivered_late,False,,2026-08-21 14:03:00,2026-08-21 15:18:36.000000,2026-08-21 15:27:11.077344,4,3,True,False,2026-08-21 14:11:00,0,,,4,True,0,,,,False,False,True,False
O01090,C0338,R016,D112,delivered,True,0.0,0.0,-7.18,delivered_on_time,False,,2026-08-03 17:56:00,2026-08-03 19:08:48.000000,2026-08-03 19:01:37.420245,3,3,False,False,2026-08-03 18:01:00,0,,,3,False,0,,,,False,False,False,False
O01091,C0609,R021,D059,delivered,True,0.0,0.0,-0.15,delivered_on_time,False,,2026-08-05 20:43:00,2026-08-05 21:55:48.000000,2026-08-05 21:55:38.785518,2,2,False,False,2026-08-05 20:53:00,0,,,2,False,0,,,,False,False,False,False
O01092,C0858,R042,D116,delivered,True,1.0,0.0,2.01,delivered_late,False,,2026-08-24 22:13:00,2026-08-24 23:14:14.650810,2026-08-24 23:16:15.447779,0,0,False,False,,0,,,0,False,0,,,,False,False,False,False
O01093,C0064,R042,D029,delivered,True,0.0,0.0,-19.99,delivered_on_time,False,TS-07,2026-08-04 17:00:00,2026-08-04 17:48:32.477386,2026-08-04 17:28:33.083782,2,2,False,False,2026-08-04 17:15:00,0,,,2,False,0,,,,False,False,False,False
O01094,C0216,R010,D056,delivered,True,1.0,1.0,17.48,delivered_late,True,CX-01;CX-03,2026-08-05 12:32:00,2026-08-05 13:40:30.215231,2026-08-05 13:57:59.231919,3,2,True,False,2026-08-05 12:44:00,1,eta_changed,2026-08-05 13:04:00,4,True,1,CUSTOMER_CREDIT,2026-08-05 13:47:30.215231,support,True,True,False,True
O01095,C0894,R003,D115,delivered,True,0.0,0.0,-9.11,delivered_on_time,False,,2026-08-10 19:24:00,2026-08-10 20:36:48.000000,2026-08-10 20:27:41.245047,1,1,False,False,2026-08-10 19:36:00,0,,,1,False,0,,,,False,False,False,False
O01096,C0456,R046,D060,cancelled,False,,,,cancelled,False,,2026-08-11 15:09:00,2026-08-11 16:04:42.595917,,1,1,False,False,2026-08-11 15:29:00,0,,,1,False,0,,,,False,False,False,False
O01097,C0551,R039,D008,delivered,True,1.0,0.0,2.09,delivered_late,False,,2026-08-24 19:26:00,2026-08-24 20:38:48.000000,2026-08-24 20:40:53.497529,1,1,False,False,2026-08-24 19:43:00,0,,,1,False,0,,,,False,False,False,False
O01098,C0023,R057,D041,delivered,True,0.0,0.0,-0.25,delivered_on_time,False,,2026-08-10 22:11:00,2026-08-10 23:30:48.000000,2026-08-10 23:30:33.256242,2,2,False,False,2026-08-10 22:27:00,0,,,2,False,0,,,,False,False,False,False
O01099,C0016,R045,D111,delivered,True,1.0,1.0,11.31,delivered_late,False,,2026-08-22 18:25:00,2026-08-22 19:43:48.000000,2026-08-22 19:55:06.817015,4,3,True,False,2026-08-22 18:33:00,0,,,4,True,0,,,,False,False,True,False
O01100,C0496,R012,D058,delivered,True,0.0,0.0,-14.18,delivered_on_time,False,,2026-08-21 16:12:00,2026-08-21 17:18:05.834259,2026-08-21 17:03:54.734530,2,2,False,False,2026-08-21 16:28:00,0,,,2,False,0,,,,False,False,False,False
O01101,C0164,R054,D055,delivered,True,1.0,0.0,1.28,delivered_late,False,,2026-08-05 12:21:00,2026-08-05 13:36:36.000000,2026-08-05 13:37:52.992097,0,0,False,False,,0,,,0,False,0,,,,False,False,False,False
O01102,C0634,R021,D010,delivered,True,1.0,1.0,44.95,delivered_late,False,,2026-08-12 18:25:00,2026-08-12 19:31:12.651822,2026-08-12 20:16:09.835907,2,2,False,False,2026-08-12 18:47:00,0,,,2,False,0,,,,False,False,False,False
O01103,C0642,R014,D086,delivered,True,1.0,0.0,6.91,delivered_late,False,,2026-08-18 19:15:00,2026-08-18 20:34:48.000000,2026-08-18 20:41:42.616649,0,0,False,False,,0,,,0,False,0,,,,False,False,False,False
O01104,C0642,R015,D105,delivered,True,0.0,0.0,-7.87,delivered_on_time,False,,2026-08-01 11:41:00,2026-08-01 12:49:10.089214,2026-08-01 12:41:17.622276,1,1,False,False,2026-08-01 11:46:00,0,,,1,False,0,,,,False,False,False,False
O01105,C0526,R016,D005,delivered,True,1.0,0.0,3.76,delivered_late,False,,2026-08-22 15:57:00,2026-08-22 17:05:34.746750,2026-08-22 17:09:20.394902,2,2,False,False,2026-08-22 16:13:00,0,,,2,False,0,,,,False,False,False,False
O01106,C0268,R006,D071,delivered,True,1.0,1.0,19.02,delivered_late,False,RG-03,2026-08-23 18:50:00,2026-08-23 19:30:53.750429,2026-08-23 19:49:55.046399,4,3,False,True,2026-08-23 18:57:00,1,driver_not_moving,2026-08-23 19:14:00,5,True,0,,,,False,False,True,False
O01107,C0660,R040,D038,delivered,True,1.0,1.0,13.02,delivered_late,False,,2026-08-21 19:52:00,2026-08-21 21:00:50.307899,2026-08-21 21:13:51.660760,4,3,True,False,2026-08-21 19:59:00,0,,,4,True,0,,,,False,False,True,False
O01108,C0010,R035,D098,delivered,True,0.0,0.0,-4.8,delivered_on_time,False,,2026-08-03 16:20:00,2026-08-03 17:21:20.173057,2026-08-03 17:16:32.343524,0,0,False,False,,0,,,0,False,1,CUSTOMER_CREDIT,2026-08-03 17:38:20.173057,support,True,False,False,False
O01109,C0299,R046,D106,delivered,True,0.0,0.0,-14.26,delivered_on_time,False,,2026-08-03 18:10:00,2026-08-03 19:20:22.866721,2026-08-03 19:06:07.544585,2,2,False,False,2026-08-03 18:34:00,0,,,2,False,0,,,,False,False,False,False
O01110,C0155,R024,D064,delivered,True,1.0,0.0,2.61,delivered_late,False,,2026-08-24 19:31:00,2026-08-24 20:39:55.091639,2026-08-24 20:42:31.754889,3,3,False,False,2026-08-24 19:36:00,0,,,3,False,0,,,,False,False,False,False
O01111,C0072,R017,D019,delivered,True,1.0,1.0,18.02,delivered_late,False,,2026-08-15 14:39:00,2026-08-15 15:51:48.000000,2026-08-15 16:09:49.216099,0,0,False,False,,0,,,0,False,0,,,,False,False,False,False
O01112,C0215,R026,D030,delivered,True,1.0,0.0,2.32,delivered_late,False,,2026-08-12 23:30:00,2026-08-13 00:48:06.000000,2026-08-13 00:50:25.217891,0,0,False,False,,0,,,0,False,1,CUSTOMER_CREDIT,2026-08-13 01:02:06.000000,support,True,False,False,False
O01113,C0411,R018,D028,delivered,True,0.0,0.0,-9.09,delivered_on_time,False,,2026-08-01 18:09:00,2026-08-01 19:07:45.538427,2026-08-01 18:58:40.349270,2,2,False,False,2026-08-01 18:16:00,0,,,2,False,1,RESTAURANT_CONTACT,2026-08-01 18:25:00.000000,support,True,True,False,False
O01114,C0352,R014,D015,delivered,True,1.0,0.0,1.2,delivered_late,False,,2026-08-28 15:25:00,2026-08-28 16:40:36.000000,2026-08-28 16:41:47.961835,3,3,False,False,2026-08-28 15:34:00,0,,,3,False,1,RESTAURANT_CONTACT,2026-08-28 15:48:00.000000,support,True,True,False,False
O01115,C0813,R053,D117,delivered,True,0.0,0.0,-0.95,delivered_on_time,False,CX-03,2026-08-25 19:16:00,2026-08-25 20:41:24.000000,2026-08-25 20:40:27.102548,0,0,False,False,,0,,,0,False,1,DRIVER_REASSIGNMENT,2026-08-25 19:35:00.000000,dispatch,True,True,False,False
O01116,C0324,R052,D090,delivered,True,0.0,0.0,-9.73,delivered_on_time,False,,2026-08-11 14:41:00,2026-08-11 15:53:48.000000,2026-08-11 15:44:04.055755,0,0,False,False,,0,,,0,False,0,,,,False,False,False,False
O01117,C0810,R052,D084,delivered,True,0.0,0.0,-16.32,delivered_on_time,False,,2026-08-01 18:20:00,2026-08-01 19:35:36.000000,2026-08-01 19:19:17.056072,3,3,False,False,2026-08-01 18:27:00,0,,,3,False,1,CUSTOMER_CREDIT,2026-08-01 19:45:36.000000,support,True,False,False,False
O01118,C0210,R024,D034,delivered,True,1.0,0.0,7.77,delivered_late,False,,2026-08-19 20:30:00,2026-08-19 21:36:16.813041,2026-08-19 21:44:03.302164,3,3,False,False,2026-08-19 20:40:00,0,,,3,False,0,,,,False,False,False,False
O01119,C0365,R028,D028,cancelled,False,,,,cancelled,False,,2026-08-24 15:04:00,2026-08-24 16:20:51.229003,,1,1,False,False,2026-08-24 15:32:00,0,,,1,False,1,RESTAURANT_CONTACT,2026-08-24 15:21:00.000000,support,True,False,False,False
O01120,C0295,R031,D010,delivered,True,1.0,1.0,10.44,delivered_late,False,,2026-08-19 20:37:00,2026-08-19 22:02:24.000000,2026-08-19 22:12:50.414424,0,0,False,False,,0,,,0,False,0,,,,False,False,False,False
O01121,C0201,R015,D009,delivered,True,0.0,0.0,-1.21,delivered_on_time,False,,2026-08-20 21:31:00,2026-08-20 22:39:37.817747,2026-08-20 22:38:25.382380,0,0,False,False,,0,,,0,False,0,,,,False,False,False,False
O01122,C0680,R052,D044,delivered,True,0.0,0.0,-3.06,delivered_on_time,True,CX-01;CX-03,2026-08-16 21:14:00,2026-08-16 22:26:48.000000,2026-08-16 22:23:44.556588,0,0,False,False,,0,,,0,False,1,RESTAURANT_CONTACT,2026-08-16 21:34:00.000000,support,True,True,False,False
O01123,C0098,R014,D063,delivered,True,0.0,0.0,-4.13,delivered_on_time,False,,2026-08-23 19:12:00,2026-08-23 20:24:48.000000,2026-08-23 20:20:40.486474,0,0,False,False,,0,,,0,False,0,,,,False,False,False,False
O01124,C0176,R008,D100,delivered,True,0.0,0.0,-8.48,delivered_on_time,False,RG-03,2026-08-19 12:53:00,2026-08-19 14:05:48.000000,2026-08-19 13:57:19.401905,1,1,False,False,2026-08-19 13:07:00,0,,,1,False,0,,,,False,False,False,False
O01125,C0249,R043,D025,delivered,True,0.0,0.0,-12.9,delivered_on_time,False,,2026-08-18 18:19:00,2026-08-18 19:20:37.717040,2026-08-18 19:07:43.441621,1,1,False,False,2026-08-18 18:25:00,0,,,1,False,0,,,,False,False,False,False
O01126,C0674,R055,D082,delivered,True,0.0,0.0,-18.46,delivered_on_time,False,,2026-08-02 15:21:00,2026-08-02 16:24:27.826044,2026-08-02 16:06:00.064060,2,2,False,False,2026-08-02 15:26:00,0,,,2,False,0,,,,False,False,False,False
O01127,C0610,R050,D107,delivered,True,1.0,0.0,1.21,delivered_late,False,,2026-08-21 18:22:00,2026-08-21 19:34:48.000000,2026-08-21 19:36:00.603906,0,0,False,False,,0,,,0,False,0,,,,False,False,False,False
O01128,C0512,R018,D030,delivered,True,1.0,0.0,2.17,delivered_late,False,,2026-08-14 19:27:00,2026-08-14 20:48:36.000000,2026-08-14 20:50:46.263299,1,1,False,False,2026-08-14 19:50:00,0,,,1,False,0,,,,False,False,False,False
O01129,C0866,R012,D092,delivered,True,1.0,0.0,1.05,delivered_late,False,,2026-08-11 20:55:00,2026-08-11 21:48:34.970002,2026-08-11 21:49:38.240971,2,2,False,False,2026-08-11 21:05:00,0,,,2,False,0,,,,False,False,False,False
O01130,C0866,R015,D099,delivered,True,0.0,0.0,-8.45,delivered_on_time,False,,2026-08-28 15:37:00,2026-08-28 16:22:54.310518,2026-08-28 16:14:27.206113,0,0,False,False,,0,,,0,False,0,,,,False,False,False,False
O01131,C0532,R006,D099,delivered,True,0.0,0.0,-2.8,delivered_on_time,False,,2026-08-05 19:30:00,2026-08-05 20:49:48.000000,2026-08-05 20:46:59.734670,1,1,False,False,2026-08-05 19:44:00,0,,,1,False,0,,,,False,False,False,False
O01132,C0367,R010,D104,delivered,True,1.0,1.0,21.39,delivered_late,False,,2026-08-19 18:03:00,2026-08-19 19:02:38.098935,2026-08-19 19:24:01.401437,1,1,False,False,2026-08-19 18:11:00,0,,,1,False,1,RESTAURANT_CONTACT,2026-08-19 18:31:00.000000,support,True,True,False,False
O01133,C0890,R029,D018,delivered,True,1.0,1.0,19.1,delivered_late,False,,2026-08-10 15:27:00,2026-08-10 16:46:48.000000,2026-08-10 17:05:53.763805,0,0,False,False,,0,,,0,False,0,,,,False,False,False,False
O01134,C0795,R038,D025,delivered,True,1.0,0.0,2.98,delivered_late,False,,2026-08-11 21:55:00,2026-08-11 23:10:36.000000,2026-08-11 23:13:34.612268,0,0,False,False,,0,,,0,False,0,,,,False,False,False,False
O01135,C0721,R015,D076,delivered,True,1.0,0.0,6.23,delivered_late,False,,2026-08-23 17:19:00,2026-08-23 18:23:10.732267,2026-08-23 18:29:24.781119,1,1,False,False,2026-08-23 17:39:00,0,,,1,False,0,,,,False,False,False,False
O01136,C0681,R021,D077,delivered,True,1.0,0.0,2.83,delivered_late,False,,2026-08-24 13:54:00,2026-08-24 15:09:36.000000,2026-08-24 15:12:25.586962,3,3,False,False,2026-08-24 14:14:00,0,,,3,False,0,,,,False,False,False,False
O01137,C0119,R060,D027,delivered,True,1.0,0.0,0.42,delivered_late,False,,2026-08-27 11:35:00,2026-08-27 13:00:48.000000,2026-08-27 13:01:13.284488,1,1,False,False,2026-08-27 11:44:00,0,,,1,False,0,,,,False,False,False,False
O01138,C0373,R009,D024,delivered,True,1.0,1.0,10.42,delivered_late,False,,2026-08-15 21:04:00,2026-08-15 22:19:36.000000,2026-08-15 22:30:01.266874,0,0,False,False,,0,,,0,False,1,RESTAURANT_CONTACT,2026-08-15 21:37:00.000000,support,True,True,False,False
O01139,C0294,R039,D058,delivered,True,0.0,0.0,-4.5,delivered_on_time,False,,2026-08-14 17:11:00,2026-08-14 18:02:08.617430,2026-08-14 17:57:38.699243,1,1,False,False,2026-08-14 17:19:00,0,,,1,False,1,PRIORITY_DISPATCH,2026-08-14 17:41:00.000000,operations,True,True,False,False
O01140,C0555,R035,D059,delivered,True,1.0,0.0,2.45,delivered_late,False,,2026-08-19 23:13:00,2026-08-20 00:25:48.000000,2026-08-20 00:28:14.803212,1,1,False,False,2026-08-19 23:22:00,0,,,1,False,0,,,,False,False,False,False
O01141,C0520,R014,D068,delivered,True,1.0,1.0,15.37,delivered_late,False,CX-03,2026-08-16 19:22:00,2026-08-16 20:38:55.522372,2026-08-16 20:54:17.512590,0,0,False,False,,0,,,0,False,1,DRIVER_REASSIGNMENT,2026-08-16 19:46:00.000000,dispatch,True,True,False,False
O01142,C0528,R041,D028,delivered,True,1.0,0.0,6.57,delivered_late,False,,2026-08-26 13:08:00,2026-08-26 14:23:36.000000,2026-08-26 14:30:10.204032,3,3,False,False,2026-08-26 13:13:00,1,restaurant_delay,2026-08-26 13:41:00,4,True,0,,,,False,False,True,False
O01143,C0053,R056,D017,delivered,True,1.0,0.0,0.96,delivered_late,False,,2026-08-02 21:03:00,2026-08-02 22:21:06.000000,2026-08-02 22:22:03.635979,1,1,False,False,2026-08-02 21:18:00,0,,,1,False,1,CUSTOMER_CREDIT,2026-08-02 22:28:06.000000,support,True,False,False,False
O01144,C0788,R055,D017,delivered,True,1.0,1.0,30.13,delivered_late,False,,2026-08-26 21:59:00,2026-08-26 23:21:18.000000,2026-08-26 23:51:26.036977,4,3,True,False,2026-08-26 22:13:00,1,driver_not_moving,2026-08-26 22:27:00,5,True,0,,,,False,False,True,False
O01145,C0448,R035,D047,delivered,True,1.0,0.0,1.19,delivered_late,False,,2026-08-02 20:37:00,2026-08-02 21:56:48.000000,2026-08-02 21:57:59.674709,3,3,False,False,2026-08-02 20:48:00,0,,,3,False,0,,,,False,False,False,False
O01146,C0364,R024,D068,delivered,True,1.0,0.0,6.19,delivered_late,False,,2026-08-04 13:05:00,2026-08-04 14:30:24.000000,2026-08-04 14:36:35.230297,0,0,False,False,,0,,,0,False,0,,,,False,False,False,False
O01147,C0457,R004,D060,delivered,True,1.0,0.0,4.03,delivered_late,False,CX-03,2026-08-03 18:03:00,2026-08-03 19:05:19.801748,2026-08-03 19:09:21.311240,0,0,False,False,,0,,,0,False,1,DRIVER_REASSIGNMENT,2026-08-03 18:25:00.000000,dispatch,True,True,False,False
O01148,C0406,R036,D107,delivered,True,1.0,0.0,7.42,delivered_late,False,,2026-08-04 18:11:00,2026-08-04 19:12:44.476995,2026-08-04 19:20:09.785281,0,0,False,False,,0,,,0,False,1,RESTAURANT_CONTACT,2026-08-04 18:38:00.000000,support,True,True,False,False
O01149,C0475,R020,D041,delivered,False,,,,unknown_missing_timestamp,False,TS-04,2026-08-22 20:37:00,2026-08-22 21:29:20.362496,,2,2,False,False,2026-08-22 20:46:00,0,,,2,False,0,,,,False,False,False,False
O01150,C0052,R014,D085,cancelled,False,,,,cancelled,False,,2026-08-17 21:31:00,2026-08-17 22:46:36.000000,,0,0,False,False,,0,,,0,False,0,,,,False,False,False,False
O01151,C0424,R007,D114,delivered,True,0.0,0.0,-7.15,delivered_on_time,False,RG-03,2026-08-20 19:49:00,2026-08-20 21:04:36.000000,2026-08-20 20:57:26.784161,3,3,False,False,2026-08-20 19:55:00,0,,,3,False,1,PRIORITY_DISPATCH,2026-08-20 20:09:00.000000,operations,True,True,False,False
O01152,C0018,R026,D011,delivered,True,1.0,0.0,8.19,delivered_late,True,CX-01;CX-03,2026-08-14 14:11:00,2026-08-14 15:26:36.000000,2026-08-14 15:34:47.577682,2,2,False,False,2026-08-14 14:35:00,1,status_mismatch,2026-08-14 14:41:00,3,True,0,,,,False,False,True,False
O01153,C0581,R024,D054,delivered,True,1.0,1.0,21.04,delivered_late,False,,2026-08-19 20:10:00,2026-08-19 21:22:48.000000,2026-08-19 21:43:50.301176,2,1,True,False,2026-08-19 20:26:00,1,late_delivery,2026-08-19 20:29:00,3,True,0,,,,False,False,True,False
O01154,C0561,R031,D016,delivered,True,0.0,0.0,-4.17,delivered_on_time,False,,2026-08-06 20:46:00,2026-08-06 21:50:46.600808,2026-08-06 21:46:36.307038,2,2,False,False,2026-08-06 20:53:00,0,,,2,False,0,,,,False,False,False,False
O01155,C0681,R025,D092,delivered,True,0.0,0.0,-10.6,delivered_on_time,False,,2026-08-25 21:02:00,2026-08-25 22:04:35.468783,2026-08-25 21:53:59.605929,2,2,False,False,2026-08-25 21:09:00,0,,,2,False,0,,,,False,False,False,False
O01156,C0353,R048,D075,delivered,True,1.0,0.0,6.61,delivered_late,False,,2026-08-22 22:07:00,2026-08-22 23:26:35.139254,2026-08-22 23:33:11.877178,1,1,False,False,2026-08-22 22:35:00,0,,,1,False,0,,,,False,False,False,False
O01157,C0175,R025,D106,cancelled,False,,,,cancelled,False,CX-03,2026-08-18 12:19:00,2026-08-18 13:44:24.000000,,3,3,False,False,2026-08-18 12:30:00,0,,,3,False,1,DRIVER_REASSIGNMENT,2026-08-18 12:44:00.000000,dispatch,True,False,False,False
O01158,C0367,R023,D077,delivered,True,0.0,0.0,-4.73,delivered_on_time,False,,2026-08-15 19:30:00,2026-08-15 20:18:38.431831,2026-08-15 20:13:54.903030,3,3,False,False,2026-08-15 19:52:00,0,,,3,False,0,,,,False,False,False,False
O01159,C0549,R003,D089,delivered,True,1.0,0.0,0.71,delivered_late,True,CX-01;CX-03,2026-08-07 16:11:00,2026-08-07 17:23:48.000000,2026-08-07 17:24:30.738283,1,1,False,False,2026-08-07 16:35:00,0,,,1,False,0,,,,False,False,False,False
O01160,C0498,R003,D042,delivered,True,1.0,1.0,19.07,delivered_late,False,,2026-08-17 22:36:00,2026-08-17 23:55:48.000000,2026-08-18 00:14:52.183203,3,2,True,False,2026-08-17 22:59:00,0,,,3,True,1,CUSTOMER_CREDIT,2026-08-18 00:12:48.000000,support,True,True,False,True
O01161,C0551,R034,D061,delivered,True,0.0,0.0,-3.98,delivered_on_time,False,CX-03,2026-08-07 12:35:00,2026-08-07 13:47:48.000000,2026-08-07 13:43:48.996869,2,2,False,False,2026-08-07 12:45:00,0,,,2,False,1,DRIVER_REASSIGNMENT,2026-08-07 13:02:00.000000,dispatch,True,True,False,False
O01162,C0637,R026,D016,delivered,True,0.0,0.0,-5.5,delivered_on_time,False,,2026-08-13 13:06:00,2026-08-13 14:18:48.000000,2026-08-13 14:13:17.775875,3,3,False,False,2026-08-13 13:10:00,0,,,3,False,0,,,,False,False,False,False
O01163,C0799,R023,D014,delivered,True,1.0,0.0,0.36,delivered_late,False,,2026-08-22 20:49:00,2026-08-22 22:08:48.000000,2026-08-22 22:09:09.374853,0,0,False,False,,0,,,0,False,0,,,,False,False,False,False
O01164,C0273,R017,D039,delivered,True,1.0,0.0,8.53,delivered_late,False,,2026-08-28 18:57:00,2026-08-28 20:15:06.000000,2026-08-28 20:23:37.951832,3,2,True,False,2026-08-28 19:07:00,0,,,3,True,0,,,,False,False,True,False
O01165,C0857,R041,D025,delivered,True,1.0,0.0,9.0,delivered_late,False,,2026-08-04 11:04:00,2026-08-04 12:16:48.000000,2026-08-04 12:25:47.755547,0,0,False,False,,0,,,0,False,0,,,,False,False,False,False
O01166,C0390,R028,D085,delivered,True,0.0,0.0,-6.38,delivered_on_time,False,,2026-08-17 18:45:00,2026-08-17 20:10:24.000000,2026-08-17 20:04:00.984689,0,0,False,False,,0,,,0,False,0,,,,False,False,False,False
O01167,C0446,R050,D086,delivered,True,1.0,1.0,19.02,delivered_late,False,,2026-08-17 12:41:00,2026-08-17 13:41:20.030887,2026-08-17 14:00:21.109019,2,1,True,False,2026-08-17 13:00:00,0,,,2,True,0,,,,False,False,True,False
O01168,C0055,R023,D114,delivered,True,1.0,0.0,2.44,delivered_late,False,FR-01,2026-08-16 13:43:00,2026-08-16 14:42:20.134412,2026-08-16 14:44:46.452970,0,0,False,False,,0,,,0,False,0,,,,False,False,False,False
O01169,C0097,R058,D057,delivered,True,1.0,1.0,21.83,delivered_late,True,CX-01;CX-03,2026-08-20 18:36:00,2026-08-20 19:55:48.000000,2026-08-20 20:17:37.652323,4,3,False,True,2026-08-20 18:47:00,0,,,4,False,0,,,,False,False,False,False
O01170,C0125,R008,D001,delivered,True,1.0,1.0,15.21,delivered_late,True,CX-01;CX-03,2026-08-05 20:26:00,2026-08-05 21:47:36.000000,2026-08-05 22:02:48.487521,4,3,True,False,2026-08-05 20:40:00,1,restaurant_delay,2026-08-05 20:55:00,5,True,1,CUSTOMER_CREDIT,2026-08-05 22:01:36.000000,support,True,True,False,True
O01171,C0018,R011,D057,delivered,True,0.0,0.0,-4.23,delivered_on_time,False,,2026-08-03 22:12:00,2026-08-03 23:30:52.443966,2026-08-03 23:26:38.423530,3,3,False,False,2026-08-03 22:16:00,0,,,3,False,0,,,,False,False,False,False
O01172,C0806,R001,D022,delivered,True,0.0,0.0,-6.97,delivered_on_time,True,CX-01;CX-03,2026-08-19 18:16:00,2026-08-19 19:31:36.000000,2026-08-19 19:24:37.857488,3,3,False,False,2026-08-19 18:34:00,0,,,3,False,0,,,,False,False,False,False
O01173,C0345,R023,D043,delivered,True,0.0,0.0,-11.24,delivered_on_time,False,,2026-08-18 19:03:00,2026-08-18 20:14:49.386253,2026-08-18 20:03:35.039975,1,1,False,False,2026-08-18 19:28:00,0,,,1,False,0,,,,False,False,False,False
O01174,C0627,R051,D101,delivered,True,0.0,0.0,-11.48,delivered_on_time,False,,2026-08-27 18:15:00,2026-08-27 19:34:48.000000,2026-08-27 19:23:19.342611,1,1,False,False,2026-08-27 18:25:00,0,,,1,False,0,,,,False,False,False,False
O01175,C0001,R019,D115,delivered,False,,,,unknown_missing_timestamp,False,TS-04;RG-03,2026-08-24 17:43:00,2026-08-24 18:58:36.000000,,2,2,False,False,2026-08-24 17:52:00,0,,,2,False,0,,,,False,False,False,False
O01176,C0761,R007,D110,delivered,True,1.0,1.0,13.13,delivered_late,False,RG-03,2026-08-07 20:34:00,2026-08-07 21:56:18.000000,2026-08-07 22:09:25.520690,0,0,False,False,,0,,,0,False,0,,,,False,False,False,False
O01177,C0167,R022,D095,delivered,True,0.0,0.0,-2.37,delivered_on_time,False,,2026-08-07 17:56:00,2026-08-07 19:00:36.526318,2026-08-07 18:58:14.516433,0,0,False,False,,0,,,0,False,1,RESTAURANT_CONTACT,2026-08-07 18:16:00.000000,support,True,True,False,False
O01178,C0581,R057,D057,delivered,True,1.0,1.0,10.33,delivered_late,False,,2026-08-27 22:10:00,2026-08-27 23:25:36.000000,2026-08-27 23:35:56.076213,3,3,False,False,2026-08-27 22:25:00,0,,,3,False,0,,,,False,False,False,False
O01179,C0092,R012,D054,delivered,True,1.0,1.0,12.8,delivered_late,False,,2026-08-08 14:40:00,2026-08-08 15:53:21.843019,2026-08-08 16:06:09.916216,1,1,False,False,2026-08-08 14:58:00,0,,,1,False,0,,,,False,False,False,False
O01180,C0111,R004,D087,delivered,True,1.0,0.0,9.93,delivered_late,False,,2026-08-28 20:14:00,2026-08-28 21:29:36.000000,2026-08-28 21:39:32.017785,0,0,False,False,,0,,,0,False,0,,,,False,False,False,False
O01181,C0194,R045,D041,delivered,True,0.0,0.0,-2.79,delivered_on_time,False,,2026-08-28 12:45:00,2026-08-28 14:04:48.000000,2026-08-28 14:02:00.736568,3,3,False,False,2026-08-28 12:54:00,0,,,3,False,1,PRIORITY_DISPATCH,2026-08-28 13:11:00.000000,operations,True,True,False,False
O01182,C0423,R005,D011,delivered,True,1.0,0.0,7.45,delivered_late,False,,2026-08-11 18:10:00,2026-08-11 19:22:48.000000,2026-08-11 19:30:14.762499,0,0,False,False,,0,,,0,False,1,CUSTOMER_CREDIT,2026-08-11 19:33:48.000000,support,True,False,False,False
O01183,C0761,R004,D113,delivered,True,1.0,1.0,14.83,delivered_late,False,,2026-08-02 18:40:00,2026-08-02 19:33:55.161577,2026-08-02 19:48:45.150980,3,3,False,False,2026-08-02 18:46:00,1,driver_not_moving,2026-08-02 19:34:00,4,True,0,,,,False,False,True,False
O01184,C0860,R008,D045,delivered,True,0.0,0.0,-5.92,delivered_on_time,False,CX-03,2026-08-04 21:54:00,2026-08-04 22:57:13.083976,2026-08-04 22:51:17.688095,0,0,False,False,,0,,,0,False,1,DRIVER_REASSIGNMENT,2026-08-04 22:20:00.000000,dispatch,True,True,False,False
O01185,C0881,R049,D077,delivered,True,1.0,1.0,12.14,delivered_late,False,,2026-08-04 18:26:00,2026-08-04 19:41:18.000000,2026-08-04 19:53:26.419325,3,2,True,False,2026-08-04 18:41:00,1,restaurant_delay,2026-08-04 18:57:00,4,True,0,,,,False,False,True,False
O01186,C0872,R059,D020,delivered,True,0.0,0.0,-0.42,delivered_on_time,False,,2026-08-06 18:30:00,2026-08-06 19:42:48.000000,2026-08-06 19:42:22.924165,1,1,False,False,2026-08-06 18:51:00,0,,,1,False,0,,,,False,False,False,False
O01187,C0450,R042,D015,delivered,True,1.0,1.0,23.54,delivered_late,False,,2026-08-26 20:03:00,2026-08-26 21:15:48.000000,2026-08-26 21:39:20.595835,2,2,False,False,2026-08-26 20:11:00,0,,,2,False,1,PRIORITY_DISPATCH,2026-08-26 20:22:00.000000,operations,True,True,False,False
O01188,C0137,R020,D110,delivered,True,1.0,0.0,1.12,delivered_late,False,,2026-08-08 14:25:00,2026-08-08 15:25:50.711877,2026-08-08 15:26:58.015251,1,1,False,False,2026-08-08 14:48:00,0,,,1,False,1,PRIORITY_DISPATCH,2026-08-08 14:39:00.000000,operations,True,True,False,False
O01189,C0129,R004,D063,delivered,True,1.0,0.0,2.6,delivered_late,False,CX-03,2026-08-18 19:21:00,2026-08-18 20:32:50.493778,2026-08-18 20:35:26.283749,2,2,False,False,2026-08-18 19:41:00,0,,,2,False,1,DRIVER_REASSIGNMENT,2026-08-18 19:44:00.000000,dispatch,True,True,False,False
O01190,C0240,R016,D029,delivered,True,0.0,0.0,-5.77,delivered_on_time,False,,2026-08-24 22:49:00,2026-08-25 00:04:36.000000,2026-08-24 23:58:50.065639,3,3,False,False,2026-08-24 22:56:00,0,,,3,False,0,,,,False,False,False,False
O01191,C0596,R029,D054,delivered,True,1.0,0.0,6.76,delivered_late,False,,2026-08-12 20:08:00,2026-08-12 21:33:24.000000,2026-08-12 21:40:09.712898,1,1,False,False,2026-08-12 20:29:00,1,ready_but_waiting,2026-08-12 21:01:00,2,True,0,,,,False,False,True,False
O01192,C0020,R031,D010,delivered,True,0.0,0.0,-3.47,delivered_on_time,False,,2026-08-03 18:59:00,2026-08-03 20:06:13.071312,2026-08-03 20:02:44.992419,2,2,False,False,2026-08-03 19:05:00,0,,,2,False,1,PRIORITY_DISPATCH,2026-08-03 19:13:00.000000,operations,True,True,False,False
O01193,C0316,R037,D063,delivered,True,0.0,0.0,-2.14,delivered_on_time,False,,2026-08-03 13:13:00,2026-08-03 14:25:26.586571,2026-08-03 14:23:18.168566,1,1,False,False,2026-08-03 13:34:00,0,,,1,False,1,RESTAURANT_CONTACT,2026-08-03 13:25:00.000000,support,True,True,False,False
O01194,C0775,R060,D060,delivered,True,1.0,0.0,3.65,delivered_late,False,,2026-08-27 11:50:00,2026-08-27 13:12:18.000000,2026-08-27 13:15:56.743816,2,2,False,False,2026-08-27 12:05:00,0,,,2,False,0,,,,False,False,False,False
O01195,C0106,R028,D037,delivered,False,,,,unknown_missing_timestamp,False,TS-04,2026-08-07 14:50:00,2026-08-07 16:05:36.000000,,2,2,False,False,2026-08-07 14:58:00,0,,,2,False,0,,,,False,False,False,False
O01196,C0227,R019,D109,delivered,True,0.0,0.0,-8.49,delivered_on_time,False,RG-03,2026-08-04 18:50:00,2026-08-04 20:05:36.000000,2026-08-04 19:57:06.523381,2,2,False,False,2026-08-04 18:54:00,0,,,2,False,0,,,,False,False,False,False
O01197,C0032,R034,D118,delivered,True,1.0,1.0,31.61,delivered_late,False,,2026-08-17 16:34:00,2026-08-17 17:56:18.000000,2026-08-17 18:27:54.591417,0,0,False,False,,1,driver_not_moving,2026-08-17 17:07:00,1,True,0,,,,False,False,True,False
O01198,C0093,R042,D101,delivered,True,1.0,0.0,6.92,delivered_late,False,,2026-08-25 17:58:00,2026-08-25 19:13:36.000000,2026-08-25 19:20:31.328873,0,0,False,False,,1,ready_but_waiting,2026-08-25 18:30:00,1,True,1,CUSTOMER_CREDIT,2026-08-25 19:18:36.000000,support,True,True,False,True
O01199,C0556,R060,D036,delivered,True,0.0,0.0,-1.23,delivered_on_time,False,,2026-08-14 12:40:00,2026-08-14 13:44:02.338765,2026-08-14 13:42:48.786574,2,2,False,False,2026-08-14 12:51:00,0,,,2,False,1,RESTAURANT_CONTACT,2026-08-14 13:04:00.000000,support,True,True,False,False
O01200,C0756,R049,D001,delivered,True,0.0,0.0,-3.55,delivered_on_time,False,CX-03,2026-08-13 22:39:00,2026-08-13 23:51:48.000000,2026-08-13 23:48:14.701648,0,0,False,False,,0,,,0,False,1,DRIVER_REASSIGNMENT,2026-08-13 23:04:00.000000,dispatch,True,True,False,False
O01201,C0824,R026,D020,delivered,True,1.0,0.0,1.79,delivered_late,False,,2026-08-26 15:04:00,2026-08-26 16:12:59.611045,2026-08-26 16:14:46.774211,1,1,False,False,2026-08-26 15:32:00,0,,,1,False,1,RESTAURANT_CONTACT,2026-08-26 15:28:00.000000,support,True,True,False,False
O01202,C0390,R010,D076,delivered,True,0.0,0.0,-0.55,delivered_on_time,False,,2026-08-02 13:35:00,2026-08-02 14:50:36.000000,2026-08-02 14:50:03.188679,2,2,False,False,2026-08-02 13:50:00,0,,,2,False,0,,,,False,False,False,False
O01203,C0585,R048,D022,delivered,True,1.0,0.0,9.23,delivered_late,False,,2026-08-19 16:13:00,2026-08-19 17:31:31.768982,2026-08-19 17:40:45.828523,2,2,False,False,2026-08-19 16:27:00,1,driver_not_moving,2026-08-19 16:58:00,3,True,0,,,,False,False,True,False
O01204,C0534,R054,D004,delivered,True,1.0,0.0,1.17,delivered_late,False,,2026-08-20 18:48:00,2026-08-20 20:03:36.000000,2026-08-20 20:04:46.005765,0,0,False,False,,0,,,0,False,0,,,,False,False,False,False
O01205,C0100,R010,D041,delivered,True,1.0,0.0,4.47,delivered_late,True,CX-01,2026-08-18 23:07:00,2026-08-18 23:55:36.053510,2026-08-19 00:00:04.126944,2,2,False,False,2026-08-18 23:11:00,0,,,2,False,1,DRIVER_REASSIGNMENT,2026-08-18 23:31:00.000000,dispatch,True,True,False,False
O01206,C0239,R020,D118,delivered,False,,,,unknown_missing_timestamp,True,TS-04;CX-01;CX-03,2026-08-17 14:14:00,2026-08-17 15:06:29.450363,,2,2,False,False,2026-08-17 14:18:00,0,,,2,False,1,PRIORITY_DISPATCH,2026-08-17 14:39:00.000000,operations,True,False,False,False
O01207,C0467,R045,D007,delivered,True,0.0,0.0,-12.38,delivered_on_time,False,,2026-08-06 23:59:00,2026-08-07 01:14:36.000000,2026-08-07 01:02:13.082526,2,2,False,False,2026-08-07 00:11:00,0,,,2,False,0,,,,False,False,False,False
O01208,C0472,R019,D024,delivered,True,0.0,0.0,-4.98,delivered_on_time,False,RG-03,2026-08-02 19:31:00,2026-08-02 20:53:18.000000,2026-08-02 20:48:19.177491,1,1,False,False,2026-08-02 19:54:00,0,,,1,False,0,,,,False,False,False,False
O01209,C0865,R059,D037,delivered,True,0.0,0.0,-6.42,delivered_on_time,False,,2026-08-09 18:29:00,2026-08-09 19:41:48.000000,2026-08-09 19:35:22.522400,1,1,False,False,2026-08-09 18:33:00,1,late_delivery,2026-08-09 19:21:00,2,True,0,,,,False,False,True,False
O01210,C0338,R037,D043,delivered,True,1.0,0.0,6.13,delivered_late,False,,2026-08-26 13:18:00,2026-08-26 14:33:18.000000,2026-08-26 14:39:25.535731,0,0,False,False,,0,,,0,False,1,PRIORITY_DISPATCH,2026-08-26 13:43:00.000000,operations,True,True,False,False
O01211,C0076,R032,D034,delivered,True,0.0,0.0,-0.38,delivered_on_time,False,,2026-08-16 11:34:00,2026-08-16 12:49:36.000000,2026-08-16 12:49:13.280750,1,1,False,False,2026-08-16 11:51:00,0,,,1,False,0,,,,False,False,False,False
O01212,C0807,R058,D104,delivered,True,1.0,0.0,9.71,delivered_late,True,CX-01;CX-03,2026-08-01 11:29:00,2026-08-01 12:44:36.000000,2026-08-01 12:54:18.363664,4,3,True,False,2026-08-01 11:34:00,0,,,4,True,0,,,,False,False,True,False
O01213,C0183,R038,D026,delivered,True,1.0,0.0,7.94,delivered_late,False,CX-03,2026-08-03 12:34:00,2026-08-03 13:53:48.000000,2026-08-03 14:01:44.655362,1,1,False,False,2026-08-03 12:50:00,1,driver_not_moving,2026-08-03 13:14:00,2,True,1,DRIVER_REASSIGNMENT,2026-08-03 12:44:00.000000,dispatch,True,True,False,True
O01214,C0701,R049,D060,delivered,False,,,,unknown_missing_timestamp,False,TS-04,2026-08-26 12:31:00,2026-08-26 13:38:50.395098,,2,2,False,False,2026-08-26 12:55:00,1,eta_changed,2026-08-26 13:14:00,3,True,0,,,,False,False,True,False
O01215,C0281,R004,D057,delivered,True,0.0,0.0,-3.4,delivered_on_time,False,,2026-08-26 22:08:00,2026-08-26 23:13:43.353082,2026-08-26 23:10:19.228154,3,3,False,False,2026-08-26 22:30:00,1,driver_not_moving,2026-08-26 22:34:00,4,True,0,,,,False,False,True,False
O01216,C0574,R007,D102,delivered,True,1.0,0.0,3.97,delivered_late,False,RG-03,2026-08-27 18:53:00,2026-08-27 20:08:36.000000,2026-08-27 20:12:33.991878,0,0,False,False,,0,,,0,False,0,,,,False,False,False,False
O01217,C0400,R028,D066,delivered,True,1.0,1.0,23.63,delivered_late,False,,2026-08-27 16:35:00,2026-08-27 17:46:12.262483,2026-08-27 18:09:50.189024,0,0,False,False,,0,,,0,False,1,RESTAURANT_CONTACT,2026-08-27 17:05:00.000000,support,True,True,False,False
O01218,C0121,R053,D073,delivered,True,0.0,0.0,-18.8,delivered_on_time,False,,2026-08-18 19:53:00,2026-08-18 20:50:01.427644,2026-08-18 20:31:13.328807,0,0,False,False,,0,,,0,False,0,,,,False,False,False,False
O01219,C0670,R052,D092,delivered,True,1.0,0.0,0.41,delivered_late,False,,2026-08-13 23:58:00,2026-08-14 01:10:48.000000,2026-08-14 01:11:12.879822,0,0,False,False,,0,,,0,False,0,,,,False,False,False,False
O01220,C0582,R053,D116,delivered,True,0.0,0.0,-5.49,delivered_on_time,False,,2026-08-20 21:08:00,2026-08-20 22:20:48.000000,2026-08-20 22:15:18.705814,2,2,False,False,2026-08-20 21:25:00,0,,,2,False,0,,,,False,False,False,False
O01221,C0840,R020,D076,delivered,True,0.0,0.0,-2.79,delivered_on_time,False,CX-03,2026-08-09 18:32:00,2026-08-09 19:31:55.972592,2026-08-09 19:29:08.365544,3,3,False,False,2026-08-09 18:38:00,0,,,3,False,1,DRIVER_REASSIGNMENT,2026-08-09 19:00:00.000000,dispatch,True,True,False,False
O01222,C0463,R023,D016,cancelled,False,,,,cancelled,False,,2026-08-06 14:46:00,2026-08-06 15:48:13.646451,,2,2,False,False,2026-08-06 14:56:00,0,,,2,False,0,,,,False,False,False,False
O01223,C0380,R030,D052,delivered,True,0.0,0.0,-4.29,delivered_on_time,False,,2026-08-01 12:01:00,2026-08-01 13:05:22.557592,2026-08-01 13:01:05.155441,1,1,False,False,2026-08-01 12:29:00,0,,,1,False,0,,,,False,False,False,False
O01224,C0800,R037,D114,delivered,True,1.0,0.0,1.73,delivered_late,False,,2026-08-26 11:37:00,2026-08-26 13:02:55.922904,2026-08-26 13:04:39.723814,2,2,False,False,2026-08-26 11:53:00,0,,,2,False,0,,,,False,False,False,False
O01225,C0316,R017,D047,delivered,True,0.0,0.0,-16.46,delivered_on_time,False,TS-07;CX-03,2026-08-24 19:02:00,2026-08-24 20:17:36.000000,2026-08-24 20:01:08.154408,1,1,False,False,2026-08-24 19:11:00,0,,,1,False,1,DRIVER_REASSIGNMENT,2026-08-24 19:13:00.000000,dispatch,True,True,False,False
O01226,C0637,R039,D051,delivered,True,0.0,0.0,-1.35,delivered_on_time,False,,2026-08-27 23:32:00,2026-08-28 00:18:40.702327,2026-08-28 00:17:19.910671,0,0,False,False,,0,,,0,False,0,,,,False,False,False,False
O01227,C0407,R050,D069,delivered,True,0.0,0.0,-1.53,delivered_on_time,False,,2026-08-18 19:44:00,2026-08-18 20:41:44.451058,2026-08-18 20:40:12.833768,0,0,False,False,,0,,,0,False,0,,,,False,False,False,False
O01228,C0349,R036,D037,delivered,True,0.0,0.0,-20.06,delivered_on_time,False,,2026-08-25 14:26:00,2026-08-25 15:41:36.000000,2026-08-25 15:21:32.161712,3,3,False,False,2026-08-25 14:37:00,0,,,3,False,0,,,,False,False,False,False
O01229,C0232,R059,D117,delivered,True,0.0,0.0,-8.67,delivered_on_time,False,,2026-08-21 20:51:00,2026-08-21 21:46:45.520091,2026-08-21 21:38:05.311815,3,3,False,False,2026-08-21 20:59:00,0,,,3,False,0,,,,False,False,False,False
O01230,C0292,R023,D030,delivered,True,1.0,0.0,6.75,delivered_late,False,,2026-08-17 17:56:00,2026-08-17 19:08:48.000000,2026-08-17 19:15:32.869282,2,2,False,False,2026-08-17 18:22:00,1,status_mismatch,2026-08-17 18:33:00,3,True,0,,,,False,False,True,False
O01231,C0689,R056,D091,delivered,True,0.0,0.0,-10.61,delivered_on_time,False,,2026-08-01 11:05:00,2026-08-01 12:17:48.000000,2026-08-01 12:07:11.607460,1,1,False,False,2026-08-01 11:19:00,0,,,1,False,0,,,,False,False,False,False
O01232,C0671,R023,D011,delivered,True,1.0,1.0,22.05,delivered_late,True,CX-01;CX-03,2026-08-01 16:55:00,2026-08-01 18:02:55.770521,2026-08-01 18:24:58.831214,4,3,True,False,2026-08-01 17:07:00,0,,,4,True,0,,,,False,False,True,False
O01233,C0426,R012,D096,delivered,True,1.0,1.0,23.39,delivered_late,True,CX-01;CX-03,2026-08-05 18:59:00,2026-08-05 19:49:47.230763,2026-08-05 20:13:10.543080,2,1,True,False,2026-08-05 19:16:00,1,late_delivery,2026-08-05 19:27:00,3,True,0,,,,False,False,True,False
O01234,C0205,R002,D083,delivered,True,0.0,0.0,-6.99,delivered_on_time,False,,2026-08-06 21:28:00,2026-08-06 22:43:36.000000,2026-08-06 22:36:36.750355,0,0,False,False,,0,,,0,False,0,,,,False,False,False,False
O01235,C0772,R032,D098,delivered,True,1.0,1.0,32.0,delivered_late,False,,2026-08-28 13:15:00,2026-08-28 14:36:17.661077,2026-08-28 15:08:17.715971,0,0,False,False,,1,eta_changed,2026-08-28 13:41:00,1,True,0,,,,False,False,True,False
O01236,C0215,R047,D120,delivered,True,0.0,0.0,-3.04,delivered_on_time,False,,2026-08-28 17:51:00,2026-08-28 19:06:36.000000,2026-08-28 19:03:33.847273,2,2,False,False,2026-08-28 17:56:00,0,,,2,False,0,,,,False,False,False,False
O01237,C0329,R033,D009,cancelled,False,,,,cancelled,False,,2026-08-16 18:05:00,2026-08-16 19:24:48.000000,,3,3,False,False,2026-08-16 18:16:00,0,,,3,False,0,,,,False,False,False,False
O01238,C0265,R030,D014,delivered,True,1.0,0.0,6.66,delivered_late,False,CX-03,2026-08-26 18:32:00,2026-08-26 19:41:22.563132,2026-08-26 19:48:01.941593,0,0,False,False,,0,,,0,False,1,DRIVER_REASSIGNMENT,2026-08-26 18:43:00.000000,dispatch,True,True,False,False
O01239,C0628,R040,D053,delivered,True,0.0,0.0,-7.86,delivered_on_time,True,CX-01;CX-03,2026-08-11 20:27:00,2026-08-11 21:46:48.000000,2026-08-11 21:38:56.128751,1,1,False,False,2026-08-11 20:37:00,0,,,1,False,0,,,,False,False,False,False
O01240,C0326,R059,D081,cancelled,False,,,,cancelled,False,,2026-08-23 19:49:00,2026-08-23 21:01:48.000000,,3,3,False,False,2026-08-23 20:04:00,0,,,3,False,1,RESTAURANT_CONTACT,2026-08-23 20:23:00.000000,support,True,False,False,False
O01241,C0181,R049,D019,delivered,True,0.0,0.0,-6.62,delivered_on_time,False,,2026-08-10 14:43:00,2026-08-10 15:40:00.741876,2026-08-10 15:33:23.600018,2,2,False,False,2026-08-10 15:05:00,0,,,2,False,0,,,,False,False,False,False
O01242,C0435,R041,D093,delivered,True,0.0,0.0,-9.28,delivered_on_time,False,,2026-08-02 13:10:00,2026-08-02 14:02:35.490228,2026-08-02 13:53:18.435034,0,0,False,False,,0,,,0,False,0,,,,False,False,False,False
O01243,C0226,R024,D065,delivered,True,1.0,0.0,2.43,delivered_late,False,,2026-08-08 18:06:00,2026-08-08 19:25:48.000000,2026-08-08 19:28:14.018057,0,0,False,False,,0,,,0,False,0,,,,False,False,False,False
O01244,C0026,R014,D001,delivered,True,1.0,0.0,4.47,delivered_late,False,,2026-08-02 22:13:00,2026-08-02 23:31:06.000000,2026-08-02 23:35:34.225338,0,0,False,False,,0,,,0,False,0,,,,False,False,False,False
O01245,C0637,R045,D103,delivered,True,1.0,1.0,12.97,delivered_late,False,,2026-08-05 20:22:00,2026-08-05 21:16:39.602028,2026-08-05 21:29:37.794053,2,1,True,False,2026-08-05 20:47:00,1,status_mismatch,2026-08-05 21:02:00,3,True,0,,,,False,False,True,False
O01246,C0436,R013,D023,delivered,True,1.0,1.0,22.49,delivered_late,False,,2026-08-15 17:21:00,2026-08-15 18:27:46.477214,2026-08-15 18:50:16.168521,0,0,False,False,,0,,,0,False,1,RESTAURANT_CONTACT,2026-08-15 17:55:00.000000,support,True,True,False,False
O01247,C0540,R055,D056,delivered,True,1.0,0.0,2.19,delivered_late,False,CX-03,2026-08-14 11:44:00,2026-08-14 12:59:36.000000,2026-08-14 13:01:47.588903,3,3,False,False,2026-08-14 12:00:00,0,,,3,False,1,DRIVER_REASSIGNMENT,2026-08-14 12:02:00.000000,dispatch,True,True,False,False
O01248,C0482,R040,D095,delivered,True,1.0,1.0,12.52,delivered_late,False,CX-03,2026-08-14 18:06:00,2026-08-14 19:25:48.000000,2026-08-14 19:38:18.942174,0,0,False,False,,0,,,0,False,1,DRIVER_REASSIGNMENT,2026-08-14 18:31:00.000000,dispatch,True,True,False,False
O01249,C0826,R016,D060,delivered,True,0.0,0.0,-4.58,delivered_on_time,False,,2026-08-22 21:12:00,2026-08-22 21:59:45.359126,2026-08-22 21:55:10.337888,3,3,False,False,2026-08-22 21:32:00,0,,,3,False,0,,,,False,False,False,False
O01250,C0222,R002,D043,delivered,True,1.0,1.0,17.04,delivered_late,False,,2026-08-22 18:24:00,2026-08-22 19:43:48.000000,2026-08-22 20:00:50.161322,3,3,False,False,2026-08-22 18:37:00,0,,,3,False,0,,,,False,False,False,False
O01251,C0181,R009,D096,delivered,True,1.0,0.0,5.47,delivered_late,False,CX-03,2026-08-14 21:52:00,2026-08-14 23:04:48.000000,2026-08-14 23:10:16.278687,1,1,False,False,2026-08-14 22:08:00,0,,,1,False,1,DRIVER_REASSIGNMENT,2026-08-14 22:08:00.000000,dispatch,True,True,False,False
O01252,C0039,R033,D022,delivered,False,,,,unknown_missing_timestamp,False,TS-04,2026-08-04 19:55:00,2026-08-04 21:10:36.000000,,2,2,False,False,2026-08-04 20:05:00,0,,,2,False,0,,,,False,False,False,False
O01253,C0217,R017,D004,delivered,True,0.0,0.0,-11.26,delivered_on_time,False,,2026-08-08 11:06:00,2026-08-08 12:14:29.392287,2026-08-08 12:03:14.031896,0,0,False,False,,0,,,0,False,0,,,,False,False,False,False
O01254,C0302,R039,D120,delivered,True,1.0,0.0,4.93,delivered_late,False,,2026-08-11 14:35:00,2026-08-11 15:47:48.000000,2026-08-11 15:52:43.713545,3,3,False,False,2026-08-11 14:50:00,0,,,3,False,0,,,,False,False,False,False
O01255,C0679,R049,D041,delivered,True,1.0,0.0,4.93,delivered_late,False,,2026-08-25 22:07:00,2026-08-25 23:14:23.334558,2026-08-25 23:19:18.867608,0,0,False,False,,0,,,0,False,0,,,,False,False,False,False
O01256,C0721,R008,D033,delivered,True,0.0,0.0,-0.99,delivered_on_time,False,,2026-08-02 20:51:00,2026-08-02 22:06:36.000000,2026-08-02 22:05:36.476110,0,0,False,False,,0,,,0,False,0,,,,False,False,False,False
O01257,C0572,R056,D001,delivered,True,1.0,0.0,9.89,delivered_late,False,,2026-08-15 14:52:00,2026-08-15 16:07:36.000000,2026-08-15 16:17:29.430306,0,0,False,False,,0,,,0,False,0,,,,False,False,False,False
O01258,C0464,R030,D120,delivered,True,1.0,0.0,5.47,delivered_late,False,,2026-08-10 23:33:00,2026-08-11 00:27:03.651550,2026-08-11 00:32:31.643764,3,3,False,False,2026-08-10 23:47:00,0,,,3,False,0,,,,False,False,False,False
O01259,C0267,R033,D068,delivered,True,1.0,0.0,4.02,delivered_late,False,CX-03,2026-08-17 17:09:00,2026-08-17 18:28:48.000000,2026-08-17 18:32:49.382271,1,1,False,False,2026-08-17 17:33:00,0,,,1,False,1,DRIVER_REASSIGNMENT,2026-08-17 17:28:00.000000,dispatch,True,True,False,False
O01260,C0654,R040,D055,delivered,True,0.0,0.0,-4.89,delivered_on_time,False,,2026-08-11 14:35:00,2026-08-11 16:00:24.000000,2026-08-11 15:55:30.552540,1,1,False,False,2026-08-11 14:45:00,0,,,1,False,0,,,,False,False,False,False
O01261,C0821,R042,D069,delivered,True,0.0,0.0,-4.39,delivered_on_time,True,CX-01;CX-03,2026-08-13 19:14:00,2026-08-13 20:26:48.000000,2026-08-13 20:22:24.506703,1,1,False,False,2026-08-13 19:35:00,0,,,1,False,0,,,,False,False,False,False
O01262,C0200,R032,D051,delivered,True,0.0,0.0,-3.5,delivered_on_time,False,,2026-08-09 20:20:00,2026-08-09 21:32:48.000000,2026-08-09 21:29:17.874639,1,1,False,False,2026-08-09 20:33:00,0,,,1,False,0,,,,False,False,False,False
O01263,C0691,R033,D029,delivered,True,0.0,0.0,-12.18,delivered_on_time,False,,2026-08-01 15:50:00,2026-08-01 17:04:29.048168,2026-08-01 16:52:18.296394,0,0,False,False,,0,,,0,False,0,,,,False,False,False,False
O01264,C0259,R041,D001,delivered,True,0.0,0.0,-10.27,delivered_on_time,False,,2026-08-04 20:53:00,2026-08-04 22:08:36.000000,2026-08-04 21:58:19.657702,3,3,False,False,2026-08-04 20:59:00,0,,,3,False,0,,,,False,False,False,False
O01265,C0272,R047,D076,delivered,True,0.0,0.0,-1.19,delivered_on_time,True,CX-01;CX-03,2026-08-09 21:25:00,2026-08-09 22:40:36.000000,2026-08-09 22:39:24.320049,2,2,False,False,2026-08-09 21:37:00,0,,,2,False,0,,,,False,False,False,False
O01266,C0426,R002,D117,delivered,True,1.0,1.0,13.14,delivered_late,False,,2026-08-26 18:06:00,2026-08-26 19:22:57.946885,2026-08-26 19:36:06.399158,3,3,False,False,2026-08-26 18:10:00,0,,,3,False,1,RESTAURANT_CONTACT,2026-08-26 18:41:00.000000,support,True,True,False,False
O01267,C0802,R030,D059,delivered,True,1.0,0.0,7.55,delivered_late,False,,2026-08-13 22:28:00,2026-08-13 23:41:15.937529,2026-08-13 23:48:49.190017,0,0,False,False,,1,restaurant_delay,2026-08-13 23:12:00,1,True,1,CUSTOMER_CREDIT,2026-08-13 23:48:15.937529,support,True,True,False,True
O01268,C0881,R045,D010,delivered,True,1.0,1.0,29.82,delivered_late,False,,2026-08-06 18:50:00,2026-08-06 20:11:36.000000,2026-08-06 20:41:25.341229,0,0,False,False,,1,ready_but_waiting,2026-08-06 19:15:00,1,True,0,,,,False,False,True,False
O01269,C0626,R016,D029,delivered,True,1.0,0.0,4.75,delivered_late,False,,2026-08-18 16:44:00,2026-08-18 17:37:43.391067,2026-08-18 17:42:28.291168,0,0,False,False,,0,,,0,False,0,,,,False,False,False,False
O01270,C0035,R056,D021,delivered,True,1.0,1.0,15.68,delivered_late,False,,2026-08-21 11:49:00,2026-08-21 13:04:36.000000,2026-08-21 13:20:16.588893,1,1,False,False,2026-08-21 11:54:00,1,eta_changed,2026-08-21 12:41:00,2,True,0,,,,False,False,True,False
O01271,C0288,R030,D015,delivered,True,0.0,0.0,-6.56,delivered_on_time,False,,2026-08-21 19:01:00,2026-08-21 20:16:36.000000,2026-08-21 20:10:02.156059,1,1,False,False,2026-08-21 19:12:00,0,,,1,False,1,RESTAURANT_CONTACT,2026-08-21 19:21:00.000000,support,True,True,False,False
O01272,C0807,R057,D045,delivered,True,1.0,1.0,12.42,delivered_late,False,CX-03,2026-08-22 19:06:00,2026-08-22 20:00:44.751184,2026-08-22 20:13:09.933100,3,2,True,False,2026-08-22 19:12:00,0,,,3,True,1,DRIVER_REASSIGNMENT,2026-08-22 19:14:00.000000,dispatch,True,True,False,True
O01273,C0716,R027,D018,cancelled,False,,,,cancelled,False,,2026-08-02 19:11:00,2026-08-02 20:30:01.696676,,1,1,False,False,2026-08-02 19:29:00,0,,,1,False,0,,,,False,False,False,False
O01274,C0338,R057,D043,delivered,True,1.0,0.0,0.33,delivered_late,False,,2026-08-03 11:51:00,2026-08-03 13:06:36.000000,2026-08-03 13:06:55.838503,2,2,False,False,2026-08-03 11:56:00,0,,,2,False,0,,,,False,False,False,False
O01275,C0244,R008,D099,delivered,True,0.0,0.0,-9.45,delivered_on_time,False,,2026-08-17 20:51:00,2026-08-17 21:35:36.955019,2026-08-17 21:26:10.127780,1,1,False,False,2026-08-17 20:55:00,0,,,1,False,0,,,,False,False,False,False
O01276,C0251,R033,D107,delivered,True,1.0,0.0,3.26,delivered_late,False,,2026-08-01 17:47:00,2026-08-01 19:12:48.000000,2026-08-01 19:16:03.760595,0,0,False,False,,0,,,0,False,0,,,,False,False,False,False
O01277,C0798,R048,D095,delivered,True,1.0,0.0,1.15,delivered_late,False,,2026-08-20 17:58:00,2026-08-20 19:17:48.000000,2026-08-20 19:18:56.964893,1,1,False,False,2026-08-20 18:18:00,0,,,1,False,1,CUSTOMER_CREDIT,2026-08-20 19:29:48.000000,support,True,False,False,False
O01278,C0538,R019,D089,delivered,True,1.0,0.0,6.55,delivered_late,False,RG-03,2026-08-25 21:41:00,2026-08-25 22:53:48.000000,2026-08-25 23:00:21.036885,0,0,False,False,,1,ready_but_waiting,2026-08-25 22:03:00,1,True,0,,,,False,False,True,False
O01279,C0262,R029,D068,delivered,True,1.0,0.0,6.66,delivered_late,False,RG-03,2026-08-05 22:54:00,2026-08-06 00:19:24.000000,2026-08-06 00:26:03.873763,2,2,False,False,2026-08-05 23:07:00,0,,,2,False,0,,,,False,False,False,False
O01280,C0394,R020,D076,delivered,True,1.0,1.0,11.76,delivered_late,False,,2026-08-22 20:34:00,2026-08-22 21:39:36.882920,2026-08-22 21:51:22.575725,4,3,True,False,2026-08-22 20:47:00,0,,,4,True,0,,,,False,False,True,False
O01281,C0552,R035,D006,delivered,True,1.0,0.0,6.64,delivered_late,False,CX-03,2026-08-21 12:15:00,2026-08-21 13:34:48.000000,2026-08-21 13:41:26.617935,3,3,False,False,2026-08-21 12:35:00,1,late_delivery,2026-08-21 13:08:00,4,True,1,DRIVER_REASSIGNMENT,2026-08-21 12:30:00.000000,dispatch,True,True,False,True
O01282,C0778,R046,D056,delivered,True,1.0,0.0,7.63,delivered_late,False,,2026-08-23 20:40:00,2026-08-23 21:41:59.937046,2026-08-23 21:49:37.504078,2,2,False,False,2026-08-23 20:59:00,0,,,2,False,1,RESTAURANT_CONTACT,2026-08-23 21:05:00.000000,support,True,True,False,False
O01283,C0050,R010,D044,delivered,True,0.0,0.0,-2.34,delivered_on_time,True,CX-01;CX-03,2026-08-07 21:48:00,2026-08-07 22:43:38.768268,2026-08-07 22:41:18.116656,1,1,False,False,2026-08-07 21:55:00,0,,,1,False,0,,,,False,False,False,False
O01284,C0432,R005,D047,delivered,True,0.0,0.0,-8.53,delivered_on_time,False,,2026-08-12 20:33:00,2026-08-12 21:45:48.000000,2026-08-12 21:37:15.998296,3,3,False,False,2026-08-12 20:55:00,0,,,3,False,1,CUSTOMER_CREDIT,2026-08-12 22:04:48.000000,support,True,False,False,False
O01285,C0886,R040,D103,delivered,True,0.0,0.0,-3.73,delivered_on_time,False,,2026-08-16 12:37:00,2026-08-16 13:56:48.000000,2026-08-16 13:53:03.935830,1,1,False,False,2026-08-16 12:58:00,0,,,1,False,0,,,,False,False,False,False
O01286,C0295,R007,D094,delivered,True,1.0,0.0,1.32,delivered_late,False,RG-03;CX-03,2026-08-04 18:22:00,2026-08-04 19:41:48.000000,2026-08-04 19:43:07.180401,0,0,False,False,,0,,,0,False,1,DRIVER_REASSIGNMENT,2026-08-04 18:40:00.000000,dispatch,True,True,False,False
O01287,C0084,R034,D112,delivered,True,0.0,0.0,-3.82,delivered_on_time,False,RG-03,2026-08-26 13:59:00,2026-08-26 14:51:11.554132,2026-08-26 14:47:22.383208,0,0,False,False,,0,,,0,False,0,,,,False,False,False,False
O01288,C0282,R020,D048,cancelled,False,,,,cancelled,False,CX-03,2026-08-27 21:37:00,2026-08-27 22:33:59.864529,,0,0,False,False,,0,,,0,False,1,DRIVER_REASSIGNMENT,2026-08-27 22:00:00.000000,dispatch,True,False,False,False
O01289,C0004,R011,D075,delivered,True,1.0,0.0,4.4,delivered_late,False,RG-03,2026-08-02 20:05:00,2026-08-02 21:20:36.000000,2026-08-02 21:24:59.900736,0,0,False,False,,0,,,0,False,0,,,,False,False,False,False
O01290,C0523,R047,D079,delivered,True,0.0,0.0,-4.45,delivered_on_time,False,,2026-08-01 22:09:00,2026-08-01 23:09:19.586746,2026-08-01 23:04:52.731889,3,3,False,False,2026-08-01 22:16:00,0,,,3,False,0,,,,False,False,False,False
O01291,C0301,R026,D028,delivered,True,1.0,1.0,13.08,delivered_late,False,,2026-08-01 11:20:00,2026-08-01 12:35:36.000000,2026-08-01 12:48:40.823342,3,2,True,False,2026-08-01 11:38:00,1,ready_but_waiting,2026-08-01 11:39:00,4,True,0,,,,False,False,True,False
O01292,C0498,R033,D085,delivered,True,0.0,0.0,-11.23,delivered_on_time,False,,2026-08-26 19:18:00,2026-08-26 20:43:48.000000,2026-08-26 20:32:34.254882,0,0,False,False,,0,,,0,False,0,,,,False,False,False,False
O01293,C0512,R014,D064,delivered,True,1.0,1.0,11.57,delivered_late,False,,2026-08-13 18:30:00,2026-08-13 19:48:39.824553,2026-08-13 20:00:13.890988,3,2,True,False,2026-08-13 18:44:00,0,,,3,True,0,,,,False,False,True,False
O01294,C0269,R052,D022,delivered,True,1.0,0.0,7.11,delivered_late,False,,2026-08-26 12:20:00,2026-08-26 13:39:48.000000,2026-08-26 13:46:54.337237,3,3,False,False,2026-08-26 12:26:00,0,,,3,False,0,,,,False,False,False,False
O01295,C0630,R031,D065,delivered,True,1.0,0.0,1.63,delivered_late,False,,2026-08-15 16:49:00,2026-08-15 17:51:12.417772,2026-08-15 17:52:50.034211,1,1,False,False,2026-08-15 17:13:00,0,,,1,False,1,PRIORITY_DISPATCH,2026-08-15 17:17:00.000000,operations,True,True,False,False
O01296,C0265,R039,D095,delivered,True,1.0,1.0,20.78,delivered_late,False,RG-03,2026-08-12 20:24:00,2026-08-12 21:29:55.716283,2026-08-12 21:50:42.629342,4,3,True,False,2026-08-12 20:38:00,1,eta_changed,2026-08-12 21:00:00,5,True,0,,,,False,False,True,False
O01297,C0348,R024,D087,delivered,True,1.0,0.0,7.48,delivered_late,False,,2026-08-11 14:55:00,2026-08-11 16:00:02.479844,2026-08-11 16:07:31.039208,0,0,False,False,,0,,,0,False,0,,,,False,False,False,False
O01298,C0121,R019,D054,delivered,True,1.0,0.0,6.98,delivered_late,False,RG-03,2026-08-25 14:34:00,2026-08-25 15:46:48.000000,2026-08-25 15:53:46.933755,3,3,False,False,2026-08-25 14:40:00,0,,,3,False,0,,,,False,False,False,False
O01299,C0800,R037,D080,delivered,True,0.0,0.0,-5.31,delivered_on_time,False,,2026-08-28 17:26:00,2026-08-28 18:39:37.922904,2026-08-28 18:34:19.577197,3,3,False,False,2026-08-28 17:30:00,0,,,3,False,0,,,,False,False,False,False
O01300,C0045,R044,D072,delivered,True,1.0,1.0,16.2,delivered_late,False,,2026-08-20 18:03:00,2026-08-20 18:47:16.656232,2026-08-20 19:03:28.951670,2,2,False,False,2026-08-20 18:30:00,1,driver_not_moving,2026-08-20 18:30:00,3,True,0,,,,False,False,True,False
O01301,C0342,R003,D047,delivered,True,1.0,0.0,6.69,delivered_late,False,,2026-08-11 21:14:00,2026-08-11 22:33:48.000000,2026-08-11 22:40:29.304587,2,2,False,False,2026-08-11 21:18:00,0,,,2,False,1,RESTAURANT_CONTACT,2026-08-11 21:40:00.000000,support,True,True,False,False
O01302,C0116,R010,D088,delivered,True,1.0,0.0,4.62,delivered_late,False,,2026-08-26 21:07:00,2026-08-26 22:15:50.273095,2026-08-26 22:20:27.428561,3,3,False,False,2026-08-26 21:16:00,0,,,3,False,0,,,,False,False,False,False
O01303,C0487,R050,D034,delivered,True,1.0,0.0,0.59,delivered_late,False,,2026-08-21 18:21:00,2026-08-21 19:03:10.309794,2026-08-21 19:03:45.787091,1,1,False,False,2026-08-21 18:32:00,0,,,1,False,0,,,,False,False,False,False
O01304,C0831,R014,D035,delivered,True,0.0,0.0,-0.91,delivered_on_time,False,,2026-08-17 20:25:00,2026-08-17 21:40:18.000000,2026-08-17 21:39:23.386829,3,3,False,False,2026-08-17 20:30:00,0,,,3,False,0,,,,False,False,False,False
O01305,C0729,R029,D027,delivered,True,0.0,0.0,-17.83,delivered_on_time,False,CX-03,2026-08-21 21:27:00,2026-08-21 22:32:59.181361,2026-08-21 22:15:09.580252,2,2,False,False,2026-08-21 21:31:00,0,,,2,False,1,DRIVER_REASSIGNMENT,2026-08-21 21:38:00.000000,dispatch,True,True,False,False
O01306,C0629,R049,D077,delivered,True,1.0,0.0,1.71,delivered_late,False,,2026-08-22 21:00:00,2026-08-22 22:18:06.000000,2026-08-22 22:19:48.732119,0,0,False,False,,1,ready_but_waiting,2026-08-22 21:25:00,1,True,0,,,,False,False,True,False
O01307,C0086,R047,D097,delivered,True,1.0,1.0,23.6,delivered_late,False,,2026-08-07 20:14:00,2026-08-07 21:08:04.504406,2026-08-07 21:31:40.783435,5,3,True,True,2026-08-07 20:19:00,0,,,5,True,0,,,,False,False,True,False
O01308,C0581,R008,D038,delivered,True,0.0,0.0,-2.8,delivered_on_time,True,CX-01;CX-03,2026-08-22 14:56:00,2026-08-22 16:08:48.000000,2026-08-22 16:06:00.162001,0,0,False,False,,0,,,0,False,0,,,,False,False,False,False
O01309,C0374,R026,D006,delivered,True,0.0,0.0,-2.57,delivered_on_time,False,,2026-08-12 15:38:00,2026-08-12 16:59:36.000000,2026-08-12 16:57:01.692794,0,0,False,False,,0,,,0,False,0,,,,False,False,False,False
O01310,C0122,R041,D084,delivered,True,1.0,1.0,11.74,delivered_late,False,,2026-08-03 18:34:00,2026-08-03 19:35:20.707200,2026-08-03 19:47:04.962371,4,3,True,False,2026-08-03 18:41:00,0,,,4,True,0,,,,False,False,True,False
O01311,C0203,R005,D016,delivered,False,,,,unknown_missing_timestamp,False,TS-04;FR-01,2026-08-09 21:37:00,2026-08-09 22:56:25.987270,,1,1,False,False,2026-08-09 21:47:00,0,,,1,False,0,,,,False,False,False,False
O01312,C0206,R027,D056,delivered,True,1.0,1.0,37.01,delivered_late,False,,2026-08-14 19:02:00,2026-08-14 20:17:36.000000,2026-08-14 20:54:36.321890,0,0,False,False,,0,,,0,False,0,,,,False,False,False,False
O01313,C0838,R047,D087,delivered,True,1.0,1.0,16.16,delivered_late,False,,2026-08-28 20:53:00,2026-08-28 22:08:36.000000,2026-08-28 22:24:45.314236,2,1,True,False,2026-08-28 21:00:00,0,,,2,True,1,CUSTOMER_CREDIT,2026-08-28 22:21:36.000000,support,True,True,False,True
O01314,C0162,R015,D003,delivered,True,1.0,1.0,17.51,delivered_late,False,,2026-08-03 17:00:00,2026-08-03 18:15:36.000000,2026-08-03 18:33:06.595657,0,0,False,False,,1,status_mismatch,2026-08-03 17:40:00,1,True,0,,,,False,False,True,False
O01315,C0803,R001,D047,delivered,True,1.0,1.0,12.47,delivered_late,False,,2026-08-08 19:29:00,2026-08-08 20:41:48.000000,2026-08-08 20:54:16.384534,0,0,False,False,,0,,,0,False,0,,,,False,False,False,False
O01316,C0808,R027,D093,delivered,True,0.0,0.0,-3.16,delivered_on_time,False,,2026-08-16 21:05:00,2026-08-16 22:17:48.000000,2026-08-16 22:14:38.652126,0,0,False,False,,0,,,0,False,0,,,,False,False,False,False
O01317,C0365,R055,D065,delivered,True,0.0,0.0,-1.11,delivered_on_time,False,,2026-08-05 22:29:00,2026-08-05 23:34:09.275474,2026-08-05 23:33:02.550957,2,2,False,False,2026-08-05 22:39:00,1,restaurant_delay,2026-08-05 22:49:00,3,True,0,,,,False,False,True,False
O01318,C0340,R021,D034,delivered,True,0.0,0.0,-4.24,delivered_on_time,False,,2026-08-11 13:48:00,2026-08-11 15:07:48.000000,2026-08-11 15:03:33.750331,0,0,False,False,,0,,,0,False,1,CUSTOMER_CREDIT,2026-08-11 15:19:48.000000,support,True,False,False,False
O01319,C0239,R007,D098,delivered,True,0.0,0.0,-3.42,delivered_on_time,False,RG-03,2026-08-09 21:57:00,2026-08-09 23:12:36.000000,2026-08-09 23:09:10.787460,2,2,False,False,2026-08-09 22:10:00,0,,,2,False,0,,,,False,False,False,False
O01320,C0330,R013,D083,delivered,True,1.0,0.0,6.6,delivered_late,False,,2026-08-13 20:38:00,2026-08-13 21:40:08.816346,2026-08-13 21:46:45.033152,0,0,False,False,,0,,,0,False,0,,,,False,False,False,False
O01321,C0179,R026,D050,delivered,True,1.0,1.0,21.7,delivered_late,False,,2026-08-20 18:11:00,2026-08-20 19:23:48.000000,2026-08-20 19:45:29.940935,0,0,False,False,,0,,,0,False,0,,,,False,False,False,False
O01322,C0460,R040,D028,delivered,True,1.0,0.0,1.01,delivered_late,False,CX-03,2026-08-22 20:37:00,2026-08-22 22:02:24.000000,2026-08-22 22:03:24.781472,1,1,False,False,2026-08-22 21:01:00,0,,,1,False,1,DRIVER_REASSIGNMENT,2026-08-22 20:50:00.000000,dispatch,True,True,False,False
O01323,C0084,R060,D009,delivered,True,1.0,1.0,22.3,delivered_late,False,,2026-08-10 12:16:00,2026-08-10 13:31:36.000000,2026-08-10 13:53:54.206175,4,3,True,False,2026-08-10 12:25:00,1,ready_but_waiting,2026-08-10 12:45:00,5,True,0,,,,False,False,True,False
O01324,C0290,R029,D048,delivered,True,0.0,0.0,-15.18,delivered_on_time,False,,2026-08-05 17:01:00,2026-08-05 18:13:48.000000,2026-08-05 17:58:37.123525,0,0,False,False,,0,,,0,False,0,,,,False,False,False,False
O01325,C0382,R059,D029,delivered,True,1.0,0.0,5.34,delivered_late,False,,2026-08-24 22:04:00,2026-08-24 23:16:48.000000,2026-08-24 23:22:08.362417,2,2,False,False,2026-08-24 22:21:00,1,driver_not_moving,2026-08-24 22:53:00,3,True,0,,,,False,False,True,False
O01326,C0051,R033,D031,delivered,True,0.0,0.0,-0.18,delivered_on_time,False,,2026-08-23 13:58:00,2026-08-23 15:10:48.000000,2026-08-23 15:10:37.358105,2,2,False,False,2026-08-23 14:08:00,0,,,2,False,1,CUSTOMER_CREDIT,2026-08-23 15:13:48.000000,support,True,False,False,False
O01327,C0702,R007,D080,delivered,True,0.0,0.0,-2.26,delivered_on_time,False,RG-03,2026-08-18 22:25:00,2026-08-18 23:40:18.000000,2026-08-18 23:38:02.434908,3,3,False,False,2026-08-18 22:32:00,1,status_mismatch,2026-08-18 23:18:00,4,True,1,CUSTOMER_CREDIT,2026-08-18 23:44:18.000000,support,True,False,False,False
O01328,C0878,R044,D058,delivered,True,1.0,1.0,23.33,delivered_late,False,,2026-08-08 19:00:00,2026-08-08 20:13:49.927806,2026-08-08 20:37:09.457244,3,2,False,True,2026-08-08 19:09:00,1,status_mismatch,2026-08-08 19:36:00,4,True,0,,,,False,False,True,False
O01329,C0436,R050,D080,delivered,True,0.0,0.0,-11.69,delivered_on_time,False,,2026-08-10 18:07:00,2026-08-10 19:09:07.804340,2026-08-10 18:57:26.545040,2,2,False,False,2026-08-10 18:24:00,0,,,2,False,0,,,,False,False,False,False
O01330,C0078,R044,D054,delivered,True,1.0,1.0,16.3,delivered_late,False,,2026-08-02 14:05:00,2026-08-02 15:23:55.185793,2026-08-02 15:40:13.018977,3,3,False,False,2026-08-02 14:23:00,0,,,3,False,0,,,,False,False,False,False
O01331,C0744,R033,D088,delivered,True,1.0,1.0,14.09,delivered_late,False,CX-03,2026-08-28 23:17:00,2026-08-29 00:36:48.000000,2026-08-29 00:50:53.383274,2,2,False,False,2026-08-28 23:33:00,0,,,2,False,1,DRIVER_REASSIGNMENT,2026-08-28 23:30:00.000000,dispatch,True,True,False,False
O01332,C0585,R002,D114,cancelled,False,,,,cancelled,False,,2026-08-01 19:30:00,2026-08-01 20:45:36.000000,,2,2,False,False,2026-08-01 19:46:00,0,,,2,False,1,PRIORITY_DISPATCH,2026-08-01 19:45:00.000000,operations,True,False,False,False
O01333,C0479,R029,D010,delivered,True,1.0,0.0,2.85,delivered_late,False,,2026-08-03 18:15:00,2026-08-03 19:34:41.449335,2026-08-03 19:37:32.588699,1,1,False,False,2026-08-03 18:33:00,0,,,1,False,0,,,,False,False,False,False
O01334,C0692,R041,D080,delivered,True,1.0,0.0,7.21,delivered_late,False,,2026-08-01 17:34:00,2026-08-01 18:53:48.000000,2026-08-01 19:01:00.646634,3,3,False,False,2026-08-01 17:48:00,0,,,3,False,0,,,,False,False,False,False
O01335,C0736,R028,D105,delivered,True,1.0,0.0,1.83,delivered_late,False,,2026-08-21 18:30:00,2026-08-21 19:09:05.324002,2026-08-21 19:10:55.202769,0,0,False,False,,0,,,0,False,1,RESTAURANT_CONTACT,2026-08-21 18:56:00.000000,support,True,True,False,False
O01336,C0238,R035,D012,delivered,True,1.0,0.0,9.28,delivered_late,False,CX-03,2026-08-23 18:11:00,2026-08-23 19:23:48.000000,2026-08-23 19:33:04.742564,3,3,False,False,2026-08-23 18:24:00,0,,,3,False,1,DRIVER_REASSIGNMENT,2026-08-23 18:36:00.000000,dispatch,True,True,False,False
O01337,C0274,R040,D112,delivered,True,0.0,0.0,-1.75,delivered_on_time,False,,2026-08-21 23:47:00,2026-08-22 00:59:48.000000,2026-08-22 00:58:02.769647,3,3,False,False,2026-08-21 23:59:00,0,,,3,False,0,,,,False,False,False,False
O01338,C0327,R034,D100,delivered,True,1.0,1.0,18.57,delivered_late,True,CX-01;CX-03,2026-08-05 14:59:00,2026-08-05 16:17:48.000000,2026-08-05 16:36:21.975364,5,3,True,True,2026-08-05 15:12:00,0,,,5,True,0,,,,False,False,True,False
O01339,C0604,R047,D010,delivered,True,0.0,0.0,-0.8,delivered_on_time,False,,2026-08-20 19:05:00,2026-08-20 19:54:33.242002,2026-08-20 19:53:45.274380,3,3,False,False,2026-08-20 19:10:00,0,,,3,False,0,,,,False,False,False,False
O01340,C0080,R042,D049,delivered,True,0.0,0.0,-0.73,delivered_on_time,False,,2026-08-06 20:15:00,2026-08-06 21:19:18.744065,2026-08-06 21:18:34.965229,3,3,False,False,2026-08-06 20:28:00,0,,,3,False,0,,,,False,False,False,False
O01341,C0478,R016,D017,delivered,True,1.0,0.0,9.97,delivered_late,False,,2026-08-09 17:17:00,2026-08-09 18:21:05.653264,2026-08-09 18:31:04.078144,3,3,False,False,2026-08-09 17:21:00,0,,,3,False,0,,,,False,False,False,False
O01342,C0381,R027,D026,delivered,True,0.0,0.0,-3.59,delivered_on_time,False,,2026-08-27 19:21:00,2026-08-27 20:30:19.605587,2026-08-27 20:26:44.018835,2,2,False,False,2026-08-27 19:28:00,0,,,2,False,0,,,,False,False,False,False
O01343,C0859,R038,D028,delivered,False,,,,unknown_missing_timestamp,False,TS-04,2026-08-01 13:24:00,2026-08-01 14:36:48.000000,,2,2,False,False,2026-08-01 13:47:00,0,,,2,False,0,,,,False,False,False,False
O01344,C0134,R030,D008,delivered,True,1.0,0.0,1.53,delivered_late,False,,2026-08-13 14:53:00,2026-08-13 16:05:48.000000,2026-08-13 16:07:19.630323,0,0,False,False,,0,,,0,False,0,,,,False,False,False,False
O01345,C0161,R016,D002,delivered,True,0.0,0.0,-8.19,delivered_on_time,False,CX-03,2026-08-02 19:10:00,2026-08-02 20:02:08.206293,2026-08-02 19:53:57.070839,3,3,False,False,2026-08-02 19:16:00,0,,,3,False,1,DRIVER_REASSIGNMENT,2026-08-02 19:24:00.000000,dispatch,True,True,False,False
O01346,C0574,R017,D076,cancelled,False,,,,cancelled,False,,2026-08-19 19:11:00,2026-08-19 20:36:24.000000,,1,1,False,False,2026-08-19 19:24:00,0,,,1,False,0,,,,False,False,False,False
O01347,C0771,R040,D038,delivered,True,0.0,0.0,-4.41,delivered_on_time,True,CX-01,2026-08-12 22:31:00,2026-08-12 23:56:24.000000,2026-08-12 23:51:59.461035,3,3,False,False,2026-08-12 22:35:00,0,,,3,False,1,DRIVER_REASSIGNMENT,2026-08-12 22:46:00.000000,dispatch,True,True,False,False
O01348,C0045,R050,D045,delivered,True,0.0,0.0,-13.81,delivered_on_time,False,,2026-08-04 20:38:00,2026-08-04 21:46:55.901309,2026-08-04 21:33:07.156429,3,3,False,False,2026-08-04 20:47:00,0,,,3,False,1,RESTAURANT_CONTACT,2026-08-04 21:10:00.000000,support,True,True,False,False
O01349,C0771,R050,D058,delivered,True,1.0,1.0,12.69,delivered_late,False,,2026-08-16 19:03:00,2026-08-16 20:18:36.000000,2026-08-16 20:31:17.649194,3,3,False,False,2026-08-16 19:13:00,1,restaurant_delay,2026-08-16 19:43:00,4,True,0,,,,False,False,True,False
O01350,C0149,R060,D049,delivered,True,0.0,0.0,-6.08,delivered_on_time,True,CX-01;CX-03,2026-08-05 20:57:00,2026-08-05 22:14:06.381930,2026-08-05 22:08:01.603997,3,3,False,False,2026-08-05 21:05:00,0,,,3,False,0,,,,False,False,False,False
O01351,C0205,R054,D040,delivered,True,1.0,1.0,11.29,delivered_late,False,,2026-08-16 20:20:00,2026-08-16 21:35:36.000000,2026-08-16 21:46:53.289624,3,2,True,False,2026-08-16 20:25:00,0,,,3,True,0,,,,False,False,True,False
O01352,C0892,R011,D102,delivered,True,0.0,0.0,-4.44,delivered_on_time,False,,2026-08-07 12:51:00,2026-08-07 14:02:52.024638,2026-08-07 13:58:25.477667,3,3,False,False,2026-08-07 12:57:00,0,,,3,False,1,RESTAURANT_CONTACT,2026-08-07 13:16:00.000000,support,True,True,False,False
O01353,C0191,R002,D043,delivered,True,1.0,0.0,0.6,delivered_late,False,,2026-08-14 16:56:00,2026-08-14 17:56:31.187058,2026-08-14 17:57:06.899349,2,2,False,False,2026-08-14 17:03:00,0,,,2,False,0,,,,False,False,False,False
O01354,C0506,R042,D101,delivered,True,1.0,0.0,0.71,delivered_late,False,,2026-08-25 13:15:00,2026-08-25 14:40:24.000000,2026-08-25 14:41:06.694374,3,3,False,False,2026-08-25 13:20:00,0,,,3,False,0,,,,False,False,False,False
O01355,C0661,R046,D118,delivered,True,0.0,0.0,-6.96,delivered_on_time,False,,2026-08-07 13:52:00,2026-08-07 14:43:40.335082,2026-08-07 14:36:42.814239,0,0,False,False,,0,,,0,False,0,,,,False,False,False,False
O01356,C0196,R039,D071,delivered,True,1.0,0.0,7.3,delivered_late,False,,2026-08-05 16:48:00,2026-08-05 17:39:16.332502,2026-08-05 17:46:34.156863,1,1,False,False,2026-08-05 16:56:00,0,,,1,False,1,RESTAURANT_CONTACT,2026-08-05 17:15:00.000000,support,True,True,False,False
O01357,C0583,R026,D045,cancelled,False,,,,cancelled,False,,2026-08-11 19:02:00,2026-08-11 20:14:48.000000,,3,3,False,False,2026-08-11 19:20:00,0,,,3,False,0,,,,False,False,False,False
O01358,C0311,R002,D035,delivered,True,0.0,0.0,-14.13,delivered_on_time,False,,2026-08-08 20:11:00,2026-08-08 21:26:36.000000,2026-08-08 21:12:28.400388,0,0,False,False,,1,ready_but_waiting,2026-08-08 20:53:00,1,True,0,,,,False,False,True,False
O01359,C0249,R033,D067,delivered,True,1.0,0.0,1.37,delivered_late,False,,2026-08-05 21:03:00,2026-08-05 22:28:24.000000,2026-08-05 22:29:46.103266,3,3,False,False,2026-08-05 21:25:00,0,,,3,False,0,,,,False,False,False,False
O01360,C0877,R051,D113,delivered,True,1.0,0.0,4.79,delivered_late,False,,2026-08-14 23:46:00,2026-08-15 01:08:18.000000,2026-08-15 01:13:05.140527,1,1,False,False,2026-08-14 23:57:00,0,,,1,False,1,RESTAURANT_CONTACT,2026-08-15 00:11:00.000000,support,True,True,False,False
O01361,C0131,R059,D119,delivered,True,0.0,0.0,-13.11,delivered_on_time,False,,2026-08-18 17:15:00,2026-08-18 18:07:10.691869,2026-08-18 17:54:03.885598,2,2,False,False,2026-08-18 17:33:00,0,,,2,False,0,,,,False,False,False,False
O01362,C0448,R020,D048,delivered,True,1.0,1.0,12.83,delivered_late,False,CX-03,2026-08-10 20:08:00,2026-08-10 21:25:18.483000,2026-08-10 21:38:08.358523,0,0,False,False,,1,late_delivery,2026-08-10 20:47:00,1,True,1,DRIVER_REASSIGNMENT,2026-08-10 20:34:00.000000,dispatch,True,True,False,True
O01363,C0337,R058,D032,delivered,True,0.0,0.0,-6.91,delivered_on_time,False,,2026-08-14 20:00:00,2026-08-14 21:19:48.000000,2026-08-14 21:12:53.167391,2,2,False,False,2026-08-14 20:22:00,0,,,2,False,0,,,,False,False,False,False
O01364,C0078,R024,D080,delivered,True,0.0,0.0,-8.01,delivered_on_time,False,,2026-08-11 19:41:00,2026-08-11 20:45:25.697727,2026-08-11 20:37:24.833264,3,3,False,False,2026-08-11 19:55:00,0,,,3,False,0,,,,False,False,False,False
O01365,C0896,R018,D117,delivered,True,1.0,1.0,19.03,delivered_late,False,,2026-08-17 17:37:00,2026-08-17 18:46:21.635049,2026-08-17 19:05:23.185252,2,1,True,False,2026-08-17 17:53:00,1,restaurant_delay,2026-08-17 18:17:00,3,True,0,,,,False,False,True,False
O01366,C0809,R007,D012,delivered,True,1.0,1.0,11.54,delivered_late,False,RG-03,2026-08-13 12:06:00,2026-08-13 13:18:48.000000,2026-08-13 13:30:20.582006,0,0,False,False,,0,,,0,False,0,,,,False,False,False,False
O01367,C0826,R034,D034,delivered,True,1.0,0.0,9.55,delivered_late,False,,2026-08-03 13:28:00,2026-08-03 14:31:23.327500,2026-08-03 14:40:56.550378,0,0,False,False,,0,,,0,False,0,,,,False,False,False,False
O01368,C0168,R034,D090,delivered,True,0.0,0.0,-5.52,delivered_on_time,False,,2026-08-23 18:32:00,2026-08-23 19:45:55.042849,2026-08-23 19:40:23.865007,0,0,False,False,,0,,,0,False,0,,,,False,False,False,False
O01369,C0632,R020,D093,delivered,True,0.0,0.0,-3.05,delivered_on_time,False,,2026-08-24 14:46:00,2026-08-24 15:42:23.355602,2026-08-24 15:39:20.638149,2,2,False,False,2026-08-24 14:52:00,0,,,2,False,0,,,,False,False,False,False
O01370,C0383,R047,D095,delivered,True,1.0,0.0,3.68,delivered_late,False,,2026-08-26 17:56:00,2026-08-26 19:15:07.201635,2026-08-26 19:18:48.031136,3,3,False,False,2026-08-26 18:12:00,0,,,3,False,0,,,,False,False,False,False
O01371,C0594,R009,D081,delivered,True,1.0,0.0,8.69,delivered_late,False,,2026-08-04 17:22:00,2026-08-04 18:40:09.713506,2026-08-04 18:48:50.937937,3,3,False,False,2026-08-04 17:31:00,0,,,3,False,0,,,,False,False,False,False
O01372,C0293,R018,D056,delivered,True,0.0,0.0,-11.69,delivered_on_time,False,,2026-08-16 17:00:00,2026-08-16 17:54:38.503700,2026-08-16 17:42:57.073731,3,3,False,False,2026-08-16 17:05:00,0,,,3,False,1,PRIORITY_DISPATCH,2026-08-16 17:17:00.000000,operations,True,True,False,False
O01373,C0299,R037,D032,delivered,False,,,,unknown_missing_timestamp,False,TS-04,2026-08-06 21:55:00,2026-08-06 23:10:36.000000,,3,3,False,False,2026-08-06 22:02:00,0,,,3,False,0,,,,False,False,False,False
O01374,C0288,R009,D054,delivered,True,0.0,0.0,-5.38,delivered_on_time,False,,2026-08-27 18:02:00,2026-08-27 19:21:48.000000,2026-08-27 19:16:25.365424,3,3,False,False,2026-08-27 18:18:00,0,,,3,False,1,RESTAURANT_CONTACT,2026-08-27 18:36:00.000000,support,True,True,False,False
O01375,C0802,R057,D095,delivered,True,0.0,0.0,-0.04,delivered_on_time,False,,2026-08-26 19:46:00,2026-08-26 20:58:48.000000,2026-08-26 20:58:45.864133,2,2,False,False,2026-08-26 19:50:00,0,,,2,False,0,,,,False,False,False,False
O01376,C0456,R047,D044,delivered,True,0.0,0.0,-9.69,delivered_on_time,False,,2026-08-27 21:56:00,2026-08-27 22:44:56.289137,2026-08-27 22:35:14.967480,0,0,False,False,,0,,,0,False,0,,,,False,False,False,False
O01377,C0099,R031,D061,delivered,True,1.0,0.0,0.5,delivered_late,False,,2026-08-13 20:31:00,2026-08-13 21:31:43.278939,2026-08-13 21:32:13.415343,3,3,False,False,2026-08-13 20:40:00,0,,,3,False,0,,,,False,False,False,False
O01378,C0391,R053,D042,cancelled,False,,,,cancelled,False,,2026-08-14 11:45:00,2026-08-14 13:04:48.000000,,1,1,False,False,2026-08-14 12:12:00,0,,,1,False,1,PRIORITY_DISPATCH,2026-08-14 12:01:00.000000,operations,True,False,False,False
O01379,C0613,R053,D006,delivered,True,0.0,0.0,-8.56,delivered_on_time,False,,2026-08-12 22:38:00,2026-08-12 23:39:38.236480,2026-08-12 23:31:04.738088,0,0,False,False,,0,,,0,False,0,,,,False,False,False,False
O01380,C0743,R028,D036,delivered,True,1.0,0.0,1.39,delivered_late,False,,2026-08-15 18:34:00,2026-08-15 19:49:36.000000,2026-08-15 19:50:59.245597,0,0,False,False,,1,eta_changed,2026-08-15 19:00:00,1,True,0,,,,False,False,True,False
O01381,C0458,R037,D050,delivered,True,0.0,0.0,-6.03,delivered_on_time,False,,2026-08-05 21:20:00,2026-08-05 22:16:55.420859,2026-08-05 22:10:53.839592,0,0,False,False,,0,,,0,False,0,,,,False,False,False,False
O01382,C0561,R013,D024,delivered,True,0.0,0.0,-0.13,delivered_on_time,False,RG-03,2026-08-21 17:35:00,2026-08-21 18:36:14.228458,2026-08-21 18:36:06.694493,1,1,False,False,2026-08-21 17:49:00,0,,,1,False,0,,,,False,False,False,False
O01383,C0701,R045,D049,delivered,True,0.0,0.0,-3.65,delivered_on_time,False,,2026-08-21 22:05:00,2026-08-21 23:04:09.374367,2026-08-21 23:00:30.089088,0,0,False,False,,0,,,0,False,0,,,,False,False,False,False
O01384,C0859,R039,D050,delivered,True,0.0,0.0,-3.67,delivered_on_time,False,,2026-08-27 11:26:00,2026-08-27 12:36:40.618176,2026-08-27 12:33:00.647621,2,2,False,False,2026-08-27 11:32:00,0,,,2,False,1,PRIORITY_DISPATCH,2026-08-27 11:55:00.000000,operations,True,True,False,False
O01385,C0863,R044,D049,delivered,True,1.0,0.0,0.41,delivered_late,False,,2026-08-02 19:50:00,2026-08-02 20:44:07.449994,2026-08-02 20:44:32.037572,0,0,False,False,,0,,,0,False,0,,,,False,False,False,False
O01386,C0217,R019,D016,delivered,True,0.0,0.0,-5.6,delivered_on_time,False,RG-03;CX-03,2026-08-11 16:37:00,2026-08-11 17:58:36.000000,2026-08-11 17:53:00.000160,3,3,False,False,2026-08-11 16:43:00,0,,,3,False,1,DRIVER_REASSIGNMENT,2026-08-11 17:04:00.000000,dispatch,True,True,False,False
O01387,C0239,R036,D057,delivered,True,1.0,0.0,6.65,delivered_late,False,,2026-08-16 19:35:00,2026-08-16 20:50:36.000000,2026-08-16 20:57:15.267512,1,1,False,False,2026-08-16 19:39:00,0,,,1,False,0,,,,False,False,False,False
O01388,C0745,R052,D031,delivered,True,0.0,0.0,-4.97,delivered_on_time,False,,2026-08-13 12:15:00,2026-08-13 13:30:36.000000,2026-08-13 13:25:37.624727,0,0,False,False,,0,,,0,False,0,,,,False,False,False,False
O01389,C0812,R056,D089,delivered,True,0.0,0.0,-9.95,delivered_on_time,False,,2026-08-26 18:41:00,2026-08-26 19:56:36.000000,2026-08-26 19:46:39.150208,1,1,False,False,2026-08-26 18:55:00,0,,,1,False,0,,,,False,False,False,False
O01390,C0499,R059,D077,delivered,True,0.0,0.0,-6.7,delivered_on_time,False,,2026-08-15 19:14:00,2026-08-15 20:29:36.000000,2026-08-15 20:22:54.243246,1,1,False,False,2026-08-15 19:19:00,1,driver_not_moving,2026-08-15 19:38:00,2,True,0,,,,False,False,True,False
O01391,C0408,R013,D064,delivered,True,0.0,0.0,-0.11,delivered_on_time,True,CX-01;CX-03,2026-08-17 19:55:00,2026-08-17 21:10:36.000000,2026-08-17 21:10:29.590752,1,1,False,False,2026-08-17 20:03:00,0,,,1,False,0,,,,False,False,False,False
O01392,C0268,R030,D113,delivered,True,0.0,0.0,-9.74,delivered_on_time,False,,2026-08-22 21:20:00,2026-08-22 22:21:59.244850,2026-08-22 22:12:14.759870,0,0,False,False,,0,,,0,False,0,,,,False,False,False,False
O01393,C0011,R029,D085,delivered,True,1.0,0.0,3.09,delivered_late,False,,2026-08-04 23:19:00,2026-08-05 00:01:05.058857,2026-08-05 00:04:10.291081,2,2,False,False,2026-08-04 23:31:00,0,,,2,False,1,CUSTOMER_CREDIT,2026-08-05 00:12:05.058857,support,True,False,False,False
O01394,C0795,R018,D017,delivered,True,1.0,0.0,8.79,delivered_late,False,,2026-08-21 20:52:00,2026-08-21 21:47:08.693802,2026-08-21 21:55:56.159110,2,2,False,False,2026-08-21 21:18:00,0,,,2,False,1,CUSTOMER_CREDIT,2026-08-21 21:59:08.693802,support,True,False,False,False
O01395,C0839,R043,D003,delivered,True,1.0,0.0,0.12,delivered_late,False,FR-01,2026-08-21 15:27:00,2026-08-21 16:40:55.714245,2026-08-21 16:41:02.739630,0,0,False,False,,0,,,0,False,0,,,,False,False,False,False
O01396,C0263,R045,D011,delivered,True,0.0,0.0,-3.89,delivered_on_time,False,,2026-08-11 18:48:00,2026-08-11 20:03:30.151803,2026-08-11 19:59:36.784865,3,3,False,False,2026-08-11 18:58:00,0,,,3,False,1,PRIORITY_DISPATCH,2026-08-11 19:14:00.000000,operations,True,True,False,False
O01397,C0222,R056,D056,delivered,True,0.0,0.0,-2.06,delivered_on_time,False,,2026-08-18 20:13:00,2026-08-18 21:32:48.000000,2026-08-18 21:30:44.693994,0,0,False,False,,0,,,0,False,1,PRIORITY_DISPATCH,2026-08-18 20:23:00.000000,operations,True,True,False,False
O01398,C0285,R026,D029,delivered,False,,,,unknown_missing_timestamp,False,TS-04,2026-08-24 17:35:00,2026-08-24 18:50:36.000000,,3,3,False,False,2026-08-24 17:50:00,0,,,3,False,0,,,,False,False,False,False
O01399,C0833,R040,D022,delivered,True,0.0,0.0,-0.6,delivered_on_time,False,,2026-08-21 18:34:00,2026-08-21 19:49:36.000000,2026-08-21 19:48:59.862746,0,0,False,False,,0,,,0,False,0,,,,False,False,False,False
O01400,C0348,R032,D031,delivered,True,1.0,0.0,6.96,delivered_late,False,,2026-08-04 17:35:00,2026-08-04 18:50:18.000000,2026-08-04 18:57:15.702810,3,3,False,False,2026-08-04 17:48:00,1,eta_changed,2026-08-04 18:02:00,4,True,0,,,,False,False,True,False
O01401,C0598,R051,D071,delivered,True,0.0,0.0,-1.29,delivered_on_time,False,,2026-08-18 14:31:00,2026-08-18 15:50:48.000000,2026-08-18 15:49:30.321909,2,2,False,False,2026-08-18 14:49:00,0,,,2,False,1,RESTAURANT_CONTACT,2026-08-18 15:06:00.000000,support,True,True,False,False
O01402,C0853,R060,D046,delivered,True,1.0,0.0,0.49,delivered_late,False,,2026-08-05 17:54:00,2026-08-05 18:56:32.510343,2026-08-05 18:57:01.797266,2,2,False,False,2026-08-05 18:20:00,0,,,2,False,0,,,,False,False,False,False
O01403,C0497,R014,D099,delivered,True,1.0,1.0,36.93,delivered_late,False,,2026-08-24 17:26:00,2026-08-24 18:47:36.000000,2026-08-24 19:24:32.047659,2,2,False,False,2026-08-24 17:33:00,0,,,2,False,0,,,,False,False,False,False
O01404,C0714,R043,D055,delivered,True,0.0,0.0,-5.61,delivered_on_time,False,,2026-08-20 19:02:00,2026-08-20 20:20:48.000000,2026-08-20 20:15:11.542465,3,3,False,False,2026-08-20 19:18:00,0,,,3,False,1,PRIORITY_DISPATCH,2026-08-20 19:24:00.000000,operations,True,True,False,False
O01405,C0220,R028,D103,delivered,True,1.0,0.0,9.5,delivered_late,False,,2026-08-09 16:39:00,2026-08-09 17:51:48.000000,2026-08-09 18:01:17.726468,0,0,False,False,,0,,,0,False,0,,,,False,False,False,False
O01406,C0546,R021,D064,delivered,True,1.0,0.0,4.32,delivered_late,False,,2026-08-07 12:37:00,2026-08-07 13:56:48.000000,2026-08-07 14:01:07.372063,0,0,False,False,,0,,,0,False,0,,,,False,False,False,False
O01407,C0340,R003,D081,delivered,True,0.0,0.0,-8.47,delivered_on_time,False,,2026-08-02 11:59:00,2026-08-02 13:21:18.000000,2026-08-02 13:12:49.696042,0,0,False,False,,0,,,0,False,1,CUSTOMER_CREDIT,2026-08-02 13:26:18.000000,support,True,False,False,False
O01408,C0499,R034,D095,delivered,True,1.0,1.0,27.74,delivered_late,False,CX-03,2026-08-10 22:16:00,2026-08-10 23:16:58.418535,2026-08-10 23:44:42.656177,2,2,False,False,2026-08-10 22:32:00,0,,,2,False,1,DRIVER_REASSIGNMENT,2026-08-10 22:43:00.000000,dispatch,True,True,False,False
O01409,C0650,R058,D034,delivered,True,1.0,1.0,13.01,delivered_late,False,,2026-08-16 16:53:00,2026-08-16 18:05:48.000000,2026-08-16 18:18:48.894187,2,1,True,False,2026-08-16 17:19:00,0,,,2,True,1,PRIORITY_DISPATCH,2026-08-16 17:20:00.000000,operations,True,True,False,True
O01410,C0370,R053,D024,delivered,True,1.0,1.0,17.68,delivered_late,False,,2026-08-10 15:31:00,2026-08-10 16:50:48.000000,2026-08-10 17:08:28.960826,0,0,False,False,,0,,,0,False,0,,,,False,False,False,False
O01411,C0168,R059,D110,delivered,True,1.0,0.0,3.73,delivered_late,False,,2026-08-11 12:04:00,2026-08-11 13:19:36.000000,2026-08-11 13:23:19.675775,2,2,False,False,2026-08-11 12:11:00,0,,,2,False,1,RESTAURANT_CONTACT,2026-08-11 12:22:00.000000,support,True,True,False,False
O01412,C0438,R047,D051,delivered,False,,,,unknown_missing_timestamp,False,TS-04,2026-08-21 18:27:00,2026-08-21 19:42:36.000000,,1,1,False,False,2026-08-21 18:33:00,0,,,1,False,1,RESTAURANT_CONTACT,2026-08-21 18:55:00.000000,support,True,False,False,False
O01413,C0356,R032,D064,delivered,True,0.0,0.0,-1.54,delivered_on_time,False,,2026-08-23 20:00:00,2026-08-23 21:15:36.000000,2026-08-23 21:14:03.581181,2,2,False,False,2026-08-23 20:17:00,1,late_delivery,2026-08-23 20:55:00,3,True,0,,,,False,False,True,False
O01414,C0877,R052,D003,delivered,True,0.0,0.0,-8.48,delivered_on_time,False,,2026-08-05 13:47:00,2026-08-05 14:59:48.000000,2026-08-05 14:51:19.174334,0,0,False,False,,0,,,0,False,0,,,,False,False,False,False
O01415,C0244,R036,D078,cancelled,False,,,,cancelled,False,,2026-08-08 14:47:00,2026-08-08 15:47:12.756727,,1,1,False,False,2026-08-08 15:08:00,0,,,1,False,0,,,,False,False,False,False
O01416,C0554,R022,D063,delivered,True,1.0,1.0,15.19,delivered_late,False,,2026-08-06 19:03:00,2026-08-06 20:16:58.965882,2026-08-06 20:32:10.298755,3,2,True,False,2026-08-06 19:16:00,0,,,3,True,0,,,,False,False,True,False
O01417,C0581,R050,D103,delivered,True,1.0,1.0,16.48,delivered_late,False,,2026-08-12 13:24:00,2026-08-12 14:49:24.000000,2026-08-12 15:05:52.636359,3,3,False,False,2026-08-12 13:34:00,0,,,3,False,0,,,,False,False,False,False
O01418,C0715,R039,D117,delivered,True,0.0,0.0,-7.01,delivered_on_time,False,,2026-08-26 16:28:00,2026-08-26 17:15:20.133622,2026-08-26 17:08:19.251648,0,0,False,False,,0,,,0,False,0,,,,False,False,False,False
O01419,C0641,R044,D089,delivered,True,0.0,0.0,-12.49,delivered_on_time,False,,2026-08-19 18:40:00,2026-08-19 19:44:50.031353,2026-08-19 19:32:20.715090,3,3,False,False,2026-08-19 18:47:00,0,,,3,False,1,CUSTOMER_CREDIT,2026-08-19 19:54:50.031353,support,True,False,False,False
O01420,C0501,R054,D076,delivered,True,1.0,0.0,5.55,delivered_late,False,,2026-08-13 23:23:00,2026-08-14 00:45:18.000000,2026-08-14 00:50:50.769822,2,2,False,False,2026-08-13 23:35:00,0,,,2,False,0,,,,False,False,False,False
O01421,C0079,R041,D105,delivered,True,0.0,0.0,-2.72,delivered_on_time,False,,2026-08-09 22:25:00,2026-08-09 23:36:55.402702,2026-08-09 23:34:11.926898,0,0,False,False,,0,,,0,False,0,,,,False,False,False,False
O01422,C0834,R029,D087,delivered,True,1.0,0.0,8.6,delivered_late,False,,2026-08-25 23:31:00,2026-08-26 00:56:24.000000,2026-08-26 01:04:59.997287,2,1,True,False,2026-08-25 23:36:00,1,ready_but_waiting,2026-08-25 23:55:00,3,True,0,,,,False,False,True,False
O01423,C0016,R046,D093,delivered,True,1.0,0.0,0.72,delivered_late,False,CX-03,2026-08-14 18:32:00,2026-08-14 19:51:48.000000,2026-08-14 19:52:30.993575,2,2,False,False,2026-08-14 18:43:00,0,,,2,False,1,DRIVER_REASSIGNMENT,2026-08-14 18:40:00.000000,dispatch,True,True,False,False
O01424,C0485,R039,D079,delivered,True,0.0,0.0,-2.26,delivered_on_time,False,,2026-08-26 19:26:00,2026-08-26 20:31:35.727332,2026-08-26 20:29:20.333154,3,3,False,False,2026-08-26 19:33:00,1,restaurant_delay,2026-08-26 19:59:00,4,True,0,,,,False,False,True,False
O01425,C0139,R050,D086,cancelled,False,,,,cancelled,False,,2026-08-26 14:08:00,2026-08-26 14:57:00.511487,,1,1,False,False,2026-08-26 14:22:00,0,,,1,False,0,,,,False,False,False,False
O01426,C0461,R054,D119,delivered,True,0.0,0.0,-3.76,delivered_on_time,False,,2026-08-27 18:35:00,2026-08-27 19:54:48.000000,2026-08-27 19:51:02.594339,3,3,False,False,2026-08-27 18:47:00,0,,,3,False,0,,,,False,False,False,False
O01427,C0406,R054,D111,delivered,True,1.0,0.0,6.93,delivered_late,False,,2026-08-11 19:53:00,2026-08-11 21:05:48.000000,2026-08-11 21:12:43.718786,1,1,False,False,2026-08-11 20:14:00,0,,,1,False,0,,,,False,False,False,False
O01428,C0232,R042,D028,delivered,True,0.0,0.0,-14.42,delivered_on_time,False,,2026-08-19 21:37:00,2026-08-19 22:44:24.330427,2026-08-19 22:29:59.082322,2,2,False,False,2026-08-19 21:45:00,0,,,2,False,0,,,,False,False,False,False
O01429,C0474,R034,D045,delivered,True,1.0,0.0,7.65,delivered_late,False,,2026-08-15 23:01:00,2026-08-16 00:19:06.000000,2026-08-16 00:26:45.233081,3,3,False,False,2026-08-15 23:06:00,1,eta_changed,2026-08-15 23:37:00,4,True,0,,,,False,False,True,False
O01430,C0705,R017,D029,delivered,True,1.0,1.0,10.37,delivered_late,False,,2026-08-08 18:17:00,2026-08-08 19:32:13.760689,2026-08-08 19:42:35.679463,2,1,True,False,2026-08-08 18:36:00,1,driver_not_moving,2026-08-08 18:54:00,3,True,0,,,,False,False,True,False
O01431,C0231,R030,D029,delivered,True,1.0,1.0,11.97,delivered_late,False,,2026-08-10 11:36:00,2026-08-10 12:48:16.637242,2026-08-10 13:00:14.623568,3,2,True,False,2026-08-10 11:46:00,0,,,3,True,0,,,,False,False,True,False
O01432,C0687,R013,D068,delivered,True,0.0,0.0,-14.71,delivered_on_time,True,CX-01;CX-03,2026-08-23 19:42:00,2026-08-23 20:54:48.000000,2026-08-23 20:40:05.588549,2,2,False,False,2026-08-23 19:54:00,0,,,2,False,0,,,,False,False,False,False
O01433,C0564,R011,D119,delivered,True,0.0,0.0,-6.2,delivered_on_time,False,,2026-08-02 20:04:00,2026-08-02 21:06:12.528788,2026-08-02 21:00:00.330691,2,2,False,False,2026-08-02 20:28:00,1,status_mismatch,2026-08-02 20:39:00,3,True,0,,,,False,False,True,False
O01434,C0579,R051,D072,delivered,True,0.0,0.0,-2.02,delivered_on_time,False,,2026-08-14 12:30:00,2026-08-14 13:45:36.000000,2026-08-14 13:43:34.768227,0,0,False,False,,0,,,0,False,0,,,,False,False,False,False
O01435,C0134,R053,D067,delivered,True,1.0,1.0,14.72,delivered_late,True,CX-01;CX-03,2026-08-05 20:06:00,2026-08-05 21:21:36.000000,2026-08-05 21:36:19.423116,0,0,False,False,,0,,,0,False,0,,,,False,False,False,False
O01436,C0376,R033,D010,delivered,True,0.0,0.0,-3.83,delivered_on_time,False,,2026-08-28 19:20:00,2026-08-28 20:32:48.000000,2026-08-28 20:28:57.917950,1,1,False,False,2026-08-28 19:43:00,0,,,1,False,0,,,,False,False,False,False
O01437,C0790,R049,D089,delivered,True,1.0,1.0,19.41,delivered_late,False,,2026-08-03 11:40:00,2026-08-03 12:55:36.000000,2026-08-03 13:15:00.724055,0,0,False,False,,0,,,0,False,0,,,,False,False,False,False
O01438,C0514,R020,D010,delivered,True,0.0,0.0,-2.59,delivered_on_time,False,,2026-08-07 16:26:00,2026-08-07 17:11:43.426041,2026-08-07 17:09:08.142954,0,0,False,False,,0,,,0,False,0,,,,False,False,False,False
O01439,C0498,R006,D001,delivered,True,0.0,0.0,-8.79,delivered_on_time,False,,2026-08-03 11:40:00,2026-08-03 12:30:51.304043,2026-08-03 12:22:03.730813,2,2,False,False,2026-08-03 11:50:00,0,,,2,False,0,,,,False,False,False,False
O01440,C0441,R055,D022,delivered,True,0.0,0.0,-11.56,delivered_on_time,False,,2026-08-20 14:03:00,2026-08-20 15:15:48.000000,2026-08-20 15:04:14.214915,3,3,False,False,2026-08-20 14:17:00,0,,,3,False,0,,,,False,False,False,False
O01441,C0504,R004,D081,cancelled,False,,,,cancelled,False,,2026-08-15 19:05:00,2026-08-15 19:54:52.707438,,0,0,False,False,,0,,,0,False,0,,,,False,False,False,False
O01442,C0024,R008,D013,delivered,False,,,,unknown_missing_timestamp,False,TS-04,2026-08-16 11:02:00,2026-08-16 12:17:18.000000,,3,3,False,False,2026-08-16 11:09:00,0,,,3,False,0,,,,False,False,False,False
O01443,C0369,R052,D027,delivered,True,1.0,0.0,8.01,delivered_late,False,,2026-08-01 11:40:00,2026-08-01 12:54:17.832727,2026-08-01 13:02:18.572378,1,1,False,False,2026-08-01 12:05:00,0,,,1,False,0,,,,False,False,False,False
O01444,C0843,R055,D017,delivered,True,1.0,0.0,2.35,delivered_late,False,,2026-08-06 13:09:00,2026-08-06 14:08:45.713757,2026-08-06 14:11:06.558777,1,1,False,False,2026-08-06 13:23:00,0,,,1,False,0,,,,False,False,False,False
O01445,C0868,R028,D111,delivered,True,0.0,0.0,-8.93,delivered_on_time,True,CX-01;CX-03,2026-08-09 18:51:00,2026-08-09 19:44:59.036914,2026-08-09 19:36:03.171343,0,0,False,False,,0,,,0,False,0,,,,False,False,False,False
O01446,C0664,R049,D058,delivered,True,1.0,0.0,0.2,delivered_late,False,,2026-08-01 20:27:00,2026-08-01 21:42:36.000000,2026-08-01 21:42:48.040805,3,3,False,False,2026-08-01 20:46:00,0,,,3,False,1,PRIORITY_DISPATCH,2026-08-01 20:48:00.000000,operations,True,True,False,False
O01447,C0627,R057,D053,delivered,True,0.0,0.0,-10.83,delivered_on_time,False,,2026-08-28 12:57:00,2026-08-28 14:12:36.000000,2026-08-28 14:01:46.021786,1,1,False,False,2026-08-28 13:14:00,0,,,1,False,0,,,,False,False,False,False
O01448,C0388,R048,D034,delivered,True,0.0,0.0,-4.89,delivered_on_time,False,,2026-08-16 18:51:00,2026-08-16 19:56:55.733594,2026-08-16 19:52:02.417625,3,3,False,False,2026-08-16 19:01:00,0,,,3,False,0,,,,False,False,False,False
O01449,C0388,R009,D102,delivered,True,0.0,0.0,-3.94,delivered_on_time,False,,2026-08-21 19:01:00,2026-08-21 20:20:48.000000,2026-08-21 20:16:51.391141,3,3,False,False,2026-08-21 19:21:00,0,,,3,False,0,,,,False,False,False,False
O01450,C0044,R046,D099,delivered,True,1.0,0.0,5.16,delivered_late,True,CX-01;CX-03,2026-08-11 20:35:00,2026-08-11 21:21:27.944600,2026-08-11 21:26:37.491994,2,2,False,False,2026-08-11 20:49:00,0,,,2,False,1,PRIORITY_DISPATCH,2026-08-11 20:50:00.000000,operations,True,True,False,False
O01451,C0742,R016,D076,delivered,True,0.0,0.0,-14.52,delivered_on_time,False,,2026-08-26 18:00:00,2026-08-26 19:01:05.175786,2026-08-26 18:46:33.939797,1,1,False,False,2026-08-26 18:23:00,0,,,1,False,0,,,,False,False,False,False
O01452,C0024,R056,D080,delivered,True,0.0,0.0,-7.43,delivered_on_time,False,,2026-08-14 12:14:00,2026-08-14 13:29:36.000000,2026-08-14 13:22:10.458664,2,2,False,False,2026-08-14 12:26:00,0,,,2,False,0,,,,False,False,False,False
O01453,C0278,R051,D109,delivered,True,0.0,0.0,-10.7,delivered_on_time,False,CX-03,2026-08-15 20:31:00,2026-08-15 21:23:28.565536,2026-08-15 21:12:46.464734,1,1,False,False,2026-08-15 20:41:00,1,driver_not_moving,2026-08-15 21:04:00,2,True,1,DRIVER_REASSIGNMENT,2026-08-15 20:53:00.000000,dispatch,True,True,False,False
O01454,C0472,R027,D105,delivered,True,0.0,0.0,-10.56,delivered_on_time,False,,2026-08-09 12:45:00,2026-08-09 13:57:48.000000,2026-08-09 13:47:14.141250,1,1,False,False,2026-08-09 12:53:00,1,driver_not_moving,2026-08-09 13:21:00,2,True,0,,,,False,False,True,False
O01455,C0257,R006,D064,delivered,True,1.0,1.0,14.65,delivered_late,False,,2026-08-16 18:24:00,2026-08-16 19:22:49.368287,2026-08-16 19:37:28.558623,2,1,True,False,2026-08-16 18:52:00,1,ready_but_waiting,2026-08-16 19:11:00,3,True,0,,,,False,False,True,False
O01456,C0207,R046,D104,delivered,True,1.0,0.0,2.65,delivered_late,False,,2026-08-18 22:08:00,2026-08-18 23:23:36.000000,2026-08-18 23:26:15.004486,1,1,False,False,2026-08-18 22:15:00,0,,,1,False,1,CUSTOMER_CREDIT,2026-08-18 23:37:36.000000,support,True,False,False,False
O01457,C0703,R049,D066,delivered,True,0.0,0.0,-10.96,delivered_on_time,False,RG-03,2026-08-20 13:08:00,2026-08-20 14:20:48.000000,2026-08-20 14:09:50.319150,2,2,False,False,2026-08-20 13:26:00,0,,,2,False,0,,,,False,False,False,False
O01458,C0741,R045,D091,delivered,True,0.0,0.0,-8.89,delivered_on_time,False,,2026-08-05 20:48:00,2026-08-05 21:51:07.001848,2026-08-05 21:42:13.403252,2,2,False,False,2026-08-05 20:58:00,0,,,2,False,0,,,,False,False,False,False
O01459,C0198,R041,D003,delivered,True,1.0,1.0,13.74,delivered_late,True,CX-01,2026-08-04 18:41:00,2026-08-04 19:56:36.000000,2026-08-04 20:10:20.436035,3,3,False,False,2026-08-04 18:50:00,1,eta_changed,2026-08-04 19:22:00,4,True,1,DRIVER_REASSIGNMENT,2026-08-04 18:57:00.000000,dispatch,True,True,False,True
O01460,C0811,R051,D060,delivered,True,0.0,0.0,-6.22,delivered_on_time,False,,2026-08-16 12:47:00,2026-08-16 13:57:19.943969,2026-08-16 13:51:06.599579,1,1,False,False,2026-08-16 13:08:00,0,,,1,False,0,,,,False,False,False,False
O01461,C0112,R007,D082,delivered,True,0.0,0.0,-1.32,delivered_on_time,False,RG-03,2026-08-13 19:29:00,2026-08-13 20:47:06.000000,2026-08-13 20:45:46.941642,0,0,False,False,,0,,,0,False,0,,,,False,False,False,False
O01462,C0401,R052,D033,delivered,True,1.0,0.0,8.34,delivered_late,False,,2026-08-12 13:39:00,2026-08-12 14:43:24.375921,2026-08-12 14:51:44.832232,0,0,False,False,,0,,,0,False,1,PRIORITY_DISPATCH,2026-08-12 14:04:00.000000,operations,True,True,False,False
O01463,C0573,R050,D062,delivered,True,1.0,1.0,15.82,delivered_late,False,,2026-08-18 12:44:00,2026-08-18 13:45:23.437147,2026-08-18 14:01:12.740457,4,3,True,False,2026-08-18 12:55:00,1,late_delivery,2026-08-18 13:12:00,5,True,0,,,,False,False,True,False
O01464,C0814,R057,D013,delivered,True,0.0,0.0,-3.49,delivered_on_time,False,,2026-08-05 13:43:00,2026-08-05 14:49:59.483633,2026-08-05 14:46:30.023589,1,1,False,False,2026-08-05 14:02:00,0,,,1,False,0,,,,False,False,False,False
O01465,C0075,R039,D089,delivered,True,0.0,0.0,-3.12,delivered_on_time,False,,2026-08-01 22:15:00,2026-08-01 23:20:25.824757,2026-08-01 23:17:18.746834,2,2,False,False,2026-08-01 22:26:00,0,,,2,False,1,PRIORITY_DISPATCH,2026-08-01 22:43:00.000000,operations,True,True,False,False
O01466,C0663,R040,D088,delivered,True,1.0,1.0,12.47,delivered_late,False,CX-03,2026-08-12 19:40:00,2026-08-12 20:55:36.000000,2026-08-12 21:08:04.411066,2,2,False,False,2026-08-12 19:48:00,0,,,2,False,1,DRIVER_REASSIGNMENT,2026-08-12 19:53:00.000000,dispatch,True,True,False,False
O01467,C0686,R047,D085,delivered,True,1.0,1.0,20.1,delivered_late,False,,2026-08-03 21:21:00,2026-08-03 22:43:18.000000,2026-08-03 23:03:23.975436,0,0,False,False,,1,ready_but_waiting,2026-08-03 22:04:00,1,True,0,,,,False,False,True,False
O01468,C0096,R032,D004,delivered,True,0.0,0.0,-6.56,delivered_on_time,False,,2026-08-12 12:09:00,2026-08-12 13:30:36.000000,2026-08-12 13:24:02.130571,2,2,False,False,2026-08-12 12:22:00,0,,,2,False,0,,,,False,False,False,False
O01469,C0832,R019,D046,delivered,True,0.0,0.0,-12.5,delivered_on_time,False,RG-03,2026-08-17 18:18:00,2026-08-17 19:33:36.000000,2026-08-17 19:21:05.968121,2,2,False,False,2026-08-17 18:34:00,0,,,2,False,0,,,,False,False,False,False
O01470,C0732,R050,D030,delivered,True,1.0,1.0,27.8,delivered_late,False,,2026-08-19 17:24:00,2026-08-19 18:23:02.627619,2026-08-19 18:50:50.704290,2,1,True,False,2026-08-19 17:52:00,0,,,2,True,0,,,,False,False,True,False
O01471,C0735,R043,D097,delivered,True,1.0,0.0,4.1,delivered_late,False,,2026-08-19 20:16:00,2026-08-19 21:22:33.205772,2026-08-19 21:26:39.378167,3,3,False,False,2026-08-19 20:25:00,0,,,3,False,1,CUSTOMER_CREDIT,2026-08-19 21:40:33.205772,support,True,False,False,False
O01472,C0701,R025,D008,delivered,True,1.0,1.0,25.81,delivered_late,False,,2026-08-28 19:54:00,2026-08-28 21:13:48.000000,2026-08-28 21:39:36.533246,3,3,False,False,2026-08-28 20:01:00,1,driver_not_moving,2026-08-28 20:43:00,4,True,0,,,,False,False,True,False
O01473,C0704,R060,D028,delivered,True,0.0,0.0,-6.35,delivered_on_time,False,,2026-08-20 18:05:00,2026-08-20 19:20:36.000000,2026-08-20 19:14:14.858727,3,3,False,False,2026-08-20 18:12:00,0,,,3,False,0,,,,False,False,False,False
O01474,C0142,R058,D108,delivered,True,1.0,0.0,0.95,delivered_late,False,,2026-08-24 18:25:00,2026-08-24 19:37:48.000000,2026-08-24 19:38:44.783068,2,2,False,False,2026-08-24 18:29:00,0,,,2,False,0,,,,False,False,False,False
O01475,C0464,R021,D022,delivered,True,1.0,1.0,12.11,delivered_late,False,CX-03,2026-08-27 11:56:00,2026-08-27 13:15:48.000000,2026-08-27 13:27:54.361127,4,3,True,False,2026-08-27 12:08:00,0,,,4,True,1,DRIVER_REASSIGNMENT,2026-08-27 12:14:00.000000,dispatch,True,True,False,True
O01476,C0457,R030,D066,delivered,True,1.0,0.0,1.91,delivered_late,False,,2026-08-01 22:32:00,2026-08-01 23:39:36.200640,2026-08-01 23:41:30.870902,3,3,False,False,2026-08-01 22:44:00,0,,,3,False,1,CUSTOMER_CREDIT,2026-08-01 23:46:36.200640,support,True,False,False,False
O01477,C0037,R047,D024,delivered,True,1.0,0.0,3.53,delivered_late,False,,2026-08-20 13:35:00,2026-08-20 15:02:06.635790,2026-08-20 15:05:38.173741,3,3,False,False,2026-08-20 13:58:00,1,late_delivery,2026-08-20 14:17:00,4,True,0,,,,False,False,True,False
O01478,C0368,R040,D082,delivered,True,1.0,1.0,29.74,delivered_late,False,,2026-08-12 11:41:00,2026-08-12 13:08:54.000000,2026-08-12 13:38:38.613281,3,3,False,False,2026-08-12 11:48:00,0,,,3,False,0,,,,False,False,False,False
O01479,C0137,R033,D054,delivered,True,1.0,1.0,19.16,delivered_late,False,,2026-08-17 18:48:00,2026-08-17 20:07:48.000000,2026-08-17 20:26:57.651993,0,0,False,False,,0,,,0,False,0,,,,False,False,False,False
O01480,C0362,R055,D120,delivered,True,1.0,0.0,7.03,delivered_late,True,CX-01;CX-03,2026-08-04 15:41:00,2026-08-04 16:28:07.106814,2026-08-04 16:35:08.661261,2,2,False,False,2026-08-04 16:02:00,0,,,2,False,0,,,,False,False,False,False
O01481,C0809,R021,D013,delivered,True,1.0,1.0,24.77,delivered_late,False,,2026-08-20 11:56:00,2026-08-20 13:09:17.247395,2026-08-20 13:34:03.285496,0,0,False,False,,0,,,0,False,0,,,,False,False,False,False
O01482,C0489,R025,D065,delivered,True,1.0,0.0,0.97,delivered_late,False,,2026-08-14 23:33:00,2026-08-15 00:58:24.000000,2026-08-15 00:59:22.159889,3,3,False,False,2026-08-14 23:52:00,0,,,3,False,0,,,,False,False,False,False
O01483,C0731,R060,D115,delivered,True,0.0,0.0,-1.56,delivered_on_time,False,,2026-08-11 21:21:00,2026-08-11 22:22:27.366123,2026-08-11 22:20:53.891888,3,3,False,False,2026-08-11 21:26:00,0,,,3,False,0,,,,False,False,False,False
O01484,C0282,R032,D082,delivered,True,0.0,0.0,-3.7,delivered_on_time,False,,2026-08-08 19:37:00,2026-08-08 20:56:11.873114,2026-08-08 20:52:29.961536,2,2,False,False,2026-08-08 19:55:00,0,,,2,False,0,,,,False,False,False,False
O01485,C0403,R022,D054,delivered,True,1.0,1.0,20.39,delivered_late,False,,2026-08-27 15:27:00,2026-08-27 16:14:47.674943,2026-08-27 16:35:11.003302,2,2,False,False,2026-08-27 15:51:00,0,,,2,False,0,,,,False,False,False,False
O01486,C0685,R053,D075,delivered,True,0.0,0.0,-3.04,delivered_on_time,False,,2026-08-09 16:40:00,2026-08-09 17:48:20.383307,2026-08-09 17:45:18.275916,3,3,False,False,2026-08-09 16:44:00,0,,,3,False,0,,,,False,False,False,False
O01487,C0025,R028,D087,delivered,True,0.0,0.0,-3.22,delivered_on_time,False,CX-03,2026-08-05 21:53:00,2026-08-05 22:54:58.535386,2026-08-05 22:51:45.443564,0,0,False,False,,0,,,0,False,1,DRIVER_REASSIGNMENT,2026-08-05 22:02:00.000000,dispatch,True,True,False,False
O01488,C0694,R054,D101,cancelled,False,,,,cancelled,False,,2026-08-10 13:08:00,2026-08-10 14:27:48.000000,,2,2,False,False,2026-08-10 13:12:00,0,,,2,False,1,PRIORITY_DISPATCH,2026-08-10 13:21:00.000000,operations,True,False,False,False
O01489,C0732,R025,D116,delivered,True,0.0,0.0,-11.49,delivered_on_time,False,,2026-08-15 22:09:00,2026-08-15 23:24:18.000000,2026-08-15 23:12:48.563960,0,0,False,False,,1,driver_not_moving,2026-08-15 22:43:00,1,True,0,,,,False,False,True,False
O01490,C0238,R020,D108,delivered,True,0.0,0.0,-3.94,delivered_on_time,False,,2026-08-27 22:45:00,2026-08-28 00:04:52.893166,2026-08-28 00:00:56.422642,3,3,False,False,2026-08-27 22:52:00,0,,,3,False,0,,,,False,False,False,False
O01491,C0068,R021,D085,delivered,True,1.0,0.0,6.67,delivered_late,False,,2026-08-13 18:15:00,2026-08-13 19:27:48.000000,2026-08-13 19:34:28.012686,1,1,False,False,2026-08-13 18:39:00,1,late_delivery,2026-08-13 19:07:00,2,True,0,,,,False,False,True,False
O01492,C0713,R055,D090,cancelled,False,,,,cancelled,True,CX-01;CX-03,2026-08-06 13:05:00,2026-08-06 14:20:36.000000,,3,3,False,False,2026-08-06 13:19:00,0,,,3,False,0,,,,False,False,False,False
O01493,C0673,R012,D004,cancelled,False,,,,cancelled,False,,2026-08-14 11:07:00,2026-08-14 12:16:51.973339,,1,1,False,False,2026-08-14 11:17:00,0,,,1,False,0,,,,False,False,False,False
O01494,C0260,R033,D091,delivered,True,1.0,0.0,1.61,delivered_late,False,,2026-08-03 17:53:00,2026-08-03 19:12:48.000000,2026-08-03 19:14:24.623147,0,0,False,False,,0,,,0,False,0,,,,False,False,False,False
O01495,C0426,R043,D046,delivered,True,1.0,1.0,22.32,delivered_late,False,,2026-08-23 14:31:00,2026-08-23 15:35:26.743289,2026-08-23 15:57:46.039379,0,0,False,False,,1,eta_changed,2026-08-23 15:04:00,1,True,0,,,,False,False,True,False
O01496,C0042,R002,D032,delivered,True,1.0,0.0,2.88,delivered_late,False,,2026-08-03 22:31:00,2026-08-03 23:53:18.000000,2026-08-03 23:56:10.608094,0,0,False,False,,0,,,0,False,1,CUSTOMER_CREDIT,2026-08-04 00:13:18.000000,support,True,False,False,False
O01497,C0574,R041,D109,delivered,True,1.0,1.0,14.32,delivered_late,False,,2026-08-01 11:02:00,2026-08-01 12:21:48.000000,2026-08-01 12:36:06.941754,3,3,False,False,2026-08-01 11:07:00,1,eta_changed,2026-08-01 11:39:00,4,True,0,,,,False,False,True,False
O01498,C0624,R056,D031,delivered,True,1.0,0.0,0.46,delivered_late,False,,2026-08-07 20:31:00,2026-08-07 21:50:48.000000,2026-08-07 21:51:15.824264,2,2,False,False,2026-08-07 20:43:00,0,,,2,False,0,,,,False,False,False,False
O01499,C0831,R011,D106,delivered,True,1.0,1.0,11.43,delivered_late,False,CX-03,2026-08-07 20:05:00,2026-08-07 21:18:16.765675,2026-08-07 21:29:42.751504,2,2,False,False,2026-08-07 20:22:00,1,eta_changed,2026-08-07 20:30:00,3,True,1,DRIVER_REASSIGNMENT,2026-08-07 20:21:00.000000,dispatch,True,True,False,True
O01500,C0621,R016,D032,delivered,True,0.0,0.0,-1.9,delivered_on_time,False,,2026-08-08 16:17:00,2026-08-08 17:19:43.684835,2026-08-08 17:17:49.842786,3,3,False,False,2026-08-08 16:26:00,0,,,3,False,1,CUSTOMER_CREDIT,2026-08-08 17:34:43.684835,support,True,False,False,False
O01501,C0749,R046,D083,delivered,True,0.0,0.0,-3.22,delivered_on_time,False,,2026-08-25 17:10:00,2026-08-25 18:25:36.000000,2026-08-25 18:22:22.587482,0,0,False,False,,1,driver_not_moving,2026-08-25 17:52:00,1,True,0,,,,False,False,True,False
O01502,C0568,R015,D112,delivered,True,0.0,0.0,-2.93,delivered_on_time,False,,2026-08-28 11:22:00,2026-08-28 12:29:30.981122,2026-08-28 12:26:35.381750,0,0,False,False,,0,,,0,False,0,,,,False,False,False,False
O01503,C0105,R045,D045,delivered,True,1.0,1.0,21.68,delivered_late,False,,2026-08-07 19:39:00,2026-08-07 21:00:36.000000,2026-08-07 21:22:17.089088,3,2,True,False,2026-08-07 19:46:00,0,,,3,True,0,,,,False,False,True,False
O01504,C0810,R047,D049,delivered,True,1.0,0.0,3.54,delivered_late,False,,2026-08-14 18:55:00,2026-08-14 19:56:54.935956,2026-08-14 20:00:27.516921,2,2,False,False,2026-08-14 19:00:00,0,,,2,False,0,,,,False,False,False,False
O01505,C0096,R011,D082,delivered,True,0.0,0.0,-1.43,delivered_on_time,False,,2026-08-13 21:50:00,2026-08-13 22:49:08.021995,2026-08-13 22:47:42.083901,0,0,False,False,,0,,,0,False,0,,,,False,False,False,False
O01506,C0336,R055,D050,delivered,False,,,,unknown_missing_timestamp,False,TS-04,2026-08-27 16:11:00,2026-08-27 17:26:36.000000,,2,2,False,False,2026-08-27 16:24:00,0,,,2,False,0,,,,False,False,False,False
O01507,C0155,R033,D085,cancelled,False,,,,cancelled,False,,2026-08-16 18:09:00,2026-08-16 19:30:36.000000,,0,0,False,False,,0,,,0,False,0,,,,False,False,False,False
O01508,C0749,R034,D114,delivered,True,1.0,0.0,3.32,delivered_late,False,,2026-08-24 18:20:00,2026-08-24 19:12:31.924857,2026-08-24 19:15:51.314555,1,1,False,False,2026-08-24 18:41:00,0,,,1,False,0,,,,False,False,False,False
O01509,C0675,R026,D113,delivered,True,1.0,1.0,10.56,delivered_late,True,CX-01;CX-03,2026-08-28 17:25:00,2026-08-28 18:40:36.000000,2026-08-28 18:51:09.858572,2,1,True,False,2026-08-28 17:39:00,0,,,2,True,0,,,,False,False,True,False
O01510,C0336,R032,D044,delivered,True,1.0,0.0,6.48,delivered_late,False,,2026-08-17 22:35:00,2026-08-17 23:23:11.625349,2026-08-17 23:29:40.289671,0,0,False,False,,0,,,0,False,1,PRIORITY_DISPATCH,2026-08-17 23:02:00.000000,operations,True,True,False,False
O01511,C0045,R048,D018,delivered,True,1.0,0.0,9.81,delivered_late,False,,2026-08-21 11:41:00,2026-08-21 12:43:15.343427,2026-08-21 12:53:04.134676,2,2,False,False,2026-08-21 11:50:00,1,eta_changed,2026-08-21 12:00:00,3,True,0,,,,False,False,True,False
O01512,C0896,R017,D048,delivered,False,,,,unknown_missing_timestamp,False,TS-04,2026-08-07 20:40:00,2026-08-07 21:55:36.000000,,0,0,False,False,,0,,,0,False,0,,,,False,False,False,False
O01513,C0268,R003,D113,delivered,True,1.0,1.0,31.46,delivered_late,False,,2026-08-08 18:50:00,2026-08-08 20:09:48.000000,2026-08-08 20:41:15.654928,2,2,False,False,2026-08-08 19:07:00,0,,,2,False,0,,,,False,False,False,False
O01514,C0408,R030,D048,delivered,True,1.0,0.0,9.27,delivered_late,False,,2026-08-24 17:57:00,2026-08-24 19:12:36.000000,2026-08-24 19:21:51.953311,0,0,False,False,,0,,,0,False,0,,,,False,False,False,False
O01515,C0577,R014,D102,delivered,True,0.0,0.0,-4.6,delivered_on_time,False,,2026-08-17 14:47:00,2026-08-17 16:06:48.000000,2026-08-17 16:02:11.770275,1,1,False,False,2026-08-17 14:59:00,0,,,1,False,0,,,,False,False,False,False
O01516,C0643,R046,D069,delivered,True,0.0,0.0,-0.99,delivered_on_time,False,FR-01,2026-08-08 13:55:00,2026-08-08 15:14:48.000000,2026-08-08 15:13:48.335328,3,3,False,False,2026-08-08 14:09:00,0,,,3,False,0,,,,False,False,False,False
O01517,C0397,R024,D041,delivered,True,0.0,0.0,-5.59,delivered_on_time,False,,2026-08-08 21:46:00,2026-08-08 22:50:27.661861,2026-08-08 22:44:52.533986,0,0,False,False,,0,,,0,False,0,,,,False,False,False,False
O01518,C0114,R032,D064,delivered,True,0.0,0.0,-2.74,delivered_on_time,False,,2026-08-15 13:52:00,2026-08-15 14:55:22.900364,2026-08-15 14:52:38.676597,3,3,False,False,2026-08-15 14:13:00,0,,,3,False,1,PRIORITY_DISPATCH,2026-08-15 14:03:00.000000,operations,True,True,False,False
O01519,C0550,R018,D017,delivered,True,1.0,1.0,20.87,delivered_late,True,CX-01;CX-03,2026-08-12 19:43:00,2026-08-12 20:52:43.468930,2026-08-12 21:13:35.820059,2,2,False,False,2026-08-12 19:48:00,0,,,2,False,0,,,,False,False,False,False
O01520,C0169,R002,D003,delivered,True,1.0,0.0,0.93,delivered_late,False,,2026-08-11 14:04:00,2026-08-11 15:10:21.125878,2026-08-11 15:11:17.182956,0,0,False,False,,0,,,0,False,0,,,,False,False,False,False
O01521,C0641,R013,D047,delivered,True,0.0,0.0,-7.67,delivered_on_time,False,,2026-08-05 14:22:00,2026-08-05 15:14:11.373396,2026-08-05 15:06:31.169052,3,3,False,False,2026-08-05 14:35:00,0,,,3,False,0,,,,False,False,False,False
O01522,C0494,R023,D100,delivered,True,0.0,0.0,-6.02,delivered_on_time,False,,2026-08-16 14:12:00,2026-08-16 15:27:36.000000,2026-08-16 15:21:34.937844,2,2,False,False,2026-08-16 14:21:00,0,,,2,False,0,,,,False,False,False,False
O01523,C0479,R019,D099,delivered,True,0.0,0.0,-3.78,delivered_on_time,True,RG-03;CX-01;CX-03,2026-08-03 18:57:00,2026-08-03 20:22:24.000000,2026-08-03 20:18:37.220011,1,1,False,False,2026-08-03 19:08:00,0,,,1,False,0,,,,False,False,False,False
O01524,C0808,R033,D117,delivered,True,1.0,0.0,4.57,delivered_late,False,,2026-08-15 15:06:00,2026-08-15 16:31:24.000000,2026-08-15 16:35:58.297761,2,2,False,False,2026-08-15 15:17:00,0,,,2,False,0,,,,False,False,False,False
O01525,C0066,R038,D029,delivered,True,1.0,1.0,20.0,delivered_late,False,,2026-08-17 12:50:00,2026-08-17 14:09:48.000000,2026-08-17 14:29:47.982905,0,0,False,False,,0,,,0,False,0,,,,False,False,False,False
O01526,C0842,R042,D119,delivered,True,0.0,0.0,-4.07,delivered_on_time,False,,2026-08-11 11:21:00,2026-08-11 12:30:21.957891,2026-08-11 12:26:17.974844,1,1,False,False,2026-08-11 11:34:00,0,,,1,False,0,,,,False,False,False,False
O01527,C0121,R034,D048,delivered,True,1.0,0.0,6.28,delivered_late,False,,2026-08-07 15:14:00,2026-08-07 16:33:48.000000,2026-08-07 16:40:04.688215,0,0,False,False,,0,,,0,False,0,,,,False,False,False,False
O01528,C0578,R035,D072,delivered,True,0.0,0.0,-8.96,delivered_on_time,False,,2026-08-08 17:23:00,2026-08-08 18:35:48.000000,2026-08-08 18:26:50.195073,2,2,False,False,2026-08-08 17:30:00,0,,,2,False,1,PRIORITY_DISPATCH,2026-08-08 17:46:00.000000,operations,True,True,False,False
O01529,C0828,R045,D101,delivered,True,1.0,1.0,15.52,delivered_late,False,,2026-08-19 11:18:00,2026-08-19 12:19:55.272834,2026-08-19 12:35:26.709772,2,1,True,False,2026-08-19 11:27:00,0,,,2,True,0,,,,False,False,True,False
O01530,C0734,R002,D100,delivered,True,0.0,0.0,-0.52,delivered_on_time,False,,2026-08-28 13:37:00,2026-08-28 14:52:36.000000,2026-08-28 14:52:04.844498,2,2,False,False,2026-08-28 13:56:00,0,,,2,False,1,RESTAURANT_CONTACT,2026-08-28 13:57:00.000000,support,True,True,False,False
O01531,C0259,R020,D093,delivered,True,1.0,1.0,18.59,delivered_late,False,,2026-08-06 18:53:00,2026-08-06 19:49:49.349007,2026-08-06 20:08:24.720387,2,2,False,False,2026-08-06 19:13:00,0,,,2,False,0,,,,False,False,False,False
O01532,C0825,R028,D048,delivered,True,0.0,0.0,-10.34,delivered_on_time,False,,2026-08-22 18:49:00,2026-08-22 20:04:36.000000,2026-08-22 19:54:15.355136,1,1,False,False,2026-08-22 19:06:00,0,,,1,False,0,,,,False,False,False,False
O01533,C0821,R049,D047,delivered,True,1.0,1.0,23.35,delivered_late,False,,2026-08-09 15:03:00,2026-08-09 15:56:43.812647,2026-08-09 16:20:04.683922,2,2,False,False,2026-08-09 15:22:00,0,,,2,False,0,,,,False,False,False,False
O01534,C0586,R019,D046,delivered,True,1.0,0.0,3.12,delivered_late,False,RG-03,2026-08-13 18:25:00,2026-08-13 19:37:48.000000,2026-08-13 19:40:54.942208,0,0,False,False,,0,,,0,False,0,,,,False,False,False,False
O01535,C0572,R035,D038,delivered,True,0.0,0.0,-0.65,delivered_on_time,False,,2026-08-14 18:06:00,2026-08-14 19:11:04.834259,2026-08-14 19:10:25.747669,0,0,False,False,,0,,,0,False,0,,,,False,False,False,False
O01536,C0864,R007,D037,delivered,True,0.0,0.0,-11.76,delivered_on_time,False,RG-03,2026-08-06 13:06:00,2026-08-06 14:21:36.000000,2026-08-06 14:09:50.611511,3,3,False,False,2026-08-06 13:21:00,0,,,3,False,1,CUSTOMER_CREDIT,2026-08-06 14:29:36.000000,support,True,False,False,False
O01537,C0897,R031,D097,delivered,True,0.0,0.0,-0.05,delivered_on_time,True,CX-01;CX-03,2026-08-08 18:43:00,2026-08-08 19:31:19.461357,2026-08-08 19:31:16.744504,0,0,False,False,,0,,,0,False,0,,,,False,False,False,False
O01538,C0029,R011,D037,delivered,True,1.0,0.0,2.04,delivered_late,False,,2026-08-23 12:03:00,2026-08-23 13:09:42.413933,2026-08-23 13:11:45.025787,3,3,False,False,2026-08-23 12:14:00,0,,,3,False,0,,,,False,False,False,False
O01539,C0475,R031,D051,delivered,True,1.0,0.0,3.05,delivered_late,False,,2026-08-04 21:37:00,2026-08-04 22:34:29.382105,2026-08-04 22:37:32.342575,1,1,False,False,2026-08-04 21:47:00,0,,,1,False,0,,,,False,False,False,False
O01540,C0337,R049,D055,delivered,True,1.0,1.0,19.67,delivered_late,False,,2026-08-16 12:28:00,2026-08-16 13:43:36.000000,2026-08-16 14:03:16.076021,0,0,False,False,,0,,,0,False,0,,,,False,False,False,False
O01541,C0742,R055,D108,delivered,True,1.0,0.0,8.69,delivered_late,False,,2026-08-25 18:14:00,2026-08-25 19:39:24.000000,2026-08-25 19:48:05.176977,3,3,False,False,2026-08-25 18:32:00,0,,,3,False,0,,,,False,False,False,False
O01542,C0282,R023,D035,delivered,True,1.0,1.0,25.89,delivered_late,False,,2026-08-22 19:45:00,2026-08-22 20:50:46.569732,2026-08-22 21:16:40.180289,1,1,False,False,2026-08-22 20:04:00,0,,,1,False,0,,,,False,False,False,False
O01543,C0040,R009,D007,delivered,True,0.0,0.0,-3.73,delivered_on_time,False,,2026-08-03 20:26:00,2026-08-03 21:45:48.000000,2026-08-03 21:42:04.243886,1,1,False,False,2026-08-03 20:42:00,0,,,1,False,0,,,,False,False,False,False
O01544,C0224,R010,D036,delivered,True,1.0,1.0,13.59,delivered_late,True,CX-01;CX-03,2026-08-11 17:36:00,2026-08-11 18:27:47.635799,2026-08-11 18:41:23.005827,2,2,False,False,2026-08-11 17:46:00,0,,,2,False,0,,,,False,False,False,False
O01545,C0121,R004,D071,delivered,True,0.0,0.0,-3.44,delivered_on_time,False,CX-03,2026-08-25 17:11:00,2026-08-25 18:20:53.114818,2026-08-25 18:17:26.929900,0,0,False,False,,0,,,0,False,1,DRIVER_REASSIGNMENT,2026-08-25 17:29:00.000000,dispatch,True,True,False,False
O01546,C0267,R034,D006,delivered,True,0.0,0.0,-17.91,delivered_on_time,False,,2026-08-13 20:43:00,2026-08-13 21:55:48.000000,2026-08-13 21:37:53.258188,3,3,False,False,2026-08-13 20:52:00,0,,,3,False,0,,,,False,False,False,False
O01547,C0877,R045,D021,delivered,True,1.0,0.0,0.91,delivered_late,False,,2026-08-13 19:54:00,2026-08-13 21:13:48.000000,2026-08-13 21:14:42.343753,2,2,False,False,2026-08-13 20:15:00,0,,,2,False,0,,,,False,False,False,False
O01548,C0197,R029,D073,delivered,True,1.0,0.0,0.53,delivered_late,False,,2026-08-04 12:34:00,2026-08-04 13:56:18.000000,2026-08-04 13:56:49.725069,3,3,False,False,2026-08-04 12:47:00,0,,,3,False,0,,,,False,False,False,False
O01549,C0896,R048,D102,delivered,True,1.0,0.0,3.01,delivered_late,False,,2026-08-21 20:54:00,2026-08-21 22:19:24.000000,2026-08-21 22:22:24.883708,2,2,False,False,2026-08-21 20:58:00,0,,,2,False,0,,,,False,False,False,False
O01550,C0623,R013,D045,delivered,True,0.0,0.0,-0.05,delivered_on_time,False,CX-03,2026-08-14 12:38:00,2026-08-14 13:53:36.000000,2026-08-14 13:53:32.778640,0,0,False,False,,0,,,0,False,1,DRIVER_REASSIGNMENT,2026-08-14 12:50:00.000000,dispatch,True,True,False,False
O01551,C0238,R013,D054,delivered,True,1.0,0.0,3.62,delivered_late,False,,2026-08-27 11:04:00,2026-08-27 12:16:13.234686,2026-08-27 12:19:50.551895,0,0,False,False,,0,,,0,False,0,,,,False,False,False,False
O01552,C0377,R045,D074,delivered,True,1.0,1.0,11.86,delivered_late,False,,2026-08-16 19:33:00,2026-08-16 20:34:49.756964,2026-08-16 20:46:41.204452,0,0,False,False,,1,restaurant_delay,2026-08-16 20:19:00,1,True,0,,,,False,False,True,False
O01553,C0800,R037,D108,delivered,True,0.0,0.0,-11.16,delivered_on_time,False,CX-03,2026-08-27 21:43:00,2026-08-27 22:56:37.922904,2026-08-27 22:45:28.533689,0,0,False,False,,1,restaurant_delay,2026-08-27 22:27:00,1,True,1,DRIVER_REASSIGNMENT,2026-08-27 22:00:00.000000,dispatch,True,True,False,False
O01554,C0183,R058,D030,delivered,True,1.0,0.0,8.82,delivered_late,False,,2026-08-03 21:44:00,2026-08-03 23:03:48.000000,2026-08-03 23:12:36.986543,2,1,True,False,2026-08-03 22:05:00,1,status_mismatch,2026-08-03 22:19:00,3,True,1,CUSTOMER_CREDIT,2026-08-03 23:21:48.000000,support,True,False,False,True
O01555,C0250,R034,D021,delivered,True,0.0,0.0,-0.25,delivered_on_time,False,,2026-08-06 19:25:00,2026-08-06 20:44:48.000000,2026-08-06 20:44:32.847943,1,1,False,False,2026-08-06 19:29:00,0,,,1,False,0,,,,False,False,False,False
O01556,C0707,R024,D076,delivered,True,1.0,1.0,10.24,delivered_late,True,CX-01;CX-03,2026-08-20 15:57:00,2026-08-20 17:16:48.000000,2026-08-20 17:27:02.597770,3,2,True,False,2026-08-20 16:15:00,0,,,3,True,1,CUSTOMER_CREDIT,2026-08-20 17:26:48.000000,support,True,True,False,True
O01557,C0377,R043,D039,delivered,True,0.0,0.0,-0.02,delivered_on_time,False,CX-03,2026-08-20 21:44:00,2026-08-20 22:43:53.311218,2026-08-20 22:43:51.877632,3,3,False,False,2026-08-20 21:57:00,0,,,3,False,1,DRIVER_REASSIGNMENT,2026-08-20 22:07:00.000000,dispatch,True,True,False,False
O01558,C0629,R026,D093,delivered,True,0.0,0.0,-7.23,delivered_on_time,False,,2026-08-20 18:59:00,2026-08-20 20:14:36.000000,2026-08-20 20:07:22.343665,2,2,False,False,2026-08-20 19:14:00,0,,,2,False,0,,,,False,False,False,False
O01559,C0167,R051,D073,delivered,True,0.0,0.0,-6.48,delivered_on_time,False,,2026-08-04 19:33:00,2026-08-04 20:34:29.491287,2026-08-04 20:28:00.487754,1,1,False,False,2026-08-04 19:44:00,0,,,1,False,1,RESTAURANT_CONTACT,2026-08-04 19:52:00.000000,support,True,True,False,False
O01560,C0334,R030,D044,delivered,True,1.0,1.0,11.17,delivered_late,False,,2026-08-10 16:10:00,2026-08-10 17:21:47.737712,2026-08-10 17:32:57.731586,0,0,False,False,,0,,,0,False,1,CUSTOMER_CREDIT,2026-08-10 17:24:47.737712,support,True,True,False,False
O01561,C0621,R030,D017,delivered,True,0.0,0.0,-11.91,delivered_on_time,False,,2026-08-03 12:47:00,2026-08-03 13:43:29.217384,2026-08-03 13:31:34.834473,1,1,False,False,2026-08-03 12:52:00,0,,,1,False,0,,,,False,False,False,False
O01562,C0090,R032,D024,delivered,True,0.0,0.0,-14.01,delivered_on_time,False,CX-03,2026-08-15 11:19:00,2026-08-15 12:38:48.000000,2026-08-15 12:24:47.324259,1,1,False,False,2026-08-15 11:30:00,0,,,1,False,1,DRIVER_REASSIGNMENT,2026-08-15 11:44:00.000000,dispatch,True,True,False,False
O01563,C0623,R030,D056,delivered,True,0.0,0.0,-1.91,delivered_on_time,False,,2026-08-03 11:12:00,2026-08-03 12:27:36.000000,2026-08-03 12:25:41.336403,2,2,False,False,2026-08-03 11:24:00,1,eta_changed,2026-08-03 11:46:00,3,True,0,,,,False,False,True,False
O01564,C0262,R012,D120,delivered,True,1.0,1.0,15.52,delivered_late,False,,2026-08-25 13:22:00,2026-08-25 14:29:17.735647,2026-08-25 14:44:48.946947,2,2,False,False,2026-08-25 13:36:00,0,,,2,False,0,,,,False,False,False,False
O01565,C0671,R027,D006,delivered,True,0.0,0.0,-1.99,delivered_on_time,False,,2026-08-21 21:18:00,2026-08-21 22:30:48.000000,2026-08-21 22:28:48.782785,1,1,False,False,2026-08-21 21:46:00,0,,,1,False,0,,,,False,False,False,False
O01566,C0423,R045,D114,delivered,True,1.0,0.0,1.85,delivered_late,False,,2026-08-13 17:39:00,2026-08-13 18:35:34.558700,2026-08-13 18:37:25.530881,0,0,False,False,,0,,,0,False,1,RESTAURANT_CONTACT,2026-08-13 18:03:00.000000,support,True,True,False,False
O01567,C0298,R011,D101,delivered,True,0.0,0.0,-7.67,delivered_on_time,False,,2026-08-07 17:53:00,2026-08-07 18:58:35.631297,2026-08-07 18:50:55.304325,2,2,False,False,2026-08-07 18:00:00,0,,,2,False,0,,,,False,False,False,False
O01568,C0437,R053,D057,cancelled,False,,,,cancelled,False,,2026-08-28 23:18:00,2026-08-29 00:33:10.383310,,3,3,False,False,2026-08-28 23:24:00,0,,,3,False,0,,,,False,False,False,False
O01569,C0516,R014,D038,delivered,True,1.0,1.0,11.87,delivered_late,False,,2026-08-01 11:37:00,2026-08-01 12:56:48.000000,2026-08-01 13:08:40.232808,4,3,True,False,2026-08-01 11:43:00,0,,,4,True,0,,,,False,False,True,False
O01570,C0814,R042,D120,delivered,True,0.0,0.0,-4.28,delivered_on_time,False,,2026-08-23 12:44:00,2026-08-23 14:03:48.000000,2026-08-23 13:59:30.921383,1,1,False,False,2026-08-23 12:54:00,0,,,1,False,0,,,,False,False,False,False
O01571,C0536,R036,D118,delivered,True,1.0,1.0,12.38,delivered_late,False,,2026-08-26 18:50:00,2026-08-26 20:08:34.955592,2026-08-26 20:20:58.034174,2,2,False,False,2026-08-26 18:58:00,1,restaurant_delay,2026-08-26 19:38:00,3,True,0,,,,False,False,True,False
O01572,C0549,R033,D010,delivered,True,0.0,0.0,-4.2,delivered_on_time,False,CX-03,2026-08-04 17:42:00,2026-08-04 18:51:01.093396,2026-08-04 18:46:48.905710,3,3,False,False,2026-08-04 17:53:00,0,,,3,False,1,DRIVER_REASSIGNMENT,2026-08-04 17:54:00.000000,dispatch,True,True,False,False
O01573,C0158,R037,D101,delivered,True,1.0,0.0,3.43,delivered_late,False,,2026-08-01 19:50:00,2026-08-01 21:08:06.000000,2026-08-01 21:11:31.636230,0,0,False,False,,0,,,0,False,0,,,,False,False,False,False
O01574,C0771,R044,D060,delivered,True,1.0,0.0,0.69,delivered_late,False,,2026-08-15 12:02:00,2026-08-15 13:17:05.182840,2026-08-15 13:17:46.331827,3,3,False,False,2026-08-15 12:19:00,0,,,3,False,0,,,,False,False,False,False
O01575,C0035,R015,D079,delivered,True,1.0,0.0,3.69,delivered_late,False,,2026-08-26 12:26:00,2026-08-26 13:25:15.073311,2026-08-26 13:28:56.267614,1,1,False,False,2026-08-26 12:31:00,0,,,1,False,0,,,,False,False,False,False
O01576,C0594,R006,D083,delivered,True,0.0,0.0,-10.96,delivered_on_time,False,,2026-08-27 12:49:00,2026-08-27 13:35:55.413210,2026-08-27 13:24:58.045191,1,1,False,False,2026-08-27 13:17:00,0,,,1,False,0,,,,False,False,False,False
O01577,C0540,R015,D116,delivered,True,1.0,1.0,11.35,delivered_late,False,CX-03,2026-08-23 18:22:00,2026-08-23 19:37:36.000000,2026-08-23 19:48:57.129079,2,2,False,False,2026-08-23 18:30:00,0,,,2,False,1,DRIVER_REASSIGNMENT,2026-08-23 18:50:00.000000,dispatch,True,True,False,False
O01578,C0774,R051,D105,delivered,True,1.0,1.0,22.76,delivered_late,False,,2026-08-13 20:45:00,2026-08-13 22:00:36.000000,2026-08-13 22:23:21.314299,4,3,True,False,2026-08-13 20:58:00,0,,,4,True,1,PRIORITY_DISPATCH,2026-08-13 20:58:00.000000,operations,True,True,False,True
O01579,C0241,R042,D025,delivered,True,1.0,0.0,9.11,delivered_late,False,CX-03,2026-08-28 17:29:00,2026-08-28 18:39:52.700056,2026-08-28 18:48:59.592502,4,3,True,False,2026-08-28 17:37:00,0,,,4,True,1,DRIVER_REASSIGNMENT,2026-08-28 17:44:00.000000,dispatch,True,True,False,True
O01580,C0300,R046,D076,delivered,True,0.0,0.0,-13.34,delivered_on_time,False,,2026-08-09 19:41:00,2026-08-09 20:43:09.714539,2026-08-09 20:29:49.431196,0,0,False,False,,0,,,0,False,0,,,,False,False,False,False
O01581,C0750,R002,D067,delivered,True,0.0,0.0,-1.56,delivered_on_time,False,,2026-08-16 17:26:00,2026-08-16 18:41:36.000000,2026-08-16 18:40:02.650212,2,2,False,False,2026-08-16 17:33:00,0,,,2,False,0,,,,False,False,False,False
O01582,C0250,R014,D018,delivered,True,1.0,1.0,10.05,delivered_late,False,,2026-08-21 20:03:00,2026-08-21 21:22:48.000000,2026-08-21 21:32:50.730330,1,1,False,False,2026-08-21 20:25:00,0,,,1,False,0,,,,False,False,False,False
O01583,C0462,R026,D059,delivered,True,1.0,0.0,1.52,delivered_late,False,,2026-08-08 18:51:00,2026-08-08 20:06:36.000000,2026-08-08 20:08:07.410283,2,2,False,False,2026-08-08 19:04:00,0,,,2,False,0,,,,False,False,False,False
O01584,C0313,R020,D087,delivered,True,1.0,1.0,25.0,delivered_late,False,,2026-08-22 20:55:00,2026-08-22 22:17:19.778068,2026-08-22 22:42:19.744790,1,1,False,False,2026-08-22 20:59:00,1,driver_not_moving,2026-08-22 21:28:00,2,True,0,,,,False,False,True,False
O01585,C0392,R018,D007,delivered,True,1.0,1.0,12.79,delivered_late,False,,2026-08-20 18:37:00,2026-08-20 19:45:12.539414,2026-08-20 19:58:00.061501,2,1,True,False,2026-08-20 18:46:00,0,,,2,True,0,,,,False,False,True,False
O01586,C0377,R010,D014,delivered,True,1.0,0.0,8.21,delivered_late,False,,2026-08-14 22:32:00,2026-08-14 23:51:48.000000,2026-08-15 00:00:00.431674,2,1,True,False,2026-08-14 22:37:00,0,,,2,True,0,,,,False,False,True,False
O01587,C0775,R033,D024,delivered,True,1.0,1.0,24.82,delivered_late,True,CX-01;CX-03,2026-08-12 17:38:00,2026-08-12 18:53:36.000000,2026-08-12 19:18:25.040774,1,1,False,False,2026-08-12 17:57:00,1,late_delivery,2026-08-12 18:14:00,2,True,0,,,,False,False,True,False
O01588,C0239,R050,D036,delivered,True,1.0,0.0,9.18,delivered_late,False,,2026-08-20 18:11:00,2026-08-20 19:12:42.427956,2026-08-20 19:21:53.043723,3,2,True,False,2026-08-20 18:23:00,1,status_mismatch,2026-08-20 18:54:00,4,True,1,PRIORITY_DISPATCH,2026-08-20 18:29:00.000000,operations,True,True,False,True
O01589,C0434,R029,D024,delivered,True,0.0,0.0,-5.17,delivered_on_time,False,,2026-08-15 20:32:00,2026-08-15 21:41:47.106838,2026-08-15 21:36:36.924498,3,3,False,False,2026-08-15 20:51:00,0,,,3,False,0,,,,False,False,False,False
O01590,C0232,R030,D017,delivered,True,1.0,1.0,13.29,delivered_late,False,,2026-08-21 14:22:00,2026-08-21 15:31:39.953893,2026-08-21 15:44:57.442794,3,2,True,False,2026-08-21 14:42:00,1,ready_but_waiting,2026-08-21 14:41:00,4,True,0,,,,False,False,True,False
O01591,C0261,R023,D112,delivered,True,0.0,0.0,-10.62,delivered_on_time,False,CX-03,2026-08-12 12:43:00,2026-08-12 13:55:48.000000,2026-08-12 13:45:10.919946,1,1,False,False,2026-08-12 12:52:00,0,,,1,False,1,DRIVER_REASSIGNMENT,2026-08-12 13:02:00.000000,dispatch,True,True,False,False
O01592,C0220,R032,D094,delivered,True,1.0,0.0,4.15,delivered_late,False,,2026-08-11 21:51:00,2026-08-11 23:13:18.000000,2026-08-11 23:17:27.164143,2,2,False,False,2026-08-11 22:10:00,0,,,2,False,0,,,,False,False,False,False
O01593,C0171,R025,D072,delivered,True,0.0,0.0,-0.19,delivered_on_time,False,,2026-08-20 13:34:00,2026-08-20 14:49:18.000000,2026-08-20 14:49:06.735973,2,2,False,False,2026-08-20 13:54:00,0,,,2,False,0,,,,False,False,False,False
O01594,C0098,R024,D011,delivered,True,1.0,1.0,20.55,delivered_late,False,,2026-08-13 13:08:00,2026-08-13 14:33:48.000000,2026-08-13 14:54:21.243839,0,0,False,False,,0,,,0,False,1,CUSTOMER_CREDIT,2026-08-13 14:42:48.000000,support,True,True,False,False
O01595,C0305,R011,D045,delivered,True,0.0,0.0,-4.48,delivered_on_time,False,,2026-08-24 22:11:00,2026-08-24 23:23:48.000000,2026-08-24 23:19:19.282836,2,2,False,False,2026-08-24 22:15:00,0,,,2,False,0,,,,False,False,False,False
O01596,C0349,R041,D101,cancelled,False,,,,cancelled,False,,2026-08-12 13:03:00,2026-08-12 14:28:24.000000,,1,1,False,False,2026-08-12 13:25:00,0,,,1,False,0,,,,False,False,False,False
O01597,C0174,R030,D070,delivered,True,0.0,0.0,-3.68,delivered_on_time,False,,2026-08-22 19:57:00,2026-08-22 21:15:48.000000,2026-08-22 21:12:07.487728,2,2,False,False,2026-08-22 20:05:00,0,,,2,False,0,,,,False,False,False,False
O01598,C0286,R048,D063,delivered,True,0.0,0.0,-4.56,delivered_on_time,False,CX-03,2026-08-18 20:11:00,2026-08-18 21:26:36.000000,2026-08-18 21:22:02.516000,1,1,False,False,2026-08-18 20:32:00,0,,,1,False,1,DRIVER_REASSIGNMENT,2026-08-18 20:38:00.000000,dispatch,True,True,False,False
O01599,C0191,R048,D116,delivered,True,1.0,0.0,8.26,delivered_late,True,CX-01;CX-03,2026-08-26 12:26:00,2026-08-26 13:31:50.885314,2026-08-26 13:40:06.434639,0,0,False,False,,0,,,0,False,0,,,,False,False,False,False
O01600,C0107,R037,D104,delivered,True,0.0,0.0,-2.53,delivered_on_time,False,CX-03,2026-08-27 18:08:00,2026-08-27 19:11:25.681985,2026-08-27 19:08:53.947760,1,1,False,False,2026-08-27 18:30:00,0,,,1,False,1,DRIVER_REASSIGNMENT,2026-08-27 18:24:00.000000,dispatch,True,True,False,False
